2025-01-01 Wednesday 12:10:42 team.py : INFO  Setting Project Dir to D:/Project/CE/CE/project/website/PersonalBlog/
2025-01-01 Wednesday 12:10:43 product_manager.py : INFO  Product Manager Pole Writing PRD...
2025-01-01 Wednesday 12:10:43 product_manager.py : INFO  
You are an excellent Software Requirements Analyst, and your task is to analyze an initial project description, 
generate the functional requirements section of the Software Requirements Specification (SRS) document (non-functional requirements are not required).
Aim to achieve functional requirements, only require to implement demo.
Note that general overview of the project just copy the content of system description.
Note that software functional requirements just follow the Core Features part of System description. Do not over think.


# Context
## system description
# Software Description

## Objective
The objective of the 'PersonalBlog' web application is to provide users with a simple platform to create, manage, and share their personal blog entries without relying on a database; all data will be stored locally in text files.

## Core Features

Users shall be able to log in to their account by entering a username and password on the Login Page.
Users shall be able to register a new account by providing a username, password, and email on the Registration Page.
Users shall be able to view a list of their blog posts on the Main Blog Page, with options to create a new post or view existing posts.
Users shall be able to create a new blog post by providing a title and content on the New Post Page.
Users shall be able to view the full content of a selected post on the View Post Page.
Users shall be able to edit an existing post by modifying the title and content on the Edit Post Page.
Users shall be able to delete a blog post from the View Post Page.
Users shall be able to navigate back to the main blog page from the View Post, Edit Post, and New Post Pages using a back button.
Users shall be able to log out of their account from the Main Blog Page.
Users shall be shown appropriate messages for successful or unsuccessful actions (login, registration, post creation, etc.) on each relevant page.

## Language

Use html and python to develop a web application.
You should use html to generate the web template by yourself.
## Data Storage
Data will be stored in local text files.
Different types of data will be stored in separate `.txt` files.
You should define the text file by yourself in advance.
This structured data storage will facilitate easy data retrieval and management through simple file manipulations in Python, ensuring the application remains light and efficient without the need for a SQL database.

-----
# Format Example
[OUTPUT]
## general overview of the project
general overview of the project

## software functional requirements
...
...
...
[/OUTPUT]


## Instruction 
- general overview of the project: copy the system description here.
- software function requirements: based on the system description, output system's function requirements with details.

# Constraint
Format: output wrapped inside [OUTPUT][/OUTPUT] like format example, nothing else.

# Action
follow Instruction, Carefully ouput only functional requrirement based on the original system description
Aim to achieve functional requirements, only require to implement demo.
do not output ```plaintext or other ``` in the start and the end, output directly.

2025-01-01 Wednesday 12:10:47 _client.py : INFO  HTTP Request: POST https://api.chatanywhere.tech/chat/completions "HTTP/1.1 200 OK"
2025-01-01 Wednesday 12:10:47 model.py : INFO  following invoke cost: 928 | all cost: 928
2025-01-01 Wednesday 12:10:47 product_manager.py : INFO  Product Manager Pole
2025-01-01 Wednesday 12:10:47 product_manager.py : INFO  [OUTPUT]
## general overview of the project
The objective of the 'PersonalBlog' web application is to provide users with a simple platform to create, manage, and share their personal blog entries without relying on a database; all data will be stored locally in text files.

## software functional requirements
1. Users shall be able to log in to their account by entering a username and password on the Login Page.
2. Users shall be able to register a new account by providing a username, password, and email on the Registration Page.
3. Users shall be able to view a list of their blog posts on the Main Blog Page, with options to create a new post or view existing posts.
4. Users shall be able to create a new blog post by providing a title and content on the New Post Page.
5. Users shall be able to view the full content of a selected post on the View Post Page.
6. Users shall be able to edit an existing post by modifying the title and content on the Edit Post Page.
7. Users shall be able to delete a blog post from the View Post Page.
8. Users shall be able to navigate back to the main blog page from the View Post, Edit Post, and New Post Pages using a back button.
9. Users shall be able to log out of their account from the Main Blog Page.
10. Users shall be shown appropriate messages for successful or unsuccessful actions (login, registration, post creation, etc.) on each relevant page.
[/OUTPUT]
2025-01-01 Wednesday 12:10:47 architect.py : INFO  Architect Arnold generate System Architect......
2025-01-01 Wednesday 12:10:47 architect.py : INFO  
You are a Architect, your goal is design a concise, usable, complete software system. the constraint is make sure the architecture is simple enough and use appropriate open source libraries.
Aim to achieve functional requirements, only require to implement demo.
If the original requirements have data storage requirements, you need to design a simple data storage method for the software. Do not use SQL datasets. Follow the data storage requirements in the software requirements(including data format, storage requirements, etc.).


## Context
original_requirement
# Software Description

## Objective
The objective of the 'PersonalBlog' web application is to provide users with a simple platform to create, manage, and share their personal blog entries without relying on a database; all data will be stored locally in text files.

## Core Features

Users shall be able to log in to their account by entering a username and password on the Login Page.
Users shall be able to register a new account by providing a username, password, and email on the Registration Page.
Users shall be able to view a list of their blog posts on the Main Blog Page, with options to create a new post or view existing posts.
Users shall be able to create a new blog post by providing a title and content on the New Post Page.
Users shall be able to view the full content of a selected post on the View Post Page.
Users shall be able to edit an existing post by modifying the title and content on the Edit Post Page.
Users shall be able to delete a blog post from the View Post Page.
Users shall be able to navigate back to the main blog page from the View Post, Edit Post, and New Post Pages using a back button.
Users shall be able to log out of their account from the Main Blog Page.
Users shall be shown appropriate messages for successful or unsuccessful actions (login, registration, post creation, etc.) on each relevant page.

## Language

Use html and python to develop a web application.
You should use html to generate the web template by yourself.
## Data Storage
Data will be stored in local text files.
Different types of data will be stored in separate `.txt` files.
You should define the text file by yourself in advance.
This structured data storage will facilitate easy data retrieval and management through simple file manipulations in Python, ensuring the application remains light and efficient without the need for a SQL database.
functional requirements
[OUTPUT]
## general overview of the project
The objective of the 'PersonalBlog' web application is to provide users with a simple platform to create, manage, and share their personal blog entries without relying on a database; all data will be stored locally in text files.

## software functional requirements
1. Users shall be able to log in to their account by entering a username and password on the Login Page.
2. Users shall be able to register a new account by providing a username, password, and email on the Registration Page.
3. Users shall be able to view a list of their blog posts on the Main Blog Page, with options to create a new post or view existing posts.
4. Users shall be able to create a new blog post by providing a title and content on the New Post Page.
5. Users shall be able to view the full content of a selected post on the View Post Page.
6. Users shall be able to edit an existing post by modifying the title and content on the Edit Post Page.
7. Users shall be able to delete a blog post from the View Post Page.
8. Users shall be able to navigate back to the main blog page from the View Post, Edit Post, and New Post Pages using a back button.
9. Users shall be able to log out of their account from the Main Blog Page.
10. Users shall be shown appropriate messages for successful or unsuccessful actions (login, registration, post creation, etc.) on each relevant page.
[/OUTPUT]
-----
## format example
[CONTENT]
"Implementation approach": "We will ...",
"UI design":"- A canvas for... with ... For Web applications, you should use html to generate the web template by yourself."
"Data Storage":"If software requires a data storage, you should follow the rules: Data will be stored in local files. Different types of data will be stored in separate files. You should define the file by yourself in advance.Do not use SQL database. Else just print Not Require!"
"File list": ["main.py","game.py","templates/login.html","users.txt"],
"Data structures and interfaces": "
classDiagram
    class Main {
        -SearchEngine search_engine
        +main() str
    }
    class SearchEngine {
        -Index index
        -Ranking ranking
        -Summary summary
        +search(query: str) str
    }
    class Index {
        -KnowledgeBase knowledge_base
        +create_index(data: dict)
        +query_index(query: str) list
    }
    class Ranking {
        +rank_results(results: list) list
    }
    class Summary {
        +summarize_results(results: list) str
    }
    class KnowledgeBase {
        +update(data: dict)
        +fetch_data(query: str) dict
    }
    Main --> SearchEngine
    SearchEngine --> Index
    SearchEngine --> Ranking
    SearchEngine --> Summary
    Index --> KnowledgeBase
",

[/CONTENT]

## nodes: "<node>: <type>  # <instruction>"
- Implementation approach: <class 'str'>  # Analyze the difficult points of the requirements, select the appropriate open-source framework. If require GUI, you must also choose a GUI framework (e.g., in Python, you can implement GUI via tkinter, Pygame, Flexx, PyGUI, etc,)
- File list: typing.List[str]  #  Only need relative paths. ALWAYS write a main.py here
- Data structures and interfaces: <class 'str'>  # Use mermaid classDiagram code syntax, including classes, method(__init__ etc.) and functions with type annotations, CLEARLY MARK the RELATIONSHIPS between classes, and comply with PEP8 standards. The data structures SHOULD BE VERY DETAILED and the API should be comprehensive with a complete design.
- UI design:<class 'str'>  # optional, if system require UI, choose a GUI framework (e.g., in Python, you can implement GUI via tkinter, Pygame, Flexx, PyGUI, etc,) and list system UI design and corresponding feature's UI design.

## constraint
Language: Please use the same language as Human INPUT.
Format: output wrapped inside [CONTENT][/CONTENT] like format example, nothing else.

# Attention
1. If a feature of software requires a GUI, you also need to carefully consider the UI components that this feature will require and its relationship to the main UI in Architecture.
2. Aim to achieve functional requirements, only require to implement a demo.
3. If project requires data storage, follow the requirement of data storage, implement a simple storage.Do not use SQL database.
4. Organize related functionalities into a single Python file to avoid creating too many files.
5. do not output ```plaintext or other ``` in the start and the end, output directly.

## action
Follow instructions of nodes and Attention, generate output and make sure it follows the format example.

2025-01-01 Wednesday 12:10:51 _client.py : INFO  HTTP Request: POST https://api.chatanywhere.tech/chat/completions "HTTP/1.1 200 OK"
2025-01-01 Wednesday 12:10:51 model.py : INFO  following invoke cost: 2025 | all cost: 2953
2025-01-01 Wednesday 12:10:51 architect.py : INFO  Architect Arnold
2025-01-01 Wednesday 12:10:51 architect.py : INFO  [CONTENT]
"Implementation approach": "We will use Flask as the web framework to create the PersonalBlog application. Flask is lightweight and suitable for building simple web applications. For the front-end, we will use HTML to create the necessary templates. User data and blog posts will be stored in local text files, ensuring that the application remains simple and efficient without a database.",
"UI design":"- The application will have a Login Page for user authentication, a Registration Page for new users, a Main Blog Page to list blog posts, a New Post Page for creating posts, a View Post Page for displaying individual posts, and an Edit Post Page for modifying existing posts. Each page will have a consistent layout with navigation links.",
"Data Storage":"Data will be stored in local text files. We will create the following files: 'users.txt' for storing user credentials (username, password, email) and 'posts.txt' for storing blog posts (title, content, author). Each entry will be stored in a structured format to facilitate easy retrieval and management.",
"File list": ["main.py", "templates/login.html", "templates/register.html", "templates/main.html", "templates/new_post.html", "templates/view_post.html", "templates/edit_post.html", "users.txt", "posts.txt"],
"Data structures and interfaces": "
classDiagram
    class Main {
        -Flask app
        +run() None
    }
    class User {
        -username: str
        -password: str
        -email: str
        +__init__(username: str, password: str, email: str) None
        +save() None
        +load_users() list
    }
    class Post {
        -title: str
        -content: str
        -author: str
        +__init__(title: str, content: str, author: str) None
        +save() None
        +load_posts() list
    }
    class Auth {
        +login(username: str, password: str) bool
        +register(username: str, password: str, email: str) bool
    }
    class Blog {
        +create_post(title: str, content: str, author: str) None
        +edit_post(title: str, content: str) None
        +delete_post(title: str) None
        +view_post(title: str) str
        +list_posts() list
    }
    Main --> Auth
    Main --> Blog
    Auth --> User
    Blog --> Post
",
[/CONTENT]
2025-01-01 Wednesday 12:10:51 architect.py : INFO  Architect writting ARCHITECT
2025-01-01 Wednesday 12:10:51 project_manager.py : INFO  Project Manager Tsunoda generate Project PLAN......
2025-01-01 Wednesday 12:10:51 project_manager.py : INFO  
You are a Project Manager, your goal is break down tasks according to functional requirement/architecture, generate a task plan, and analyze task dependencies to start with the prerequisite modules. the constraint is use same language as user requirement. 


## Context
functional requirement:
[OUTPUT]
## general overview of the project
The objective of the 'PersonalBlog' web application is to provide users with a simple platform to create, manage, and share their personal blog entries without relying on a database; all data will be stored locally in text files.

## software functional requirements
1. Users shall be able to log in to their account by entering a username and password on the Login Page.
2. Users shall be able to register a new account by providing a username, password, and email on the Registration Page.
3. Users shall be able to view a list of their blog posts on the Main Blog Page, with options to create a new post or view existing posts.
4. Users shall be able to create a new blog post by providing a title and content on the New Post Page.
5. Users shall be able to view the full content of a selected post on the View Post Page.
6. Users shall be able to edit an existing post by modifying the title and content on the Edit Post Page.
7. Users shall be able to delete a blog post from the View Post Page.
8. Users shall be able to navigate back to the main blog page from the View Post, Edit Post, and New Post Pages using a back button.
9. Users shall be able to log out of their account from the Main Blog Page.
10. Users shall be shown appropriate messages for successful or unsuccessful actions (login, registration, post creation, etc.) on each relevant page.
[/OUTPUT]

architecture:
[CONTENT]
"Implementation approach": "We will use Flask as the web framework to create the PersonalBlog application. Flask is lightweight and suitable for building simple web applications. For the front-end, we will use HTML to create the necessary templates. User data and blog posts will be stored in local text files, ensuring that the application remains simple and efficient without a database.",
"UI design":"- The application will have a Login Page for user authentication, a Registration Page for new users, a Main Blog Page to list blog posts, a New Post Page for creating posts, a View Post Page for displaying individual posts, and an Edit Post Page for modifying existing posts. Each page will have a consistent layout with navigation links.",
"Data Storage":"Data will be stored in local text files. We will create the following files: 'users.txt' for storing user credentials (username, password, email) and 'posts.txt' for storing blog posts (title, content, author). Each entry will be stored in a structured format to facilitate easy retrieval and management.",
"File list": ["main.py", "templates/login.html", "templates/register.html", "templates/main.html", "templates/new_post.html", "templates/view_post.html", "templates/edit_post.html", "users.txt", "posts.txt"],
"Data structures and interfaces": "
classDiagram
    class Main {
        -Flask app
        +run() None
    }
    class User {
        -username: str
        -password: str
        -email: str
        +__init__(username: str, password: str, email: str) None
        +save() None
        +load_users() list
    }
    class Post {
        -title: str
        -content: str
        -author: str
        +__init__(title: str, content: str, author: str) None
        +save() None
        +load_posts() list
    }
    class Auth {
        +login(username: str, password: str) bool
        +register(username: str, password: str, email: str) bool
    }
    class Blog {
        +create_post(title: str, content: str, author: str) None
        +edit_post(title: str, content: str) None
        +delete_post(title: str) None
        +view_post(title: str) str
        +list_posts() list
    }
    Main --> Auth
    Main --> Blog
    Auth --> User
    Blog --> Post
",
[/CONTENT]
-----

## format example
{
"Required packages": [
    "flask==1.1.2",
    "bcrypt==3.2.0"
],
"Required Other language third-party packages": [
    "No third-party dependencies required"
],
"Logic Analysis": [
    [
        "game.py",
        "The main file of the game, responsible for initializing the game.... Contains Game class and ... functions"
    ],
    [
        "main.py",
        "Contains main function and the main frame, import Game, Logic..."
    ]
],
"Task list": 
{
    'T0':'|Initialize the game window.|implement XXX Class to create window, implement XXX functions to load game...|[]|related files:["game.py"]',
    'T1':'|complete the moving logic |complete the XXX function, implement relevant code in ui...|[T0]|related files:[main.py,game.py]',
    'T2':'|complete the moving logic |continue to implement XXX function and XXX object, record the moving. for ui, do... |[T0]|related files:[main.py]',
    'T3':'|complete the storage |based on the game logic, record the score and other data, and... |[T0]|related files:[main.py,game.py]',
    ...
},
"Shared Knowledge": "`game.py` contains functions shared across the project.",
}

## nodes: "<node>: <type>  # <instruction>"
- Required packages: typing.List[str]  # Provide required packages in requirements.txt format.
- Required Other language third-party packages: typing.List[str]  # List down the required packages for languages other than Python.
- Logic Analysis: typing.List[typing.List[str]]  # Provide a list of files with the classes/methods/functions to be implemented, including dependency analysis and imports.
- Task list: typing.Dict[str]  # Break down the project development into a subtasks-node-graph(in a dictionary format), each node contains:
(1)its name(T0,T1...)
(2)its role in the project development[hign level summary, such as what user story the sub-task is reponsible for, and others]
(3)detailed task description, instructing the coder what to do.
(4)its dependency tasks.
(5)related files, use | to seperate thesse part as example. must no circles in the dependency tasks. related files must from file list in architecture.
The decomposed tasks only include development-related tasks; higher-level work such as testing, security, and maintenance is not required for now.
- Full API spec: <class 'str'>  # Describe all APIs using OpenAPI 3.0 spec that may be used by both frontend and backend. If front-end and back-end communication is not required, leave it blank.
- Shared Knowledge: <class 'str'>  # Detail any shared knowledge, like common utility functions or configuration variables.

## constraint
Language: Please use the same language as Human INPUT.
Format: output like format example, nothing else.
If you are doing website development, please do not encrypt the account password for the login function.
Related and simple tasks should be combined into one task to reduce the overall number of tasks(no more than 7) during you making "Task List".

## action
Follow instructions of nodes, generate output and make sure it follows the format example.

2025-01-01 Wednesday 12:10:56 _client.py : INFO  HTTP Request: POST https://api.chatanywhere.tech/chat/completions "HTTP/1.1 200 OK"
2025-01-01 Wednesday 12:10:56 model.py : INFO  following invoke cost: 2242 | all cost: 5195
2025-01-01 Wednesday 12:10:56 project_manager.py : INFO  Project Manager Tsunoda
2025-01-01 Wednesday 12:10:56 project_manager.py : INFO  {
"Required packages": [
    "flask==1.1.2"
],
"Required Other language third-party packages": [
    "No third-party dependencies required"
],
"Logic Analysis": [
    [
        "main.py",
        "The main file of the application, responsible for initializing the Flask app and routing. Contains the Main class and the main application logic."
    ],
    [
        "templates/login.html",
        "HTML template for the Login Page, includes form for username and password."
    ],
    [
        "templates/register.html",
        "HTML template for the Registration Page, includes form for username, password, and email."
    ],
    [
        "templates/main.html",
        "HTML template for the Main Blog Page, displays list of blog posts and navigation options."
    ],
    [
        "templates/new_post.html",
        "HTML template for the New Post Page, includes form for creating a new blog post."
    ],
    [
        "templates/view_post.html",
        "HTML template for the View Post Page, displays full content of a selected post."
    ],
    [
        "templates/edit_post.html",
        "HTML template for the Edit Post Page, includes form for editing an existing blog post."
    ]
],
"Task list": 
{
    'T0':'|Set up Flask application and routing.|Initialize the Flask app in main.py, set up routes for login, registration, main blog page, new post, view post, and edit post.|[]|related files:["main.py"]',
    'T1':'|Implement user authentication.|Create User class in main.py, implement login and registration methods, and handle user data in users.txt.|[T0]|related files:[main.py]',
    'T2':'|Create blog post management functionality.|Create Blog class in main.py, implement methods for creating, editing, deleting, and viewing posts, and manage data in posts.txt.|[T0]|related files:[main.py]',
    'T3':'|Develop HTML templates for user interface.|Create login.html, register.html, main.html, new_post.html, view_post.html, and edit_post.html with appropriate forms and navigation links.|[T0]|related files:[templates/login.html, templates/register.html, templates/main.html, templates/new_post.html, templates/view_post.html, templates/edit_post.html]',
    'T4':'|Implement data storage and retrieval.|Implement methods in User and Post classes to save and load data from users.txt and posts.txt.|[T1, T2]|related files:[main.py]',
    'T5':'|Add user feedback messages.|Implement functionality to show success or error messages for login, registration, and post actions on relevant pages.|[T1, T2, T3]|related files:[main.py]',
    'T6':'|Test the application.|Conduct testing of all functionalities including login, registration, post creation, editing, and deletion to ensure everything works as expected.|[T0, T1, T2, T3, T4, T5]|related files:[main.py]'
},
"Shared Knowledge": "`main.py` contains the main application logic and routing for the entire project."
}
2025-01-01 Wednesday 12:10:56 project_manager.py : INFO  Project Manager writting TASK PLAN
2025-01-01 Wednesday 12:10:57 _client.py : INFO  HTTP Request: POST https://api.chatanywhere.tech/chat/completions "HTTP/1.1 200 OK"
2025-01-01 Wednesday 12:10:57 product_manager.py : INFO  Product Manager Pole extracting PRD......
2025-01-01 Wednesday 12:10:57 architect.py : INFO  Architect Arnold extracting Architect......
2025-01-01 Wednesday 12:10:57 project_manager.py : INFO  Project Manager Tsunoda extracting Plan......
2025-01-01 Wednesday 12:10:57 programmer.py : INFO  Programmer Clorinde Coding...
2025-01-01 Wednesday 12:10:57 programmer.py : INFO  Task Dictionary:
Key: T0, Value: |Set up Flask application and routing.|Initialize the Flask app in main.py, set up routes for login, registration, main blog page, new post, view post, and edit post.|[]|related files:["main.py"]
Key: T1, Value: |Implement user authentication.|Create User class in main.py, implement login and registration methods, and handle user data in users.txt.|[T0]|related files:[main.py]
Key: T2, Value: Create some sort of management features for blog posts in main.py, involving a Blog class with various methods for handling posts and some data storage.
Key: T3, Value: |Develop HTML templates for user interface.|Create login.html, register.html, main.html, new_post.html, view_post.html, and edit_post.html with appropriate forms and navigation links.|[T0]|related files:[templates/login.html, templates/register.html, templates/main.html, templates/new_post.html, templates/view_post.html, templates/edit_post.html]
Key: T4, Value: |Implement data storage and retrieval.|Implement methods in User and Post classes to save and load data from users.txt and posts.txt.|[T1, T2]|related files:[main.py]
Key: T5, Value: |Add user feedback messages.|Implement functionality to show success or error messages for login, registration, and post actions on relevant pages.|[T1, T2, T3]|related files:[main.py]
Key: T6, Value: |Test the application.|Conduct testing of all functionalities including login, registration, post creation, editing, and deletion to ensure everything works as expected.|[T0, T1, T2, T3, T4, T5]|related files:[main.py]

2025-01-01 Wednesday 12:10:57 searcher.py : INFO  
You are an excellent software task-oriented analyst. Your task is to accurately extract and compile all relevant sections from the requirements document and user demands that are directly related to a given task description, and present them in a concise and well-organized document.


## This is the PRD you can retrieve, which contains functional requirements for the system:
[OUTPUT] ## general overview of the project The objective of the 'PersonalBlog' web application is to provide users with a simple platform to create, manage, and share their personal blog entries without relying on a database; all data will be stored locally in text files. ## software functional requirements 1. Users shall be able to log in to their account by entering a username and password on the Login Page. 2. Users shall be able to register a new account by providing a username, password, and email on the Registration Page. 3. Users shall be able to view a list of their blog posts on the Main Blog Page, with options to create a new post or view existing posts. 4. Users shall be able to create a new blog post by providing a title and content on the New Post Page. 5. Users shall be able to view the full content of a selected post on the View Post Page. 6. Users shall be able to edit an existing post by modifying the title and content on the Edit Post Page. 7. Users shall be able to delete a blog post from the View Post Page. 8. Users shall be able to navigate back to the main blog page from the View Post, Edit Post, and New Post Pages using a back button. 9. Users shall be able to log out of their account from the Main Blog Page. 10. Users shall be shown appropriate messages for successful or unsuccessful actions (login, registration, post creation, etc.) on each relevant page. [/OUTPUT]

## This is the user's original demand, which includes not only functional requirements but also other special requirements.
# Software Description

## Objective
The objective of the 'PersonalBlog' web application is to provide users with a simple platform to create, manage, and share their personal blog entries without relying on a database; all data will be stored locally in text files.

## Core Features

Users shall be able to log in to their account by entering a username and password on the Login Page.
Users shall be able to register a new account by providing a username, password, and email on the Registration Page.
Users shall be able to view a list of their blog posts on the Main Blog Page, with options to create a new post or view existing posts.
Users shall be able to create a new blog post by providing a title and content on the New Post Page.
Users shall be able to view the full content of a selected post on the View Post Page.
Users shall be able to edit an existing post by modifying the title and content on the Edit Post Page.
Users shall be able to delete a blog post from the View Post Page.
Users shall be able to navigate back to the main blog page from the View Post, Edit Post, and New Post Pages using a back button.
Users shall be able to log out of their account from the Main Blog Page.
Users shall be shown appropriate messages for successful or unsuccessful actions (login, registration, post creation, etc.) on each relevant page.

## Language

Use html and python to develop a web application.
You should use html to generate the web template by yourself.
## Data Storage
Data will be stored in local text files.
Different types of data will be stored in separate `.txt` files.
You should define the text file by yourself in advance.
This structured data storage will facilitate easy data retrieval and management through simple file manipulations in Python, ensuring the application remains light and efficient without the need for a SQL database.

## now, you get one following specific task:
|Set up Flask application and routing.|Initialize the Flask app in main.py, set up routes for login, registration, main blog page, new post, view post, and edit post.|[]|related files:["main.py"]

## Action
You should extract the sections directly related to the specific task described above from the two documents.
After extraction, integrate the relevant sections into a single output, ensuring duplicate content is removed.

Key Points:
The extracted content must remain unaltered. Do not modify any part of the retrieved sections.
Include only the necessary sections. Exclude any content you are certain is irrelevant to the current task.
Aim for conciseness: less is better.

2025-01-01 Wednesday 12:10:59 _client.py : INFO  HTTP Request: POST https://api.chatanywhere.tech/chat/completions "HTTP/1.1 200 OK"
2025-01-01 Wednesday 12:10:59 model.py : INFO  following invoke cost: 1249 | all cost: 6444
2025-01-01 Wednesday 12:10:59 searcher.py : INFO  retrievaled reslt is: 
## Extracted Relevant Sections for Task: Set up Flask application and routing

### Software Functional Requirements
1. Users shall be able to log in to their account by entering a username and password on the Login Page.
2. Users shall be able to register a new account by providing a username, password, and email on the Registration Page.
3. Users shall be able to view a list of their blog posts on the Main Blog Page, with options to create a new post or view existing posts.
4. Users shall be able to create a new blog post by providing a title and content on the New Post Page.
5. Users shall be able to view the full content of a selected post on the View Post Page.
6. Users shall be able to edit an existing post by modifying the title and content on the Edit Post Page.
8. Users shall be able to navigate back to the main blog page from the View Post, Edit Post, and New Post Pages using a back button.
9. Users shall be able to log out of their account from the Main Blog Page.

### Language
Use html and python to develop a web application. You should use html to generate the web template by yourself.

### Data Storage
Data will be stored in local text files. Different types of data will be stored in separate `.txt` files. You should define the text file by yourself in advance. This structured data storage will facilitate easy data retrieval and management through simple file manipulations in Python, ensuring the application remains light and efficient without the need for a SQL database.
2025-01-01 Wednesday 12:10:59 programmer.py : INFO  
You are a professional engineer; the main goal is to write google-style, elegant, modular, easy to read and maintain code.
Output format carefully referenced "Format example".
In addition to writing code, you may also need to complete the data files in the task list (such as .txt .json .csv files). If the task list requires the implementation of data files, you need to simply design some data that meets the requirements for your completed software to facilitate the startup and testing of the software as a demo.


# Context
## Design
[CONTENT] "Implementation approach": "We will use Flask as the web framework to create the PersonalBlog application. Flask is lightweight and suitable for building simple web applications. For the front-end, we will use HTML to create the necessary templates. User data and blog posts will be stored in local text files, ensuring that the application remains simple and efficient without a database.", "UI design":"- The application will have a Login Page for user authentication, a Registration Page for new users, a Main Blog Page to list blog posts, a New Post Page for creating posts, a View Post Page for displaying individual posts, and an Edit Post Page for modifying existing posts. Each page will have a consistent layout with navigation links.", "Data Storage":"Data will be stored in local text files. We will create the following files: 'users.txt' for storing user credentials (username, password, email) and 'posts.txt' for storing blog posts (title, content, author). Each entry will be stored in a structured format to facilitate easy retrieval and management.", "File list": ["main.py", "templates/login.html", "templates/register.html", "templates/main.html", "templates/new_post.html", "templates/view_post.html", "templates/edit_post.html", "users.txt", "posts.txt"], "Data structures and interfaces": " classDiagram     class Main {         -Flask app         +run() None     }     class User {         -username: str         -password: str         -email: str         +__init__(username: str, password: str, email: str) None         +save() None         +load_users() list     }     class Post {         -title: str         -content: str         -author: str         +__init__(title: str, content: str, author: str) None         +save() None         +load_posts() list     }     class Auth {         +login(username: str, password: str) bool         +register(username: str, password: str, email: str) bool     }     class Blog {         +create_post(title: str, content: str, author: str) None         +edit_post(title: str, content: str) None         +delete_post(title: str) None         +view_post(title: str) str         +list_posts() list     }     Main --> Auth     Main --> Blog     Auth --> User     Blog --> Post ", [/CONTENT]
## Whole Task Plan
{'Required packages': ['flask==1.1.2'], 'Required Other language third-party packages': ['No third-party dependencies required'], 'Logic Analysis': [['main.py', 'The main file of the application, responsible for initializing the Flask app and routing. Contains the Main class and the main application logic.'], ['templates/login.html', 'HTML template for the Login Page, includes form for username and password.'], ['templates/register.html', 'HTML template for the Registration Page, includes form for username, password, and email.'], ['templates/main.html', 'HTML template for the Main Blog Page, displays list of blog posts and navigation options.'], ['templates/new_post.html', 'HTML template for the New Post Page, includes form for creating a new blog post.'], ['templates/view_post.html', 'HTML template for the View Post Page, displays full content of a selected post.'], ['templates/edit_post.html', 'HTML template for the Edit Post Page, includes form for editing an existing blog post.']], 'Task list': {'T0': '|Set up Flask application and routing.|Initialize the Flask app in main.py, set up routes for login, registration, main blog page, new post, view post, and edit post.|[]|related files:["main.py"]', 'T1': '|Implement user authentication.|Create User class in main.py, implement login and registration methods, and handle user data in users.txt.|[T0]|related files:[main.py]', 'T2': 'Create some sort of management features for blog posts in main.py, involving a Blog class with various methods for handling posts and some data storage.', 'T3': '|Develop HTML templates for user interface.|Create login.html, register.html, main.html, new_post.html, view_post.html, and edit_post.html with appropriate forms and navigation links.|[T0]|related files:[templates/login.html, templates/register.html, templates/main.html, templates/new_post.html, templates/view_post.html, templates/edit_post.html]', 'T4': '|Implement data storage and retrieval.|Implement methods in User and Post classes to save and load data from users.txt and posts.txt.|[T1, T2]|related files:[main.py]', 'T5': '|Add user feedback messages.|Implement functionality to show success or error messages for login, registration, and post actions on relevant pages.|[T1, T2, T3]|related files:[main.py]', 'T6': '|Test the application.|Conduct testing of all functionalities including login, registration, post creation, editing, and deletion to ensure everything works as expected.|[T0, T1, T2, T3, T4, T5]|related files:[main.py]'}, 'Shared Knowledge': '`main.py` contains the main application logic and routing for the entire project.'}

## files(already available)

-----
# Format Example 
*** main.py
```python
...
```

*** ui.py
```python
...
```
-----
## coding sub-task
T0:|Set up Flask application and routing.|Initialize the Flask app in main.py, set up routes for login, registration, main blog page, new post, view post, and edit post.|[]|related files:["main.py"]

## Documents Relevant to the sub-task
{
## Extracted Relevant Sections for Task: Set up Flask application and routing

### Software Functional Requirements
1. Users shall be able to log in to their account by entering a username and password on the Login Page.
2. Users shall be able to register a new account by providing a username, password, and email on the Registration Page.
3. Users shall be able to view a list of their blog posts on the Main Blog Page, with options to create a new post or view existing posts.
4. Users shall be able to create a new blog post by providing a title and content on the New Post Page.
5. Users shall be able to view the full content of a selected post on the View Post Page.
6. Users shall be able to edit an existing post by modifying the title and content on the Edit Post Page.
8. Users shall be able to navigate back to the main blog page from the View Post, Edit Post, and New Post Pages using a back button.
9. Users shall be able to log out of their account from the Main Blog Page.

### Language
Use html and python to develop a web application. You should use html to generate the web template by yourself.

### Data Storage
Data will be stored in local text files. Different types of data will be stored in separate `.txt` files. You should define the text file by yourself in advance. This structured data storage will facilitate easy data retrieval and management through simple file manipulations in Python, ensuring the application remains light and efficient without the need for a SQL database.
}
(End for Documents Relevant)

# Instruction: Based on the context, follow "Format example", write or revise code to complete task described in "coding sub-task".
## ATTENTION
1. Use '***' to SPLIT different CODE SECTIONS. do not forget ``` in each file, refer the the example. Output format carefully referenced "Format example".
2. Follow design: YOU MUST FOLLOW "Data structures and interfaces". DONT CHANGE ANY DESIGN. Do not use public member functions that do not exist in your design.
3. Follow task: YOU MUST write Comprehensive codes to complete the sub-task.
4. Understand "Documents Relevant to the sub-task": Use this document, along with the architecture and task plan, as guidelines to construct your code.
4. CAREFULLY CHECK THAT YOU DONT MISS ANY NECESSARY CLASS/FUNCTION IN THE FILE.
5. You must import the third-party libraries used in your code
6. If you import a Class, you must import it firstly.
7. Determine the order of writing the files based on your understanding of the project.
9. Write out EVERY CODE DETAIL, DON'T LEAVE TODO,PASS,PLACEHOLDER.
9. Only write code result, do not output any other content in the start or in the end.
10. If you need to generate text data, follow the rules outlined in "<When Storing Data>" below.
 <When storing data>:
Different groups of data are distinguished by line breaks.
Different contents of the same group of data are distinguished by |.
Within any single content that contains multiple sub-entries, those sub-entries are separated by commas ,.
Example:
admin1|pass123|entry1,entry2,entry3  
admin2|pass123|entry1
Make sure:
The | character is used only to separate distinct contents within a group.
Commas , are used exclusively to separate multiple sub-entries within a single content.

# Website Development Rule
If you are doing website development, be sure to route the root path (/). If there is a login page, set the login page as the root route(/).
If you are doing website development, please do not encrypt the account password for the login function.
If you are doing website development, your code needs to take into account the process of loading data from the data file, so don't forget to load the data.
If you are doing Website Development, do not follow the rules of Website and Game development.
# GUI tkinter Development Rule
If you are doing GUI tkinter Development, do not follow the rules of Website and Game development.
# Game Development Rule
If the software needs to load data, please make sure the loading data code matches the data format and data file.
If you are doing Game Development, do not follow the rules of Website and Game development.

# important rule
Use '***' to SPLIT CODE SECTIONS. do not forget ``` in each file, refer the the example. Output format carefully referenced "Format example". 
Adhere strictly to the task requirements and implement them fully; do not include placeholders or "example" for code that is intended for future implementation.

2025-01-01 Wednesday 12:11:13 _client.py : INFO  HTTP Request: POST https://api.chatanywhere.tech/chat/completions "HTTP/1.1 200 OK"
2025-01-01 Wednesday 12:11:13 model.py : INFO  following invoke cost: 4453 | all cost: 10897
2025-01-01 Wednesday 12:11:13 programmer.py : INFO  
*** main.py
```python
from flask import Flask, render_template, request, redirect, url_for, session
from werkzeug.utils import secure_filename
import os

app = Flask(__name__)
app.secret_key = 'your_secret_key'

class User:
    def __init__(self, username: str, password: str, email: str):
        self.username = username
        self.password = password
        self.email = email

    def save(self):
        with open('users.txt', 'a') as f:
            f.write(f"{self.username}|{self.password}|{self.email}\n")

    @staticmethod
    def load_users():
        users = []
        if os.path.exists('users.txt'):
            with open('users.txt', 'r') as f:
                for line in f:
                    username, password, email = line.strip().split('|')
                    users.append(User(username, password, email))
        return users

class Post:
    def __init__(self, title: str, content: str, author: str):
        self.title = title
        self.content = content
        self.author = author

    def save(self):
        with open('posts.txt', 'a') as f:
            f.write(f"{self.title}|{self.content}|{self.author}\n")

    @staticmethod
    def load_posts():
        posts = []
        if os.path.exists('posts.txt'):
            with open('posts.txt', 'r') as f:
                for line in f:
                    title, content, author = line.strip().split('|')
                    posts.append(Post(title, content, author))
        return posts

class Auth:
    @staticmethod
    def login(username: str, password: str) -> bool:
        users = User.load_users()
        for user in users:
            if user.username == username and user.password == password:
                return True
        return False

    @staticmethod
    def register(username: str, password: str, email: str) -> bool:
        users = User.load_users()
        if any(user.username == username for user in users):
            return False
        new_user = User(username, password, email)
        new_user.save()
        return True

class Blog:
    @staticmethod
    def create_post(title: str, content: str, author: str):
        new_post = Post(title, content, author)
        new_post.save()

    @staticmethod
    def edit_post(title: str, content: str):
        posts = Post.load_posts()
        for post in posts:
            if post.title == title:
                post.content = content
                break
        with open('posts.txt', 'w') as f:
            for post in posts:
                f.write(f"{post.title}|{post.content}|{post.author}\n")

    @staticmethod
    def delete_post(title: str):
        posts = Post.load_posts()
        posts = [post for post in posts if post.title != title]
        with open('posts.txt', 'w') as f:
            for post in posts:
                f.write(f"{post.title}|{post.content}|{post.author}\n")

    @staticmethod
    def view_post(title: str) -> str:
        posts = Post.load_posts()
        for post in posts:
            if post.title == title:
                return post.content
        return ""

    @staticmethod
    def list_posts() -> list:
        return Post.load_posts()

@app.route('/')
def login():
    return render_template('login.html')

@app.route('/register', methods=['GET', 'POST'])
def register():
    if request.method == 'POST':
        username = request.form['username']
        password = request.form['password']
        email = request.form['email']
        if Auth.register(username, password, email):
            return redirect(url_for('login'))
        else:
            return "Registration failed. Username may already exist."
    return render_template('register.html')

@app.route('/main', methods=['GET', 'POST'])
def main():
    if request.method == 'POST':
        title = request.form['title']
        content = request.form['content']
        author = session.get('username')
        Blog.create_post(title, content, author)
        return redirect(url_for('main'))
    posts = Blog.list_posts()
    return render_template('main.html', posts=posts)

@app.route('/new_post', methods=['GET', 'POST'])
def new_post():
    if request.method == 'POST':
        title = request.form['title']
        content = request.form['content']
        author = session.get('username')
        Blog.create_post(title, content, author)
        return redirect(url_for('main'))
    return render_template('new_post.html')

@app.route('/view_post/<title>')
def view_post(title):
    content = Blog.view_post(title)
    return render_template('view_post.html', title=title, content=content)

@app.route('/edit_post/<title>', methods=['GET', 'POST'])
def edit_post(title):
    if request.method == 'POST':
        content = request.form['content']
        Blog.edit_post(title, content)
        return redirect(url_for('main'))
    return render_template('edit_post.html', title=title)

@app.route('/logout')
def logout():
    session.pop('username', None)
    return redirect(url_for('login'))

if __name__ == '__main__':
    app.run(debug=True)
```

*** templates/login.html
```html
<!DOCTYPE html>
<html lang="en">
<head>
    <meta charset="UTF-8">
    <meta name="viewport" content="width=device-width, initial-scale=1.0">
    <title>Login</title>
</head>
<body>
    <h2>Login</h2>
    <form method="POST" action="/login">
        <label for="username">Username:</label>
        <input type="text" id="username" name="username" required>
        <br>
        <label for="password">Password:</label>
        <input type="password" id="password" name="password" required>
        <br>
        <button type="submit">Login</button>
    </form>
    <p>Don't have an account? <a href="/register">Register here</a></p>
</body>
</html>
```

*** templates/register.html
```html
<!DOCTYPE html>
<html lang="en">
<head>
    <meta charset="UTF-8">
    <meta name="viewport" content="width=device-width, initial-scale=1.0">
    <title>Register</title>
</head>
<body>
    <h2>Register</h2>
    <form method="POST" action="/register">
        <label for="username">Username:</label>
        <input type="text" id="username" name="username" required>
        <br>
        <label for="password">Password:</label>
        <input type="password" id="password" name="password" required>
        <br>
        <label for="email">Email:</label>
        <input type="email" id="email" name="email" required>
        <br>
        <button type="submit">Register</button>
    </form>
    <p>Already have an account? <a href="/">Login here</a></p>
</body>
</html>
```

*** templates/main.html
```html
<!DOCTYPE html>
<html lang="en">
<head>
    <meta charset="UTF-8">
    <meta name="viewport" content="width=device-width, initial-scale=1.0">
    <title>Main Blog Page</title>
</head>
<body>
    <h2>Blog Posts</h2>
    <a href="/new_post">Create New Post</a>
    <ul>
        {% for post in posts %}
            <li><a href="/view_post/{{ post.title }}">{{ post.title }}</a> by {{ post.author }}</li>
        {% endfor %}
    </ul>
    <a href="/logout">Logout</a>
</body>
</html>
```

*** templates/new_post.html
```html
<!DOCTYPE html>
<html lang="en">
<head>
    <meta charset="UTF-8">
    <meta name="viewport" content="width=device-width, initial-scale=1.0">
    <title>New Post</title>
</head>
<body>
    <h2>Create New Post</h2>
    <form method="POST" action="/new_post">
        <label for="title">Title:</label>
        <input type="text" id="title" name="title" required>
        <br>
        <label for="content">Content:</label>
        <textarea id="content" name="content" required></textarea>
        <br>
        <button type="submit">Create Post</button>
    </form>
    <a href="/main">Back to Main</a>
</body>
</html>
```

*** templates/view_post.html
```html
<!DOCTYPE html>
<html lang="en">
<head>
    <meta charset="UTF-8">
    <meta name="viewport" content="width=device-width, initial-scale=1.0">
    <title>{{ title }}</title>
</head>
<body>
    <h2>{{ title }}</h2>
    <p>{{ content }}</p>
    <a href="/edit_post/{{ title }}">Edit Post</a>
    <a href="/main">Back to Main</a>
</body>
</html>
```

*** templates/edit_post.html
```html
<!DOCTYPE html>
<html lang="en">
<head>
    <meta charset="UTF-8">
    <meta name="viewport" content="width=device-width, initial-scale=1.0">
    <title>Edit Post - {{ title }}</title>
</head>
<body>
    <h2>Edit Post - {{ title }}</h2>
    <form method="POST" action="/edit_post/{{ title }}">
        <label for="content">Content:</label>
        <textarea id="content" name="content" required></textarea>
        <br>
        <button type="submit">Update Post</button>
    </form>
    <a href="/main">Back to Main</a>
</body>
</html>
```

*** users.txt
```
admin|admin123|admin@example.com
user1|password1|user1@example.com
```

*** posts.txt
```
First Post|This is the content of the first post.|admin
Second Post|This is the content of the second post.|user1
```
2025-01-01 Wednesday 12:11:13 programmer.py : INFO  **[Update Codes]**

main.py updated.


```
'''

'''
--- Old
+++ New
@@ -1 +1,159 @@
-# None
+from flask import Flask, render_template, request, redirect, url_for, session
+from werkzeug.utils import secure_filename
+import os
+
+app = Flask(__name__)
+app.secret_key = 'your_secret_key'
+
+class User:
+    def __init__(self, username: str, password: str, email: str):
+        self.username = username
+        self.password = password
+        self.email = email
+
+    def save(self):
+        with open('users.txt', 'a') as f:
+            f.write(f"{self.username}|{self.password}|{self.email}\n")
+
+    @staticmethod
+    def load_users():
+        users = []
+        if os.path.exists('users.txt'):
+            with open('users.txt', 'r') as f:
+                for line in f:
+                    username, password, email = line.strip().split('|')
+                    users.append(User(username, password, email))
+        return users
+
+class Post:
+    def __init__(self, title: str, content: str, author: str):
+        self.title = title
+        self.content = content
+        self.author = author
+
+    def save(self):
+        with open('posts.txt', 'a') as f:
+            f.write(f"{self.title}|{self.content}|{self.author}\n")
+
+    @staticmethod
+    def load_posts():
+        posts = []
+        if os.path.exists('posts.txt'):
+            with open('posts.txt', 'r') as f:
+                for line in f:
+                    title, content, author = line.strip().split('|')
+                    posts.append(Post(title, content, author))
+        return posts
+
+class Auth:
+    @staticmethod
+    def login(username: str, password: str) -> bool:
+        users = User.load_users()
+        for user in users:
+            if user.username == username and user.password == password:
+                return True
+        return False
+
+    @staticmethod
+    def register(username: str, password: str, email: str) -> bool:
+        users = User.load_users()
+        if any(user.username == username for user in users):
+            return False
+        new_user = User(username, password, email)
+        new_user.save()
+        return True
+
+class Blog:
+    @staticmethod
+    def create_post(title: str, content: str, author: str):
+        new_post = Post(title, content, author)
+        new_post.save()
+
+    @staticmethod
+    def edit_post(title: str, content: str):
+        posts = Post.load_posts()
+        for post in posts:
+            if post.title == title:
+                post.content = content
+                break
+        with open('posts.txt', 'w') as f:
+            for post in posts:
+                f.write(f"{post.title}|{post.content}|{post.author}\n")
+
+    @staticmethod
+    def delete_post(title: str):
+        posts = Post.load_posts()
+        posts = [post for post in posts if post.title != title]
+        with open('posts.txt', 'w') as f:
+            for post in posts:
+                f.write(f"{post.title}|{post.content}|{post.author}\n")
+
+    @staticmethod
+    def view_post(title: str) -> str:
+        posts = Post.load_posts()
+        for post in posts:
+            if post.title == title:
+                return post.content
+        return ""
+
+    @staticmethod
+    def list_posts() -> list:
+        return Post.load_posts()
+
+@app.route('/')
+def login():
+    return render_template('login.html')
+
+@app.route('/register', methods=['GET', 'POST'])
+def register():
+    if request.method == 'POST':
+        username = request.form['username']
+        password = request.form['password']
+        email = request.form['email']
+        if Auth.register(username, password, email):
+            return redirect(url_for('login'))
+        else:
+            return "Registration failed. Username may already exist."
+    return render_template('register.html')
+
+@app.route('/main', methods=['GET', 'POST'])
+def main():
+    if request.method == 'POST':
+        title = request.form['title']
+        content = request.form['content']
+        author = session.get('username')
+        Blog.create_post(title, content, author)
+        return redirect(url_for('main'))
+    posts = Blog.list_posts()
+    return render_template('main.html', posts=posts)
+
+@app.route('/new_post', methods=['GET', 'POST'])
+def new_post():
+    if request.method == 'POST':
+        title = request.form['title']
+        content = request.form['content']
+        author = session.get('username')
+        Blog.create_post(title, content, author)
+        return redirect(url_for('main'))
+    return render_template('new_post.html')
+
+@app.route('/view_post/<title>')
+def view_post(title):
+    content = Blog.view_post(title)
+    return render_template('view_post.html', title=title, content=content)
+
+@app.route('/edit_post/<title>', methods=['GET', 'POST'])
+def edit_post(title):
+    if request.method == 'POST':
+        content = request.form['content']
+        Blog.edit_post(title, content)
+        return redirect(url_for('main'))
+    return render_template('edit_post.html', title=title)
+
+@app.route('/logout')
+def logout():
+    session.pop('username', None)
+    return redirect(url_for('login'))
+
+if __name__ == '__main__':
+    app.run(debug=True)
```
2025-01-01 Wednesday 12:11:13 programmer.py : INFO  **[Update Codes]**

templates/login.html updated.


```
'''

'''
--- Old
+++ New
@@ -1 +1,21 @@
-# None
+<!DOCTYPE html>
+<html lang="en">
+<head>
+    <meta charset="UTF-8">
+    <meta name="viewport" content="width=device-width, initial-scale=1.0">
+    <title>Login</title>
+</head>
+<body>
+    <h2>Login</h2>
+    <form method="POST" action="/login">
+        <label for="username">Username:</label>
+        <input type="text" id="username" name="username" required>
+        <br>
+        <label for="password">Password:</label>
+        <input type="password" id="password" name="password" required>
+        <br>
+        <button type="submit">Login</button>
+    </form>
+    <p>Don't have an account? <a href="/register">Register here</a></p>
+</body>
+</html>
```
2025-01-01 Wednesday 12:11:13 programmer.py : INFO  **[Update Codes]**

templates/register.html updated.


```
'''

'''
--- Old
+++ New
@@ -1 +1,24 @@
-# None
+<!DOCTYPE html>
+<html lang="en">
+<head>
+    <meta charset="UTF-8">
+    <meta name="viewport" content="width=device-width, initial-scale=1.0">
+    <title>Register</title>
+</head>
+<body>
+    <h2>Register</h2>
+    <form method="POST" action="/register">
+        <label for="username">Username:</label>
+        <input type="text" id="username" name="username" required>
+        <br>
+        <label for="password">Password:</label>
+        <input type="password" id="password" name="password" required>
+        <br>
+        <label for="email">Email:</label>
+        <input type="email" id="email" name="email" required>
+        <br>
+        <button type="submit">Register</button>
+    </form>
+    <p>Already have an account? <a href="/">Login here</a></p>
+</body>
+</html>
```
2025-01-01 Wednesday 12:11:13 programmer.py : INFO  **[Update Codes]**

templates/main.html updated.


```
'''

'''
--- Old
+++ New
@@ -1 +1,18 @@
-# None
+<!DOCTYPE html>
+<html lang="en">
+<head>
+    <meta charset="UTF-8">
+    <meta name="viewport" content="width=device-width, initial-scale=1.0">
+    <title>Main Blog Page</title>
+</head>
+<body>
+    <h2>Blog Posts</h2>
+    <a href="/new_post">Create New Post</a>
+    <ul>
+        {% for post in posts %}
+            <li><a href="/view_post/{{ post.title }}">{{ post.title }}</a> by {{ post.author }}</li>
+        {% endfor %}
+    </ul>
+    <a href="/logout">Logout</a>
+</body>
+</html>
```
2025-01-01 Wednesday 12:11:13 programmer.py : INFO  **[Update Codes]**

templates/new_post.html updated.


```
'''

'''
--- Old
+++ New
@@ -1 +1,21 @@
-# None
+<!DOCTYPE html>
+<html lang="en">
+<head>
+    <meta charset="UTF-8">
+    <meta name="viewport" content="width=device-width, initial-scale=1.0">
+    <title>New Post</title>
+</head>
+<body>
+    <h2>Create New Post</h2>
+    <form method="POST" action="/new_post">
+        <label for="title">Title:</label>
+        <input type="text" id="title" name="title" required>
+        <br>
+        <label for="content">Content:</label>
+        <textarea id="content" name="content" required></textarea>
+        <br>
+        <button type="submit">Create Post</button>
+    </form>
+    <a href="/main">Back to Main</a>
+</body>
+</html>
```
2025-01-01 Wednesday 12:11:13 programmer.py : INFO  **[Update Codes]**

templates/view_post.html updated.


```
'''

'''
--- Old
+++ New
@@ -1 +1,14 @@
-# None
+<!DOCTYPE html>
+<html lang="en">
+<head>
+    <meta charset="UTF-8">
+    <meta name="viewport" content="width=device-width, initial-scale=1.0">
+    <title>{{ title }}</title>
+</head>
+<body>
+    <h2>{{ title }}</h2>
+    <p>{{ content }}</p>
+    <a href="/edit_post/{{ title }}">Edit Post</a>
+    <a href="/main">Back to Main</a>
+</body>
+</html>
```
2025-01-01 Wednesday 12:11:13 programmer.py : INFO  **[Update Codes]**

templates/edit_post.html updated.


```
'''

'''
--- Old
+++ New
@@ -1 +1,18 @@
-# None
+<!DOCTYPE html>
+<html lang="en">
+<head>
+    <meta charset="UTF-8">
+    <meta name="viewport" content="width=device-width, initial-scale=1.0">
+    <title>Edit Post - {{ title }}</title>
+</head>
+<body>
+    <h2>Edit Post - {{ title }}</h2>
+    <form method="POST" action="/edit_post/{{ title }}">
+        <label for="content">Content:</label>
+        <textarea id="content" name="content" required></textarea>
+        <br>
+        <button type="submit">Update Post</button>
+    </form>
+    <a href="/main">Back to Main</a>
+</body>
+</html>
```
2025-01-01 Wednesday 12:11:13 programmer.py : INFO  **[Update Codes]**

users.txt updated.


```
'''

'''
--- Old
+++ New
@@ -1 +1,2 @@
-# None
+admin|admin123|admin@example.com
+user1|password1|user1@example.com
```
2025-01-01 Wednesday 12:11:13 programmer.py : INFO  **[Update Codes]**

posts.txt updated.


```
'''

'''
--- Old
+++ New
@@ -1 +1,2 @@
-# None
+First Post|This is the content of the first post.|admin
+Second Post|This is the content of the second post.|user1
```
2025-01-01 Wednesday 12:11:13 searcher.py : INFO  
You are an excellent software task-oriented analyst. Your task is to accurately extract and compile all relevant sections from the requirements document and user demands that are directly related to a given task description, and present them in a concise and well-organized document.


## This is the PRD you can retrieve, which contains functional requirements for the system:
[OUTPUT] ## general overview of the project The objective of the 'PersonalBlog' web application is to provide users with a simple platform to create, manage, and share their personal blog entries without relying on a database; all data will be stored locally in text files. ## software functional requirements 1. Users shall be able to log in to their account by entering a username and password on the Login Page. 2. Users shall be able to register a new account by providing a username, password, and email on the Registration Page. 3. Users shall be able to view a list of their blog posts on the Main Blog Page, with options to create a new post or view existing posts. 4. Users shall be able to create a new blog post by providing a title and content on the New Post Page. 5. Users shall be able to view the full content of a selected post on the View Post Page. 6. Users shall be able to edit an existing post by modifying the title and content on the Edit Post Page. 7. Users shall be able to delete a blog post from the View Post Page. 8. Users shall be able to navigate back to the main blog page from the View Post, Edit Post, and New Post Pages using a back button. 9. Users shall be able to log out of their account from the Main Blog Page. 10. Users shall be shown appropriate messages for successful or unsuccessful actions (login, registration, post creation, etc.) on each relevant page. [/OUTPUT]

## This is the user's original demand, which includes not only functional requirements but also other special requirements.
# Software Description

## Objective
The objective of the 'PersonalBlog' web application is to provide users with a simple platform to create, manage, and share their personal blog entries without relying on a database; all data will be stored locally in text files.

## Core Features

Users shall be able to log in to their account by entering a username and password on the Login Page.
Users shall be able to register a new account by providing a username, password, and email on the Registration Page.
Users shall be able to view a list of their blog posts on the Main Blog Page, with options to create a new post or view existing posts.
Users shall be able to create a new blog post by providing a title and content on the New Post Page.
Users shall be able to view the full content of a selected post on the View Post Page.
Users shall be able to edit an existing post by modifying the title and content on the Edit Post Page.
Users shall be able to delete a blog post from the View Post Page.
Users shall be able to navigate back to the main blog page from the View Post, Edit Post, and New Post Pages using a back button.
Users shall be able to log out of their account from the Main Blog Page.
Users shall be shown appropriate messages for successful or unsuccessful actions (login, registration, post creation, etc.) on each relevant page.

## Language

Use html and python to develop a web application.
You should use html to generate the web template by yourself.
## Data Storage
Data will be stored in local text files.
Different types of data will be stored in separate `.txt` files.
You should define the text file by yourself in advance.
This structured data storage will facilitate easy data retrieval and management through simple file manipulations in Python, ensuring the application remains light and efficient without the need for a SQL database.

## now, you get one following specific task:
|Implement user authentication.|Create User class in main.py, implement login and registration methods, and handle user data in users.txt.|[T0]|related files:[main.py]

## Action
You should extract the sections directly related to the specific task described above from the two documents.
After extraction, integrate the relevant sections into a single output, ensuring duplicate content is removed.

Key Points:
The extracted content must remain unaltered. Do not modify any part of the retrieved sections.
Include only the necessary sections. Exclude any content you are certain is irrelevant to the current task.
Aim for conciseness: less is better.

2025-01-01 Wednesday 12:11:16 _client.py : INFO  HTTP Request: POST https://api.chatanywhere.tech/chat/completions "HTTP/1.1 200 OK"
2025-01-01 Wednesday 12:11:16 model.py : INFO  following invoke cost: 1157 | all cost: 12054
2025-01-01 Wednesday 12:11:16 searcher.py : INFO  retrievaled reslt is: 
## Extracted Relevant Sections for User Authentication Task

### Software Functional Requirements
1. Users shall be able to log in to their account by entering a username and password on the Login Page.
2. Users shall be able to register a new account by providing a username, password, and email on the Registration Page.
10. Users shall be shown appropriate messages for successful or unsuccessful actions (login, registration, post creation, etc.) on each relevant page.

### User's Original Demand
#### Core Features
- Users shall be able to log in to their account by entering a username and password on the Login Page.
- Users shall be able to register a new account by providing a username, password, and email on the Registration Page.

### Language
Use html and python to develop a web application.

### Data Storage
Data will be stored in local text files. Different types of data will be stored in separate `.txt` files. You should define the text file by yourself in advance. This structured data storage will facilitate easy data retrieval and management through simple file manipulations in Python, ensuring the application remains light and efficient without the need for a SQL database.
2025-01-01 Wednesday 12:11:16 programmer.py : INFO  
You are a professional engineer; the main goal is to write google-style, elegant, modular, easy to read and maintain code.
Output format carefully referenced "Format example".
In addition to writing code, you may also need to complete the data files in the task list (such as .txt .json .csv files). If the task list requires the implementation of data files, you need to simply design some data that meets the requirements for your completed software to facilitate the startup and testing of the software as a demo.


# Context
## Design
[CONTENT] "Implementation approach": "We will use Flask as the web framework to create the PersonalBlog application. Flask is lightweight and suitable for building simple web applications. For the front-end, we will use HTML to create the necessary templates. User data and blog posts will be stored in local text files, ensuring that the application remains simple and efficient without a database.", "UI design":"- The application will have a Login Page for user authentication, a Registration Page for new users, a Main Blog Page to list blog posts, a New Post Page for creating posts, a View Post Page for displaying individual posts, and an Edit Post Page for modifying existing posts. Each page will have a consistent layout with navigation links.", "Data Storage":"Data will be stored in local text files. We will create the following files: 'users.txt' for storing user credentials (username, password, email) and 'posts.txt' for storing blog posts (title, content, author). Each entry will be stored in a structured format to facilitate easy retrieval and management.", "File list": ["main.py", "templates/login.html", "templates/register.html", "templates/main.html", "templates/new_post.html", "templates/view_post.html", "templates/edit_post.html", "users.txt", "posts.txt"], "Data structures and interfaces": " classDiagram     class Main {         -Flask app         +run() None     }     class User {         -username: str         -password: str         -email: str         +__init__(username: str, password: str, email: str) None         +save() None         +load_users() list     }     class Post {         -title: str         -content: str         -author: str         +__init__(title: str, content: str, author: str) None         +save() None         +load_posts() list     }     class Auth {         +login(username: str, password: str) bool         +register(username: str, password: str, email: str) bool     }     class Blog {         +create_post(title: str, content: str, author: str) None         +edit_post(title: str, content: str) None         +delete_post(title: str) None         +view_post(title: str) str         +list_posts() list     }     Main --> Auth     Main --> Blog     Auth --> User     Blog --> Post ", [/CONTENT]
## Whole Task Plan
{'Required packages': ['flask==1.1.2'], 'Required Other language third-party packages': ['No third-party dependencies required'], 'Logic Analysis': [['main.py', 'The main file of the application, responsible for initializing the Flask app and routing. Contains the Main class and the main application logic.'], ['templates/login.html', 'HTML template for the Login Page, includes form for username and password.'], ['templates/register.html', 'HTML template for the Registration Page, includes form for username, password, and email.'], ['templates/main.html', 'HTML template for the Main Blog Page, displays list of blog posts and navigation options.'], ['templates/new_post.html', 'HTML template for the New Post Page, includes form for creating a new blog post.'], ['templates/view_post.html', 'HTML template for the View Post Page, displays full content of a selected post.'], ['templates/edit_post.html', 'HTML template for the Edit Post Page, includes form for editing an existing blog post.']], 'Task list': {'T0': '|Set up Flask application and routing.|Initialize the Flask app in main.py, set up routes for login, registration, main blog page, new post, view post, and edit post.|[]|related files:["main.py"]', 'T1': '|Implement user authentication.|Create User class in main.py, implement login and registration methods, and handle user data in users.txt.|[T0]|related files:[main.py]', 'T2': 'Create some sort of management features for blog posts in main.py, involving a Blog class with various methods for handling posts and some data storage.', 'T3': '|Develop HTML templates for user interface.|Create login.html, register.html, main.html, new_post.html, view_post.html, and edit_post.html with appropriate forms and navigation links.|[T0]|related files:[templates/login.html, templates/register.html, templates/main.html, templates/new_post.html, templates/view_post.html, templates/edit_post.html]', 'T4': '|Implement data storage and retrieval.|Implement methods in User and Post classes to save and load data from users.txt and posts.txt.|[T1, T2]|related files:[main.py]', 'T5': '|Add user feedback messages.|Implement functionality to show success or error messages for login, registration, and post actions on relevant pages.|[T1, T2, T3]|related files:[main.py]', 'T6': '|Test the application.|Conduct testing of all functionalities including login, registration, post creation, editing, and deletion to ensure everything works as expected.|[T0, T1, T2, T3, T4, T5]|related files:[main.py]'}, 'Shared Knowledge': '`main.py` contains the main application logic and routing for the entire project.'}

## files(already available)
file name: main.py

from flask import Flask, render_template, request, redirect, url_for, session
from werkzeug.utils import secure_filename
import os

app = Flask(__name__)
app.secret_key = 'your_secret_key'

class User:
    def __init__(self, username: str, password: str, email: str):
        self.username = username
        self.password = password
        self.email = email

    def save(self):
        with open('users.txt', 'a') as f:
            f.write(f"{self.username}|{self.password}|{self.email}\n")

    @staticmethod
    def load_users():
        users = []
        if os.path.exists('users.txt'):
            with open('users.txt', 'r') as f:
                for line in f:
                    username, password, email = line.strip().split('|')
                    users.append(User(username, password, email))
        return users

class Post:
    def __init__(self, title: str, content: str, author: str):
        self.title = title
        self.content = content
        self.author = author

    def save(self):
        with open('posts.txt', 'a') as f:
            f.write(f"{self.title}|{self.content}|{self.author}\n")

    @staticmethod
    def load_posts():
        posts = []
        if os.path.exists('posts.txt'):
            with open('posts.txt', 'r') as f:
                for line in f:
                    title, content, author = line.strip().split('|')
                    posts.append(Post(title, content, author))
        return posts

class Auth:
    @staticmethod
    def login(username: str, password: str) -> bool:
        users = User.load_users()
        for user in users:
            if user.username == username and user.password == password:
                return True
        return False

    @staticmethod
    def register(username: str, password: str, email: str) -> bool:
        users = User.load_users()
        if any(user.username == username for user in users):
            return False
        new_user = User(username, password, email)
        new_user.save()
        return True

class Blog:
    @staticmethod
    def create_post(title: str, content: str, author: str):
        new_post = Post(title, content, author)
        new_post.save()

    @staticmethod
    def edit_post(title: str, content: str):
        posts = Post.load_posts()
        for post in posts:
            if post.title == title:
                post.content = content
                break
        with open('posts.txt', 'w') as f:
            for post in posts:
                f.write(f"{post.title}|{post.content}|{post.author}\n")

    @staticmethod
    def delete_post(title: str):
        posts = Post.load_posts()
        posts = [post for post in posts if post.title != title]
        with open('posts.txt', 'w') as f:
            for post in posts:
                f.write(f"{post.title}|{post.content}|{post.author}\n")

    @staticmethod
    def view_post(title: str) -> str:
        posts = Post.load_posts()
        for post in posts:
            if post.title == title:
                return post.content
        return ""

    @staticmethod
    def list_posts() -> list:
        return Post.load_posts()

@app.route('/')
def login():
    return render_template('login.html')

@app.route('/register', methods=['GET', 'POST'])
def register():
    if request.method == 'POST':
        username = request.form['username']
        password = request.form['password']
        email = request.form['email']
        if Auth.register(username, password, email):
            return redirect(url_for('login'))
        else:
            return "Registration failed. Username may already exist."
    return render_template('register.html')

@app.route('/main', methods=['GET', 'POST'])
def main():
    if request.method == 'POST':
        title = request.form['title']
        content = request.form['content']
        author = session.get('username')
        Blog.create_post(title, content, author)
        return redirect(url_for('main'))
    posts = Blog.list_posts()
    return render_template('main.html', posts=posts)

@app.route('/new_post', methods=['GET', 'POST'])
def new_post():
    if request.method == 'POST':
        title = request.form['title']
        content = request.form['content']
        author = session.get('username')
        Blog.create_post(title, content, author)
        return redirect(url_for('main'))
    return render_template('new_post.html')

@app.route('/view_post/<title>')
def view_post(title):
    content = Blog.view_post(title)
    return render_template('view_post.html', title=title, content=content)

@app.route('/edit_post/<title>', methods=['GET', 'POST'])
def edit_post(title):
    if request.method == 'POST':
        content = request.form['content']
        Blog.edit_post(title, content)
        return redirect(url_for('main'))
    return render_template('edit_post.html', title=title)

@app.route('/logout')
def logout():
    session.pop('username', None)
    return redirect(url_for('login'))

if __name__ == '__main__':
    app.run(debug=True)

file name: templates/login.html

<!DOCTYPE html>
<html lang="en">
<head>
    <meta charset="UTF-8">
    <meta name="viewport" content="width=device-width, initial-scale=1.0">
    <title>Login</title>
</head>
<body>
    <h2>Login</h2>
    <form method="POST" action="/login">
        <label for="username">Username:</label>
        <input type="text" id="username" name="username" required>
        <br>
        <label for="password">Password:</label>
        <input type="password" id="password" name="password" required>
        <br>
        <button type="submit">Login</button>
    </form>
    <p>Don't have an account? <a href="/register">Register here</a></p>
</body>
</html>

file name: templates/register.html

<!DOCTYPE html>
<html lang="en">
<head>
    <meta charset="UTF-8">
    <meta name="viewport" content="width=device-width, initial-scale=1.0">
    <title>Register</title>
</head>
<body>
    <h2>Register</h2>
    <form method="POST" action="/register">
        <label for="username">Username:</label>
        <input type="text" id="username" name="username" required>
        <br>
        <label for="password">Password:</label>
        <input type="password" id="password" name="password" required>
        <br>
        <label for="email">Email:</label>
        <input type="email" id="email" name="email" required>
        <br>
        <button type="submit">Register</button>
    </form>
    <p>Already have an account? <a href="/">Login here</a></p>
</body>
</html>

file name: templates/main.html

<!DOCTYPE html>
<html lang="en">
<head>
    <meta charset="UTF-8">
    <meta name="viewport" content="width=device-width, initial-scale=1.0">
    <title>Main Blog Page</title>
</head>
<body>
    <h2>Blog Posts</h2>
    <a href="/new_post">Create New Post</a>
    <ul>
        {% for post in posts %}
            <li><a href="/view_post/{{ post.title }}">{{ post.title }}</a> by {{ post.author }}</li>
        {% endfor %}
    </ul>
    <a href="/logout">Logout</a>
</body>
</html>

file name: templates/new_post.html

<!DOCTYPE html>
<html lang="en">
<head>
    <meta charset="UTF-8">
    <meta name="viewport" content="width=device-width, initial-scale=1.0">
    <title>New Post</title>
</head>
<body>
    <h2>Create New Post</h2>
    <form method="POST" action="/new_post">
        <label for="title">Title:</label>
        <input type="text" id="title" name="title" required>
        <br>
        <label for="content">Content:</label>
        <textarea id="content" name="content" required></textarea>
        <br>
        <button type="submit">Create Post</button>
    </form>
    <a href="/main">Back to Main</a>
</body>
</html>

file name: templates/view_post.html

<!DOCTYPE html>
<html lang="en">
<head>
    <meta charset="UTF-8">
    <meta name="viewport" content="width=device-width, initial-scale=1.0">
    <title>{{ title }}</title>
</head>
<body>
    <h2>{{ title }}</h2>
    <p>{{ content }}</p>
    <a href="/edit_post/{{ title }}">Edit Post</a>
    <a href="/main">Back to Main</a>
</body>
</html>

file name: templates/edit_post.html

<!DOCTYPE html>
<html lang="en">
<head>
    <meta charset="UTF-8">
    <meta name="viewport" content="width=device-width, initial-scale=1.0">
    <title>Edit Post - {{ title }}</title>
</head>
<body>
    <h2>Edit Post - {{ title }}</h2>
    <form method="POST" action="/edit_post/{{ title }}">
        <label for="content">Content:</label>
        <textarea id="content" name="content" required></textarea>
        <br>
        <button type="submit">Update Post</button>
    </form>
    <a href="/main">Back to Main</a>
</body>
</html>

file name: users.txt

admin|admin123|admin@example.com
user1|password1|user1@example.com

file name: posts.txt

First Post|This is the content of the first post.|admin
Second Post|This is the content of the second post.|user1


-----
# Format Example 
*** main.py
```python
...
```

*** ui.py
```python
...
```
-----
## coding sub-task
T1:|Implement user authentication.|Create User class in main.py, implement login and registration methods, and handle user data in users.txt.|[T0]|related files:[main.py]

## Documents Relevant to the sub-task
{
## Extracted Relevant Sections for User Authentication Task

### Software Functional Requirements
1. Users shall be able to log in to their account by entering a username and password on the Login Page.
2. Users shall be able to register a new account by providing a username, password, and email on the Registration Page.
10. Users shall be shown appropriate messages for successful or unsuccessful actions (login, registration, post creation, etc.) on each relevant page.

### User's Original Demand
#### Core Features
- Users shall be able to log in to their account by entering a username and password on the Login Page.
- Users shall be able to register a new account by providing a username, password, and email on the Registration Page.

### Language
Use html and python to develop a web application.

### Data Storage
Data will be stored in local text files. Different types of data will be stored in separate `.txt` files. You should define the text file by yourself in advance. This structured data storage will facilitate easy data retrieval and management through simple file manipulations in Python, ensuring the application remains light and efficient without the need for a SQL database.
}
(End for Documents Relevant)

# Instruction: Based on the context, follow "Format example", write or revise code to complete task described in "coding sub-task".
## ATTENTION
1. Use '***' to SPLIT different CODE SECTIONS. do not forget ``` in each file, refer the the example. Output format carefully referenced "Format example".
2. Follow design: YOU MUST FOLLOW "Data structures and interfaces". DONT CHANGE ANY DESIGN. Do not use public member functions that do not exist in your design.
3. Follow task: YOU MUST write Comprehensive codes to complete the sub-task.
4. Understand "Documents Relevant to the sub-task": Use this document, along with the architecture and task plan, as guidelines to construct your code.
4. CAREFULLY CHECK THAT YOU DONT MISS ANY NECESSARY CLASS/FUNCTION IN THE FILE.
5. You must import the third-party libraries used in your code
6. If you import a Class, you must import it firstly.
7. Determine the order of writing the files based on your understanding of the project.
9. Write out EVERY CODE DETAIL, DON'T LEAVE TODO,PASS,PLACEHOLDER.
9. Only write code result, do not output any other content in the start or in the end.
10. If you need to generate text data, follow the rules outlined in "<When Storing Data>" below.
 <When storing data>:
Different groups of data are distinguished by line breaks.
Different contents of the same group of data are distinguished by |.
Within any single content that contains multiple sub-entries, those sub-entries are separated by commas ,.
Example:
admin1|pass123|entry1,entry2,entry3  
admin2|pass123|entry1
Make sure:
The | character is used only to separate distinct contents within a group.
Commas , are used exclusively to separate multiple sub-entries within a single content.

# Website Development Rule
If you are doing website development, be sure to route the root path (/). If there is a login page, set the login page as the root route(/).
If you are doing website development, please do not encrypt the account password for the login function.
If you are doing website development, your code needs to take into account the process of loading data from the data file, so don't forget to load the data.
If you are doing Website Development, do not follow the rules of Website and Game development.
# GUI tkinter Development Rule
If you are doing GUI tkinter Development, do not follow the rules of Website and Game development.
# Game Development Rule
If the software needs to load data, please make sure the loading data code matches the data format and data file.
If you are doing Game Development, do not follow the rules of Website and Game development.

# important rule
Use '***' to SPLIT CODE SECTIONS. do not forget ``` in each file, refer the the example. Output format carefully referenced "Format example". 
Adhere strictly to the task requirements and implement them fully; do not include placeholders or "example" for code that is intended for future implementation.

2025-01-01 Wednesday 12:11:30 _client.py : INFO  HTTP Request: POST https://api.chatanywhere.tech/chat/completions "HTTP/1.1 200 OK"
2025-01-01 Wednesday 12:11:30 model.py : INFO  following invoke cost: 6607 | all cost: 18661
2025-01-01 Wednesday 12:11:30 programmer.py : INFO  
*** main.py
```python
from flask import Flask, render_template, request, redirect, url_for, session
from werkzeug.utils import secure_filename
import os

app = Flask(__name__)
app.secret_key = 'your_secret_key'

class User:
    def __init__(self, username: str, password: str, email: str):
        self.username = username
        self.password = password
        self.email = email

    def save(self):
        with open('users.txt', 'a') as f:
            f.write(f"{self.username}|{self.password}|{self.email}\n")

    @staticmethod
    def load_users():
        users = []
        if os.path.exists('users.txt'):
            with open('users.txt', 'r') as f:
                for line in f:
                    username, password, email = line.strip().split('|')
                    users.append(User(username, password, email))
        return users

class Post:
    def __init__(self, title: str, content: str, author: str):
        self.title = title
        self.content = content
        self.author = author

    def save(self):
        with open('posts.txt', 'a') as f:
            f.write(f"{self.title}|{self.content}|{self.author}\n")

    @staticmethod
    def load_posts():
        posts = []
        if os.path.exists('posts.txt'):
            with open('posts.txt', 'r') as f:
                for line in f:
                    title, content, author = line.strip().split('|')
                    posts.append(Post(title, content, author))
        return posts

class Auth:
    @staticmethod
    def login(username: str, password: str) -> bool:
        users = User.load_users()
        for user in users:
            if user.username == username and user.password == password:
                session['username'] = username
                return True
        return False

    @staticmethod
    def register(username: str, password: str, email: str) -> bool:
        users = User.load_users()
        if any(user.username == username for user in users):
            return False
        new_user = User(username, password, email)
        new_user.save()
        return True

class Blog:
    @staticmethod
    def create_post(title: str, content: str, author: str):
        new_post = Post(title, content, author)
        new_post.save()

    @staticmethod
    def edit_post(title: str, content: str):
        posts = Post.load_posts()
        for post in posts:
            if post.title == title:
                post.content = content
                break
        with open('posts.txt', 'w') as f:
            for post in posts:
                f.write(f"{post.title}|{post.content}|{post.author}\n")

    @staticmethod
    def delete_post(title: str):
        posts = Post.load_posts()
        posts = [post for post in posts if post.title != title]
        with open('posts.txt', 'w') as f:
            for post in posts:
                f.write(f"{post.title}|{post.content}|{post.author}\n")

    @staticmethod
    def view_post(title: str) -> str:
        posts = Post.load_posts()
        for post in posts:
            if post.title == title:
                return post.content
        return ""

    @staticmethod
    def list_posts() -> list:
        return Post.load_posts()

@app.route('/')
def login():
    return render_template('login.html')

@app.route('/login', methods=['POST'])
def do_login():
    username = request.form['username']
    password = request.form['password']
    if Auth.login(username, password):
        return redirect(url_for('main'))
    else:
        return "Login failed. Please check your username and password."

@app.route('/register', methods=['GET', 'POST'])
def register():
    if request.method == 'POST':
        username = request.form['username']
        password = request.form['password']
        email = request.form['email']
        if Auth.register(username, password, email):
            return redirect(url_for('login'))
        else:
            return "Registration failed. Username may already exist."
    return render_template('register.html')

@app.route('/main', methods=['GET', 'POST'])
def main():
    if request.method == 'POST':
        title = request.form['title']
        content = request.form['content']
        author = session.get('username')
        Blog.create_post(title, content, author)
        return redirect(url_for('main'))
    posts = Blog.list_posts()
    return render_template('main.html', posts=posts)

@app.route('/new_post', methods=['GET', 'POST'])
def new_post():
    if request.method == 'POST':
        title = request.form['title']
        content = request.form['content']
        author = session.get('username')
        Blog.create_post(title, content, author)
        return redirect(url_for('main'))
    return render_template('new_post.html')

@app.route('/view_post/<title>')
def view_post(title):
    content = Blog.view_post(title)
    return render_template('view_post.html', title=title, content=content)

@app.route('/edit_post/<title>', methods=['GET', 'POST'])
def edit_post(title):
    if request.method == 'POST':
        content = request.form['content']
        Blog.edit_post(title, content)
        return redirect(url_for('main'))
    return render_template('edit_post.html', title=title)

@app.route('/logout')
def logout():
    session.pop('username', None)
    return redirect(url_for('login'))

if __name__ == '__main__':
    app.run(debug=True)
```

*** templates/login.html
```html
<!DOCTYPE html>
<html lang="en">
<head>
    <meta charset="UTF-8">
    <meta name="viewport" content="width=device-width, initial-scale=1.0">
    <title>Login</title>
</head>
<body>
    <h2>Login</h2>
    <form method="POST" action="/login">
        <label for="username">Username:</label>
        <input type="text" id="username" name="username" required>
        <br>
        <label for="password">Password:</label>
        <input type="password" id="password" name="password" required>
        <br>
        <button type="submit">Login</button>
    </form>
    <p>Don't have an account? <a href="/register">Register here</a></p>
</body>
</html>
```

*** templates/register.html
```html
<!DOCTYPE html>
<html lang="en">
<head>
    <meta charset="UTF-8">
    <meta name="viewport" content="width=device-width, initial-scale=1.0">
    <title>Register</title>
</head>
<body>
    <h2>Register</h2>
    <form method="POST" action="/register">
        <label for="username">Username:</label>
        <input type="text" id="username" name="username" required>
        <br>
        <label for="password">Password:</label>
        <input type="password" id="password" name="password" required>
        <br>
        <label for="email">Email:</label>
        <input type="email" id="email" name="email" required>
        <br>
        <button type="submit">Register</button>
    </form>
    <p>Already have an account? <a href="/">Login here</a></p>
</body>
</html>
```

*** templates/main.html
```html
<!DOCTYPE html>
<html lang="en">
<head>
    <meta charset="UTF-8">
    <meta name="viewport" content="width=device-width, initial-scale=1.0">
    <title>Main Blog Page</title>
</head>
<body>
    <h2>Blog Posts</h2>
    <a href="/new_post">Create New Post</a>
    <ul>
        {% for post in posts %}
            <li><a href="/view_post/{{ post.title }}">{{ post.title }}</a> by {{ post.author }}</li>
        {% endfor %}
    </ul>
    <a href="/logout">Logout</a>
</body>
</html>
```

*** templates/new_post.html
```html
<!DOCTYPE html>
<html lang="en">
<head>
    <meta charset="UTF-8">
    <meta name="viewport" content="width=device-width, initial-scale=1.0">
    <title>New Post</title>
</head>
<body>
    <h2>Create New Post</h2>
    <form method="POST" action="/new_post">
        <label for="title">Title:</label>
        <input type="text" id="title" name="title" required>
        <br>
        <label for="content">Content:</label>
        <textarea id="content" name="content" required></textarea>
        <br>
        <button type="submit">Create Post</button>
    </form>
    <a href="/main">Back to Main</a>
</body>
</html>
```

*** templates/view_post.html
```html
<!DOCTYPE html>
<html lang="en">
<head>
    <meta charset="UTF-8">
    <meta name="viewport" content="width=device-width, initial-scale=1.0">
    <title>{{ title }}</title>
</head>
<body>
    <h2>{{ title }}</h2>
    <p>{{ content }}</p>
    <a href="/edit_post/{{ title }}">Edit Post</a>
    <a href="/main">Back to Main</a>
</body>
</html>
```

*** templates/edit_post.html
```html
<!DOCTYPE html>
<html lang="en">
<head>
    <meta charset="UTF-8">
    <meta name="viewport" content="width=device-width, initial-scale=1.0">
    <title>Edit Post - {{ title }}</title>
</head>
<body>
    <h2>Edit Post - {{ title }}</h2>
    <form method="POST" action="/edit_post/{{ title }}">
        <label for="content">Content:</label>
        <textarea id="content" name="content" required></textarea>
        <br>
        <button type="submit">Update Post</button>
    </form>
    <a href="/main">Back to Main</a>
</body>
</html>
```

*** users.txt
```
admin|admin123|admin@example.com
user1|password1|user1@example.com
```

*** posts.txt
```
First Post|This is the content of the first post.|admin
Second Post|This is the content of the second post.|user1
```
2025-01-01 Wednesday 12:11:30 programmer.py : INFO  **[Update Codes]**

main.py updated.


```
'''

'''
--- Old
+++ New
@@ -51,6 +51,7 @@
         users = User.load_users()
         for user in users:
             if user.username == username and user.password == password:
+                session['username'] = username
                 return True
         return False
 
@@ -103,6 +104,15 @@
 @app.route('/')
 def login():
     return render_template('login.html')
+
+@app.route('/login', methods=['POST'])
+def do_login():
+    username = request.form['username']
+    password = request.form['password']
+    if Auth.login(username, password):
+        return redirect(url_for('main'))
+    else:
+        return "Login failed. Please check your username and password."
 
 @app.route('/register', methods=['GET', 'POST'])
 def register():
```
2025-01-01 Wednesday 12:11:30 programmer.py : INFO  **[Update Codes]**

templates/login.html updated.


```
'''

'''

```
2025-01-01 Wednesday 12:11:30 programmer.py : INFO  **[Update Codes]**

templates/register.html updated.


```
'''

'''

```
2025-01-01 Wednesday 12:11:30 programmer.py : INFO  **[Update Codes]**

templates/main.html updated.


```
'''

'''

```
2025-01-01 Wednesday 12:11:30 programmer.py : INFO  **[Update Codes]**

templates/new_post.html updated.


```
'''

'''

```
2025-01-01 Wednesday 12:11:30 programmer.py : INFO  **[Update Codes]**

templates/view_post.html updated.


```
'''

'''

```
2025-01-01 Wednesday 12:11:30 programmer.py : INFO  **[Update Codes]**

templates/edit_post.html updated.


```
'''

'''

```
2025-01-01 Wednesday 12:11:30 programmer.py : INFO  **[Update Codes]**

users.txt updated.


```
'''

'''

```
2025-01-01 Wednesday 12:11:30 programmer.py : INFO  **[Update Codes]**

posts.txt updated.


```
'''

'''

```
2025-01-01 Wednesday 12:11:30 searcher.py : INFO  
You are an excellent software task-oriented analyst. Your task is to accurately extract and compile all relevant sections from the requirements document and user demands that are directly related to a given task description, and present them in a concise and well-organized document.


## This is the PRD you can retrieve, which contains functional requirements for the system:
[OUTPUT] ## general overview of the project The objective of the 'PersonalBlog' web application is to provide users with a simple platform to create, manage, and share their personal blog entries without relying on a database; all data will be stored locally in text files. ## software functional requirements 1. Users shall be able to log in to their account by entering a username and password on the Login Page. 2. Users shall be able to register a new account by providing a username, password, and email on the Registration Page. 3. Users shall be able to view a list of their blog posts on the Main Blog Page, with options to create a new post or view existing posts. 4. Users shall be able to create a new blog post by providing a title and content on the New Post Page. 5. Users shall be able to view the full content of a selected post on the View Post Page. 6. Users shall be able to edit an existing post by modifying the title and content on the Edit Post Page. 7. Users shall be able to delete a blog post from the View Post Page. 8. Users shall be able to navigate back to the main blog page from the View Post, Edit Post, and New Post Pages using a back button. 9. Users shall be able to log out of their account from the Main Blog Page. 10. Users shall be shown appropriate messages for successful or unsuccessful actions (login, registration, post creation, etc.) on each relevant page. [/OUTPUT]

## This is the user's original demand, which includes not only functional requirements but also other special requirements.
# Software Description

## Objective
The objective of the 'PersonalBlog' web application is to provide users with a simple platform to create, manage, and share their personal blog entries without relying on a database; all data will be stored locally in text files.

## Core Features

Users shall be able to log in to their account by entering a username and password on the Login Page.
Users shall be able to register a new account by providing a username, password, and email on the Registration Page.
Users shall be able to view a list of their blog posts on the Main Blog Page, with options to create a new post or view existing posts.
Users shall be able to create a new blog post by providing a title and content on the New Post Page.
Users shall be able to view the full content of a selected post on the View Post Page.
Users shall be able to edit an existing post by modifying the title and content on the Edit Post Page.
Users shall be able to delete a blog post from the View Post Page.
Users shall be able to navigate back to the main blog page from the View Post, Edit Post, and New Post Pages using a back button.
Users shall be able to log out of their account from the Main Blog Page.
Users shall be shown appropriate messages for successful or unsuccessful actions (login, registration, post creation, etc.) on each relevant page.

## Language

Use html and python to develop a web application.
You should use html to generate the web template by yourself.
## Data Storage
Data will be stored in local text files.
Different types of data will be stored in separate `.txt` files.
You should define the text file by yourself in advance.
This structured data storage will facilitate easy data retrieval and management through simple file manipulations in Python, ensuring the application remains light and efficient without the need for a SQL database.

## now, you get one following specific task:
Create some sort of management features for blog posts in main.py, involving a Blog class with various methods for handling posts and some data storage.

## Action
You should extract the sections directly related to the specific task described above from the two documents.
After extraction, integrate the relevant sections into a single output, ensuring duplicate content is removed.

Key Points:
The extracted content must remain unaltered. Do not modify any part of the retrieved sections.
Include only the necessary sections. Exclude any content you are certain is irrelevant to the current task.
Aim for conciseness: less is better.

2025-01-01 Wednesday 12:11:34 _client.py : INFO  HTTP Request: POST https://api.chatanywhere.tech/chat/completions "HTTP/1.1 200 OK"
2025-01-01 Wednesday 12:11:34 model.py : INFO  following invoke cost: 1312 | all cost: 19973
2025-01-01 Wednesday 12:11:34 searcher.py : INFO  retrievaled reslt is: 
## Extracted Relevant Sections for Blog Post Management Features

### Software Functional Requirements
1. Users shall be able to log in to their account by entering a username and password on the Login Page.
2. Users shall be able to register a new account by providing a username, password, and email on the Registration Page.
3. Users shall be able to view a list of their blog posts on the Main Blog Page, with options to create a new post or view existing posts.
4. Users shall be able to create a new blog post by providing a title and content on the New Post Page.
5. Users shall be able to view the full content of a selected post on the View Post Page.
6. Users shall be able to edit an existing post by modifying the title and content on the Edit Post Page.
7. Users shall be able to delete a blog post from the View Post Page.
8. Users shall be able to navigate back to the main blog page from the View Post, Edit Post, and New Post Pages using a back button.
9. Users shall be able to log out of their account from the Main Blog Page.
10. Users shall be shown appropriate messages for successful or unsuccessful actions (login, registration, post creation, etc.) on each relevant page.

### Core Features
- Users shall be able to create a new blog post by providing a title and content on the New Post Page.
- Users shall be able to edit an existing post by modifying the title and content on the Edit Post Page.
- Users shall be able to delete a blog post from the View Post Page.

### Data Storage
Data will be stored in local text files. Different types of data will be stored in separate `.txt` files. You should define the text file by yourself in advance. This structured data storage will facilitate easy data retrieval and management through simple file manipulations in Python, ensuring the application remains light and efficient without the need for a SQL database.
2025-01-01 Wednesday 12:11:34 programmer.py : INFO  
You are a professional engineer; the main goal is to write google-style, elegant, modular, easy to read and maintain code.
Output format carefully referenced "Format example".
In addition to writing code, you may also need to complete the data files in the task list (such as .txt .json .csv files). If the task list requires the implementation of data files, you need to simply design some data that meets the requirements for your completed software to facilitate the startup and testing of the software as a demo.


# Context
## Design
[CONTENT] "Implementation approach": "We will use Flask as the web framework to create the PersonalBlog application. Flask is lightweight and suitable for building simple web applications. For the front-end, we will use HTML to create the necessary templates. User data and blog posts will be stored in local text files, ensuring that the application remains simple and efficient without a database.", "UI design":"- The application will have a Login Page for user authentication, a Registration Page for new users, a Main Blog Page to list blog posts, a New Post Page for creating posts, a View Post Page for displaying individual posts, and an Edit Post Page for modifying existing posts. Each page will have a consistent layout with navigation links.", "Data Storage":"Data will be stored in local text files. We will create the following files: 'users.txt' for storing user credentials (username, password, email) and 'posts.txt' for storing blog posts (title, content, author). Each entry will be stored in a structured format to facilitate easy retrieval and management.", "File list": ["main.py", "templates/login.html", "templates/register.html", "templates/main.html", "templates/new_post.html", "templates/view_post.html", "templates/edit_post.html", "users.txt", "posts.txt"], "Data structures and interfaces": " classDiagram     class Main {         -Flask app         +run() None     }     class User {         -username: str         -password: str         -email: str         +__init__(username: str, password: str, email: str) None         +save() None         +load_users() list     }     class Post {         -title: str         -content: str         -author: str         +__init__(title: str, content: str, author: str) None         +save() None         +load_posts() list     }     class Auth {         +login(username: str, password: str) bool         +register(username: str, password: str, email: str) bool     }     class Blog {         +create_post(title: str, content: str, author: str) None         +edit_post(title: str, content: str) None         +delete_post(title: str) None         +view_post(title: str) str         +list_posts() list     }     Main --> Auth     Main --> Blog     Auth --> User     Blog --> Post ", [/CONTENT]
## Whole Task Plan
{'Required packages': ['flask==1.1.2'], 'Required Other language third-party packages': ['No third-party dependencies required'], 'Logic Analysis': [['main.py', 'The main file of the application, responsible for initializing the Flask app and routing. Contains the Main class and the main application logic.'], ['templates/login.html', 'HTML template for the Login Page, includes form for username and password.'], ['templates/register.html', 'HTML template for the Registration Page, includes form for username, password, and email.'], ['templates/main.html', 'HTML template for the Main Blog Page, displays list of blog posts and navigation options.'], ['templates/new_post.html', 'HTML template for the New Post Page, includes form for creating a new blog post.'], ['templates/view_post.html', 'HTML template for the View Post Page, displays full content of a selected post.'], ['templates/edit_post.html', 'HTML template for the Edit Post Page, includes form for editing an existing blog post.']], 'Task list': {'T0': '|Set up Flask application and routing.|Initialize the Flask app in main.py, set up routes for login, registration, main blog page, new post, view post, and edit post.|[]|related files:["main.py"]', 'T1': '|Implement user authentication.|Create User class in main.py, implement login and registration methods, and handle user data in users.txt.|[T0]|related files:[main.py]', 'T2': 'Create some sort of management features for blog posts in main.py, involving a Blog class with various methods for handling posts and some data storage.', 'T3': '|Develop HTML templates for user interface.|Create login.html, register.html, main.html, new_post.html, view_post.html, and edit_post.html with appropriate forms and navigation links.|[T0]|related files:[templates/login.html, templates/register.html, templates/main.html, templates/new_post.html, templates/view_post.html, templates/edit_post.html]', 'T4': '|Implement data storage and retrieval.|Implement methods in User and Post classes to save and load data from users.txt and posts.txt.|[T1, T2]|related files:[main.py]', 'T5': '|Add user feedback messages.|Implement functionality to show success or error messages for login, registration, and post actions on relevant pages.|[T1, T2, T3]|related files:[main.py]', 'T6': '|Test the application.|Conduct testing of all functionalities including login, registration, post creation, editing, and deletion to ensure everything works as expected.|[T0, T1, T2, T3, T4, T5]|related files:[main.py]'}, 'Shared Knowledge': '`main.py` contains the main application logic and routing for the entire project.'}

## files(already available)
file name: main.py

from flask import Flask, render_template, request, redirect, url_for, session
from werkzeug.utils import secure_filename
import os

app = Flask(__name__)
app.secret_key = 'your_secret_key'

class User:
    def __init__(self, username: str, password: str, email: str):
        self.username = username
        self.password = password
        self.email = email

    def save(self):
        with open('users.txt', 'a') as f:
            f.write(f"{self.username}|{self.password}|{self.email}\n")

    @staticmethod
    def load_users():
        users = []
        if os.path.exists('users.txt'):
            with open('users.txt', 'r') as f:
                for line in f:
                    username, password, email = line.strip().split('|')
                    users.append(User(username, password, email))
        return users

class Post:
    def __init__(self, title: str, content: str, author: str):
        self.title = title
        self.content = content
        self.author = author

    def save(self):
        with open('posts.txt', 'a') as f:
            f.write(f"{self.title}|{self.content}|{self.author}\n")

    @staticmethod
    def load_posts():
        posts = []
        if os.path.exists('posts.txt'):
            with open('posts.txt', 'r') as f:
                for line in f:
                    title, content, author = line.strip().split('|')
                    posts.append(Post(title, content, author))
        return posts

class Auth:
    @staticmethod
    def login(username: str, password: str) -> bool:
        users = User.load_users()
        for user in users:
            if user.username == username and user.password == password:
                session['username'] = username
                return True
        return False

    @staticmethod
    def register(username: str, password: str, email: str) -> bool:
        users = User.load_users()
        if any(user.username == username for user in users):
            return False
        new_user = User(username, password, email)
        new_user.save()
        return True

class Blog:
    @staticmethod
    def create_post(title: str, content: str, author: str):
        new_post = Post(title, content, author)
        new_post.save()

    @staticmethod
    def edit_post(title: str, content: str):
        posts = Post.load_posts()
        for post in posts:
            if post.title == title:
                post.content = content
                break
        with open('posts.txt', 'w') as f:
            for post in posts:
                f.write(f"{post.title}|{post.content}|{post.author}\n")

    @staticmethod
    def delete_post(title: str):
        posts = Post.load_posts()
        posts = [post for post in posts if post.title != title]
        with open('posts.txt', 'w') as f:
            for post in posts:
                f.write(f"{post.title}|{post.content}|{post.author}\n")

    @staticmethod
    def view_post(title: str) -> str:
        posts = Post.load_posts()
        for post in posts:
            if post.title == title:
                return post.content
        return ""

    @staticmethod
    def list_posts() -> list:
        return Post.load_posts()

@app.route('/')
def login():
    return render_template('login.html')

@app.route('/login', methods=['POST'])
def do_login():
    username = request.form['username']
    password = request.form['password']
    if Auth.login(username, password):
        return redirect(url_for('main'))
    else:
        return "Login failed. Please check your username and password."

@app.route('/register', methods=['GET', 'POST'])
def register():
    if request.method == 'POST':
        username = request.form['username']
        password = request.form['password']
        email = request.form['email']
        if Auth.register(username, password, email):
            return redirect(url_for('login'))
        else:
            return "Registration failed. Username may already exist."
    return render_template('register.html')

@app.route('/main', methods=['GET', 'POST'])
def main():
    if request.method == 'POST':
        title = request.form['title']
        content = request.form['content']
        author = session.get('username')
        Blog.create_post(title, content, author)
        return redirect(url_for('main'))
    posts = Blog.list_posts()
    return render_template('main.html', posts=posts)

@app.route('/new_post', methods=['GET', 'POST'])
def new_post():
    if request.method == 'POST':
        title = request.form['title']
        content = request.form['content']
        author = session.get('username')
        Blog.create_post(title, content, author)
        return redirect(url_for('main'))
    return render_template('new_post.html')

@app.route('/view_post/<title>')
def view_post(title):
    content = Blog.view_post(title)
    return render_template('view_post.html', title=title, content=content)

@app.route('/edit_post/<title>', methods=['GET', 'POST'])
def edit_post(title):
    if request.method == 'POST':
        content = request.form['content']
        Blog.edit_post(title, content)
        return redirect(url_for('main'))
    return render_template('edit_post.html', title=title)

@app.route('/logout')
def logout():
    session.pop('username', None)
    return redirect(url_for('login'))

if __name__ == '__main__':
    app.run(debug=True)

file name: templates/login.html

<!DOCTYPE html>
<html lang="en">
<head>
    <meta charset="UTF-8">
    <meta name="viewport" content="width=device-width, initial-scale=1.0">
    <title>Login</title>
</head>
<body>
    <h2>Login</h2>
    <form method="POST" action="/login">
        <label for="username">Username:</label>
        <input type="text" id="username" name="username" required>
        <br>
        <label for="password">Password:</label>
        <input type="password" id="password" name="password" required>
        <br>
        <button type="submit">Login</button>
    </form>
    <p>Don't have an account? <a href="/register">Register here</a></p>
</body>
</html>

file name: templates/register.html

<!DOCTYPE html>
<html lang="en">
<head>
    <meta charset="UTF-8">
    <meta name="viewport" content="width=device-width, initial-scale=1.0">
    <title>Register</title>
</head>
<body>
    <h2>Register</h2>
    <form method="POST" action="/register">
        <label for="username">Username:</label>
        <input type="text" id="username" name="username" required>
        <br>
        <label for="password">Password:</label>
        <input type="password" id="password" name="password" required>
        <br>
        <label for="email">Email:</label>
        <input type="email" id="email" name="email" required>
        <br>
        <button type="submit">Register</button>
    </form>
    <p>Already have an account? <a href="/">Login here</a></p>
</body>
</html>

file name: templates/main.html

<!DOCTYPE html>
<html lang="en">
<head>
    <meta charset="UTF-8">
    <meta name="viewport" content="width=device-width, initial-scale=1.0">
    <title>Main Blog Page</title>
</head>
<body>
    <h2>Blog Posts</h2>
    <a href="/new_post">Create New Post</a>
    <ul>
        {% for post in posts %}
            <li><a href="/view_post/{{ post.title }}">{{ post.title }}</a> by {{ post.author }}</li>
        {% endfor %}
    </ul>
    <a href="/logout">Logout</a>
</body>
</html>

file name: templates/new_post.html

<!DOCTYPE html>
<html lang="en">
<head>
    <meta charset="UTF-8">
    <meta name="viewport" content="width=device-width, initial-scale=1.0">
    <title>New Post</title>
</head>
<body>
    <h2>Create New Post</h2>
    <form method="POST" action="/new_post">
        <label for="title">Title:</label>
        <input type="text" id="title" name="title" required>
        <br>
        <label for="content">Content:</label>
        <textarea id="content" name="content" required></textarea>
        <br>
        <button type="submit">Create Post</button>
    </form>
    <a href="/main">Back to Main</a>
</body>
</html>

file name: templates/view_post.html

<!DOCTYPE html>
<html lang="en">
<head>
    <meta charset="UTF-8">
    <meta name="viewport" content="width=device-width, initial-scale=1.0">
    <title>{{ title }}</title>
</head>
<body>
    <h2>{{ title }}</h2>
    <p>{{ content }}</p>
    <a href="/edit_post/{{ title }}">Edit Post</a>
    <a href="/main">Back to Main</a>
</body>
</html>

file name: templates/edit_post.html

<!DOCTYPE html>
<html lang="en">
<head>
    <meta charset="UTF-8">
    <meta name="viewport" content="width=device-width, initial-scale=1.0">
    <title>Edit Post - {{ title }}</title>
</head>
<body>
    <h2>Edit Post - {{ title }}</h2>
    <form method="POST" action="/edit_post/{{ title }}">
        <label for="content">Content:</label>
        <textarea id="content" name="content" required></textarea>
        <br>
        <button type="submit">Update Post</button>
    </form>
    <a href="/main">Back to Main</a>
</body>
</html>

file name: users.txt

admin|admin123|admin@example.com
user1|password1|user1@example.com

file name: posts.txt

First Post|This is the content of the first post.|admin
Second Post|This is the content of the second post.|user1


-----
# Format Example 
*** main.py
```python
...
```

*** ui.py
```python
...
```
-----
## coding sub-task
T2:Create some sort of management features for blog posts in main.py, involving a Blog class with various methods for handling posts and some data storage.

## Documents Relevant to the sub-task
{
## Extracted Relevant Sections for Blog Post Management Features

### Software Functional Requirements
1. Users shall be able to log in to their account by entering a username and password on the Login Page.
2. Users shall be able to register a new account by providing a username, password, and email on the Registration Page.
3. Users shall be able to view a list of their blog posts on the Main Blog Page, with options to create a new post or view existing posts.
4. Users shall be able to create a new blog post by providing a title and content on the New Post Page.
5. Users shall be able to view the full content of a selected post on the View Post Page.
6. Users shall be able to edit an existing post by modifying the title and content on the Edit Post Page.
7. Users shall be able to delete a blog post from the View Post Page.
8. Users shall be able to navigate back to the main blog page from the View Post, Edit Post, and New Post Pages using a back button.
9. Users shall be able to log out of their account from the Main Blog Page.
10. Users shall be shown appropriate messages for successful or unsuccessful actions (login, registration, post creation, etc.) on each relevant page.

### Core Features
- Users shall be able to create a new blog post by providing a title and content on the New Post Page.
- Users shall be able to edit an existing post by modifying the title and content on the Edit Post Page.
- Users shall be able to delete a blog post from the View Post Page.

### Data Storage
Data will be stored in local text files. Different types of data will be stored in separate `.txt` files. You should define the text file by yourself in advance. This structured data storage will facilitate easy data retrieval and management through simple file manipulations in Python, ensuring the application remains light and efficient without the need for a SQL database.
}
(End for Documents Relevant)

# Instruction: Based on the context, follow "Format example", write or revise code to complete task described in "coding sub-task".
## ATTENTION
1. Use '***' to SPLIT different CODE SECTIONS. do not forget ``` in each file, refer the the example. Output format carefully referenced "Format example".
2. Follow design: YOU MUST FOLLOW "Data structures and interfaces". DONT CHANGE ANY DESIGN. Do not use public member functions that do not exist in your design.
3. Follow task: YOU MUST write Comprehensive codes to complete the sub-task.
4. Understand "Documents Relevant to the sub-task": Use this document, along with the architecture and task plan, as guidelines to construct your code.
4. CAREFULLY CHECK THAT YOU DONT MISS ANY NECESSARY CLASS/FUNCTION IN THE FILE.
5. You must import the third-party libraries used in your code
6. If you import a Class, you must import it firstly.
7. Determine the order of writing the files based on your understanding of the project.
9. Write out EVERY CODE DETAIL, DON'T LEAVE TODO,PASS,PLACEHOLDER.
9. Only write code result, do not output any other content in the start or in the end.
10. If you need to generate text data, follow the rules outlined in "<When Storing Data>" below.
 <When storing data>:
Different groups of data are distinguished by line breaks.
Different contents of the same group of data are distinguished by |.
Within any single content that contains multiple sub-entries, those sub-entries are separated by commas ,.
Example:
admin1|pass123|entry1,entry2,entry3  
admin2|pass123|entry1
Make sure:
The | character is used only to separate distinct contents within a group.
Commas , are used exclusively to separate multiple sub-entries within a single content.

# Website Development Rule
If you are doing website development, be sure to route the root path (/). If there is a login page, set the login page as the root route(/).
If you are doing website development, please do not encrypt the account password for the login function.
If you are doing website development, your code needs to take into account the process of loading data from the data file, so don't forget to load the data.
If you are doing Website Development, do not follow the rules of Website and Game development.
# GUI tkinter Development Rule
If you are doing GUI tkinter Development, do not follow the rules of Website and Game development.
# Game Development Rule
If the software needs to load data, please make sure the loading data code matches the data format and data file.
If you are doing Game Development, do not follow the rules of Website and Game development.

# important rule
Use '***' to SPLIT CODE SECTIONS. do not forget ``` in each file, refer the the example. Output format carefully referenced "Format example". 
Adhere strictly to the task requirements and implement them fully; do not include placeholders or "example" for code that is intended for future implementation.

2025-01-01 Wednesday 12:11:42 _client.py : INFO  HTTP Request: POST https://api.chatanywhere.tech/chat/completions "HTTP/1.1 200 OK"
2025-01-01 Wednesday 12:11:42 model.py : INFO  following invoke cost: 5808 | all cost: 25781
2025-01-01 Wednesday 12:11:42 programmer.py : INFO  
*** main.py
```python
from flask import Flask, render_template, request, redirect, url_for, session
from werkzeug.utils import secure_filename
import os

app = Flask(__name__)
app.secret_key = 'your_secret_key'

class User:
    def __init__(self, username: str, password: str, email: str):
        self.username = username
        self.password = password
        self.email = email

    def save(self):
        with open('users.txt', 'a') as f:
            f.write(f"{self.username}|{self.password}|{self.email}\n")

    @staticmethod
    def load_users():
        users = []
        if os.path.exists('users.txt'):
            with open('users.txt', 'r') as f:
                for line in f:
                    username, password, email = line.strip().split('|')
                    users.append(User(username, password, email))
        return users

class Post:
    def __init__(self, title: str, content: str, author: str):
        self.title = title
        self.content = content
        self.author = author

    def save(self):
        with open('posts.txt', 'a') as f:
            f.write(f"{self.title}|{self.content}|{self.author}\n")

    @staticmethod
    def load_posts():
        posts = []
        if os.path.exists('posts.txt'):
            with open('posts.txt', 'r') as f:
                for line in f:
                    title, content, author = line.strip().split('|')
                    posts.append(Post(title, content, author))
        return posts

class Auth:
    @staticmethod
    def login(username: str, password: str) -> bool:
        users = User.load_users()
        for user in users:
            if user.username == username and user.password == password:
                session['username'] = username
                return True
        return False

    @staticmethod
    def register(username: str, password: str, email: str) -> bool:
        users = User.load_users()
        if any(user.username == username for user in users):
            return False
        new_user = User(username, password, email)
        new_user.save()
        return True

class Blog:
    @staticmethod
    def create_post(title: str, content: str, author: str):
        new_post = Post(title, content, author)
        new_post.save()

    @staticmethod
    def edit_post(title: str, content: str):
        posts = Post.load_posts()
        for post in posts:
            if post.title == title:
                post.content = content
                break
        with open('posts.txt', 'w') as f:
            for post in posts:
                f.write(f"{post.title}|{post.content}|{post.author}\n")

    @staticmethod
    def delete_post(title: str):
        posts = Post.load_posts()
        posts = [post for post in posts if post.title != title]
        with open('posts.txt', 'w') as f:
            for post in posts:
                f.write(f"{post.title}|{post.content}|{post.author}\n")

    @staticmethod
    def view_post(title: str) -> str:
        posts = Post.load_posts()
        for post in posts:
            if post.title == title:
                return post.content
        return ""

    @staticmethod
    def list_posts() -> list:
        return Post.load_posts()

@app.route('/')
def login():
    return render_template('login.html')

@app.route('/login', methods=['POST'])
def do_login():
    username = request.form['username']
    password = request.form['password']
    if Auth.login(username, password):
        return redirect(url_for('main'))
    else:
        return "Login failed. Please check your username and password."

@app.route('/register', methods=['GET', 'POST'])
def register():
    if request.method == 'POST':
        username = request.form['username']
        password = request.form['password']
        email = request.form['email']
        if Auth.register(username, password, email):
            return redirect(url_for('login'))
        else:
            return "Registration failed. Username may already exist."
    return render_template('register.html')

@app.route('/main', methods=['GET', 'POST'])
def main():
    if request.method == 'POST':
        title = request.form['title']
        content = request.form['content']
        author = session.get('username')
        Blog.create_post(title, content, author)
        return redirect(url_for('main'))
    posts = Blog.list_posts()
    return render_template('main.html', posts=posts)

@app.route('/new_post', methods=['GET', 'POST'])
def new_post():
    if request.method == 'POST':
        title = request.form['title']
        content = request.form['content']
        author = session.get('username')
        Blog.create_post(title, content, author)
        return redirect(url_for('main'))
    return render_template('new_post.html')

@app.route('/view_post/<title>')
def view_post(title):
    content = Blog.view_post(title)
    return render_template('view_post.html', title=title, content=content)

@app.route('/edit_post/<title>', methods=['GET', 'POST'])
def edit_post(title):
    if request.method == 'POST':
        content = request.form['content']
        Blog.edit_post(title, content)
        return redirect(url_for('main'))
    return render_template('edit_post.html', title=title)

@app.route('/logout')
def logout():
    session.pop('username', None)
    return redirect(url_for('login'))

if __name__ == '__main__':
    app.run(debug=True)
```

*** users.txt
```
admin|admin123|admin@example.com
user1|password1|user1@example.com
```

*** posts.txt
```
First Post|This is the content of the first post.|admin
Second Post|This is the content of the second post.|user1
```
2025-01-01 Wednesday 12:11:42 programmer.py : INFO  **[Update Codes]**

main.py updated.


```
'''

'''

```
2025-01-01 Wednesday 12:11:42 programmer.py : INFO  **[Update Codes]**

users.txt updated.


```
'''

'''

```
2025-01-01 Wednesday 12:11:42 programmer.py : INFO  **[Update Codes]**

posts.txt updated.


```
'''

'''

```
2025-01-01 Wednesday 12:11:42 searcher.py : INFO  
You are an excellent software task-oriented analyst. Your task is to accurately extract and compile all relevant sections from the requirements document and user demands that are directly related to a given task description, and present them in a concise and well-organized document.


## This is the PRD you can retrieve, which contains functional requirements for the system:
[OUTPUT] ## general overview of the project The objective of the 'PersonalBlog' web application is to provide users with a simple platform to create, manage, and share their personal blog entries without relying on a database; all data will be stored locally in text files. ## software functional requirements 1. Users shall be able to log in to their account by entering a username and password on the Login Page. 2. Users shall be able to register a new account by providing a username, password, and email on the Registration Page. 3. Users shall be able to view a list of their blog posts on the Main Blog Page, with options to create a new post or view existing posts. 4. Users shall be able to create a new blog post by providing a title and content on the New Post Page. 5. Users shall be able to view the full content of a selected post on the View Post Page. 6. Users shall be able to edit an existing post by modifying the title and content on the Edit Post Page. 7. Users shall be able to delete a blog post from the View Post Page. 8. Users shall be able to navigate back to the main blog page from the View Post, Edit Post, and New Post Pages using a back button. 9. Users shall be able to log out of their account from the Main Blog Page. 10. Users shall be shown appropriate messages for successful or unsuccessful actions (login, registration, post creation, etc.) on each relevant page. [/OUTPUT]

## This is the user's original demand, which includes not only functional requirements but also other special requirements.
# Software Description

## Objective
The objective of the 'PersonalBlog' web application is to provide users with a simple platform to create, manage, and share their personal blog entries without relying on a database; all data will be stored locally in text files.

## Core Features

Users shall be able to log in to their account by entering a username and password on the Login Page.
Users shall be able to register a new account by providing a username, password, and email on the Registration Page.
Users shall be able to view a list of their blog posts on the Main Blog Page, with options to create a new post or view existing posts.
Users shall be able to create a new blog post by providing a title and content on the New Post Page.
Users shall be able to view the full content of a selected post on the View Post Page.
Users shall be able to edit an existing post by modifying the title and content on the Edit Post Page.
Users shall be able to delete a blog post from the View Post Page.
Users shall be able to navigate back to the main blog page from the View Post, Edit Post, and New Post Pages using a back button.
Users shall be able to log out of their account from the Main Blog Page.
Users shall be shown appropriate messages for successful or unsuccessful actions (login, registration, post creation, etc.) on each relevant page.

## Language

Use html and python to develop a web application.
You should use html to generate the web template by yourself.
## Data Storage
Data will be stored in local text files.
Different types of data will be stored in separate `.txt` files.
You should define the text file by yourself in advance.
This structured data storage will facilitate easy data retrieval and management through simple file manipulations in Python, ensuring the application remains light and efficient without the need for a SQL database.

## now, you get one following specific task:
|Develop HTML templates for user interface.|Create login.html, register.html, main.html, new_post.html, view_post.html, and edit_post.html with appropriate forms and navigation links.|[T0]|related files:[templates/login.html, templates/register.html, templates/main.html, templates/new_post.html, templates/view_post.html, templates/edit_post.html]

## Action
You should extract the sections directly related to the specific task described above from the two documents.
After extraction, integrate the relevant sections into a single output, ensuring duplicate content is removed.

Key Points:
The extracted content must remain unaltered. Do not modify any part of the retrieved sections.
Include only the necessary sections. Exclude any content you are certain is irrelevant to the current task.
Aim for conciseness: less is better.

2025-01-01 Wednesday 12:11:45 _client.py : INFO  HTTP Request: POST https://api.chatanywhere.tech/chat/completions "HTTP/1.1 200 OK"
2025-01-01 Wednesday 12:11:45 model.py : INFO  following invoke cost: 1326 | all cost: 27107
2025-01-01 Wednesday 12:11:45 searcher.py : INFO  retrievaled reslt is: 
# Extracted Requirements for Developing HTML Templates

## General Overview
The objective of the 'PersonalBlog' web application is to provide users with a simple platform to create, manage, and share their personal blog entries without relying on a database; all data will be stored locally in text files.

## Software Functional Requirements
1. Users shall be able to log in to their account by entering a username and password on the Login Page.
2. Users shall be able to register a new account by providing a username, password, and email on the Registration Page.
3. Users shall be able to view a list of their blog posts on the Main Blog Page, with options to create a new post or view existing posts.
4. Users shall be able to create a new blog post by providing a title and content on the New Post Page.
5. Users shall be able to view the full content of a selected post on the View Post Page.
6. Users shall be able to edit an existing post by modifying the title and content on the Edit Post Page.
7. Users shall be able to delete a blog post from the View Post Page.
8. Users shall be able to navigate back to the main blog page from the View Post, Edit Post, and New Post Pages using a back button.
9. Users shall be able to log out of their account from the Main Blog Page.
10. Users shall be shown appropriate messages for successful or unsuccessful actions (login, registration, post creation, etc.) on each relevant page.

## Language
Use html and python to develop a web application. You should use html to generate the web template by yourself.

## Related Files
- templates/login.html
- templates/register.html
- templates/main.html
- templates/new_post.html
- templates/view_post.html
- templates/edit_post.html
2025-01-01 Wednesday 12:11:45 programmer.py : INFO  
You are a professional engineer; the main goal is to write google-style, elegant, modular, easy to read and maintain code.
Output format carefully referenced "Format example".
In addition to writing code, you may also need to complete the data files in the task list (such as .txt .json .csv files). If the task list requires the implementation of data files, you need to simply design some data that meets the requirements for your completed software to facilitate the startup and testing of the software as a demo.


# Context
## Design
[CONTENT] "Implementation approach": "We will use Flask as the web framework to create the PersonalBlog application. Flask is lightweight and suitable for building simple web applications. For the front-end, we will use HTML to create the necessary templates. User data and blog posts will be stored in local text files, ensuring that the application remains simple and efficient without a database.", "UI design":"- The application will have a Login Page for user authentication, a Registration Page for new users, a Main Blog Page to list blog posts, a New Post Page for creating posts, a View Post Page for displaying individual posts, and an Edit Post Page for modifying existing posts. Each page will have a consistent layout with navigation links.", "Data Storage":"Data will be stored in local text files. We will create the following files: 'users.txt' for storing user credentials (username, password, email) and 'posts.txt' for storing blog posts (title, content, author). Each entry will be stored in a structured format to facilitate easy retrieval and management.", "File list": ["main.py", "templates/login.html", "templates/register.html", "templates/main.html", "templates/new_post.html", "templates/view_post.html", "templates/edit_post.html", "users.txt", "posts.txt"], "Data structures and interfaces": " classDiagram     class Main {         -Flask app         +run() None     }     class User {         -username: str         -password: str         -email: str         +__init__(username: str, password: str, email: str) None         +save() None         +load_users() list     }     class Post {         -title: str         -content: str         -author: str         +__init__(title: str, content: str, author: str) None         +save() None         +load_posts() list     }     class Auth {         +login(username: str, password: str) bool         +register(username: str, password: str, email: str) bool     }     class Blog {         +create_post(title: str, content: str, author: str) None         +edit_post(title: str, content: str) None         +delete_post(title: str) None         +view_post(title: str) str         +list_posts() list     }     Main --> Auth     Main --> Blog     Auth --> User     Blog --> Post ", [/CONTENT]
## Whole Task Plan
{'Required packages': ['flask==1.1.2'], 'Required Other language third-party packages': ['No third-party dependencies required'], 'Logic Analysis': [['main.py', 'The main file of the application, responsible for initializing the Flask app and routing. Contains the Main class and the main application logic.'], ['templates/login.html', 'HTML template for the Login Page, includes form for username and password.'], ['templates/register.html', 'HTML template for the Registration Page, includes form for username, password, and email.'], ['templates/main.html', 'HTML template for the Main Blog Page, displays list of blog posts and navigation options.'], ['templates/new_post.html', 'HTML template for the New Post Page, includes form for creating a new blog post.'], ['templates/view_post.html', 'HTML template for the View Post Page, displays full content of a selected post.'], ['templates/edit_post.html', 'HTML template for the Edit Post Page, includes form for editing an existing blog post.']], 'Task list': {'T0': '|Set up Flask application and routing.|Initialize the Flask app in main.py, set up routes for login, registration, main blog page, new post, view post, and edit post.|[]|related files:["main.py"]', 'T1': '|Implement user authentication.|Create User class in main.py, implement login and registration methods, and handle user data in users.txt.|[T0]|related files:[main.py]', 'T2': 'Create some sort of management features for blog posts in main.py, involving a Blog class with various methods for handling posts and some data storage.', 'T3': '|Develop HTML templates for user interface.|Create login.html, register.html, main.html, new_post.html, view_post.html, and edit_post.html with appropriate forms and navigation links.|[T0]|related files:[templates/login.html, templates/register.html, templates/main.html, templates/new_post.html, templates/view_post.html, templates/edit_post.html]', 'T4': '|Implement data storage and retrieval.|Implement methods in User and Post classes to save and load data from users.txt and posts.txt.|[T1, T2]|related files:[main.py]', 'T5': '|Add user feedback messages.|Implement functionality to show success or error messages for login, registration, and post actions on relevant pages.|[T1, T2, T3]|related files:[main.py]', 'T6': '|Test the application.|Conduct testing of all functionalities including login, registration, post creation, editing, and deletion to ensure everything works as expected.|[T0, T1, T2, T3, T4, T5]|related files:[main.py]'}, 'Shared Knowledge': '`main.py` contains the main application logic and routing for the entire project.'}

## files(already available)
file name: main.py

from flask import Flask, render_template, request, redirect, url_for, session
from werkzeug.utils import secure_filename
import os

app = Flask(__name__)
app.secret_key = 'your_secret_key'

class User:
    def __init__(self, username: str, password: str, email: str):
        self.username = username
        self.password = password
        self.email = email

    def save(self):
        with open('users.txt', 'a') as f:
            f.write(f"{self.username}|{self.password}|{self.email}\n")

    @staticmethod
    def load_users():
        users = []
        if os.path.exists('users.txt'):
            with open('users.txt', 'r') as f:
                for line in f:
                    username, password, email = line.strip().split('|')
                    users.append(User(username, password, email))
        return users

class Post:
    def __init__(self, title: str, content: str, author: str):
        self.title = title
        self.content = content
        self.author = author

    def save(self):
        with open('posts.txt', 'a') as f:
            f.write(f"{self.title}|{self.content}|{self.author}\n")

    @staticmethod
    def load_posts():
        posts = []
        if os.path.exists('posts.txt'):
            with open('posts.txt', 'r') as f:
                for line in f:
                    title, content, author = line.strip().split('|')
                    posts.append(Post(title, content, author))
        return posts

class Auth:
    @staticmethod
    def login(username: str, password: str) -> bool:
        users = User.load_users()
        for user in users:
            if user.username == username and user.password == password:
                session['username'] = username
                return True
        return False

    @staticmethod
    def register(username: str, password: str, email: str) -> bool:
        users = User.load_users()
        if any(user.username == username for user in users):
            return False
        new_user = User(username, password, email)
        new_user.save()
        return True

class Blog:
    @staticmethod
    def create_post(title: str, content: str, author: str):
        new_post = Post(title, content, author)
        new_post.save()

    @staticmethod
    def edit_post(title: str, content: str):
        posts = Post.load_posts()
        for post in posts:
            if post.title == title:
                post.content = content
                break
        with open('posts.txt', 'w') as f:
            for post in posts:
                f.write(f"{post.title}|{post.content}|{post.author}\n")

    @staticmethod
    def delete_post(title: str):
        posts = Post.load_posts()
        posts = [post for post in posts if post.title != title]
        with open('posts.txt', 'w') as f:
            for post in posts:
                f.write(f"{post.title}|{post.content}|{post.author}\n")

    @staticmethod
    def view_post(title: str) -> str:
        posts = Post.load_posts()
        for post in posts:
            if post.title == title:
                return post.content
        return ""

    @staticmethod
    def list_posts() -> list:
        return Post.load_posts()

@app.route('/')
def login():
    return render_template('login.html')

@app.route('/login', methods=['POST'])
def do_login():
    username = request.form['username']
    password = request.form['password']
    if Auth.login(username, password):
        return redirect(url_for('main'))
    else:
        return "Login failed. Please check your username and password."

@app.route('/register', methods=['GET', 'POST'])
def register():
    if request.method == 'POST':
        username = request.form['username']
        password = request.form['password']
        email = request.form['email']
        if Auth.register(username, password, email):
            return redirect(url_for('login'))
        else:
            return "Registration failed. Username may already exist."
    return render_template('register.html')

@app.route('/main', methods=['GET', 'POST'])
def main():
    if request.method == 'POST':
        title = request.form['title']
        content = request.form['content']
        author = session.get('username')
        Blog.create_post(title, content, author)
        return redirect(url_for('main'))
    posts = Blog.list_posts()
    return render_template('main.html', posts=posts)

@app.route('/new_post', methods=['GET', 'POST'])
def new_post():
    if request.method == 'POST':
        title = request.form['title']
        content = request.form['content']
        author = session.get('username')
        Blog.create_post(title, content, author)
        return redirect(url_for('main'))
    return render_template('new_post.html')

@app.route('/view_post/<title>')
def view_post(title):
    content = Blog.view_post(title)
    return render_template('view_post.html', title=title, content=content)

@app.route('/edit_post/<title>', methods=['GET', 'POST'])
def edit_post(title):
    if request.method == 'POST':
        content = request.form['content']
        Blog.edit_post(title, content)
        return redirect(url_for('main'))
    return render_template('edit_post.html', title=title)

@app.route('/logout')
def logout():
    session.pop('username', None)
    return redirect(url_for('login'))

if __name__ == '__main__':
    app.run(debug=True)

file name: templates/login.html

<!DOCTYPE html>
<html lang="en">
<head>
    <meta charset="UTF-8">
    <meta name="viewport" content="width=device-width, initial-scale=1.0">
    <title>Login</title>
</head>
<body>
    <h2>Login</h2>
    <form method="POST" action="/login">
        <label for="username">Username:</label>
        <input type="text" id="username" name="username" required>
        <br>
        <label for="password">Password:</label>
        <input type="password" id="password" name="password" required>
        <br>
        <button type="submit">Login</button>
    </form>
    <p>Don't have an account? <a href="/register">Register here</a></p>
</body>
</html>

file name: templates/register.html

<!DOCTYPE html>
<html lang="en">
<head>
    <meta charset="UTF-8">
    <meta name="viewport" content="width=device-width, initial-scale=1.0">
    <title>Register</title>
</head>
<body>
    <h2>Register</h2>
    <form method="POST" action="/register">
        <label for="username">Username:</label>
        <input type="text" id="username" name="username" required>
        <br>
        <label for="password">Password:</label>
        <input type="password" id="password" name="password" required>
        <br>
        <label for="email">Email:</label>
        <input type="email" id="email" name="email" required>
        <br>
        <button type="submit">Register</button>
    </form>
    <p>Already have an account? <a href="/">Login here</a></p>
</body>
</html>

file name: templates/main.html

<!DOCTYPE html>
<html lang="en">
<head>
    <meta charset="UTF-8">
    <meta name="viewport" content="width=device-width, initial-scale=1.0">
    <title>Main Blog Page</title>
</head>
<body>
    <h2>Blog Posts</h2>
    <a href="/new_post">Create New Post</a>
    <ul>
        {% for post in posts %}
            <li><a href="/view_post/{{ post.title }}">{{ post.title }}</a> by {{ post.author }}</li>
        {% endfor %}
    </ul>
    <a href="/logout">Logout</a>
</body>
</html>

file name: templates/new_post.html

<!DOCTYPE html>
<html lang="en">
<head>
    <meta charset="UTF-8">
    <meta name="viewport" content="width=device-width, initial-scale=1.0">
    <title>New Post</title>
</head>
<body>
    <h2>Create New Post</h2>
    <form method="POST" action="/new_post">
        <label for="title">Title:</label>
        <input type="text" id="title" name="title" required>
        <br>
        <label for="content">Content:</label>
        <textarea id="content" name="content" required></textarea>
        <br>
        <button type="submit">Create Post</button>
    </form>
    <a href="/main">Back to Main</a>
</body>
</html>

file name: templates/view_post.html

<!DOCTYPE html>
<html lang="en">
<head>
    <meta charset="UTF-8">
    <meta name="viewport" content="width=device-width, initial-scale=1.0">
    <title>{{ title }}</title>
</head>
<body>
    <h2>{{ title }}</h2>
    <p>{{ content }}</p>
    <a href="/edit_post/{{ title }}">Edit Post</a>
    <a href="/main">Back to Main</a>
</body>
</html>

file name: templates/edit_post.html

<!DOCTYPE html>
<html lang="en">
<head>
    <meta charset="UTF-8">
    <meta name="viewport" content="width=device-width, initial-scale=1.0">
    <title>Edit Post - {{ title }}</title>
</head>
<body>
    <h2>Edit Post - {{ title }}</h2>
    <form method="POST" action="/edit_post/{{ title }}">
        <label for="content">Content:</label>
        <textarea id="content" name="content" required></textarea>
        <br>
        <button type="submit">Update Post</button>
    </form>
    <a href="/main">Back to Main</a>
</body>
</html>

file name: users.txt

admin|admin123|admin@example.com
user1|password1|user1@example.com

file name: posts.txt

First Post|This is the content of the first post.|admin
Second Post|This is the content of the second post.|user1


-----
# Format Example 
*** main.py
```python
...
```

*** ui.py
```python
...
```
-----
## coding sub-task
T3:|Develop HTML templates for user interface.|Create login.html, register.html, main.html, new_post.html, view_post.html, and edit_post.html with appropriate forms and navigation links.|[T0]|related files:[templates/login.html, templates/register.html, templates/main.html, templates/new_post.html, templates/view_post.html, templates/edit_post.html]

## Documents Relevant to the sub-task
{
# Extracted Requirements for Developing HTML Templates

## General Overview
The objective of the 'PersonalBlog' web application is to provide users with a simple platform to create, manage, and share their personal blog entries without relying on a database; all data will be stored locally in text files.

## Software Functional Requirements
1. Users shall be able to log in to their account by entering a username and password on the Login Page.
2. Users shall be able to register a new account by providing a username, password, and email on the Registration Page.
3. Users shall be able to view a list of their blog posts on the Main Blog Page, with options to create a new post or view existing posts.
4. Users shall be able to create a new blog post by providing a title and content on the New Post Page.
5. Users shall be able to view the full content of a selected post on the View Post Page.
6. Users shall be able to edit an existing post by modifying the title and content on the Edit Post Page.
7. Users shall be able to delete a blog post from the View Post Page.
8. Users shall be able to navigate back to the main blog page from the View Post, Edit Post, and New Post Pages using a back button.
9. Users shall be able to log out of their account from the Main Blog Page.
10. Users shall be shown appropriate messages for successful or unsuccessful actions (login, registration, post creation, etc.) on each relevant page.

## Language
Use html and python to develop a web application. You should use html to generate the web template by yourself.

## Related Files
- templates/login.html
- templates/register.html
- templates/main.html
- templates/new_post.html
- templates/view_post.html
- templates/edit_post.html
}
(End for Documents Relevant)

# Instruction: Based on the context, follow "Format example", write or revise code to complete task described in "coding sub-task".
## ATTENTION
1. Use '***' to SPLIT different CODE SECTIONS. do not forget ``` in each file, refer the the example. Output format carefully referenced "Format example".
2. Follow design: YOU MUST FOLLOW "Data structures and interfaces". DONT CHANGE ANY DESIGN. Do not use public member functions that do not exist in your design.
3. Follow task: YOU MUST write Comprehensive codes to complete the sub-task.
4. Understand "Documents Relevant to the sub-task": Use this document, along with the architecture and task plan, as guidelines to construct your code.
4. CAREFULLY CHECK THAT YOU DONT MISS ANY NECESSARY CLASS/FUNCTION IN THE FILE.
5. You must import the third-party libraries used in your code
6. If you import a Class, you must import it firstly.
7. Determine the order of writing the files based on your understanding of the project.
9. Write out EVERY CODE DETAIL, DON'T LEAVE TODO,PASS,PLACEHOLDER.
9. Only write code result, do not output any other content in the start or in the end.
10. If you need to generate text data, follow the rules outlined in "<When Storing Data>" below.
 <When storing data>:
Different groups of data are distinguished by line breaks.
Different contents of the same group of data are distinguished by |.
Within any single content that contains multiple sub-entries, those sub-entries are separated by commas ,.
Example:
admin1|pass123|entry1,entry2,entry3  
admin2|pass123|entry1
Make sure:
The | character is used only to separate distinct contents within a group.
Commas , are used exclusively to separate multiple sub-entries within a single content.

# Website Development Rule
If you are doing website development, be sure to route the root path (/). If there is a login page, set the login page as the root route(/).
If you are doing website development, please do not encrypt the account password for the login function.
If you are doing website development, your code needs to take into account the process of loading data from the data file, so don't forget to load the data.
If you are doing Website Development, do not follow the rules of Website and Game development.
# GUI tkinter Development Rule
If you are doing GUI tkinter Development, do not follow the rules of Website and Game development.
# Game Development Rule
If the software needs to load data, please make sure the loading data code matches the data format and data file.
If you are doing Game Development, do not follow the rules of Website and Game development.

# important rule
Use '***' to SPLIT CODE SECTIONS. do not forget ``` in each file, refer the the example. Output format carefully referenced "Format example". 
Adhere strictly to the task requirements and implement them fully; do not include placeholders or "example" for code that is intended for future implementation.

2025-01-01 Wednesday 12:12:01 _client.py : INFO  HTTP Request: POST https://api.chatanywhere.tech/chat/completions "HTTP/1.1 200 OK"
2025-01-01 Wednesday 12:12:01 model.py : INFO  following invoke cost: 6838 | all cost: 33945
2025-01-01 Wednesday 12:12:01 programmer.py : INFO  
*** main.py
```python
from flask import Flask, render_template, request, redirect, url_for, session
import os

app = Flask(__name__)
app.secret_key = 'your_secret_key'

class User:
    def __init__(self, username: str, password: str, email: str):
        self.username = username
        self.password = password
        self.email = email

    def save(self):
        with open('users.txt', 'a') as f:
            f.write(f"{self.username}|{self.password}|{self.email}\n")

    @staticmethod
    def load_users():
        users = []
        if os.path.exists('users.txt'):
            with open('users.txt', 'r') as f:
                for line in f:
                    username, password, email = line.strip().split('|')
                    users.append(User(username, password, email))
        return users

class Post:
    def __init__(self, title: str, content: str, author: str):
        self.title = title
        self.content = content
        self.author = author

    def save(self):
        with open('posts.txt', 'a') as f:
            f.write(f"{self.title}|{self.content}|{self.author}\n")

    @staticmethod
    def load_posts():
        posts = []
        if os.path.exists('posts.txt'):
            with open('posts.txt', 'r') as f:
                for line in f:
                    title, content, author = line.strip().split('|')
                    posts.append(Post(title, content, author))
        return posts

class Auth:
    @staticmethod
    def login(username: str, password: str) -> bool:
        users = User.load_users()
        for user in users:
            if user.username == username and user.password == password:
                session['username'] = username
                return True
        return False

    @staticmethod
    def register(username: str, password: str, email: str) -> bool:
        users = User.load_users()
        if any(user.username == username for user in users):
            return False
        new_user = User(username, password, email)
        new_user.save()
        return True

class Blog:
    @staticmethod
    def create_post(title: str, content: str, author: str):
        new_post = Post(title, content, author)
        new_post.save()

    @staticmethod
    def edit_post(title: str, content: str):
        posts = Post.load_posts()
        for post in posts:
            if post.title == title:
                post.content = content
                break
        with open('posts.txt', 'w') as f:
            for post in posts:
                f.write(f"{post.title}|{post.content}|{post.author}\n")

    @staticmethod
    def delete_post(title: str):
        posts = Post.load_posts()
        posts = [post for post in posts if post.title != title]
        with open('posts.txt', 'w') as f:
            for post in posts:
                f.write(f"{post.title}|{post.content}|{post.author}\n")

    @staticmethod
    def view_post(title: str) -> str:
        posts = Post.load_posts()
        for post in posts:
            if post.title == title:
                return post.content
        return ""

    @staticmethod
    def list_posts() -> list:
        return Post.load_posts()

@app.route('/')
def login():
    return render_template('login.html')

@app.route('/login', methods=['POST'])
def do_login():
    username = request.form['username']
    password = request.form['password']
    if Auth.login(username, password):
        return redirect(url_for('main'))
    else:
        return "Login failed. Please check your username and password."

@app.route('/register', methods=['GET', 'POST'])
def register():
    if request.method == 'POST':
        username = request.form['username']
        password = request.form['password']
        email = request.form['email']
        if Auth.register(username, password, email):
            return redirect(url_for('login'))
        else:
            return "Registration failed. Username may already exist."
    return render_template('register.html')

@app.route('/main', methods=['GET', 'POST'])
def main():
    if request.method == 'POST':
        title = request.form['title']
        content = request.form['content']
        author = session.get('username')
        Blog.create_post(title, content, author)
        return redirect(url_for('main'))
    posts = Blog.list_posts()
    return render_template('main.html', posts=posts)

@app.route('/new_post', methods=['GET', 'POST'])
def new_post():
    if request.method == 'POST':
        title = request.form['title']
        content = request.form['content']
        author = session.get('username')
        Blog.create_post(title, content, author)
        return redirect(url_for('main'))
    return render_template('new_post.html')

@app.route('/view_post/<title>')
def view_post(title):
    content = Blog.view_post(title)
    return render_template('view_post.html', title=title, content=content)

@app.route('/edit_post/<title>', methods=['GET', 'POST'])
def edit_post(title):
    if request.method == 'POST':
        content = request.form['content']
        Blog.edit_post(title, content)
        return redirect(url_for('main'))
    return render_template('edit_post.html', title=title)

@app.route('/logout')
def logout():
    session.pop('username', None)
    return redirect(url_for('login'))

if __name__ == '__main__':
    app.run(debug=True)
```

*** templates/login.html
```html
<!DOCTYPE html>
<html lang="en">
<head>
    <meta charset="UTF-8">
    <meta name="viewport" content="width=device-width, initial-scale=1.0">
    <title>Login</title>
</head>
<body>
    <h2>Login</h2>
    <form method="POST" action="/login">
        <label for="username">Username:</label>
        <input type="text" id="username" name="username" required>
        <br>
        <label for="password">Password:</label>
        <input type="password" id="password" name="password" required>
        <br>
        <button type="submit">Login</button>
    </form>
    <p>Don't have an account? <a href="/register">Register here</a></p>
</body>
</html>
```

*** templates/register.html
```html
<!DOCTYPE html>
<html lang="en">
<head>
    <meta charset="UTF-8">
    <meta name="viewport" content="width=device-width, initial-scale=1.0">
    <title>Register</title>
</head>
<body>
    <h2>Register</h2>
    <form method="POST" action="/register">
        <label for="username">Username:</label>
        <input type="text" id="username" name="username" required>
        <br>
        <label for="password">Password:</label>
        <input type="password" id="password" name="password" required>
        <br>
        <label for="email">Email:</label>
        <input type="email" id="email" name="email" required>
        <br>
        <button type="submit">Register</button>
    </form>
    <p>Already have an account? <a href="/">Login here</a></p>
</body>
</html>
```

*** templates/main.html
```html
<!DOCTYPE html>
<html lang="en">
<head>
    <meta charset="UTF-8">
    <meta name="viewport" content="width=device-width, initial-scale=1.0">
    <title>Main Blog Page</title>
</head>
<body>
    <h2>Blog Posts</h2>
    <a href="/new_post">Create New Post</a>
    <ul>
        {% for post in posts %}
            <li><a href="/view_post/{{ post.title }}">{{ post.title }}</a> by {{ post.author }}</li>
        {% endfor %}
    </ul>
    <a href="/logout">Logout</a>
</body>
</html>
```

*** templates/new_post.html
```html
<!DOCTYPE html>
<html lang="en">
<head>
    <meta charset="UTF-8">
    <meta name="viewport" content="width=device-width, initial-scale=1.0">
    <title>New Post</title>
</head>
<body>
    <h2>Create New Post</h2>
    <form method="POST" action="/new_post">
        <label for="title">Title:</label>
        <input type="text" id="title" name="title" required>
        <br>
        <label for="content">Content:</label>
        <textarea id="content" name="content" required></textarea>
        <br>
        <button type="submit">Create Post</button>
    </form>
    <a href="/main">Back to Main</a>
</body>
</html>
```

*** templates/view_post.html
```html
<!DOCTYPE html>
<html lang="en">
<head>
    <meta charset="UTF-8">
    <meta name="viewport" content="width=device-width, initial-scale=1.0">
    <title>{{ title }}</title>
</head>
<body>
    <h2>{{ title }}</h2>
    <p>{{ content }}</p>
    <a href="/edit_post/{{ title }}">Edit Post</a>
    <a href="/main">Back to Main</a>
</body>
</html>
```

*** templates/edit_post.html
```html
<!DOCTYPE html>
<html lang="en">
<head>
    <meta charset="UTF-8">
    <meta name="viewport" content="width=device-width, initial-scale=1.0">
    <title>Edit Post - {{ title }}</title>
</head>
<body>
    <h2>Edit Post - {{ title }}</h2>
    <form method="POST" action="/edit_post/{{ title }}">
        <label for="content">Content:</label>
        <textarea id="content" name="content" required></textarea>
        <br>
        <button type="submit">Update Post</button>
    </form>
    <a href="/main">Back to Main</a>
</body>
</html>
```

*** users.txt
```
admin|admin123|admin@example.com
user1|password1|user1@example.com
```

*** posts.txt
```
First Post|This is the content of the first post.|admin
Second Post|This is the content of the second post.|user1
```
2025-01-01 Wednesday 12:12:01 programmer.py : INFO  **[Update Codes]**

main.py updated.


```
'''

'''
--- Old
+++ New
@@ -1,5 +1,4 @@
 from flask import Flask, render_template, request, redirect, url_for, session
-from werkzeug.utils import secure_filename
 import os
 
 app = Flask(__name__)
```
2025-01-01 Wednesday 12:12:01 programmer.py : INFO  **[Update Codes]**

templates/login.html updated.


```
'''

'''

```
2025-01-01 Wednesday 12:12:01 programmer.py : INFO  **[Update Codes]**

templates/register.html updated.


```
'''

'''

```
2025-01-01 Wednesday 12:12:01 programmer.py : INFO  **[Update Codes]**

templates/main.html updated.


```
'''

'''

```
2025-01-01 Wednesday 12:12:01 programmer.py : INFO  **[Update Codes]**

templates/new_post.html updated.


```
'''

'''

```
2025-01-01 Wednesday 12:12:01 programmer.py : INFO  **[Update Codes]**

templates/view_post.html updated.


```
'''

'''

```
2025-01-01 Wednesday 12:12:01 programmer.py : INFO  **[Update Codes]**

templates/edit_post.html updated.


```
'''

'''

```
2025-01-01 Wednesday 12:12:01 programmer.py : INFO  **[Update Codes]**

users.txt updated.


```
'''

'''

```
2025-01-01 Wednesday 12:12:01 programmer.py : INFO  **[Update Codes]**

posts.txt updated.


```
'''

'''

```
2025-01-01 Wednesday 12:12:01 searcher.py : INFO  
You are an excellent software task-oriented analyst. Your task is to accurately extract and compile all relevant sections from the requirements document and user demands that are directly related to a given task description, and present them in a concise and well-organized document.


## This is the PRD you can retrieve, which contains functional requirements for the system:
[OUTPUT] ## general overview of the project The objective of the 'PersonalBlog' web application is to provide users with a simple platform to create, manage, and share their personal blog entries without relying on a database; all data will be stored locally in text files. ## software functional requirements 1. Users shall be able to log in to their account by entering a username and password on the Login Page. 2. Users shall be able to register a new account by providing a username, password, and email on the Registration Page. 3. Users shall be able to view a list of their blog posts on the Main Blog Page, with options to create a new post or view existing posts. 4. Users shall be able to create a new blog post by providing a title and content on the New Post Page. 5. Users shall be able to view the full content of a selected post on the View Post Page. 6. Users shall be able to edit an existing post by modifying the title and content on the Edit Post Page. 7. Users shall be able to delete a blog post from the View Post Page. 8. Users shall be able to navigate back to the main blog page from the View Post, Edit Post, and New Post Pages using a back button. 9. Users shall be able to log out of their account from the Main Blog Page. 10. Users shall be shown appropriate messages for successful or unsuccessful actions (login, registration, post creation, etc.) on each relevant page. [/OUTPUT]

## This is the user's original demand, which includes not only functional requirements but also other special requirements.
# Software Description

## Objective
The objective of the 'PersonalBlog' web application is to provide users with a simple platform to create, manage, and share their personal blog entries without relying on a database; all data will be stored locally in text files.

## Core Features

Users shall be able to log in to their account by entering a username and password on the Login Page.
Users shall be able to register a new account by providing a username, password, and email on the Registration Page.
Users shall be able to view a list of their blog posts on the Main Blog Page, with options to create a new post or view existing posts.
Users shall be able to create a new blog post by providing a title and content on the New Post Page.
Users shall be able to view the full content of a selected post on the View Post Page.
Users shall be able to edit an existing post by modifying the title and content on the Edit Post Page.
Users shall be able to delete a blog post from the View Post Page.
Users shall be able to navigate back to the main blog page from the View Post, Edit Post, and New Post Pages using a back button.
Users shall be able to log out of their account from the Main Blog Page.
Users shall be shown appropriate messages for successful or unsuccessful actions (login, registration, post creation, etc.) on each relevant page.

## Language

Use html and python to develop a web application.
You should use html to generate the web template by yourself.
## Data Storage
Data will be stored in local text files.
Different types of data will be stored in separate `.txt` files.
You should define the text file by yourself in advance.
This structured data storage will facilitate easy data retrieval and management through simple file manipulations in Python, ensuring the application remains light and efficient without the need for a SQL database.

## now, you get one following specific task:
|Implement data storage and retrieval.|Implement methods in User and Post classes to save and load data from users.txt and posts.txt.|[T1, T2]|related files:[main.py]

## Action
You should extract the sections directly related to the specific task described above from the two documents.
After extraction, integrate the relevant sections into a single output, ensuring duplicate content is removed.

Key Points:
The extracted content must remain unaltered. Do not modify any part of the retrieved sections.
Include only the necessary sections. Exclude any content you are certain is irrelevant to the current task.
Aim for conciseness: less is better.

2025-01-01 Wednesday 12:12:03 _client.py : INFO  HTTP Request: POST https://api.chatanywhere.tech/chat/completions "HTTP/1.1 200 OK"
2025-01-01 Wednesday 12:12:03 model.py : INFO  following invoke cost: 1235 | all cost: 35180
2025-01-01 Wednesday 12:12:03 searcher.py : INFO  retrievaled reslt is: 
## Extracted Relevant Sections for Task: Implement Data Storage and Retrieval

### Software Functional Requirements
- Data will be stored in local text files.
- Different types of data will be stored in separate `.txt` files.
- You should define the text file by yourself in advance.
- This structured data storage will facilitate easy data retrieval and management through simple file manipulations in Python, ensuring the application remains light and efficient without the need for a SQL database.

### Core Features
- Users shall be able to log in to their account by entering a username and password on the Login Page.
- Users shall be able to register a new account by providing a username, password, and email on the Registration Page.
- Users shall be able to view a list of their blog posts on the Main Blog Page, with options to create a new post or view existing posts.
- Users shall be able to create a new blog post by providing a title and content on the New Post Page.
- Users shall be able to view the full content of a selected post on the View Post Page.
- Users shall be able to edit an existing post by modifying the title and content on the Edit Post Page.
- Users shall be able to delete a blog post from the View Post Page.
- Users shall be shown appropriate messages for successful or unsuccessful actions (login, registration, post creation, etc.) on each relevant page.

### Language
- Use html and python to develop a web application.
- You should use html to generate the web template by yourself.
2025-01-01 Wednesday 12:12:03 programmer.py : INFO  
You are a professional engineer; the main goal is to write google-style, elegant, modular, easy to read and maintain code.
Output format carefully referenced "Format example".
In addition to writing code, you may also need to complete the data files in the task list (such as .txt .json .csv files). If the task list requires the implementation of data files, you need to simply design some data that meets the requirements for your completed software to facilitate the startup and testing of the software as a demo.


# Context
## Design
[CONTENT] "Implementation approach": "We will use Flask as the web framework to create the PersonalBlog application. Flask is lightweight and suitable for building simple web applications. For the front-end, we will use HTML to create the necessary templates. User data and blog posts will be stored in local text files, ensuring that the application remains simple and efficient without a database.", "UI design":"- The application will have a Login Page for user authentication, a Registration Page for new users, a Main Blog Page to list blog posts, a New Post Page for creating posts, a View Post Page for displaying individual posts, and an Edit Post Page for modifying existing posts. Each page will have a consistent layout with navigation links.", "Data Storage":"Data will be stored in local text files. We will create the following files: 'users.txt' for storing user credentials (username, password, email) and 'posts.txt' for storing blog posts (title, content, author). Each entry will be stored in a structured format to facilitate easy retrieval and management.", "File list": ["main.py", "templates/login.html", "templates/register.html", "templates/main.html", "templates/new_post.html", "templates/view_post.html", "templates/edit_post.html", "users.txt", "posts.txt"], "Data structures and interfaces": " classDiagram     class Main {         -Flask app         +run() None     }     class User {         -username: str         -password: str         -email: str         +__init__(username: str, password: str, email: str) None         +save() None         +load_users() list     }     class Post {         -title: str         -content: str         -author: str         +__init__(title: str, content: str, author: str) None         +save() None         +load_posts() list     }     class Auth {         +login(username: str, password: str) bool         +register(username: str, password: str, email: str) bool     }     class Blog {         +create_post(title: str, content: str, author: str) None         +edit_post(title: str, content: str) None         +delete_post(title: str) None         +view_post(title: str) str         +list_posts() list     }     Main --> Auth     Main --> Blog     Auth --> User     Blog --> Post ", [/CONTENT]
## Whole Task Plan
{'Required packages': ['flask==1.1.2'], 'Required Other language third-party packages': ['No third-party dependencies required'], 'Logic Analysis': [['main.py', 'The main file of the application, responsible for initializing the Flask app and routing. Contains the Main class and the main application logic.'], ['templates/login.html', 'HTML template for the Login Page, includes form for username and password.'], ['templates/register.html', 'HTML template for the Registration Page, includes form for username, password, and email.'], ['templates/main.html', 'HTML template for the Main Blog Page, displays list of blog posts and navigation options.'], ['templates/new_post.html', 'HTML template for the New Post Page, includes form for creating a new blog post.'], ['templates/view_post.html', 'HTML template for the View Post Page, displays full content of a selected post.'], ['templates/edit_post.html', 'HTML template for the Edit Post Page, includes form for editing an existing blog post.']], 'Task list': {'T0': '|Set up Flask application and routing.|Initialize the Flask app in main.py, set up routes for login, registration, main blog page, new post, view post, and edit post.|[]|related files:["main.py"]', 'T1': '|Implement user authentication.|Create User class in main.py, implement login and registration methods, and handle user data in users.txt.|[T0]|related files:[main.py]', 'T2': 'Create some sort of management features for blog posts in main.py, involving a Blog class with various methods for handling posts and some data storage.', 'T3': '|Develop HTML templates for user interface.|Create login.html, register.html, main.html, new_post.html, view_post.html, and edit_post.html with appropriate forms and navigation links.|[T0]|related files:[templates/login.html, templates/register.html, templates/main.html, templates/new_post.html, templates/view_post.html, templates/edit_post.html]', 'T4': '|Implement data storage and retrieval.|Implement methods in User and Post classes to save and load data from users.txt and posts.txt.|[T1, T2]|related files:[main.py]', 'T5': '|Add user feedback messages.|Implement functionality to show success or error messages for login, registration, and post actions on relevant pages.|[T1, T2, T3]|related files:[main.py]', 'T6': '|Test the application.|Conduct testing of all functionalities including login, registration, post creation, editing, and deletion to ensure everything works as expected.|[T0, T1, T2, T3, T4, T5]|related files:[main.py]'}, 'Shared Knowledge': '`main.py` contains the main application logic and routing for the entire project.'}

## files(already available)
file name: main.py

from flask import Flask, render_template, request, redirect, url_for, session
import os

app = Flask(__name__)
app.secret_key = 'your_secret_key'

class User:
    def __init__(self, username: str, password: str, email: str):
        self.username = username
        self.password = password
        self.email = email

    def save(self):
        with open('users.txt', 'a') as f:
            f.write(f"{self.username}|{self.password}|{self.email}\n")

    @staticmethod
    def load_users():
        users = []
        if os.path.exists('users.txt'):
            with open('users.txt', 'r') as f:
                for line in f:
                    username, password, email = line.strip().split('|')
                    users.append(User(username, password, email))
        return users

class Post:
    def __init__(self, title: str, content: str, author: str):
        self.title = title
        self.content = content
        self.author = author

    def save(self):
        with open('posts.txt', 'a') as f:
            f.write(f"{self.title}|{self.content}|{self.author}\n")

    @staticmethod
    def load_posts():
        posts = []
        if os.path.exists('posts.txt'):
            with open('posts.txt', 'r') as f:
                for line in f:
                    title, content, author = line.strip().split('|')
                    posts.append(Post(title, content, author))
        return posts

class Auth:
    @staticmethod
    def login(username: str, password: str) -> bool:
        users = User.load_users()
        for user in users:
            if user.username == username and user.password == password:
                session['username'] = username
                return True
        return False

    @staticmethod
    def register(username: str, password: str, email: str) -> bool:
        users = User.load_users()
        if any(user.username == username for user in users):
            return False
        new_user = User(username, password, email)
        new_user.save()
        return True

class Blog:
    @staticmethod
    def create_post(title: str, content: str, author: str):
        new_post = Post(title, content, author)
        new_post.save()

    @staticmethod
    def edit_post(title: str, content: str):
        posts = Post.load_posts()
        for post in posts:
            if post.title == title:
                post.content = content
                break
        with open('posts.txt', 'w') as f:
            for post in posts:
                f.write(f"{post.title}|{post.content}|{post.author}\n")

    @staticmethod
    def delete_post(title: str):
        posts = Post.load_posts()
        posts = [post for post in posts if post.title != title]
        with open('posts.txt', 'w') as f:
            for post in posts:
                f.write(f"{post.title}|{post.content}|{post.author}\n")

    @staticmethod
    def view_post(title: str) -> str:
        posts = Post.load_posts()
        for post in posts:
            if post.title == title:
                return post.content
        return ""

    @staticmethod
    def list_posts() -> list:
        return Post.load_posts()

@app.route('/')
def login():
    return render_template('login.html')

@app.route('/login', methods=['POST'])
def do_login():
    username = request.form['username']
    password = request.form['password']
    if Auth.login(username, password):
        return redirect(url_for('main'))
    else:
        return "Login failed. Please check your username and password."

@app.route('/register', methods=['GET', 'POST'])
def register():
    if request.method == 'POST':
        username = request.form['username']
        password = request.form['password']
        email = request.form['email']
        if Auth.register(username, password, email):
            return redirect(url_for('login'))
        else:
            return "Registration failed. Username may already exist."
    return render_template('register.html')

@app.route('/main', methods=['GET', 'POST'])
def main():
    if request.method == 'POST':
        title = request.form['title']
        content = request.form['content']
        author = session.get('username')
        Blog.create_post(title, content, author)
        return redirect(url_for('main'))
    posts = Blog.list_posts()
    return render_template('main.html', posts=posts)

@app.route('/new_post', methods=['GET', 'POST'])
def new_post():
    if request.method == 'POST':
        title = request.form['title']
        content = request.form['content']
        author = session.get('username')
        Blog.create_post(title, content, author)
        return redirect(url_for('main'))
    return render_template('new_post.html')

@app.route('/view_post/<title>')
def view_post(title):
    content = Blog.view_post(title)
    return render_template('view_post.html', title=title, content=content)

@app.route('/edit_post/<title>', methods=['GET', 'POST'])
def edit_post(title):
    if request.method == 'POST':
        content = request.form['content']
        Blog.edit_post(title, content)
        return redirect(url_for('main'))
    return render_template('edit_post.html', title=title)

@app.route('/logout')
def logout():
    session.pop('username', None)
    return redirect(url_for('login'))

if __name__ == '__main__':
    app.run(debug=True)

file name: templates/login.html

<!DOCTYPE html>
<html lang="en">
<head>
    <meta charset="UTF-8">
    <meta name="viewport" content="width=device-width, initial-scale=1.0">
    <title>Login</title>
</head>
<body>
    <h2>Login</h2>
    <form method="POST" action="/login">
        <label for="username">Username:</label>
        <input type="text" id="username" name="username" required>
        <br>
        <label for="password">Password:</label>
        <input type="password" id="password" name="password" required>
        <br>
        <button type="submit">Login</button>
    </form>
    <p>Don't have an account? <a href="/register">Register here</a></p>
</body>
</html>

file name: templates/register.html

<!DOCTYPE html>
<html lang="en">
<head>
    <meta charset="UTF-8">
    <meta name="viewport" content="width=device-width, initial-scale=1.0">
    <title>Register</title>
</head>
<body>
    <h2>Register</h2>
    <form method="POST" action="/register">
        <label for="username">Username:</label>
        <input type="text" id="username" name="username" required>
        <br>
        <label for="password">Password:</label>
        <input type="password" id="password" name="password" required>
        <br>
        <label for="email">Email:</label>
        <input type="email" id="email" name="email" required>
        <br>
        <button type="submit">Register</button>
    </form>
    <p>Already have an account? <a href="/">Login here</a></p>
</body>
</html>

file name: templates/main.html

<!DOCTYPE html>
<html lang="en">
<head>
    <meta charset="UTF-8">
    <meta name="viewport" content="width=device-width, initial-scale=1.0">
    <title>Main Blog Page</title>
</head>
<body>
    <h2>Blog Posts</h2>
    <a href="/new_post">Create New Post</a>
    <ul>
        {% for post in posts %}
            <li><a href="/view_post/{{ post.title }}">{{ post.title }}</a> by {{ post.author }}</li>
        {% endfor %}
    </ul>
    <a href="/logout">Logout</a>
</body>
</html>

file name: templates/new_post.html

<!DOCTYPE html>
<html lang="en">
<head>
    <meta charset="UTF-8">
    <meta name="viewport" content="width=device-width, initial-scale=1.0">
    <title>New Post</title>
</head>
<body>
    <h2>Create New Post</h2>
    <form method="POST" action="/new_post">
        <label for="title">Title:</label>
        <input type="text" id="title" name="title" required>
        <br>
        <label for="content">Content:</label>
        <textarea id="content" name="content" required></textarea>
        <br>
        <button type="submit">Create Post</button>
    </form>
    <a href="/main">Back to Main</a>
</body>
</html>

file name: templates/view_post.html

<!DOCTYPE html>
<html lang="en">
<head>
    <meta charset="UTF-8">
    <meta name="viewport" content="width=device-width, initial-scale=1.0">
    <title>{{ title }}</title>
</head>
<body>
    <h2>{{ title }}</h2>
    <p>{{ content }}</p>
    <a href="/edit_post/{{ title }}">Edit Post</a>
    <a href="/main">Back to Main</a>
</body>
</html>

file name: templates/edit_post.html

<!DOCTYPE html>
<html lang="en">
<head>
    <meta charset="UTF-8">
    <meta name="viewport" content="width=device-width, initial-scale=1.0">
    <title>Edit Post - {{ title }}</title>
</head>
<body>
    <h2>Edit Post - {{ title }}</h2>
    <form method="POST" action="/edit_post/{{ title }}">
        <label for="content">Content:</label>
        <textarea id="content" name="content" required></textarea>
        <br>
        <button type="submit">Update Post</button>
    </form>
    <a href="/main">Back to Main</a>
</body>
</html>

file name: users.txt

admin|admin123|admin@example.com
user1|password1|user1@example.com

file name: posts.txt

First Post|This is the content of the first post.|admin
Second Post|This is the content of the second post.|user1


-----
# Format Example 
*** main.py
```python
...
```

*** ui.py
```python
...
```
-----
## coding sub-task
T4:|Implement data storage and retrieval.|Implement methods in User and Post classes to save and load data from users.txt and posts.txt.|[T1, T2]|related files:[main.py]

## Documents Relevant to the sub-task
{
## Extracted Relevant Sections for Task: Implement Data Storage and Retrieval

### Software Functional Requirements
- Data will be stored in local text files.
- Different types of data will be stored in separate `.txt` files.
- You should define the text file by yourself in advance.
- This structured data storage will facilitate easy data retrieval and management through simple file manipulations in Python, ensuring the application remains light and efficient without the need for a SQL database.

### Core Features
- Users shall be able to log in to their account by entering a username and password on the Login Page.
- Users shall be able to register a new account by providing a username, password, and email on the Registration Page.
- Users shall be able to view a list of their blog posts on the Main Blog Page, with options to create a new post or view existing posts.
- Users shall be able to create a new blog post by providing a title and content on the New Post Page.
- Users shall be able to view the full content of a selected post on the View Post Page.
- Users shall be able to edit an existing post by modifying the title and content on the Edit Post Page.
- Users shall be able to delete a blog post from the View Post Page.
- Users shall be shown appropriate messages for successful or unsuccessful actions (login, registration, post creation, etc.) on each relevant page.

### Language
- Use html and python to develop a web application.
- You should use html to generate the web template by yourself.
}
(End for Documents Relevant)

# Instruction: Based on the context, follow "Format example", write or revise code to complete task described in "coding sub-task".
## ATTENTION
1. Use '***' to SPLIT different CODE SECTIONS. do not forget ``` in each file, refer the the example. Output format carefully referenced "Format example".
2. Follow design: YOU MUST FOLLOW "Data structures and interfaces". DONT CHANGE ANY DESIGN. Do not use public member functions that do not exist in your design.
3. Follow task: YOU MUST write Comprehensive codes to complete the sub-task.
4. Understand "Documents Relevant to the sub-task": Use this document, along with the architecture and task plan, as guidelines to construct your code.
4. CAREFULLY CHECK THAT YOU DONT MISS ANY NECESSARY CLASS/FUNCTION IN THE FILE.
5. You must import the third-party libraries used in your code
6. If you import a Class, you must import it firstly.
7. Determine the order of writing the files based on your understanding of the project.
9. Write out EVERY CODE DETAIL, DON'T LEAVE TODO,PASS,PLACEHOLDER.
9. Only write code result, do not output any other content in the start or in the end.
10. If you need to generate text data, follow the rules outlined in "<When Storing Data>" below.
 <When storing data>:
Different groups of data are distinguished by line breaks.
Different contents of the same group of data are distinguished by |.
Within any single content that contains multiple sub-entries, those sub-entries are separated by commas ,.
Example:
admin1|pass123|entry1,entry2,entry3  
admin2|pass123|entry1
Make sure:
The | character is used only to separate distinct contents within a group.
Commas , are used exclusively to separate multiple sub-entries within a single content.

# Website Development Rule
If you are doing website development, be sure to route the root path (/). If there is a login page, set the login page as the root route(/).
If you are doing website development, please do not encrypt the account password for the login function.
If you are doing website development, your code needs to take into account the process of loading data from the data file, so don't forget to load the data.
If you are doing Website Development, do not follow the rules of Website and Game development.
# GUI tkinter Development Rule
If you are doing GUI tkinter Development, do not follow the rules of Website and Game development.
# Game Development Rule
If the software needs to load data, please make sure the loading data code matches the data format and data file.
If you are doing Game Development, do not follow the rules of Website and Game development.

# important rule
Use '***' to SPLIT CODE SECTIONS. do not forget ``` in each file, refer the the example. Output format carefully referenced "Format example". 
Adhere strictly to the task requirements and implement them fully; do not include placeholders or "example" for code that is intended for future implementation.

2025-01-01 Wednesday 12:12:13 _client.py : INFO  HTTP Request: POST https://api.chatanywhere.tech/chat/completions "HTTP/1.1 200 OK"
2025-01-01 Wednesday 12:12:13 model.py : INFO  following invoke cost: 5715 | all cost: 40895
2025-01-01 Wednesday 12:12:13 programmer.py : INFO  
*** main.py
```python
from flask import Flask, render_template, request, redirect, url_for, session
import os

app = Flask(__name__)
app.secret_key = 'your_secret_key'

class User:
    def __init__(self, username: str, password: str, email: str):
        self.username = username
        self.password = password
        self.email = email

    def save(self):
        with open('users.txt', 'a') as f:
            f.write(f"{self.username}|{self.password}|{self.email}\n")

    @staticmethod
    def load_users():
        users = []
        if os.path.exists('users.txt'):
            with open('users.txt', 'r') as f:
                for line in f:
                    username, password, email = line.strip().split('|')
                    users.append(User(username, password, email))
        return users

class Post:
    def __init__(self, title: str, content: str, author: str):
        self.title = title
        self.content = content
        self.author = author

    def save(self):
        with open('posts.txt', 'a') as f:
            f.write(f"{self.title}|{self.content}|{self.author}\n")

    @staticmethod
    def load_posts():
        posts = []
        if os.path.exists('posts.txt'):
            with open('posts.txt', 'r') as f:
                for line in f:
                    title, content, author = line.strip().split('|')
                    posts.append(Post(title, content, author))
        return posts

class Auth:
    @staticmethod
    def login(username: str, password: str) -> bool:
        users = User.load_users()
        for user in users:
            if user.username == username and user.password == password:
                session['username'] = username
                return True
        return False

    @staticmethod
    def register(username: str, password: str, email: str) -> bool:
        users = User.load_users()
        if any(user.username == username for user in users):
            return False
        new_user = User(username, password, email)
        new_user.save()
        return True

class Blog:
    @staticmethod
    def create_post(title: str, content: str, author: str):
        new_post = Post(title, content, author)
        new_post.save()

    @staticmethod
    def edit_post(title: str, content: str):
        posts = Post.load_posts()
        for post in posts:
            if post.title == title:
                post.content = content
                break
        with open('posts.txt', 'w') as f:
            for post in posts:
                f.write(f"{post.title}|{post.content}|{post.author}\n")

    @staticmethod
    def delete_post(title: str):
        posts = Post.load_posts()
        posts = [post for post in posts if post.title != title]
        with open('posts.txt', 'w') as f:
            for post in posts:
                f.write(f"{post.title}|{post.content}|{post.author}\n")

    @staticmethod
    def view_post(title: str) -> str:
        posts = Post.load_posts()
        for post in posts:
            if post.title == title:
                return post.content
        return ""

    @staticmethod
    def list_posts() -> list:
        return Post.load_posts()

@app.route('/')
def login():
    return render_template('login.html')

@app.route('/login', methods=['POST'])
def do_login():
    username = request.form['username']
    password = request.form['password']
    if Auth.login(username, password):
        return redirect(url_for('main'))
    else:
        return "Login failed. Please check your username and password."

@app.route('/register', methods=['GET', 'POST'])
def register():
    if request.method == 'POST':
        username = request.form['username']
        password = request.form['password']
        email = request.form['email']
        if Auth.register(username, password, email):
            return redirect(url_for('login'))
        else:
            return "Registration failed. Username may already exist."
    return render_template('register.html')

@app.route('/main', methods=['GET', 'POST'])
def main():
    if request.method == 'POST':
        title = request.form['title']
        content = request.form['content']
        author = session.get('username')
        Blog.create_post(title, content, author)
        return redirect(url_for('main'))
    posts = Blog.list_posts()
    return render_template('main.html', posts=posts)

@app.route('/new_post', methods=['GET', 'POST'])
def new_post():
    if request.method == 'POST':
        title = request.form['title']
        content = request.form['content']
        author = session.get('username')
        Blog.create_post(title, content, author)
        return redirect(url_for('main'))
    return render_template('new_post.html')

@app.route('/view_post/<title>')
def view_post(title):
    content = Blog.view_post(title)
    return render_template('view_post.html', title=title, content=content)

@app.route('/edit_post/<title>', methods=['GET', 'POST'])
def edit_post(title):
    if request.method == 'POST':
        content = request.form['content']
        Blog.edit_post(title, content)
        return redirect(url_for('main'))
    return render_template('edit_post.html', title=title)

@app.route('/logout')
def logout():
    session.pop('username', None)
    return redirect(url_for('login'))

if __name__ == '__main__':
    app.run(debug=True)
```

*** users.txt
```
admin|admin123|admin@example.com
user1|password1|user1@example.com
```

*** posts.txt
```
First Post|This is the content of the first post.|admin
Second Post|This is the content of the second post.|user1
```
2025-01-01 Wednesday 12:12:13 programmer.py : INFO  **[Update Codes]**

main.py updated.


```
'''

'''

```
2025-01-01 Wednesday 12:12:13 programmer.py : INFO  **[Update Codes]**

users.txt updated.


```
'''

'''

```
2025-01-01 Wednesday 12:12:13 programmer.py : INFO  **[Update Codes]**

posts.txt updated.


```
'''

'''

```
2025-01-01 Wednesday 12:12:13 searcher.py : INFO  
You are an excellent software task-oriented analyst. Your task is to accurately extract and compile all relevant sections from the requirements document and user demands that are directly related to a given task description, and present them in a concise and well-organized document.


## This is the PRD you can retrieve, which contains functional requirements for the system:
[OUTPUT] ## general overview of the project The objective of the 'PersonalBlog' web application is to provide users with a simple platform to create, manage, and share their personal blog entries without relying on a database; all data will be stored locally in text files. ## software functional requirements 1. Users shall be able to log in to their account by entering a username and password on the Login Page. 2. Users shall be able to register a new account by providing a username, password, and email on the Registration Page. 3. Users shall be able to view a list of their blog posts on the Main Blog Page, with options to create a new post or view existing posts. 4. Users shall be able to create a new blog post by providing a title and content on the New Post Page. 5. Users shall be able to view the full content of a selected post on the View Post Page. 6. Users shall be able to edit an existing post by modifying the title and content on the Edit Post Page. 7. Users shall be able to delete a blog post from the View Post Page. 8. Users shall be able to navigate back to the main blog page from the View Post, Edit Post, and New Post Pages using a back button. 9. Users shall be able to log out of their account from the Main Blog Page. 10. Users shall be shown appropriate messages for successful or unsuccessful actions (login, registration, post creation, etc.) on each relevant page. [/OUTPUT]

## This is the user's original demand, which includes not only functional requirements but also other special requirements.
# Software Description

## Objective
The objective of the 'PersonalBlog' web application is to provide users with a simple platform to create, manage, and share their personal blog entries without relying on a database; all data will be stored locally in text files.

## Core Features

Users shall be able to log in to their account by entering a username and password on the Login Page.
Users shall be able to register a new account by providing a username, password, and email on the Registration Page.
Users shall be able to view a list of their blog posts on the Main Blog Page, with options to create a new post or view existing posts.
Users shall be able to create a new blog post by providing a title and content on the New Post Page.
Users shall be able to view the full content of a selected post on the View Post Page.
Users shall be able to edit an existing post by modifying the title and content on the Edit Post Page.
Users shall be able to delete a blog post from the View Post Page.
Users shall be able to navigate back to the main blog page from the View Post, Edit Post, and New Post Pages using a back button.
Users shall be able to log out of their account from the Main Blog Page.
Users shall be shown appropriate messages for successful or unsuccessful actions (login, registration, post creation, etc.) on each relevant page.

## Language

Use html and python to develop a web application.
You should use html to generate the web template by yourself.
## Data Storage
Data will be stored in local text files.
Different types of data will be stored in separate `.txt` files.
You should define the text file by yourself in advance.
This structured data storage will facilitate easy data retrieval and management through simple file manipulations in Python, ensuring the application remains light and efficient without the need for a SQL database.

## now, you get one following specific task:
|Add user feedback messages.|Implement functionality to show success or error messages for login, registration, and post actions on relevant pages.|[T1, T2, T3]|related files:[main.py]

## Action
You should extract the sections directly related to the specific task described above from the two documents.
After extraction, integrate the relevant sections into a single output, ensuring duplicate content is removed.

Key Points:
The extracted content must remain unaltered. Do not modify any part of the retrieved sections.
Include only the necessary sections. Exclude any content you are certain is irrelevant to the current task.
Aim for conciseness: less is better.

2025-01-01 Wednesday 12:12:14 _client.py : INFO  HTTP Request: POST https://api.chatanywhere.tech/chat/completions "HTTP/1.1 200 OK"
2025-01-01 Wednesday 12:12:14 model.py : INFO  following invoke cost: 1009 | all cost: 41904
2025-01-01 Wednesday 12:12:14 searcher.py : INFO  retrievaled reslt is: 
## Extracted Relevant Sections for Task: Add User Feedback Messages

### Software Functional Requirements
10. Users shall be shown appropriate messages for successful or unsuccessful actions (login, registration, post creation, etc.) on each relevant page.

### User's Original Demand
Users shall be shown appropriate messages for successful or unsuccessful actions (login, registration, post creation, etc.) on each relevant page.
2025-01-01 Wednesday 12:12:14 programmer.py : INFO  
You are a professional engineer; the main goal is to write google-style, elegant, modular, easy to read and maintain code.
Output format carefully referenced "Format example".
In addition to writing code, you may also need to complete the data files in the task list (such as .txt .json .csv files). If the task list requires the implementation of data files, you need to simply design some data that meets the requirements for your completed software to facilitate the startup and testing of the software as a demo.


# Context
## Design
[CONTENT] "Implementation approach": "We will use Flask as the web framework to create the PersonalBlog application. Flask is lightweight and suitable for building simple web applications. For the front-end, we will use HTML to create the necessary templates. User data and blog posts will be stored in local text files, ensuring that the application remains simple and efficient without a database.", "UI design":"- The application will have a Login Page for user authentication, a Registration Page for new users, a Main Blog Page to list blog posts, a New Post Page for creating posts, a View Post Page for displaying individual posts, and an Edit Post Page for modifying existing posts. Each page will have a consistent layout with navigation links.", "Data Storage":"Data will be stored in local text files. We will create the following files: 'users.txt' for storing user credentials (username, password, email) and 'posts.txt' for storing blog posts (title, content, author). Each entry will be stored in a structured format to facilitate easy retrieval and management.", "File list": ["main.py", "templates/login.html", "templates/register.html", "templates/main.html", "templates/new_post.html", "templates/view_post.html", "templates/edit_post.html", "users.txt", "posts.txt"], "Data structures and interfaces": " classDiagram     class Main {         -Flask app         +run() None     }     class User {         -username: str         -password: str         -email: str         +__init__(username: str, password: str, email: str) None         +save() None         +load_users() list     }     class Post {         -title: str         -content: str         -author: str         +__init__(title: str, content: str, author: str) None         +save() None         +load_posts() list     }     class Auth {         +login(username: str, password: str) bool         +register(username: str, password: str, email: str) bool     }     class Blog {         +create_post(title: str, content: str, author: str) None         +edit_post(title: str, content: str) None         +delete_post(title: str) None         +view_post(title: str) str         +list_posts() list     }     Main --> Auth     Main --> Blog     Auth --> User     Blog --> Post ", [/CONTENT]
## Whole Task Plan
{'Required packages': ['flask==1.1.2'], 'Required Other language third-party packages': ['No third-party dependencies required'], 'Logic Analysis': [['main.py', 'The main file of the application, responsible for initializing the Flask app and routing. Contains the Main class and the main application logic.'], ['templates/login.html', 'HTML template for the Login Page, includes form for username and password.'], ['templates/register.html', 'HTML template for the Registration Page, includes form for username, password, and email.'], ['templates/main.html', 'HTML template for the Main Blog Page, displays list of blog posts and navigation options.'], ['templates/new_post.html', 'HTML template for the New Post Page, includes form for creating a new blog post.'], ['templates/view_post.html', 'HTML template for the View Post Page, displays full content of a selected post.'], ['templates/edit_post.html', 'HTML template for the Edit Post Page, includes form for editing an existing blog post.']], 'Task list': {'T0': '|Set up Flask application and routing.|Initialize the Flask app in main.py, set up routes for login, registration, main blog page, new post, view post, and edit post.|[]|related files:["main.py"]', 'T1': '|Implement user authentication.|Create User class in main.py, implement login and registration methods, and handle user data in users.txt.|[T0]|related files:[main.py]', 'T2': 'Create some sort of management features for blog posts in main.py, involving a Blog class with various methods for handling posts and some data storage.', 'T3': '|Develop HTML templates for user interface.|Create login.html, register.html, main.html, new_post.html, view_post.html, and edit_post.html with appropriate forms and navigation links.|[T0]|related files:[templates/login.html, templates/register.html, templates/main.html, templates/new_post.html, templates/view_post.html, templates/edit_post.html]', 'T4': '|Implement data storage and retrieval.|Implement methods in User and Post classes to save and load data from users.txt and posts.txt.|[T1, T2]|related files:[main.py]', 'T5': '|Add user feedback messages.|Implement functionality to show success or error messages for login, registration, and post actions on relevant pages.|[T1, T2, T3]|related files:[main.py]', 'T6': '|Test the application.|Conduct testing of all functionalities including login, registration, post creation, editing, and deletion to ensure everything works as expected.|[T0, T1, T2, T3, T4, T5]|related files:[main.py]'}, 'Shared Knowledge': '`main.py` contains the main application logic and routing for the entire project.'}

## files(already available)
file name: main.py

from flask import Flask, render_template, request, redirect, url_for, session
import os

app = Flask(__name__)
app.secret_key = 'your_secret_key'

class User:
    def __init__(self, username: str, password: str, email: str):
        self.username = username
        self.password = password
        self.email = email

    def save(self):
        with open('users.txt', 'a') as f:
            f.write(f"{self.username}|{self.password}|{self.email}\n")

    @staticmethod
    def load_users():
        users = []
        if os.path.exists('users.txt'):
            with open('users.txt', 'r') as f:
                for line in f:
                    username, password, email = line.strip().split('|')
                    users.append(User(username, password, email))
        return users

class Post:
    def __init__(self, title: str, content: str, author: str):
        self.title = title
        self.content = content
        self.author = author

    def save(self):
        with open('posts.txt', 'a') as f:
            f.write(f"{self.title}|{self.content}|{self.author}\n")

    @staticmethod
    def load_posts():
        posts = []
        if os.path.exists('posts.txt'):
            with open('posts.txt', 'r') as f:
                for line in f:
                    title, content, author = line.strip().split('|')
                    posts.append(Post(title, content, author))
        return posts

class Auth:
    @staticmethod
    def login(username: str, password: str) -> bool:
        users = User.load_users()
        for user in users:
            if user.username == username and user.password == password:
                session['username'] = username
                return True
        return False

    @staticmethod
    def register(username: str, password: str, email: str) -> bool:
        users = User.load_users()
        if any(user.username == username for user in users):
            return False
        new_user = User(username, password, email)
        new_user.save()
        return True

class Blog:
    @staticmethod
    def create_post(title: str, content: str, author: str):
        new_post = Post(title, content, author)
        new_post.save()

    @staticmethod
    def edit_post(title: str, content: str):
        posts = Post.load_posts()
        for post in posts:
            if post.title == title:
                post.content = content
                break
        with open('posts.txt', 'w') as f:
            for post in posts:
                f.write(f"{post.title}|{post.content}|{post.author}\n")

    @staticmethod
    def delete_post(title: str):
        posts = Post.load_posts()
        posts = [post for post in posts if post.title != title]
        with open('posts.txt', 'w') as f:
            for post in posts:
                f.write(f"{post.title}|{post.content}|{post.author}\n")

    @staticmethod
    def view_post(title: str) -> str:
        posts = Post.load_posts()
        for post in posts:
            if post.title == title:
                return post.content
        return ""

    @staticmethod
    def list_posts() -> list:
        return Post.load_posts()

@app.route('/')
def login():
    return render_template('login.html')

@app.route('/login', methods=['POST'])
def do_login():
    username = request.form['username']
    password = request.form['password']
    if Auth.login(username, password):
        return redirect(url_for('main'))
    else:
        return "Login failed. Please check your username and password."

@app.route('/register', methods=['GET', 'POST'])
def register():
    if request.method == 'POST':
        username = request.form['username']
        password = request.form['password']
        email = request.form['email']
        if Auth.register(username, password, email):
            return redirect(url_for('login'))
        else:
            return "Registration failed. Username may already exist."
    return render_template('register.html')

@app.route('/main', methods=['GET', 'POST'])
def main():
    if request.method == 'POST':
        title = request.form['title']
        content = request.form['content']
        author = session.get('username')
        Blog.create_post(title, content, author)
        return redirect(url_for('main'))
    posts = Blog.list_posts()
    return render_template('main.html', posts=posts)

@app.route('/new_post', methods=['GET', 'POST'])
def new_post():
    if request.method == 'POST':
        title = request.form['title']
        content = request.form['content']
        author = session.get('username')
        Blog.create_post(title, content, author)
        return redirect(url_for('main'))
    return render_template('new_post.html')

@app.route('/view_post/<title>')
def view_post(title):
    content = Blog.view_post(title)
    return render_template('view_post.html', title=title, content=content)

@app.route('/edit_post/<title>', methods=['GET', 'POST'])
def edit_post(title):
    if request.method == 'POST':
        content = request.form['content']
        Blog.edit_post(title, content)
        return redirect(url_for('main'))
    return render_template('edit_post.html', title=title)

@app.route('/logout')
def logout():
    session.pop('username', None)
    return redirect(url_for('login'))

if __name__ == '__main__':
    app.run(debug=True)

file name: templates/login.html

<!DOCTYPE html>
<html lang="en">
<head>
    <meta charset="UTF-8">
    <meta name="viewport" content="width=device-width, initial-scale=1.0">
    <title>Login</title>
</head>
<body>
    <h2>Login</h2>
    <form method="POST" action="/login">
        <label for="username">Username:</label>
        <input type="text" id="username" name="username" required>
        <br>
        <label for="password">Password:</label>
        <input type="password" id="password" name="password" required>
        <br>
        <button type="submit">Login</button>
    </form>
    <p>Don't have an account? <a href="/register">Register here</a></p>
</body>
</html>

file name: templates/register.html

<!DOCTYPE html>
<html lang="en">
<head>
    <meta charset="UTF-8">
    <meta name="viewport" content="width=device-width, initial-scale=1.0">
    <title>Register</title>
</head>
<body>
    <h2>Register</h2>
    <form method="POST" action="/register">
        <label for="username">Username:</label>
        <input type="text" id="username" name="username" required>
        <br>
        <label for="password">Password:</label>
        <input type="password" id="password" name="password" required>
        <br>
        <label for="email">Email:</label>
        <input type="email" id="email" name="email" required>
        <br>
        <button type="submit">Register</button>
    </form>
    <p>Already have an account? <a href="/">Login here</a></p>
</body>
</html>

file name: templates/main.html

<!DOCTYPE html>
<html lang="en">
<head>
    <meta charset="UTF-8">
    <meta name="viewport" content="width=device-width, initial-scale=1.0">
    <title>Main Blog Page</title>
</head>
<body>
    <h2>Blog Posts</h2>
    <a href="/new_post">Create New Post</a>
    <ul>
        {% for post in posts %}
            <li><a href="/view_post/{{ post.title }}">{{ post.title }}</a> by {{ post.author }}</li>
        {% endfor %}
    </ul>
    <a href="/logout">Logout</a>
</body>
</html>

file name: templates/new_post.html

<!DOCTYPE html>
<html lang="en">
<head>
    <meta charset="UTF-8">
    <meta name="viewport" content="width=device-width, initial-scale=1.0">
    <title>New Post</title>
</head>
<body>
    <h2>Create New Post</h2>
    <form method="POST" action="/new_post">
        <label for="title">Title:</label>
        <input type="text" id="title" name="title" required>
        <br>
        <label for="content">Content:</label>
        <textarea id="content" name="content" required></textarea>
        <br>
        <button type="submit">Create Post</button>
    </form>
    <a href="/main">Back to Main</a>
</body>
</html>

file name: templates/view_post.html

<!DOCTYPE html>
<html lang="en">
<head>
    <meta charset="UTF-8">
    <meta name="viewport" content="width=device-width, initial-scale=1.0">
    <title>{{ title }}</title>
</head>
<body>
    <h2>{{ title }}</h2>
    <p>{{ content }}</p>
    <a href="/edit_post/{{ title }}">Edit Post</a>
    <a href="/main">Back to Main</a>
</body>
</html>

file name: templates/edit_post.html

<!DOCTYPE html>
<html lang="en">
<head>
    <meta charset="UTF-8">
    <meta name="viewport" content="width=device-width, initial-scale=1.0">
    <title>Edit Post - {{ title }}</title>
</head>
<body>
    <h2>Edit Post - {{ title }}</h2>
    <form method="POST" action="/edit_post/{{ title }}">
        <label for="content">Content:</label>
        <textarea id="content" name="content" required></textarea>
        <br>
        <button type="submit">Update Post</button>
    </form>
    <a href="/main">Back to Main</a>
</body>
</html>

file name: users.txt

admin|admin123|admin@example.com
user1|password1|user1@example.com

file name: posts.txt

First Post|This is the content of the first post.|admin
Second Post|This is the content of the second post.|user1


-----
# Format Example 
*** main.py
```python
...
```

*** ui.py
```python
...
```
-----
## coding sub-task
T5:|Add user feedback messages.|Implement functionality to show success or error messages for login, registration, and post actions on relevant pages.|[T1, T2, T3]|related files:[main.py]

## Documents Relevant to the sub-task
{
## Extracted Relevant Sections for Task: Add User Feedback Messages

### Software Functional Requirements
10. Users shall be shown appropriate messages for successful or unsuccessful actions (login, registration, post creation, etc.) on each relevant page.

### User's Original Demand
Users shall be shown appropriate messages for successful or unsuccessful actions (login, registration, post creation, etc.) on each relevant page.
}
(End for Documents Relevant)

# Instruction: Based on the context, follow "Format example", write or revise code to complete task described in "coding sub-task".
## ATTENTION
1. Use '***' to SPLIT different CODE SECTIONS. do not forget ``` in each file, refer the the example. Output format carefully referenced "Format example".
2. Follow design: YOU MUST FOLLOW "Data structures and interfaces". DONT CHANGE ANY DESIGN. Do not use public member functions that do not exist in your design.
3. Follow task: YOU MUST write Comprehensive codes to complete the sub-task.
4. Understand "Documents Relevant to the sub-task": Use this document, along with the architecture and task plan, as guidelines to construct your code.
4. CAREFULLY CHECK THAT YOU DONT MISS ANY NECESSARY CLASS/FUNCTION IN THE FILE.
5. You must import the third-party libraries used in your code
6. If you import a Class, you must import it firstly.
7. Determine the order of writing the files based on your understanding of the project.
9. Write out EVERY CODE DETAIL, DON'T LEAVE TODO,PASS,PLACEHOLDER.
9. Only write code result, do not output any other content in the start or in the end.
10. If you need to generate text data, follow the rules outlined in "<When Storing Data>" below.
 <When storing data>:
Different groups of data are distinguished by line breaks.
Different contents of the same group of data are distinguished by |.
Within any single content that contains multiple sub-entries, those sub-entries are separated by commas ,.
Example:
admin1|pass123|entry1,entry2,entry3  
admin2|pass123|entry1
Make sure:
The | character is used only to separate distinct contents within a group.
Commas , are used exclusively to separate multiple sub-entries within a single content.

# Website Development Rule
If you are doing website development, be sure to route the root path (/). If there is a login page, set the login page as the root route(/).
If you are doing website development, please do not encrypt the account password for the login function.
If you are doing website development, your code needs to take into account the process of loading data from the data file, so don't forget to load the data.
If you are doing Website Development, do not follow the rules of Website and Game development.
# GUI tkinter Development Rule
If you are doing GUI tkinter Development, do not follow the rules of Website and Game development.
# Game Development Rule
If the software needs to load data, please make sure the loading data code matches the data format and data file.
If you are doing Game Development, do not follow the rules of Website and Game development.

# important rule
Use '***' to SPLIT CODE SECTIONS. do not forget ``` in each file, refer the the example. Output format carefully referenced "Format example". 
Adhere strictly to the task requirements and implement them fully; do not include placeholders or "example" for code that is intended for future implementation.

2025-01-01 Wednesday 12:12:22 _client.py : INFO  HTTP Request: POST https://api.chatanywhere.tech/chat/completions "HTTP/1.1 200 OK"
2025-01-01 Wednesday 12:12:22 model.py : INFO  following invoke cost: 5514 | all cost: 47418
2025-01-01 Wednesday 12:12:22 programmer.py : INFO  
*** main.py
```python
from flask import Flask, render_template, request, redirect, url_for, session, flash
import os

app = Flask(__name__)
app.secret_key = 'your_secret_key'

class User:
    def __init__(self, username: str, password: str, email: str):
        self.username = username
        self.password = password
        self.email = email

    def save(self):
        with open('users.txt', 'a') as f:
            f.write(f"{self.username}|{self.password}|{self.email}\n")

    @staticmethod
    def load_users():
        users = []
        if os.path.exists('users.txt'):
            with open('users.txt', 'r') as f:
                for line in f:
                    username, password, email = line.strip().split('|')
                    users.append(User(username, password, email))
        return users

class Post:
    def __init__(self, title: str, content: str, author: str):
        self.title = title
        self.content = content
        self.author = author

    def save(self):
        with open('posts.txt', 'a') as f:
            f.write(f"{self.title}|{self.content}|{self.author}\n")

    @staticmethod
    def load_posts():
        posts = []
        if os.path.exists('posts.txt'):
            with open('posts.txt', 'r') as f:
                for line in f:
                    title, content, author = line.strip().split('|')
                    posts.append(Post(title, content, author))
        return posts

class Auth:
    @staticmethod
    def login(username: str, password: str) -> bool:
        users = User.load_users()
        for user in users:
            if user.username == username and user.password == password:
                session['username'] = username
                return True
        return False

    @staticmethod
    def register(username: str, password: str, email: str) -> bool:
        users = User.load_users()
        if any(user.username == username for user in users):
            return False
        new_user = User(username, password, email)
        new_user.save()
        return True

class Blog:
    @staticmethod
    def create_post(title: str, content: str, author: str):
        new_post = Post(title, content, author)
        new_post.save()

    @staticmethod
    def edit_post(title: str, content: str):
        posts = Post.load_posts()
        for post in posts:
            if post.title == title:
                post.content = content
                break
        with open('posts.txt', 'w') as f:
            for post in posts:
                f.write(f"{post.title}|{post.content}|{post.author}\n")

    @staticmethod
    def delete_post(title: str):
        posts = Post.load_posts()
        posts = [post for post in posts if post.title != title]
        with open('posts.txt', 'w') as f:
            for post in posts:
                f.write(f"{post.title}|{post.content}|{post.author}\n")

    @staticmethod
    def view_post(title: str) -> str:
        posts = Post.load_posts()
        for post in posts:
            if post.title == title:
                return post.content
        return ""

    @staticmethod
    def list_posts() -> list:
        return Post.load_posts()

@app.route('/')
def login():
    return render_template('login.html')

@app.route('/login', methods=['POST'])
def do_login():
    username = request.form['username']
    password = request.form['password']
    if Auth.login(username, password):
        flash("Login successful!", "success")
        return redirect(url_for('main'))
    else:
        flash("Login failed. Please check your username and password.", "error")
        return redirect(url_for('login'))

@app.route('/register', methods=['GET', 'POST'])
def register():
    if request.method == 'POST':
        username = request.form['username']
        password = request.form['password']
        email = request.form['email']
        if Auth.register(username, password, email):
            flash("Registration successful! You can now log in.", "success")
            return redirect(url_for('login'))
        else:
            flash("Registration failed. Username may already exist.", "error")
            return redirect(url_for('register'))
    return render_template('register.html')

@app.route('/main', methods=['GET', 'POST'])
def main():
    if request.method == 'POST':
        title = request.form['title']
        content = request.form['content']
        author = session.get('username')
        Blog.create_post(title, content, author)
        flash("Post created successfully!", "success")
        return redirect(url_for('main'))
    posts = Blog.list_posts()
    return render_template('main.html', posts=posts)

@app.route('/new_post', methods=['GET', 'POST'])
def new_post():
    if request.method == 'POST':
        title = request.form['title']
        content = request.form['content']
        author = session.get('username')
        Blog.create_post(title, content, author)
        flash("Post created successfully!", "success")
        return redirect(url_for('main'))
    return render_template('new_post.html')

@app.route('/view_post/<title>')
def view_post(title):
    content = Blog.view_post(title)
    return render_template('view_post.html', title=title, content=content)

@app.route('/edit_post/<title>', methods=['GET', 'POST'])
def edit_post(title):
    if request.method == 'POST':
        content = request.form['content']
        Blog.edit_post(title, content)
        flash("Post updated successfully!", "success")
        return redirect(url_for('main'))
    return render_template('edit_post.html', title=title)

@app.route('/logout')
def logout():
    session.pop('username', None)
    flash("You have been logged out.", "info")
    return redirect(url_for('login'))

if __name__ == '__main__':
    app.run(debug=True)
```
2025-01-01 Wednesday 12:12:22 programmer.py : INFO  **[Update Codes]**

main.py updated.


```
'''

'''
--- Old
+++ New
@@ -1,4 +1,4 @@
-from flask import Flask, render_template, request, redirect, url_for, session
+from flask import Flask, render_template, request, redirect, url_for, session, flash
 import os
 
 app = Flask(__name__)
@@ -109,9 +109,11 @@
     username = request.form['username']
     password = request.form['password']
     if Auth.login(username, password):
+        flash("Login successful!", "success")
         return redirect(url_for('main'))
     else:
-        return "Login failed. Please check your username and password."
+        flash("Login failed. Please check your username and password.", "error")
+        return redirect(url_for('login'))
 
 @app.route('/register', methods=['GET', 'POST'])
 def register():
@@ -120,9 +122,11 @@
         password = request.form['password']
         email = request.form['email']
         if Auth.register(username, password, email):
+            flash("Registration successful! You can now log in.", "success")
             return redirect(url_for('login'))
         else:
-            return "Registration failed. Username may already exist."
+            flash("Registration failed. Username may already exist.", "error")
+            return redirect(url_for('register'))
     return render_template('register.html')
 
 @app.route('/main', methods=['GET', 'POST'])
@@ -132,6 +136,7 @@
         content = request.form['content']
         author = session.get('username')
         Blog.create_post(title, content, author)
+        flash("Post created successfully!", "success")
         return redirect(url_for('main'))
     posts = Blog.list_posts()
     return render_template('main.html', posts=posts)
@@ -143,6 +148,7 @@
         content = request.form['content']
         author = session.get('username')
         Blog.create_post(title, content, author)
+        flash("Post created successfully!", "success")
         return redirect(url_for('main'))
     return render_template('new_post.html')
 
@@ -156,12 +162,14 @@
     if request.method == 'POST':
         content = request.form['content']
         Blog.edit_post(title, content)
+        flash("Post updated successfully!", "success")
         return redirect(url_for('main'))
     return render_template('edit_post.html', title=title)
 
 @app.route('/logout')
 def logout():
     session.pop('username', None)
+    flash("You have been logged out.", "info")
     return redirect(url_for('login'))
 
 if __name__ == '__main__':
```
2025-01-01 Wednesday 12:12:22 searcher.py : INFO  
You are an excellent software task-oriented analyst. Your task is to accurately extract and compile all relevant sections from the requirements document and user demands that are directly related to a given task description, and present them in a concise and well-organized document.


## This is the PRD you can retrieve, which contains functional requirements for the system:
[OUTPUT] ## general overview of the project The objective of the 'PersonalBlog' web application is to provide users with a simple platform to create, manage, and share their personal blog entries without relying on a database; all data will be stored locally in text files. ## software functional requirements 1. Users shall be able to log in to their account by entering a username and password on the Login Page. 2. Users shall be able to register a new account by providing a username, password, and email on the Registration Page. 3. Users shall be able to view a list of their blog posts on the Main Blog Page, with options to create a new post or view existing posts. 4. Users shall be able to create a new blog post by providing a title and content on the New Post Page. 5. Users shall be able to view the full content of a selected post on the View Post Page. 6. Users shall be able to edit an existing post by modifying the title and content on the Edit Post Page. 7. Users shall be able to delete a blog post from the View Post Page. 8. Users shall be able to navigate back to the main blog page from the View Post, Edit Post, and New Post Pages using a back button. 9. Users shall be able to log out of their account from the Main Blog Page. 10. Users shall be shown appropriate messages for successful or unsuccessful actions (login, registration, post creation, etc.) on each relevant page. [/OUTPUT]

## This is the user's original demand, which includes not only functional requirements but also other special requirements.
# Software Description

## Objective
The objective of the 'PersonalBlog' web application is to provide users with a simple platform to create, manage, and share their personal blog entries without relying on a database; all data will be stored locally in text files.

## Core Features

Users shall be able to log in to their account by entering a username and password on the Login Page.
Users shall be able to register a new account by providing a username, password, and email on the Registration Page.
Users shall be able to view a list of their blog posts on the Main Blog Page, with options to create a new post or view existing posts.
Users shall be able to create a new blog post by providing a title and content on the New Post Page.
Users shall be able to view the full content of a selected post on the View Post Page.
Users shall be able to edit an existing post by modifying the title and content on the Edit Post Page.
Users shall be able to delete a blog post from the View Post Page.
Users shall be able to navigate back to the main blog page from the View Post, Edit Post, and New Post Pages using a back button.
Users shall be able to log out of their account from the Main Blog Page.
Users shall be shown appropriate messages for successful or unsuccessful actions (login, registration, post creation, etc.) on each relevant page.

## Language

Use html and python to develop a web application.
You should use html to generate the web template by yourself.
## Data Storage
Data will be stored in local text files.
Different types of data will be stored in separate `.txt` files.
You should define the text file by yourself in advance.
This structured data storage will facilitate easy data retrieval and management through simple file manipulations in Python, ensuring the application remains light and efficient without the need for a SQL database.

## now, you get one following specific task:
|Test the application.|Conduct testing of all functionalities including login, registration, post creation, editing, and deletion to ensure everything works as expected.|[T0, T1, T2, T3, T4, T5]|related files:[main.py]

## Action
You should extract the sections directly related to the specific task described above from the two documents.
After extraction, integrate the relevant sections into a single output, ensuring duplicate content is removed.

Key Points:
The extracted content must remain unaltered. Do not modify any part of the retrieved sections.
Include only the necessary sections. Exclude any content you are certain is irrelevant to the current task.
Aim for conciseness: less is better.

2025-01-01 Wednesday 12:12:25 _client.py : INFO  HTTP Request: POST https://api.chatanywhere.tech/chat/completions "HTTP/1.1 200 OK"
2025-01-01 Wednesday 12:12:25 model.py : INFO  following invoke cost: 1315 | all cost: 48733
2025-01-01 Wednesday 12:12:25 searcher.py : INFO  retrievaled reslt is: 
## Extracted Relevant Sections for Testing the Application

### General Overview
The objective of the 'PersonalBlog' web application is to provide users with a simple platform to create, manage, and share their personal blog entries without relying on a database; all data will be stored locally in text files.

### Software Functional Requirements
1. Users shall be able to log in to their account by entering a username and password on the Login Page.
2. Users shall be able to register a new account by providing a username, password, and email on the Registration Page.
3. Users shall be able to view a list of their blog posts on the Main Blog Page, with options to create a new post or view existing posts.
4. Users shall be able to create a new blog post by providing a title and content on the New Post Page.
5. Users shall be able to view the full content of a selected post on the View Post Page.
6. Users shall be able to edit an existing post by modifying the title and content on the Edit Post Page.
7. Users shall be able to delete a blog post from the View Post Page.
9. Users shall be able to log out of their account from the Main Blog Page.
10. Users shall be shown appropriate messages for successful or unsuccessful actions (login, registration, post creation, etc.) on each relevant page.

### Language
Use html and python to develop a web application. You should use html to generate the web template by yourself.

### Data Storage
Data will be stored in local text files. Different types of data will be stored in separate `.txt` files. You should define the text file by yourself in advance. This structured data storage will facilitate easy data retrieval and management through simple file manipulations in Python, ensuring the application remains light and efficient without the need for a SQL database.
2025-01-01 Wednesday 12:12:25 programmer.py : INFO  
You are a professional engineer; the main goal is to write google-style, elegant, modular, easy to read and maintain code.
Output format carefully referenced "Format example".
In addition to writing code, you may also need to complete the data files in the task list (such as .txt .json .csv files). If the task list requires the implementation of data files, you need to simply design some data that meets the requirements for your completed software to facilitate the startup and testing of the software as a demo.


# Context
## Design
[CONTENT] "Implementation approach": "We will use Flask as the web framework to create the PersonalBlog application. Flask is lightweight and suitable for building simple web applications. For the front-end, we will use HTML to create the necessary templates. User data and blog posts will be stored in local text files, ensuring that the application remains simple and efficient without a database.", "UI design":"- The application will have a Login Page for user authentication, a Registration Page for new users, a Main Blog Page to list blog posts, a New Post Page for creating posts, a View Post Page for displaying individual posts, and an Edit Post Page for modifying existing posts. Each page will have a consistent layout with navigation links.", "Data Storage":"Data will be stored in local text files. We will create the following files: 'users.txt' for storing user credentials (username, password, email) and 'posts.txt' for storing blog posts (title, content, author). Each entry will be stored in a structured format to facilitate easy retrieval and management.", "File list": ["main.py", "templates/login.html", "templates/register.html", "templates/main.html", "templates/new_post.html", "templates/view_post.html", "templates/edit_post.html", "users.txt", "posts.txt"], "Data structures and interfaces": " classDiagram     class Main {         -Flask app         +run() None     }     class User {         -username: str         -password: str         -email: str         +__init__(username: str, password: str, email: str) None         +save() None         +load_users() list     }     class Post {         -title: str         -content: str         -author: str         +__init__(title: str, content: str, author: str) None         +save() None         +load_posts() list     }     class Auth {         +login(username: str, password: str) bool         +register(username: str, password: str, email: str) bool     }     class Blog {         +create_post(title: str, content: str, author: str) None         +edit_post(title: str, content: str) None         +delete_post(title: str) None         +view_post(title: str) str         +list_posts() list     }     Main --> Auth     Main --> Blog     Auth --> User     Blog --> Post ", [/CONTENT]
## Whole Task Plan
{'Required packages': ['flask==1.1.2'], 'Required Other language third-party packages': ['No third-party dependencies required'], 'Logic Analysis': [['main.py', 'The main file of the application, responsible for initializing the Flask app and routing. Contains the Main class and the main application logic.'], ['templates/login.html', 'HTML template for the Login Page, includes form for username and password.'], ['templates/register.html', 'HTML template for the Registration Page, includes form for username, password, and email.'], ['templates/main.html', 'HTML template for the Main Blog Page, displays list of blog posts and navigation options.'], ['templates/new_post.html', 'HTML template for the New Post Page, includes form for creating a new blog post.'], ['templates/view_post.html', 'HTML template for the View Post Page, displays full content of a selected post.'], ['templates/edit_post.html', 'HTML template for the Edit Post Page, includes form for editing an existing blog post.']], 'Task list': {'T0': '|Set up Flask application and routing.|Initialize the Flask app in main.py, set up routes for login, registration, main blog page, new post, view post, and edit post.|[]|related files:["main.py"]', 'T1': '|Implement user authentication.|Create User class in main.py, implement login and registration methods, and handle user data in users.txt.|[T0]|related files:[main.py]', 'T2': 'Create some sort of management features for blog posts in main.py, involving a Blog class with various methods for handling posts and some data storage.', 'T3': '|Develop HTML templates for user interface.|Create login.html, register.html, main.html, new_post.html, view_post.html, and edit_post.html with appropriate forms and navigation links.|[T0]|related files:[templates/login.html, templates/register.html, templates/main.html, templates/new_post.html, templates/view_post.html, templates/edit_post.html]', 'T4': '|Implement data storage and retrieval.|Implement methods in User and Post classes to save and load data from users.txt and posts.txt.|[T1, T2]|related files:[main.py]', 'T5': '|Add user feedback messages.|Implement functionality to show success or error messages for login, registration, and post actions on relevant pages.|[T1, T2, T3]|related files:[main.py]', 'T6': '|Test the application.|Conduct testing of all functionalities including login, registration, post creation, editing, and deletion to ensure everything works as expected.|[T0, T1, T2, T3, T4, T5]|related files:[main.py]'}, 'Shared Knowledge': '`main.py` contains the main application logic and routing for the entire project.'}

## files(already available)
file name: main.py

from flask import Flask, render_template, request, redirect, url_for, session, flash
import os

app = Flask(__name__)
app.secret_key = 'your_secret_key'

class User:
    def __init__(self, username: str, password: str, email: str):
        self.username = username
        self.password = password
        self.email = email

    def save(self):
        with open('users.txt', 'a') as f:
            f.write(f"{self.username}|{self.password}|{self.email}\n")

    @staticmethod
    def load_users():
        users = []
        if os.path.exists('users.txt'):
            with open('users.txt', 'r') as f:
                for line in f:
                    username, password, email = line.strip().split('|')
                    users.append(User(username, password, email))
        return users

class Post:
    def __init__(self, title: str, content: str, author: str):
        self.title = title
        self.content = content
        self.author = author

    def save(self):
        with open('posts.txt', 'a') as f:
            f.write(f"{self.title}|{self.content}|{self.author}\n")

    @staticmethod
    def load_posts():
        posts = []
        if os.path.exists('posts.txt'):
            with open('posts.txt', 'r') as f:
                for line in f:
                    title, content, author = line.strip().split('|')
                    posts.append(Post(title, content, author))
        return posts

class Auth:
    @staticmethod
    def login(username: str, password: str) -> bool:
        users = User.load_users()
        for user in users:
            if user.username == username and user.password == password:
                session['username'] = username
                return True
        return False

    @staticmethod
    def register(username: str, password: str, email: str) -> bool:
        users = User.load_users()
        if any(user.username == username for user in users):
            return False
        new_user = User(username, password, email)
        new_user.save()
        return True

class Blog:
    @staticmethod
    def create_post(title: str, content: str, author: str):
        new_post = Post(title, content, author)
        new_post.save()

    @staticmethod
    def edit_post(title: str, content: str):
        posts = Post.load_posts()
        for post in posts:
            if post.title == title:
                post.content = content
                break
        with open('posts.txt', 'w') as f:
            for post in posts:
                f.write(f"{post.title}|{post.content}|{post.author}\n")

    @staticmethod
    def delete_post(title: str):
        posts = Post.load_posts()
        posts = [post for post in posts if post.title != title]
        with open('posts.txt', 'w') as f:
            for post in posts:
                f.write(f"{post.title}|{post.content}|{post.author}\n")

    @staticmethod
    def view_post(title: str) -> str:
        posts = Post.load_posts()
        for post in posts:
            if post.title == title:
                return post.content
        return ""

    @staticmethod
    def list_posts() -> list:
        return Post.load_posts()

@app.route('/')
def login():
    return render_template('login.html')

@app.route('/login', methods=['POST'])
def do_login():
    username = request.form['username']
    password = request.form['password']
    if Auth.login(username, password):
        flash("Login successful!", "success")
        return redirect(url_for('main'))
    else:
        flash("Login failed. Please check your username and password.", "error")
        return redirect(url_for('login'))

@app.route('/register', methods=['GET', 'POST'])
def register():
    if request.method == 'POST':
        username = request.form['username']
        password = request.form['password']
        email = request.form['email']
        if Auth.register(username, password, email):
            flash("Registration successful! You can now log in.", "success")
            return redirect(url_for('login'))
        else:
            flash("Registration failed. Username may already exist.", "error")
            return redirect(url_for('register'))
    return render_template('register.html')

@app.route('/main', methods=['GET', 'POST'])
def main():
    if request.method == 'POST':
        title = request.form['title']
        content = request.form['content']
        author = session.get('username')
        Blog.create_post(title, content, author)
        flash("Post created successfully!", "success")
        return redirect(url_for('main'))
    posts = Blog.list_posts()
    return render_template('main.html', posts=posts)

@app.route('/new_post', methods=['GET', 'POST'])
def new_post():
    if request.method == 'POST':
        title = request.form['title']
        content = request.form['content']
        author = session.get('username')
        Blog.create_post(title, content, author)
        flash("Post created successfully!", "success")
        return redirect(url_for('main'))
    return render_template('new_post.html')

@app.route('/view_post/<title>')
def view_post(title):
    content = Blog.view_post(title)
    return render_template('view_post.html', title=title, content=content)

@app.route('/edit_post/<title>', methods=['GET', 'POST'])
def edit_post(title):
    if request.method == 'POST':
        content = request.form['content']
        Blog.edit_post(title, content)
        flash("Post updated successfully!", "success")
        return redirect(url_for('main'))
    return render_template('edit_post.html', title=title)

@app.route('/logout')
def logout():
    session.pop('username', None)
    flash("You have been logged out.", "info")
    return redirect(url_for('login'))

if __name__ == '__main__':
    app.run(debug=True)

file name: templates/login.html

<!DOCTYPE html>
<html lang="en">
<head>
    <meta charset="UTF-8">
    <meta name="viewport" content="width=device-width, initial-scale=1.0">
    <title>Login</title>
</head>
<body>
    <h2>Login</h2>
    <form method="POST" action="/login">
        <label for="username">Username:</label>
        <input type="text" id="username" name="username" required>
        <br>
        <label for="password">Password:</label>
        <input type="password" id="password" name="password" required>
        <br>
        <button type="submit">Login</button>
    </form>
    <p>Don't have an account? <a href="/register">Register here</a></p>
</body>
</html>

file name: templates/register.html

<!DOCTYPE html>
<html lang="en">
<head>
    <meta charset="UTF-8">
    <meta name="viewport" content="width=device-width, initial-scale=1.0">
    <title>Register</title>
</head>
<body>
    <h2>Register</h2>
    <form method="POST" action="/register">
        <label for="username">Username:</label>
        <input type="text" id="username" name="username" required>
        <br>
        <label for="password">Password:</label>
        <input type="password" id="password" name="password" required>
        <br>
        <label for="email">Email:</label>
        <input type="email" id="email" name="email" required>
        <br>
        <button type="submit">Register</button>
    </form>
    <p>Already have an account? <a href="/">Login here</a></p>
</body>
</html>

file name: templates/main.html

<!DOCTYPE html>
<html lang="en">
<head>
    <meta charset="UTF-8">
    <meta name="viewport" content="width=device-width, initial-scale=1.0">
    <title>Main Blog Page</title>
</head>
<body>
    <h2>Blog Posts</h2>
    <a href="/new_post">Create New Post</a>
    <ul>
        {% for post in posts %}
            <li><a href="/view_post/{{ post.title }}">{{ post.title }}</a> by {{ post.author }}</li>
        {% endfor %}
    </ul>
    <a href="/logout">Logout</a>
</body>
</html>

file name: templates/new_post.html

<!DOCTYPE html>
<html lang="en">
<head>
    <meta charset="UTF-8">
    <meta name="viewport" content="width=device-width, initial-scale=1.0">
    <title>New Post</title>
</head>
<body>
    <h2>Create New Post</h2>
    <form method="POST" action="/new_post">
        <label for="title">Title:</label>
        <input type="text" id="title" name="title" required>
        <br>
        <label for="content">Content:</label>
        <textarea id="content" name="content" required></textarea>
        <br>
        <button type="submit">Create Post</button>
    </form>
    <a href="/main">Back to Main</a>
</body>
</html>

file name: templates/view_post.html

<!DOCTYPE html>
<html lang="en">
<head>
    <meta charset="UTF-8">
    <meta name="viewport" content="width=device-width, initial-scale=1.0">
    <title>{{ title }}</title>
</head>
<body>
    <h2>{{ title }}</h2>
    <p>{{ content }}</p>
    <a href="/edit_post/{{ title }}">Edit Post</a>
    <a href="/main">Back to Main</a>
</body>
</html>

file name: templates/edit_post.html

<!DOCTYPE html>
<html lang="en">
<head>
    <meta charset="UTF-8">
    <meta name="viewport" content="width=device-width, initial-scale=1.0">
    <title>Edit Post - {{ title }}</title>
</head>
<body>
    <h2>Edit Post - {{ title }}</h2>
    <form method="POST" action="/edit_post/{{ title }}">
        <label for="content">Content:</label>
        <textarea id="content" name="content" required></textarea>
        <br>
        <button type="submit">Update Post</button>
    </form>
    <a href="/main">Back to Main</a>
</body>
</html>

file name: users.txt

admin|admin123|admin@example.com
user1|password1|user1@example.com

file name: posts.txt

First Post|This is the content of the first post.|admin
Second Post|This is the content of the second post.|user1


-----
# Format Example 
*** main.py
```python
...
```

*** ui.py
```python
...
```
-----
## coding sub-task
T6:|Test the application.|Conduct testing of all functionalities including login, registration, post creation, editing, and deletion to ensure everything works as expected.|[T0, T1, T2, T3, T4, T5]|related files:[main.py]

## Documents Relevant to the sub-task
{
## Extracted Relevant Sections for Testing the Application

### General Overview
The objective of the 'PersonalBlog' web application is to provide users with a simple platform to create, manage, and share their personal blog entries without relying on a database; all data will be stored locally in text files.

### Software Functional Requirements
1. Users shall be able to log in to their account by entering a username and password on the Login Page.
2. Users shall be able to register a new account by providing a username, password, and email on the Registration Page.
3. Users shall be able to view a list of their blog posts on the Main Blog Page, with options to create a new post or view existing posts.
4. Users shall be able to create a new blog post by providing a title and content on the New Post Page.
5. Users shall be able to view the full content of a selected post on the View Post Page.
6. Users shall be able to edit an existing post by modifying the title and content on the Edit Post Page.
7. Users shall be able to delete a blog post from the View Post Page.
9. Users shall be able to log out of their account from the Main Blog Page.
10. Users shall be shown appropriate messages for successful or unsuccessful actions (login, registration, post creation, etc.) on each relevant page.

### Language
Use html and python to develop a web application. You should use html to generate the web template by yourself.

### Data Storage
Data will be stored in local text files. Different types of data will be stored in separate `.txt` files. You should define the text file by yourself in advance. This structured data storage will facilitate easy data retrieval and management through simple file manipulations in Python, ensuring the application remains light and efficient without the need for a SQL database.
}
(End for Documents Relevant)

# Instruction: Based on the context, follow "Format example", write or revise code to complete task described in "coding sub-task".
## ATTENTION
1. Use '***' to SPLIT different CODE SECTIONS. do not forget ``` in each file, refer the the example. Output format carefully referenced "Format example".
2. Follow design: YOU MUST FOLLOW "Data structures and interfaces". DONT CHANGE ANY DESIGN. Do not use public member functions that do not exist in your design.
3. Follow task: YOU MUST write Comprehensive codes to complete the sub-task.
4. Understand "Documents Relevant to the sub-task": Use this document, along with the architecture and task plan, as guidelines to construct your code.
4. CAREFULLY CHECK THAT YOU DONT MISS ANY NECESSARY CLASS/FUNCTION IN THE FILE.
5. You must import the third-party libraries used in your code
6. If you import a Class, you must import it firstly.
7. Determine the order of writing the files based on your understanding of the project.
9. Write out EVERY CODE DETAIL, DON'T LEAVE TODO,PASS,PLACEHOLDER.
9. Only write code result, do not output any other content in the start or in the end.
10. If you need to generate text data, follow the rules outlined in "<When Storing Data>" below.
 <When storing data>:
Different groups of data are distinguished by line breaks.
Different contents of the same group of data are distinguished by |.
Within any single content that contains multiple sub-entries, those sub-entries are separated by commas ,.
Example:
admin1|pass123|entry1,entry2,entry3  
admin2|pass123|entry1
Make sure:
The | character is used only to separate distinct contents within a group.
Commas , are used exclusively to separate multiple sub-entries within a single content.

# Website Development Rule
If you are doing website development, be sure to route the root path (/). If there is a login page, set the login page as the root route(/).
If you are doing website development, please do not encrypt the account password for the login function.
If you are doing website development, your code needs to take into account the process of loading data from the data file, so don't forget to load the data.
If you are doing Website Development, do not follow the rules of Website and Game development.
# GUI tkinter Development Rule
If you are doing GUI tkinter Development, do not follow the rules of Website and Game development.
# Game Development Rule
If the software needs to load data, please make sure the loading data code matches the data format and data file.
If you are doing Game Development, do not follow the rules of Website and Game development.

# important rule
Use '***' to SPLIT CODE SECTIONS. do not forget ``` in each file, refer the the example. Output format carefully referenced "Format example". 
Adhere strictly to the task requirements and implement them fully; do not include placeholders or "example" for code that is intended for future implementation.

2025-01-01 Wednesday 12:12:40 _client.py : INFO  HTTP Request: POST https://api.chatanywhere.tech/chat/completions "HTTP/1.1 200 OK"
2025-01-01 Wednesday 12:12:40 model.py : INFO  following invoke cost: 6998 | all cost: 55731
2025-01-01 Wednesday 12:12:40 programmer.py : INFO  
*** main.py
```python
from flask import Flask, render_template, request, redirect, url_for, session, flash
import os

app = Flask(__name__)
app.secret_key = 'your_secret_key'

class User:
    def __init__(self, username: str, password: str, email: str):
        self.username = username
        self.password = password
        self.email = email

    def save(self):
        with open('users.txt', 'a') as f:
            f.write(f"{self.username}|{self.password}|{self.email}\n")

    @staticmethod
    def load_users():
        users = []
        if os.path.exists('users.txt'):
            with open('users.txt', 'r') as f:
                for line in f:
                    username, password, email = line.strip().split('|')
                    users.append(User(username, password, email))
        return users

class Post:
    def __init__(self, title: str, content: str, author: str):
        self.title = title
        self.content = content
        self.author = author

    def save(self):
        with open('posts.txt', 'a') as f:
            f.write(f"{self.title}|{self.content}|{self.author}\n")

    @staticmethod
    def load_posts():
        posts = []
        if os.path.exists('posts.txt'):
            with open('posts.txt', 'r') as f:
                for line in f:
                    title, content, author = line.strip().split('|')
                    posts.append(Post(title, content, author))
        return posts

class Auth:
    @staticmethod
    def login(username: str, password: str) -> bool:
        users = User.load_users()
        for user in users:
            if user.username == username and user.password == password:
                session['username'] = username
                return True
        return False

    @staticmethod
    def register(username: str, password: str, email: str) -> bool:
        users = User.load_users()
        if any(user.username == username for user in users):
            return False
        new_user = User(username, password, email)
        new_user.save()
        return True

class Blog:
    @staticmethod
    def create_post(title: str, content: str, author: str):
        new_post = Post(title, content, author)
        new_post.save()

    @staticmethod
    def edit_post(title: str, content: str):
        posts = Post.load_posts()
        for post in posts:
            if post.title == title:
                post.content = content
                break
        with open('posts.txt', 'w') as f:
            for post in posts:
                f.write(f"{post.title}|{post.content}|{post.author}\n")

    @staticmethod
    def delete_post(title: str):
        posts = Post.load_posts()
        posts = [post for post in posts if post.title != title]
        with open('posts.txt', 'w') as f:
            for post in posts:
                f.write(f"{post.title}|{post.content}|{post.author}\n")

    @staticmethod
    def view_post(title: str) -> str:
        posts = Post.load_posts()
        for post in posts:
            if post.title == title:
                return post.content
        return ""

    @staticmethod
    def list_posts() -> list:
        return Post.load_posts()

@app.route('/')
def login():
    return render_template('login.html')

@app.route('/login', methods=['POST'])
def do_login():
    username = request.form['username']
    password = request.form['password']
    if Auth.login(username, password):
        flash("Login successful!", "success")
        return redirect(url_for('main'))
    else:
        flash("Login failed. Please check your username and password.", "error")
        return redirect(url_for('login'))

@app.route('/register', methods=['GET', 'POST'])
def register():
    if request.method == 'POST':
        username = request.form['username']
        password = request.form['password']
        email = request.form['email']
        if Auth.register(username, password, email):
            flash("Registration successful! You can now log in.", "success")
            return redirect(url_for('login'))
        else:
            flash("Registration failed. Username may already exist.", "error")
            return redirect(url_for('register'))
    return render_template('register.html')

@app.route('/main', methods=['GET', 'POST'])
def main():
    if request.method == 'POST':
        title = request.form['title']
        content = request.form['content']
        author = session.get('username')
        Blog.create_post(title, content, author)
        flash("Post created successfully!", "success")
        return redirect(url_for('main'))
    posts = Blog.list_posts()
    return render_template('main.html', posts=posts)

@app.route('/new_post', methods=['GET', 'POST'])
def new_post():
    if request.method == 'POST':
        title = request.form['title']
        content = request.form['content']
        author = session.get('username')
        Blog.create_post(title, content, author)
        flash("Post created successfully!", "success")
        return redirect(url_for('main'))
    return render_template('new_post.html')

@app.route('/view_post/<title>')
def view_post(title):
    content = Blog.view_post(title)
    return render_template('view_post.html', title=title, content=content)

@app.route('/edit_post/<title>', methods=['GET', 'POST'])
def edit_post(title):
    if request.method == 'POST':
        content = request.form['content']
        Blog.edit_post(title, content)
        flash("Post updated successfully!", "success")
        return redirect(url_for('main'))
    return render_template('edit_post.html', title=title)

@app.route('/logout')
def logout():
    session.pop('username', None)
    flash("You have been logged out.", "info")
    return redirect(url_for('login'))

if __name__ == '__main__':
    app.run(debug=True)
```

*** templates/login.html
```html
<!DOCTYPE html>
<html lang="en">
<head>
    <meta charset="UTF-8">
    <meta name="viewport" content="width=device-width, initial-scale=1.0">
    <title>Login</title>
</head>
<body>
    <h2>Login</h2>
    <form method="POST" action="/login">
        <label for="username">Username:</label>
        <input type="text" id="username" name="username" required>
        <br>
        <label for="password">Password:</label>
        <input type="password" id="password" name="password" required>
        <br>
        <button type="submit">Login</button>
    </form>
    <p>Don't have an account? <a href="/register">Register here</a></p>
</body>
</html>
```

*** templates/register.html
```html
<!DOCTYPE html>
<html lang="en">
<head>
    <meta charset="UTF-8">
    <meta name="viewport" content="width=device-width, initial-scale=1.0">
    <title>Register</title>
</head>
<body>
    <h2>Register</h2>
    <form method="POST" action="/register">
        <label for="username">Username:</label>
        <input type="text" id="username" name="username" required>
        <br>
        <label for="password">Password:</label>
        <input type="password" id="password" name="password" required>
        <br>
        <label for="email">Email:</label>
        <input type="email" id="email" name="email" required>
        <br>
        <button type="submit">Register</button>
    </form>
    <p>Already have an account? <a href="/">Login here</a></p>
</body>
</html>
```

*** templates/main.html
```html
<!DOCTYPE html>
<html lang="en">
<head>
    <meta charset="UTF-8">
    <meta name="viewport" content="width=device-width, initial-scale=1.0">
    <title>Main Blog Page</title>
</head>
<body>
    <h2>Blog Posts</h2>
    <a href="/new_post">Create New Post</a>
    <ul>
        {% for post in posts %}
            <li><a href="/view_post/{{ post.title }}">{{ post.title }}</a> by {{ post.author }}</li>
        {% endfor %}
    </ul>
    <a href="/logout">Logout</a>
</body>
</html>
```

*** templates/new_post.html
```html
<!DOCTYPE html>
<html lang="en">
<head>
    <meta charset="UTF-8">
    <meta name="viewport" content="width=device-width, initial-scale=1.0">
    <title>New Post</title>
</head>
<body>
    <h2>Create New Post</h2>
    <form method="POST" action="/new_post">
        <label for="title">Title:</label>
        <input type="text" id="title" name="title" required>
        <br>
        <label for="content">Content:</label>
        <textarea id="content" name="content" required></textarea>
        <br>
        <button type="submit">Create Post</button>
    </form>
    <a href="/main">Back to Main</a>
</body>
</html>
```

*** templates/view_post.html
```html
<!DOCTYPE html>
<html lang="en">
<head>
    <meta charset="UTF-8">
    <meta name="viewport" content="width=device-width, initial-scale=1.0">
    <title>{{ title }}</title>
</head>
<body>
    <h2>{{ title }}</h2>
    <p>{{ content }}</p>
    <a href="/edit_post/{{ title }}">Edit Post</a>
    <a href="/main">Back to Main</a>
</body>
</html>
```

*** templates/edit_post.html
```html
<!DOCTYPE html>
<html lang="en">
<head>
    <meta charset="UTF-8">
    <meta name="viewport" content="width=device-width, initial-scale=1.0">
    <title>Edit Post - {{ title }}</title>
</head>
<body>
    <h2>Edit Post - {{ title }}</h2>
    <form method="POST" action="/edit_post/{{ title }}">
        <label for="content">Content:</label>
        <textarea id="content" name="content" required></textarea>
        <br>
        <button type="submit">Update Post</button>
    </form>
    <a href="/main">Back to Main</a>
</body>
</html>
```

*** users.txt
```
admin|admin123|admin@example.com
user1|password1|user1@example.com
```

*** posts.txt
```
First Post|This is the content of the first post.|admin
Second Post|This is the content of the second post.|user1
```
2025-01-01 Wednesday 12:12:40 programmer.py : INFO  **[Update Codes]**

main.py updated.


```
'''

'''

```
2025-01-01 Wednesday 12:12:40 programmer.py : INFO  **[Update Codes]**

templates/login.html updated.


```
'''

'''

```
2025-01-01 Wednesday 12:12:40 programmer.py : INFO  **[Update Codes]**

templates/register.html updated.


```
'''

'''

```
2025-01-01 Wednesday 12:12:40 programmer.py : INFO  **[Update Codes]**

templates/main.html updated.


```
'''

'''

```
2025-01-01 Wednesday 12:12:40 programmer.py : INFO  **[Update Codes]**

templates/new_post.html updated.


```
'''

'''

```
2025-01-01 Wednesday 12:12:40 programmer.py : INFO  **[Update Codes]**

templates/view_post.html updated.


```
'''

'''

```
2025-01-01 Wednesday 12:12:40 programmer.py : INFO  **[Update Codes]**

templates/edit_post.html updated.


```
'''

'''

```
2025-01-01 Wednesday 12:12:40 programmer.py : INFO  **[Update Codes]**

users.txt updated.


```
'''

'''

```
2025-01-01 Wednesday 12:12:40 programmer.py : INFO  **[Update Codes]**

posts.txt updated.


```
'''

'''

```
2025-01-01 Wednesday 12:12:40 programmer.py : INFO  




2025-01-01 Wednesday 12:12:40 programmer.py : INFO  *** main.py
```placeholder
from flask import Flask, render_template, request, redirect, url_for, session, flash
import os

app = Flask(__name__)
app.secret_key = 'your_secret_key'

class User:
    def __init__(self, username: str, password: str, email: str):
        self.username = username
        self.password = password
        self.email = email

    def save(self):
        with open('users.txt', 'a') as f:
            f.write(f"{self.username}|{self.password}|{self.email}\n")

    @staticmethod
    def load_users():
        users = []
        if os.path.exists('users.txt'):
            with open('users.txt', 'r') as f:
                for line in f:
                    username, password, email = line.strip().split('|')
                    users.append(User(username, password, email))
        return users

class Post:
    def __init__(self, title: str, content: str, author: str):
        self.title = title
        self.content = content
        self.author = author

    def save(self):
        with open('posts.txt', 'a') as f:
            f.write(f"{self.title}|{self.content}|{self.author}\n")

    @staticmethod
    def load_posts():
        posts = []
        if os.path.exists('posts.txt'):
            with open('posts.txt', 'r') as f:
                for line in f:
                    title, content, author = line.strip().split('|')
                    posts.append(Post(title, content, author))
        return posts

class Auth:
    @staticmethod
    def login(username: str, password: str) -> bool:
        users = User.load_users()
        for user in users:
            if user.username == username and user.password == password:
                session['username'] = username
                return True
        return False

    @staticmethod
    def register(username: str, password: str, email: str) -> bool:
        users = User.load_users()
        if any(user.username == username for user in users):
            return False
        new_user = User(username, password, email)
        new_user.save()
        return True

class Blog:
    @staticmethod
    def create_post(title: str, content: str, author: str):
        new_post = Post(title, content, author)
        new_post.save()

    @staticmethod
    def edit_post(title: str, content: str):
        posts = Post.load_posts()
        for post in posts:
            if post.title == title:
                post.content = content
                break
        with open('posts.txt', 'w') as f:
            for post in posts:
                f.write(f"{post.title}|{post.content}|{post.author}\n")

    @staticmethod
    def delete_post(title: str):
        posts = Post.load_posts()
        posts = [post for post in posts if post.title != title]
        with open('posts.txt', 'w') as f:
            for post in posts:
                f.write(f"{post.title}|{post.content}|{post.author}\n")

    @staticmethod
    def view_post(title: str) -> str:
        posts = Post.load_posts()
        for post in posts:
            if post.title == title:
                return post.content
        return ""

    @staticmethod
    def list_posts() -> list:
        return Post.load_posts()

@app.route('/')
def login():
    return render_template('login.html')

@app.route('/login', methods=['POST'])
def do_login():
    username = request.form['username']
    password = request.form['password']
    if Auth.login(username, password):
        flash("Login successful!", "success")
        return redirect(url_for('main'))
    else:
        flash("Login failed. Please check your username and password.", "error")
        return redirect(url_for('login'))

@app.route('/register', methods=['GET', 'POST'])
def register():
    if request.method == 'POST':
        username = request.form['username']
        password = request.form['password']
        email = request.form['email']
        if Auth.register(username, password, email):
            flash("Registration successful! You can now log in.", "success")
            return redirect(url_for('login'))
        else:
            flash("Registration failed. Username may already exist.", "error")
            return redirect(url_for('register'))
    return render_template('register.html')

@app.route('/main', methods=['GET', 'POST'])
def main():
    if request.method == 'POST':
        title = request.form['title']
        content = request.form['content']
        author = session.get('username')
        Blog.create_post(title, content, author)
        flash("Post created successfully!", "success")
        return redirect(url_for('main'))
    posts = Blog.list_posts()
    return render_template('main.html', posts=posts)

@app.route('/new_post', methods=['GET', 'POST'])
def new_post():
    if request.method == 'POST':
        title = request.form['title']
        content = request.form['content']
        author = session.get('username')
        Blog.create_post(title, content, author)
        flash("Post created successfully!", "success")
        return redirect(url_for('main'))
    return render_template('new_post.html')

@app.route('/view_post/<title>')
def view_post(title):
    content = Blog.view_post(title)
    return render_template('view_post.html', title=title, content=content)

@app.route('/edit_post/<title>', methods=['GET', 'POST'])
def edit_post(title):
    if request.method == 'POST':
        content = request.form['content']
        Blog.edit_post(title, content)
        flash("Post updated successfully!", "success")
        return redirect(url_for('main'))
    return render_template('edit_post.html', title=title)

@app.route('/logout')
def logout():
    session.pop('username', None)
    flash("You have been logged out.", "info")
    return redirect(url_for('login'))

if __name__ == '__main__':
    app.run(debug=True)
```

*** templates/login.html
```placeholder
<!DOCTYPE html>
<html lang="en">
<head>
    <meta charset="UTF-8">
    <meta name="viewport" content="width=device-width, initial-scale=1.0">
    <title>Login</title>
</head>
<body>
    <h2>Login</h2>
    <form method="POST" action="/login">
        <label for="username">Username:</label>
        <input type="text" id="username" name="username" required>
        <br>
        <label for="password">Password:</label>
        <input type="password" id="password" name="password" required>
        <br>
        <button type="submit">Login</button>
    </form>
    <p>Don't have an account? <a href="/register">Register here</a></p>
</body>
</html>
```

*** templates/register.html
```placeholder
<!DOCTYPE html>
<html lang="en">
<head>
    <meta charset="UTF-8">
    <meta name="viewport" content="width=device-width, initial-scale=1.0">
    <title>Register</title>
</head>
<body>
    <h2>Register</h2>
    <form method="POST" action="/register">
        <label for="username">Username:</label>
        <input type="text" id="username" name="username" required>
        <br>
        <label for="password">Password:</label>
        <input type="password" id="password" name="password" required>
        <br>
        <label for="email">Email:</label>
        <input type="email" id="email" name="email" required>
        <br>
        <button type="submit">Register</button>
    </form>
    <p>Already have an account? <a href="/">Login here</a></p>
</body>
</html>
```

*** templates/main.html
```placeholder
<!DOCTYPE html>
<html lang="en">
<head>
    <meta charset="UTF-8">
    <meta name="viewport" content="width=device-width, initial-scale=1.0">
    <title>Main Blog Page</title>
</head>
<body>
    <h2>Blog Posts</h2>
    <a href="/new_post">Create New Post</a>
    <ul>
        {% for post in posts %}
            <li><a href="/view_post/{{ post.title }}">{{ post.title }}</a> by {{ post.author }}</li>
        {% endfor %}
    </ul>
    <a href="/logout">Logout</a>
</body>
</html>
```

*** templates/new_post.html
```placeholder
<!DOCTYPE html>
<html lang="en">
<head>
    <meta charset="UTF-8">
    <meta name="viewport" content="width=device-width, initial-scale=1.0">
    <title>New Post</title>
</head>
<body>
    <h2>Create New Post</h2>
    <form method="POST" action="/new_post">
        <label for="title">Title:</label>
        <input type="text" id="title" name="title" required>
        <br>
        <label for="content">Content:</label>
        <textarea id="content" name="content" required></textarea>
        <br>
        <button type="submit">Create Post</button>
    </form>
    <a href="/main">Back to Main</a>
</body>
</html>
```

*** templates/view_post.html
```placeholder
<!DOCTYPE html>
<html lang="en">
<head>
    <meta charset="UTF-8">
    <meta name="viewport" content="width=device-width, initial-scale=1.0">
    <title>{{ title }}</title>
</head>
<body>
    <h2>{{ title }}</h2>
    <p>{{ content }}</p>
    <a href="/edit_post/{{ title }}">Edit Post</a>
    <a href="/main">Back to Main</a>
</body>
</html>
```

*** templates/edit_post.html
```placeholder
<!DOCTYPE html>
<html lang="en">
<head>
    <meta charset="UTF-8">
    <meta name="viewport" content="width=device-width, initial-scale=1.0">
    <title>Edit Post - {{ title }}</title>
</head>
<body>
    <h2>Edit Post - {{ title }}</h2>
    <form method="POST" action="/edit_post/{{ title }}">
        <label for="content">Content:</label>
        <textarea id="content" name="content" required></textarea>
        <br>
        <button type="submit">Update Post</button>
    </form>
    <a href="/main">Back to Main</a>
</body>
</html>
```

*** users.txt
```placeholder
admin|admin123|admin@example.com
user1|password1|user1@example.com
```

*** posts.txt
```placeholder
First Post|This is the content of the first post.|admin
Second Post|This is the content of the second post.|user1
```


2025-01-01 Wednesday 12:12:40 programmer.py : INFO  Programmer writting CODE: main.py
2025-01-01 Wednesday 12:12:40 programmer.py : INFO  Programmer writting CODE: templates/login.html
2025-01-01 Wednesday 12:12:40 programmer.py : INFO  Programmer writting CODE: templates/register.html
2025-01-01 Wednesday 12:12:40 programmer.py : INFO  Programmer writting CODE: templates/main.html
2025-01-01 Wednesday 12:12:40 programmer.py : INFO  Programmer writting CODE: templates/new_post.html
2025-01-01 Wednesday 12:12:40 programmer.py : INFO  Programmer writting CODE: templates/view_post.html
2025-01-01 Wednesday 12:12:40 programmer.py : INFO  Programmer writting CODE: templates/edit_post.html
2025-01-01 Wednesday 12:12:40 programmer.py : INFO  Programmer writting CODE: users.txt
2025-01-01 Wednesday 12:12:40 programmer.py : INFO  Programmer writting CODE: posts.txt
2025-01-01 Wednesday 12:12:55 _client.py : INFO  HTTP Request: POST https://api.chatanywhere.tech/chat/completions "HTTP/1.1 200 OK"
2025-01-01 Wednesday 12:14:30 ceaug_main.py : INFO  unit_test_result{'category': 'website', 'project_name': 'ce_0', 'passed': 6, 'failed': 2, 'errors': 0, 'total': 8, 'output': '.F....F.\n======================================================================\nFAIL: test_delete_blog_post (testcode.TestPersonalBlogApp.test_delete_blog_post)\n----------------------------------------------------------------------\nTraceback (most recent call last):\n  File "D:\\Project\\CE\\CE\\project\\website\\PersonalBlog\\ce\\ce_0\\code\\testcode.py", line 110, in test_delete_blog_post\n    self.fail("Delete functionality not implemented")\nAssertionError: Delete functionality not implemented\n======================================================================\nFAIL: test_user_registration (testcode.TestPersonalBlogApp.test_user_registration)\n----------------------------------------------------------------------\nTraceback (most recent call last):\n  File "D:\\Project\\CE\\CE\\project\\website\\PersonalBlog\\ce\\ce_0\\code\\testcode.py", line 46, in test_user_registration\n    self.assertIn("Registration successful!", self.driver.page_source)\nAssertionError: \'Registration successful!\' not found in \'<html lang="en"><head>\\n    <meta charset="UTF-8">\\n    <meta name="viewport" content="width=device-width, initial-scale=1.0">\\n    <title>Login</title>\\n</head>\\n<body>\\n    <h2>Login</h2>\\n    <form method="POST" action="/login">\\n        <label for="username">Username:</label>\\n        <input type="text" id="username" name="username" required="">\\n        <br>\\n        <label for="password">Password:</label>\\n        <input type="password" id="password" name="password" required="">\\n        <br>\\n        <button type="submit">Login</button>\\n    </form>\\n    <p>Don\\\'t have an account? <a href="/register">Register here</a></p>\\n\\n</body></html>\'\n----------------------------------------------------------------------\nRan 8 tests in 74.373s\nFAILED (failures=2)'}
2025-01-01 Wednesday 12:14:36 _client.py : INFO  HTTP Request: POST https://api.chatanywhere.tech/chat/completions "HTTP/1.1 200 OK"
2025-01-01 Wednesday 12:14:36 ceaug_main.py : INFO  {'role': 'user', 'content': 'You are a software test analyst. Please help me analyze the code of a project.\n        Here is the entire codebase for a project: --- DIRECTORY: D:/Project/CE/CE/project/website/PersonalBlog/ce\\ce_0\\code ---\n  --- FILE: main.py (PATH: D:/Project/CE/CE/project/website/PersonalBlog/ce\\ce_0\\code\\main.py, TYPE: .py) ---\nfrom flask import Flask, render_template, request, redirect, url_for, session, flash\nimport os\n\napp = Flask(__name__)\napp.secret_key = \'your_secret_key\'\n\nclass User:\n    def __init__(self, username: str, password: str, email: str):\n        self.username = username\n        self.password = password\n        self.email = email\n\n    def save(self):\n        with open(\'users.txt\', \'a\') as f:\n            f.write(f"{self.username}|{self.password}|{self.email}\\n")\n\n    @staticmethod\n    def load_users():\n        users = []\n        if os.path.exists(\'users.txt\'):\n            with open(\'users.txt\', \'r\') as f:\n                for line in f:\n                    username, password, email = line.strip().split(\'|\')\n                    users.append(User(username, password, email))\n        return users\n\nclass Post:\n    def __init__(self, title: str, content: str, author: str):\n        self.title = title\n        self.content = content\n        self.author = author\n\n    def save(self):\n        with open(\'posts.txt\', \'a\') as f:\n            f.write(f"{self.title}|{self.content}|{self.author}\\n")\n\n    @staticmethod\n    def load_posts():\n        posts = []\n        if os.path.exists(\'posts.txt\'):\n            with open(\'posts.txt\', \'r\') as f:\n                for line in f:\n                    title, content, author = line.strip().split(\'|\')\n                    posts.append(Post(title, content, author))\n        return posts\n\nclass Auth:\n    @staticmethod\n    def login(username: str, password: str) -> bool:\n        users = User.load_users()\n        for user in users:\n            if user.username == username and user.password == password:\n                session[\'username\'] = username\n                return True\n        return False\n\n    @staticmethod\n    def register(username: str, password: str, email: str) -> bool:\n        users = User.load_users()\n        if any(user.username == username for user in users):\n            return False\n        new_user = User(username, password, email)\n        new_user.save()\n        return True\n\nclass Blog:\n    @staticmethod\n    def create_post(title: str, content: str, author: str):\n        new_post = Post(title, content, author)\n        new_post.save()\n\n    @staticmethod\n    def edit_post(title: str, content: str):\n        posts = Post.load_posts()\n        for post in posts:\n            if post.title == title:\n                post.content = content\n                break\n        with open(\'posts.txt\', \'w\') as f:\n            for post in posts:\n                f.write(f"{post.title}|{post.content}|{post.author}\\n")\n\n    @staticmethod\n    def delete_post(title: str):\n        posts = Post.load_posts()\n        posts = [post for post in posts if post.title != title]\n        with open(\'posts.txt\', \'w\') as f:\n            for post in posts:\n                f.write(f"{post.title}|{post.content}|{post.author}\\n")\n\n    @staticmethod\n    def view_post(title: str) -> str:\n        posts = Post.load_posts()\n        for post in posts:\n            if post.title == title:\n                return post.content\n        return ""\n\n    @staticmethod\n    def list_posts() -> list:\n        return Post.load_posts()\n\n@app.route(\'/\')\ndef login():\n    return render_template(\'login.html\')\n\n@app.route(\'/login\', methods=[\'POST\'])\ndef do_login():\n    username = request.form[\'username\']\n    password = request.form[\'password\']\n    if Auth.login(username, password):\n        flash("Login successful!", "success")\n        return redirect(url_for(\'main\'))\n    else:\n        flash("Login failed. Please check your username and password.", "error")\n        return redirect(url_for(\'login\'))\n\n@app.route(\'/register\', methods=[\'GET\', \'POST\'])\ndef register():\n    if request.method == \'POST\':\n        username = request.form[\'username\']\n        password = request.form[\'password\']\n        email = request.form[\'email\']\n        if Auth.register(username, password, email):\n            flash("Registration successful! You can now log in.", "success")\n            return redirect(url_for(\'login\'))\n        else:\n            flash("Registration failed. Username may already exist.", "error")\n            return redirect(url_for(\'register\'))\n    return render_template(\'register.html\')\n\n@app.route(\'/main\', methods=[\'GET\', \'POST\'])\ndef main():\n    if request.method == \'POST\':\n        title = request.form[\'title\']\n        content = request.form[\'content\']\n        author = session.get(\'username\')\n        Blog.create_post(title, content, author)\n        flash("Post created successfully!", "success")\n        return redirect(url_for(\'main\'))\n    posts = Blog.list_posts()\n    return render_template(\'main.html\', posts=posts)\n\n@app.route(\'/new_post\', methods=[\'GET\', \'POST\'])\ndef new_post():\n    if request.method == \'POST\':\n        title = request.form[\'title\']\n        content = request.form[\'content\']\n        author = session.get(\'username\')\n        Blog.create_post(title, content, author)\n        flash("Post created successfully!", "success")\n        return redirect(url_for(\'main\'))\n    return render_template(\'new_post.html\')\n\n@app.route(\'/view_post/<title>\')\ndef view_post(title):\n    content = Blog.view_post(title)\n    return render_template(\'view_post.html\', title=title, content=content)\n\n@app.route(\'/edit_post/<title>\', methods=[\'GET\', \'POST\'])\ndef edit_post(title):\n    if request.method == \'POST\':\n        content = request.form[\'content\']\n        Blog.edit_post(title, content)\n        flash("Post updated successfully!", "success")\n        return redirect(url_for(\'main\'))\n    return render_template(\'edit_post.html\', title=title)\n\n@app.route(\'/logout\')\ndef logout():\n    session.pop(\'username\', None)\n    flash("You have been logged out.", "info")\n    return redirect(url_for(\'login\'))\n\nif __name__ == \'__main__\':\n    app.run(port=8139, debug=True)\n\n\n  --- FILE: posts.txt (PATH: D:/Project/CE/CE/project/website/PersonalBlog/ce\\ce_0\\code\\posts.txt, TYPE: .txt) ---\nFirst Post|This is the content of the first post.|admin\nSecond Post|This is the content of the second post.|user1\n\n\n  --- FILE: users.txt (PATH: D:/Project/CE/CE/project/website/PersonalBlog/ce\\ce_0\\code\\users.txt, TYPE: .txt) ---\nadmin|admin123|admin@example.com\nuser1|password1|user1@example.com\n\n\n  --- DIRECTORY: D:/Project/CE/CE/project/website/PersonalBlog/ce\\ce_0\\code\\templates ---\n    --- FILE: edit_post.html (PATH: D:/Project/CE/CE/project/website/PersonalBlog/ce\\ce_0\\code\\templates\\edit_post.html, TYPE: .html) ---\n<!DOCTYPE html>\n<html lang="en">\n<head>\n    <meta charset="UTF-8">\n    <meta name="viewport" content="width=device-width, initial-scale=1.0">\n    <title>Edit Post - {{ title }}</title>\n</head>\n<body>\n    <h2>Edit Post - {{ title }}</h2>\n    <form method="POST" action="/edit_post/{{ title }}">\n        <label for="content">Content:</label>\n        <textarea id="content" name="content" required></textarea>\n        <br>\n        <button type="submit">Update Post</button>\n    </form>\n    <a href="/main">Back to Main</a>\n</body>\n</html>\n\n    --- FILE: login.html (PATH: D:/Project/CE/CE/project/website/PersonalBlog/ce\\ce_0\\code\\templates\\login.html, TYPE: .html) ---\n<!DOCTYPE html>\n<html lang="en">\n<head>\n    <meta charset="UTF-8">\n    <meta name="viewport" content="width=device-width, initial-scale=1.0">\n    <title>Login</title>\n</head>\n<body>\n    <h2>Login</h2>\n    <form method="POST" action="/login">\n        <label for="username">Username:</label>\n        <input type="text" id="username" name="username" required>\n        <br>\n        <label for="password">Password:</label>\n        <input type="password" id="password" name="password" required>\n        <br>\n        <button type="submit">Login</button>\n    </form>\n    <p>Don\'t have an account? <a href="/register">Register here</a></p>\n</body>\n</html>\n\n    --- FILE: main.html (PATH: D:/Project/CE/CE/project/website/PersonalBlog/ce\\ce_0\\code\\templates\\main.html, TYPE: .html) ---\n<!DOCTYPE html>\n<html lang="en">\n<head>\n    <meta charset="UTF-8">\n    <meta name="viewport" content="width=device-width, initial-scale=1.0">\n    <title>Main Blog Page</title>\n</head>\n<body>\n    <h2>Blog Posts</h2>\n    <a href="/new_post">Create New Post</a>\n    <ul>\n        {% for post in posts %}\n            <li><a href="/view_post/{{ post.title }}">{{ post.title }}</a> by {{ post.author }}</li>\n        {% endfor %}\n    </ul>\n    <a href="/logout">Logout</a>\n</body>\n</html>\n\n    --- FILE: new_post.html (PATH: D:/Project/CE/CE/project/website/PersonalBlog/ce\\ce_0\\code\\templates\\new_post.html, TYPE: .html) ---\n<!DOCTYPE html>\n<html lang="en">\n<head>\n    <meta charset="UTF-8">\n    <meta name="viewport" content="width=device-width, initial-scale=1.0">\n    <title>New Post</title>\n</head>\n<body>\n    <h2>Create New Post</h2>\n    <form method="POST" action="/new_post">\n        <label for="title">Title:</label>\n        <input type="text" id="title" name="title" required>\n        <br>\n        <label for="content">Content:</label>\n        <textarea id="content" name="content" required></textarea>\n        <br>\n        <button type="submit">Create Post</button>\n    </form>\n    <a href="/main">Back to Main</a>\n</body>\n</html>\n\n    --- FILE: register.html (PATH: D:/Project/CE/CE/project/website/PersonalBlog/ce\\ce_0\\code\\templates\\register.html, TYPE: .html) ---\n<!DOCTYPE html>\n<html lang="en">\n<head>\n    <meta charset="UTF-8">\n    <meta name="viewport" content="width=device-width, initial-scale=1.0">\n    <title>Register</title>\n</head>\n<body>\n    <h2>Register</h2>\n    <form method="POST" action="/register">\n        <label for="username">Username:</label>\n        <input type="text" id="username" name="username" required>\n        <br>\n        <label for="password">Password:</label>\n        <input type="password" id="password" name="password" required>\n        <br>\n        <label for="email">Email:</label>\n        <input type="email" id="email" name="email" required>\n        <br>\n        <button type="submit">Register</button>\n    </form>\n    <p>Already have an account? <a href="/">Login here</a></p>\n</body>\n</html>\n\n    --- FILE: view_post.html (PATH: D:/Project/CE/CE/project/website/PersonalBlog/ce\\ce_0\\code\\templates\\view_post.html, TYPE: .html) ---\n<!DOCTYPE html>\n<html lang="en">\n<head>\n    <meta charset="UTF-8">\n    <meta name="viewport" content="width=device-width, initial-scale=1.0">\n    <title>{{ title }}</title>\n</head>\n<body>\n    <h2>{{ title }}</h2>\n    <p>{{ content }}</p>\n    <a href="/edit_post/{{ title }}">Edit Post</a>\n    <a href="/main">Back to Main</a>\n</body>\n</html>\n\n.\n        Here are the unit test codes for this project: import unittest\nfrom selenium import webdriver\nfrom selenium.webdriver.common.by import By\nimport time\nimport subprocess\n\nclass TestPersonalBlogApp(unittest.TestCase):\n\n    def setUp(self):\n        # Initialize the webdriver and open the login page\n        self.process = subprocess.Popen([\'python\', \'main.py\'])\n        time.sleep(2)  # Wait for the web application to fully start\n        self.driver = webdriver.Chrome()\n        self.driver.get(\'http://localhost:8139\')\n\n    def tearDown(self):\n        # Close the web driver session\n        self.driver.quit()\n        self.process.terminate()\n\n    def login(self, username, password):\n        # Helper method to perform login\n        self.driver.find_element(By.NAME, \'username\').send_keys(username)\n        self.driver.find_element(By.NAME, \'password\').send_keys(password)\n        self.driver.find_element(By.XPATH, \'//button[text()="Login"]\').click()\n        time.sleep(1)  # Wait for the next page to load\n\n    def test_user_registration(self):\n        # Functionalities 1: Test user registration functionality\n        self.driver.find_element(By.LINK_TEXT, \'Register here\').click()\n        time.sleep(1)  # Wait for the registration page to load\n\n        new_username = "new_user"\n        new_password = "new_password"\n        new_email = "new_user@example.com"\n\n        # Input username, password, and email for registration\n        self.driver.find_element(By.NAME, \'username\').send_keys(new_username)\n        self.driver.find_element(By.NAME, \'password\').send_keys(new_password)\n        self.driver.find_element(By.NAME, \'email\').send_keys(new_email)\n        self.driver.find_element(By.XPATH, \'//button[text()="Register"]\').click()\n        time.sleep(1)  # Wait for the next page to load\n\n        # Verify the user is redirected to the login page with a success message\n        self.assertIn("Login", self.driver.title)\n        self.assertIn("Registration successful!", self.driver.page_source)\n\n    def test_user_login(self):\n        # Functionalities 2: Test user login functionality\n        self.login("admin", "admin123")\n\n        # Verify that the Main Blog Page has loaded\n        self.assertIn("Main Blog Page", self.driver.title)\n\n    def test_create_new_blog_post(self):\n        # Functionalities 3: Test creating a new blog post\n        self.login("admin", "admin123")\n\n        # Navigate to New Post Page\n        self.driver.find_element(By.LINK_TEXT, \'Create New Post\').click()\n        time.sleep(1)  # Wait for the new post page to load\n\n        post_title = "My New Blog Post"\n        post_content = "This is the content of my new blog post."\n\n        # Fill out the new post form\n        self.driver.find_element(By.NAME, \'title\').send_keys(post_title)\n        self.driver.find_element(By.NAME, \'content\').send_keys(post_content)\n        self.driver.find_element(By.XPATH, \'//button[text()="Create Post"]\').click()\n        time.sleep(1)  # Wait for the post to be created\n\n        # Verify that the new post is displayed on the Main Blog Page\n        self.assertIn(post_title, self.driver.page_source)\n\n    def test_view_blog_posts(self):\n        # Functionalities 4: Test viewing blog posts after logging in\n        self.login("admin", "admin123")\n\n        # Verify that the Main Blog Page shows posts\n        posts = self.driver.find_elements(By.TAG_NAME, \'li\')\n        self.assertGreater(len(posts), 0, "No blog posts found.")\n\n    def test_edit_existing_post(self):\n        # Functionalities 5: Test editing an existing post\n        self.login("admin", "admin123")\n\n        # Navigate to View Post Page\n        self.driver.find_element(By.LINK_TEXT, \'First Post\').click()\n        time.sleep(1)  # Wait for the view post page to load\n\n        # Navigate to Edit Post Page\n        self.driver.find_element(By.LINK_TEXT, \'Edit Post\').click()\n        time.sleep(1)  # Wait for the edit post page to load\n\n        new_content = "This is the updated content of the first post."\n\n        # Edit the post content\n        self.driver.find_element(By.NAME, \'content\').clear()\n        self.driver.find_element(By.NAME, \'content\').send_keys(new_content)\n        self.driver.find_element(By.XPATH, \'//button[text()="Update Post"]\').click()\n        time.sleep(1)  # Wait for the post to be updated\n\n        # Verify that the post content is updated on the Main Blog Page\n        self.driver.find_element(By.LINK_TEXT, \'First Post\').click()\n        time.sleep(1)  # Wait for the view post page to load\n        self.assertIn(new_content, self.driver.page_source)\n\n    def test_delete_blog_post(self):\n        # Functionalities 6: Test deleting a blog post\n        self.fail("Delete functionality not implemented")\n\n    def test_navigation(self):\n        # Functionalities 7: Test navigation from View Post Page to Main Blog Page\n        self.login("admin", "admin123")\n\n        # Navigate to View Post Page\n        self.driver.find_element(By.LINK_TEXT, \'First Post\').click()\n        time.sleep(1)  # Wait for the view post page to load\n\n        # Navigate back to Main Blog Page\n        self.driver.find_element(By.LINK_TEXT, \'Back to Main\').click()\n        time.sleep(1)  # Wait for the main blog page to load\n\n        # Verify that the Main Blog Page has loaded\n        self.assertIn("Main Blog Page", self.driver.title)\n\n    def test_user_logout(self):\n        # Functionalities 8: Test logging out\n        self.login("admin", "admin123")\n\n        # Click the Logout button\n        self.driver.find_element(By.LINK_TEXT, \'Logout\').click()\n        time.sleep(1)  # Wait for the login page to load\n\n        # Verify that the user is redirected to the Login Page\n        self.assertIn("Login", self.driver.title)\n\nif __name__ == \'__main__\':\n    unittest.main()\n.\n        These are all the unit test results (only including the failed ones):.F....F.\n======================================================================\nFAIL: test_delete_blog_post (testcode.TestPersonalBlogApp.test_delete_blog_post)\n----------------------------------------------------------------------\nTraceback (most recent call last):\n  File "D:\\Project\\CE\\CE\\project\\website\\PersonalBlog\\ce\\ce_0\\code\\testcode.py", line 110, in test_delete_blog_post\n    self.fail("Delete functionality not implemented")\nAssertionError: Delete functionality not implemented\n======================================================================\nFAIL: test_user_registration (testcode.TestPersonalBlogApp.test_user_registration)\n----------------------------------------------------------------------\nTraceback (most recent call last):\n  File "D:\\Project\\CE\\CE\\project\\website\\PersonalBlog\\ce\\ce_0\\code\\testcode.py", line 46, in test_user_registration\n    self.assertIn("Registration successful!", self.driver.page_source)\nAssertionError: \'Registration successful!\' not found in \'<html lang="en"><head>\\n    <meta charset="UTF-8">\\n    <meta name="viewport" content="width=device-width, initial-scale=1.0">\\n    <title>Login</title>\\n</head>\\n<body>\\n    <h2>Login</h2>\\n    <form method="POST" action="/login">\\n        <label for="username">Username:</label>\\n        <input type="text" id="username" name="username" required="">\\n        <br>\\n        <label for="password">Password:</label>\\n        <input type="password" id="password" name="password" required="">\\n        <br>\\n        <button type="submit">Login</button>\\n    </form>\\n    <p>Don\\\'t have an account? <a href="/register">Register here</a></p>\\n\\n</body></html>\'\n----------------------------------------------------------------------\nRan 8 tests in 74.373s\nFAILED (failures=2)\n        \n        Please analyze the test results one by one. For each unit test result, analyze step by step to identify the reasons for the test failure.'}
2025-01-01 Wednesday 12:14:36 ceaug_main.py : INFO  {'role': 'assistant', 'content': 'Let\'s analyze the two failed unit tests in your test results one by one.\n\n### 1. Test: `test_user_registration`\n\n#### Test Details\nThis test case is designed to verify the registration functionality of the blog application by:\n- Navigating to the registration page.\n- Filling out the registration form with a new username, password, and email.\n- Submitting the form and checking for a success message.\n\n#### Failure Reason\nThe test fails because it is unable to find the expected success message "Registration successful!" on the page after attempting to register a new user. Instead, it finds the login page without that message.\n\n#### Step-by-Step Analysis\n1. **Navigation to Register Page**: The test correctly navigates to the register page as indicated by the absence of exceptions up to this point.\n2. **Form Submission**:\n   - Inputs for `username`, `password`, and `email` are filled correctly.\n   - Upon clicking the register button, it is expected that the application processes the registration, saves the new user, and redirects to the login page with a success message.\n   \n3. **Expectation**:\n   - The test checks page source for "Registration successful!" which indicates the registration was properly executed and a session flash message confirms it.\n   \n4. **Actual Behavior**:\n   - The application instead just returns the login page. This suggests that the registration process did not complete successfully.\n   \n5. **Possible Causes**:\n   - The username `new_user` might have already existed if the test had been run previously or there might be an issue in the logic of registering that fails to store or inform the user about existing usernames.\n   - Lack of session flash messages after registration or a redirect implementation problem could also lead to this outcome.\n\n### Solution\n- Verify if the username exists in the `users.txt` file before the test. \n- Check the registration logic in the `Auth.register` method to ensure it is correctly processing and providing feedback about registration.\n- Ensure the session is properly initialized for flash messages to be captured.\n\n---\n\n### 2. Test: `test_delete_blog_post`\n\n#### Test Details\nThis test case is supposed to test the deletion functionality of blog posts. However, the functionality has not been implemented yet (a placeholder failure message was included).\n\n#### Failure Reason\nThis test fails simply because the test does not contain any implementation logic related to deleting a blog post. The test case calls `self.fail("Delete functionality not implemented")`, which is a forced failure stating that the test is incomplete.\n\n#### Step-by-Step Analysis\n1. **Initialization**: The test doesn\'t proceed with any setup for deleting a post, indicating it hasn\'t been implemented.\n2. **Expectation**: There are no commands or checks for deletion; hence, it always fails at the assertion due to the explicit call to `self.fail()`.\n\n### Solution\n- The deletion functionality needs to be implemented in the application code and tested. This will likely involve:\n  - Creating a dedicated route that allows users to delete posts from the blog.\n  - Updating the test to check that the post no longer exists after performing a delete action.\n\n---\n\n### Recommended Next Steps\n1. **Debug the Registration Logic**:\n   - Check and amend the registration handling and feedback (introducing clearer session flashes when a registration fails or succeeds).\n   - Add checks in your tests to ensure the usernames don\'t collide with previous runs.\n\n2. **Implement the Delete Functionality**:\n   - Add an endpoint for deleting posts in the blog application.\n   - Implement the ability to remove posts from the `posts.txt` file and adjust the user interface as needed.\n   - Create an appropriate test case for the deletion functionality, ensuring it checks for the absence of the post after deletion.\n\nBy addressing these issues, the overall functionality of the application can be enhanced alongside the robustness of your testing suite.'}
2025-01-01 Wednesday 12:14:36 ceaug_main.py : INFO  {'role': 'user', 'content': "Do you think the issue is caused by errors in the project's code or poorly written test cases? If it is a code error, please include a [CODE] at the end of your output. If not, you don't need to add anything. Thank you."}
2025-01-01 Wednesday 12:14:40 _client.py : INFO  HTTP Request: POST https://api.chatanywhere.tech/chat/completions "HTTP/1.1 200 OK"
2025-01-01 Wednesday 12:14:40 ceaug_main.py : INFO  {'role': 'assistant', 'content': "The issues identified in the test results stem primarily from errors in the project's code rather than poorly written test cases. Specifically:\n\n1. **User Registration Failure**: The registration logic in the `Auth.register` method is likely not functioning as intended, either due to a lack of proper feedback on user existence or issues in saving the user data.\n\n2. **Delete Functionality Not Implemented**: The `test_delete_blog_post` case explicitly indicates that there is no functionality implemented for deleting blog posts, which is a code error rather than a problem with the test case itself.\n\nGiven this analysis, the problems can be attributed to errors in the project's code rather than the test cases. \n\n[CODE]"}
2025-01-01 Wednesday 12:14:44 _client.py : INFO  HTTP Request: POST https://api.chatanywhere.tech/chat/completions "HTTP/1.1 200 OK"
2025-01-01 Wednesday 12:14:44 ceaug_main.py : INFO  ### Summary of Issues Identified from Unit Test Results

1. **User Registration Failure**:
   - The application fails to properly process user registrations, resulting in the absence of the expected success message ("Registration successful!") when a new user is registered. This indicates a potential flaw in the user registration logic or session handling.

2. **Unimplemented Delete Functionality**:
   - The test for deleting a blog post fails because the delete functionality is not implemented in the application code. This leads to the test case being a placeholder and consequently failing at runtime.

### Guidance for Improvement

1. **Enhance User Registration Logic**:
   - **Validation**: Ensure that the registration method (`Auth.register`) properly checks if the username already exists before attempting to create a new user. If the username is taken, it should provide a clear error message that informs the user of the failure.
   - **Feedback Handling**: Make sure that session flashes or error messages regarding registration outcomes are correctly set up and displayed. Confirm that after a successful registration, the user is redirected to the login page with the success message correctly displayed.
   - **Testing**: Add logging or print statements as necessary during registration to debug issues related to user creation. This will help identify where the process might be failing.

   **Example**: 
   ```python
   if any(user.username == username for user in users):
       flash("Username already exists!", "error")
       return False
   ```

2. **Implement Blog Post Deletion Functionality**:
   - **Route Creation**: Create a new route within the Flask app that handles the deletion of blog posts. This should include a mechanism to remove posts from the database (in this case, the `posts.txt` file).
   - **Frontend Integration**: Add a delete option to the blog post views, allowing users to initiate a deletion request.
   - **Confirmation Process**: Implement a confirmation step to prevent accidental deletions. This could be achieved with a simple JavaScript confirm dialog or an additional page to confirm the deletion.
   - **Testing**: Once implemented, add a comprehensive test case for the delete functionality to ensure it effectively removes posts from the application.

   **Example**:
   ```python
   @app.route('/delete_post/<title>', methods=['POST'])
   def delete_post(title):
       Blog.delete_post(title)
       flash("Post deleted successfully!", "success")
       return redirect(url_for('main'))
   ```

By implementing these improvements, you will enhance the reliability and usability of the blog application, directly addressing the issues highlighted by the unit tests.
2025-01-01 Wednesday 12:14:49 _client.py : INFO  HTTP Request: POST https://api.chatanywhere.tech/chat/completions "HTTP/1.1 200 OK"
2025-01-01 Wednesday 12:14:49 ceaug_main.py : INFO  Here¡¯s a step-by-step analysis of the identified issues and their impact on fulfilling user requirements, along with assigned significance scores:

### Issue 1: User Registration Failure

1. **Assessment**:
   - The failure to properly process user registrations directly contradicts the user requirement that specifies users must be able to register a new account. If users cannot register, they cannot log in or create blog entries, leading to a fundamental breakdown of the application¡¯s purpose.
   
2. **Effect on User Requirements**:
   - This issue prevents new users from accessing the application entirely, rendering the platform ineffective for anyone who attempts to sign up.
   
3. **Significance Score**: 
   - **9/10**: This issue significantly hinders the application from providing its core functionality and is highly likely to occur during coding if not addressed.

### Issue 2: Unimplemented Delete Functionality

1. **Assessment**:
   - The absence of a deletion feature means users cannot manage their blog posts effectively, contradicting user requirements that specify users should be able to delete any of their posts.
   
2. **Effect on User Requirements**:
   - Without the ability to delete posts, users face limitations in maintaining their blog content. This could lead to frustration, especially if users want to clean up their posts or remove outdated information.
   
3. **Significance Score**: 
   - **7/10**: While important, the impact is somewhat less critical than the registration issue, as users may still interact with the application meaningfully without the deletion feature in early stages. However, over time, it could lead to a poor user experience.

### Summary of Analysis

Combining the significance of both issues gives a more comprehensive view of the overall impact:

- User Registration Failure: **9/10**
- Unimplemented Delete Functionality: **7/10**

### Average Score Calculation

To calculate the average significance score:
- Total Score = 9 + 7 = 16
- Number of Issues = 2
- Average Score = Total Score / Number of Issues = 16 / 2 = 8.0

Thus, the average score reflecting the significance of the issues hindering the code from fulfilling user requirements is:

[END]8.0[END]
2025-01-01 Wednesday 12:14:49 ceaug_main.py : INFO  final selected:
### Summary of Issues Identified from Unit Test Results

1. **User Registration Failure**:
   - The application fails to properly process user registrations, resulting in the absence of the expected success message ("Registration successful!") when a new user is registered. This indicates a potential flaw in the user registration logic or session handling.

2. **Unimplemented Delete Functionality**:
   - The test for deleting a blog post fails because the delete functionality is not implemented in the application code. This leads to the test case being a placeholder and consequently failing at runtime.

### Guidance for Improvement

1. **Enhance User Registration Logic**:
   - **Validation**: Ensure that the registration method (`Auth.register`) properly checks if the username already exists before attempting to create a new user. If the username is taken, it should provide a clear error message that informs the user of the failure.
   - **Feedback Handling**: Make sure that session flashes or error messages regarding registration outcomes are correctly set up and displayed. Confirm that after a successful registration, the user is redirected to the login page with the success message correctly displayed.
   - **Testing**: Add logging or print statements as necessary during registration to debug issues related to user creation. This will help identify where the process might be failing.

   **Example**: 
   ```python
   if any(user.username == username for user in users):
       flash("Username already exists!", "error")
       return False
   ```

2. **Implement Blog Post Deletion Functionality**:
   - **Route Creation**: Create a new route within the Flask app that handles the deletion of blog posts. This should include a mechanism to remove posts from the database (in this case, the `posts.txt` file).
   - **Frontend Integration**: Add a delete option to the blog post views, allowing users to initiate a deletion request.
   - **Confirmation Process**: Implement a confirmation step to prevent accidental deletions. This could be achieved with a simple JavaScript confirm dialog or an additional page to confirm the deletion.
   - **Testing**: Once implemented, add a comprehensive test case for the delete functionality to ensure it effectively removes posts from the application.

   **Example**:
   ```python
   @app.route('/delete_post/<title>', methods=['POST'])
   def delete_post(title):
       Blog.delete_post(title)
       flash("Post deleted successfully!", "success")
       return redirect(url_for('main'))
   ```

By implementing these improvements, you will enhance the reliability and usability of the blog application, directly addressing the issues highlighted by the unit tests.
2025-01-01 Wednesday 12:14:49 team.py : INFO  ### ceaug feedback
### Summary of Issues Identified from Unit Test Results

1. **User Registration Failure**:
   - The application fails to properly process user registrations, resulting in the absence of the expected success message ("Registration successful!") when a new user is registered. This indicates a potential flaw in the user registration logic or session handling.

2. **Unimplemented Delete Functionality**:
   - The test for deleting a blog post fails because the delete functionality is not implemented in the application code. This leads to the test case being a placeholder and consequently failing at runtime.

### Guidance for Improvement

1. **Enhance User Registration Logic**:
   - **Validation**: Ensure that the registration method (`Auth.register`) properly checks if the username already exists before attempting to create a new user. If the username is taken, it should provide a clear error message that informs the user of the failure.
   - **Feedback Handling**: Make sure that session flashes or error messages regarding registration outcomes are correctly set up and displayed. Confirm that after a successful registration, the user is redirected to the login page with the success message correctly displayed.
   - **Testing**: Add logging or print statements as necessary during registration to debug issues related to user creation. This will help identify where the process might be failing.

   **Example**: 
   ```python
   if any(user.username == username for user in users):
       flash("Username already exists!", "error")
       return False
   ```

2. **Implement Blog Post Deletion Functionality**:
   - **Route Creation**: Create a new route within the Flask app that handles the deletion of blog posts. This should include a mechanism to remove posts from the database (in this case, the `posts.txt` file).
   - **Frontend Integration**: Add a delete option to the blog post views, allowing users to initiate a deletion request.
   - **Confirmation Process**: Implement a confirmation step to prevent accidental deletions. This could be achieved with a simple JavaScript confirm dialog or an additional page to confirm the deletion.
   - **Testing**: Once implemented, add a comprehensive test case for the delete functionality to ensure it effectively removes posts from the application.

   **Example**:
   ```python
   @app.route('/delete_post/<title>', methods=['POST'])
   def delete_post(title):
       Blog.delete_post(title)
       flash("Post deleted successfully!", "success")
       return redirect(url_for('main'))
   ```

By implementing these improvements, you will enhance the reliability and usability of the blog application, directly addressing the issues highlighted by the unit tests.
2025-01-01 Wednesday 12:14:49 team.py : INFO  begin CE Coding
2025-01-01 Wednesday 12:14:49 product_manager.py : INFO  Product Manager Pole extracting PRD......
2025-01-01 Wednesday 12:14:49 architect.py : INFO  Architect Arnold extracting Architect......
2025-01-01 Wednesday 12:14:49 project_manager.py : INFO  Project Manager Tsunoda extracting Plan......
2025-01-01 Wednesday 12:14:49 c_programmer.py : INFO  C_Programmer Clorinde Coding...
2025-01-01 Wednesday 12:14:49 c_programmer.py : INFO  Task Dictionary:
Key: T0, Value: |Set up Flask application and routing.|Initialize the Flask app in main.py, set up routes for login, registration, main blog page, new post, view post, and edit post.|[]|related files:["main.py"]
Key: T1, Value: |Implement user authentication.|Create User class in main.py, implement login and registration methods, and handle user data in users.txt.|[T0]|related files:[main.py]
Key: T2, Value: |Create blog post management functionality.|Create Blog class in main.py, implement methods for creating, editing, deleting, and viewing posts, and manage data in posts.txt.|[T0]|related files:[main.py]
Key: T3, Value: |Develop HTML templates for user interface.|Create login.html, register.html, main.html, new_post.html, view_post.html, and edit_post.html with appropriate forms and navigation links.|[T0]|related files:[templates/login.html, templates/register.html, templates/main.html, templates/new_post.html, templates/view_post.html, templates/edit_post.html]
Key: T4, Value: |Implement data storage and retrieval.|Implement methods in User and Post classes to save and load data from users.txt and posts.txt.|[T1, T2]|related files:[main.py]
Key: T5, Value: |Add user feedback messages.|Implement functionality to show success or error messages for login, registration, and post actions on relevant pages.|[T1, T2, T3]|related files:[main.py]
Key: T6, Value: |Test the application.|Conduct testing of all functionalities including login, registration, post creation, editing, and deletion to ensure everything works as expected.|[T0, T1, T2, T3, T4, T5]|related files:[main.py]

2025-01-01 Wednesday 12:14:49 searcher.py : INFO  
You are an excellent software task-oriented analyst. Your task is to accurately extract and compile all relevant sections from the requirements document and user demands that are directly related to a given task description, and present them in a concise and well-organized document.


## This is the PRD you can retrieve, which contains functional requirements for the system:
[OUTPUT] ## general overview of the project The objective of the 'PersonalBlog' web application is to provide users with a simple platform to create, manage, and share their personal blog entries without relying on a database; all data will be stored locally in text files. ## software functional requirements 1. Users shall be able to log in to their account by entering a username and password on the Login Page. 2. Users shall be able to register a new account by providing a username, password, and email on the Registration Page. 3. Users shall be able to view a list of their blog posts on the Main Blog Page, with options to create a new post or view existing posts. 4. Users shall be able to create a new blog post by providing a title and content on the New Post Page. 5. Users shall be able to view the full content of a selected post on the View Post Page. 6. Users shall be able to edit an existing post by modifying the title and content on the Edit Post Page. 7. Users shall be able to delete a blog post from the View Post Page. 8. Users shall be able to navigate back to the main blog page from the View Post, Edit Post, and New Post Pages using a back button. 9. Users shall be able to log out of their account from the Main Blog Page. 10. Users shall be shown appropriate messages for successful or unsuccessful actions (login, registration, post creation, etc.) on each relevant page. [/OUTPUT]

## This is the user's original demand, which includes not only functional requirements but also other special requirements.
# Software Description

## Objective
The objective of the 'PersonalBlog' web application is to provide users with a simple platform to create, manage, and share their personal blog entries without relying on a database; all data will be stored locally in text files.

## Core Features

Users shall be able to log in to their account by entering a username and password on the Login Page.
Users shall be able to register a new account by providing a username, password, and email on the Registration Page.
Users shall be able to view a list of their blog posts on the Main Blog Page, with options to create a new post or view existing posts.
Users shall be able to create a new blog post by providing a title and content on the New Post Page.
Users shall be able to view the full content of a selected post on the View Post Page.
Users shall be able to edit an existing post by modifying the title and content on the Edit Post Page.
Users shall be able to delete a blog post from the View Post Page.
Users shall be able to navigate back to the main blog page from the View Post, Edit Post, and New Post Pages using a back button.
Users shall be able to log out of their account from the Main Blog Page.
Users shall be shown appropriate messages for successful or unsuccessful actions (login, registration, post creation, etc.) on each relevant page.

## Language

Use html and python to develop a web application.
You should use html to generate the web template by yourself.
## Data Storage
Data will be stored in local text files.
Different types of data will be stored in separate `.txt` files.
You should define the text file by yourself in advance.
This structured data storage will facilitate easy data retrieval and management through simple file manipulations in Python, ensuring the application remains light and efficient without the need for a SQL database.

## now, you get one following specific task:
|Set up Flask application and routing.|Initialize the Flask app in main.py, set up routes for login, registration, main blog page, new post, view post, and edit post.|[]|related files:["main.py"]

## Action
You should extract the sections directly related to the specific task described above from the two documents.
After extraction, integrate the relevant sections into a single output, ensuring duplicate content is removed.

Key Points:
The extracted content must remain unaltered. Do not modify any part of the retrieved sections.
Include only the necessary sections. Exclude any content you are certain is irrelevant to the current task.
Aim for conciseness: less is better.

2025-01-01 Wednesday 12:14:53 _client.py : INFO  HTTP Request: POST https://api.chatanywhere.tech/chat/completions "HTTP/1.1 200 OK"
2025-01-01 Wednesday 12:14:53 model.py : INFO  following invoke cost: 1343 | all cost: 57074
2025-01-01 Wednesday 12:14:53 searcher.py : INFO  retrievaled reslt is: 
## Extracted Relevant Sections for Task: Set up Flask application and routing

### General Overview
The objective of the 'PersonalBlog' web application is to provide users with a simple platform to create, manage, and share their personal blog entries without relying on a database; all data will be stored locally in text files.

### Software Functional Requirements
1. Users shall be able to log in to their account by entering a username and password on the Login Page.
2. Users shall be able to register a new account by providing a username, password, and email on the Registration Page.
3. Users shall be able to view a list of their blog posts on the Main Blog Page, with options to create a new post or view existing posts.
4. Users shall be able to create a new blog post by providing a title and content on the New Post Page.
5. Users shall be able to view the full content of a selected post on the View Post Page.
6. Users shall be able to edit an existing post by modifying the title and content on the Edit Post Page.
7. Users shall be able to delete a blog post from the View Post Page.
8. Users shall be able to navigate back to the main blog page from the View Post, Edit Post, and New Post Pages using a back button.
9. Users shall be able to log out of their account from the Main Blog Page.
10. Users shall be shown appropriate messages for successful or unsuccessful actions (login, registration, post creation, etc.) on each relevant page.

### Language
Use html and python to develop a web application. You should use html to generate the web template by yourself.

### Data Storage
Data will be stored in local text files. Different types of data will be stored in separate `.txt` files. You should define the text file by yourself in advance. This structured data storage will facilitate easy data retrieval and management through simple file manipulations in Python, ensuring the application remains light and efficient without the need for a SQL database.
2025-01-01 Wednesday 12:14:53 c_programmer.py : INFO  
You are a professional engineer; the main goal is to write google-style, elegant, modular, easy to read and maintain code.
Output format carefully referenced "Format example".
In addition to writing code, you may also need to complete the data files in the task list (such as .txt .json .csv files). If the task list requires the implementation of data files, you need to simply design some data that meets the requirements for your completed software to facilitate the startup and testing of the software as a demo.


# Context

## Design
[CONTENT] "Implementation approach": "We will use Flask as the web framework to create the PersonalBlog application. Flask is lightweight and suitable for building simple web applications. For the front-end, we will use HTML to create the necessary templates. User data and blog posts will be stored in local text files, ensuring that the application remains simple and efficient without a database.", "UI design":"- The application will have a Login Page for user authentication, a Registration Page for new users, a Main Blog Page to list blog posts, a New Post Page for creating posts, a View Post Page for displaying individual posts, and an Edit Post Page for modifying existing posts. Each page will have a consistent layout with navigation links.", "Data Storage":"Data will be stored in local text files. We will create the following files: 'users.txt' for storing user credentials (username, password, email) and 'posts.txt' for storing blog posts (title, content, author). Each entry will be stored in a structured format to facilitate easy retrieval and management.", "File list": ["main.py", "templates/login.html", "templates/register.html", "templates/main.html", "templates/new_post.html", "templates/view_post.html", "templates/edit_post.html", "users.txt", "posts.txt"], "Data structures and interfaces": " classDiagram     class Main {         -Flask app         +run() None     }     class User {         -username: str         -password: str         -email: str         +__init__(username: str, password: str, email: str) None         +save() None         +load_users() list     }     class Post {         -title: str         -content: str         -author: str         +__init__(title: str, content: str, author: str) None         +save() None         +load_posts() list     }     class Auth {         +login(username: str, password: str) bool         +register(username: str, password: str, email: str) bool     }     class Blog {         +create_post(title: str, content: str, author: str) None         +edit_post(title: str, content: str) None         +delete_post(title: str) None         +view_post(title: str) str         +list_posts() list     }     Main --> Auth     Main --> Blog     Auth --> User     Blog --> Post ", [/CONTENT]
## Whole Task Plan
{ "Required packages": [     "flask==1.1.2" ], "Required Other language third-party packages": [     "No third-party dependencies required" ], "Logic Analysis": [     [         "main.py",         "The main file of the application, responsible for initializing the Flask app and routing. Contains the Main class and the main application logic."     ],     [         "templates/login.html",         "HTML template for the Login Page, includes form for username and password."     ],     [         "templates/register.html",         "HTML template for the Registration Page, includes form for username, password, and email."     ],     [         "templates/main.html",         "HTML template for the Main Blog Page, displays list of blog posts and navigation options."     ],     [         "templates/new_post.html",         "HTML template for the New Post Page, includes form for creating a new blog post."     ],     [         "templates/view_post.html",         "HTML template for the View Post Page, displays full content of a selected post."     ],     [         "templates/edit_post.html",         "HTML template for the Edit Post Page, includes form for editing an existing blog post."     ] ], "Task list":  {     'T0':'|Set up Flask application and routing.|Initialize the Flask app in main.py, set up routes for login, registration, main blog page, new post, view post, and edit post.|[]|related files:["main.py"]',     'T1':'|Implement user authentication.|Create User class in main.py, implement login and registration methods, and handle user data in users.txt.|[T0]|related files:[main.py]',     'T2':'|Create blog post management functionality.|Create Blog class in main.py, implement methods for creating, editing, deleting, and viewing posts, and manage data in posts.txt.|[T0]|related files:[main.py]',     'T3':'|Develop HTML templates for user interface.|Create login.html, register.html, main.html, new_post.html, view_post.html, and edit_post.html with appropriate forms and navigation links.|[T0]|related files:[templates/login.html, templates/register.html, templates/main.html, templates/new_post.html, templates/view_post.html, templates/edit_post.html]',     'T4':'|Implement data storage and retrieval.|Implement methods in User and Post classes to save and load data from users.txt and posts.txt.|[T1, T2]|related files:[main.py]',     'T5':'|Add user feedback messages.|Implement functionality to show success or error messages for login, registration, and post actions on relevant pages.|[T1, T2, T3]|related files:[main.py]',     'T6':'|Test the application.|Conduct testing of all functionalities including login, registration, post creation, editing, and deletion to ensure everything works as expected.|[T0, T1, T2, T3, T4, T5]|related files:[main.py]' }, "Shared Knowledge": "`main.py` contains the main application logic and routing for the entire project." }

## files(already available)


## Counter Example Error Case Reference.
Here are some lessons and reflections gained from the flawed implementation of the project:
### Summary of Issues Identified from Unit Test Results

1. **User Registration Failure**:
   - The application fails to properly process user registrations, resulting in the absence of the expected success message ("Registration successful!") when a new user is registered. This indicates a potential flaw in the user registration logic or session handling.

2. **Unimplemented Delete Functionality**:
   - The test for deleting a blog post fails because the delete functionality is not implemented in the application code. This leads to the test case being a placeholder and consequently failing at runtime.

### Guidance for Improvement

1. **Enhance User Registration Logic**:
   - **Validation**: Ensure that the registration method (`Auth.register`) properly checks if the username already exists before attempting to create a new user. If the username is taken, it should provide a clear error message that informs the user of the failure.
   - **Feedback Handling**: Make sure that session flashes or error messages regarding registration outcomes are correctly set up and displayed. Confirm that after a successful registration, the user is redirected to the login page with the success message correctly displayed.
   - **Testing**: Add logging or print statements as necessary during registration to debug issues related to user creation. This will help identify where the process might be failing.

   **Example**: 
   ```python
   if any(user.username == username for user in users):
       flash("Username already exists!", "error")
       return False
   ```

2. **Implement Blog Post Deletion Functionality**:
   - **Route Creation**: Create a new route within the Flask app that handles the deletion of blog posts. This should include a mechanism to remove posts from the database (in this case, the `posts.txt` file).
   - **Frontend Integration**: Add a delete option to the blog post views, allowing users to initiate a deletion request.
   - **Confirmation Process**: Implement a confirmation step to prevent accidental deletions. This could be achieved with a simple JavaScript confirm dialog or an additional page to confirm the deletion.
   - **Testing**: Once implemented, add a comprehensive test case for the delete functionality to ensure it effectively removes posts from the application.

   **Example**:
   ```python
   @app.route('/delete_post/<title>', methods=['POST'])
   def delete_post(title):
       Blog.delete_post(title)
       flash("Post deleted successfully!", "success")
       return redirect(url_for('main'))
   ```

By implementing these improvements, you will enhance the reliability and usability of the blog application, directly addressing the issues highlighted by the unit tests.

-----
# Format Example 
*** main.py
```python
...
```

*** ui.py
```python
...
```
-----
## Your Task
|Set up Flask application and routing.|Initialize the Flask app in main.py, set up routes for login, registration, main blog page, new post, view post, and edit post.|[]|related files:["main.py"]

## Relatd Document
{
## Extracted Relevant Sections for Task: Set up Flask application and routing

### General Overview
The objective of the 'PersonalBlog' web application is to provide users with a simple platform to create, manage, and share their personal blog entries without relying on a database; all data will be stored locally in text files.

### Software Functional Requirements
1. Users shall be able to log in to their account by entering a username and password on the Login Page.
2. Users shall be able to register a new account by providing a username, password, and email on the Registration Page.
3. Users shall be able to view a list of their blog posts on the Main Blog Page, with options to create a new post or view existing posts.
4. Users shall be able to create a new blog post by providing a title and content on the New Post Page.
5. Users shall be able to view the full content of a selected post on the View Post Page.
6. Users shall be able to edit an existing post by modifying the title and content on the Edit Post Page.
7. Users shall be able to delete a blog post from the View Post Page.
8. Users shall be able to navigate back to the main blog page from the View Post, Edit Post, and New Post Pages using a back button.
9. Users shall be able to log out of their account from the Main Blog Page.
10. Users shall be shown appropriate messages for successful or unsuccessful actions (login, registration, post creation, etc.) on each relevant page.

### Language
Use html and python to develop a web application. You should use html to generate the web template by yourself.

### Data Storage
Data will be stored in local text files. Different types of data will be stored in separate `.txt` files. You should define the text file by yourself in advance. This structured data storage will facilitate easy data retrieval and management through simple file manipulations in Python, ensuring the application remains light and efficient without the need for a SQL database.
}
(End for Relatd PRD)
# Instruction: Based on the context, follow "Format example", write or revise code to complete task described in "coding sub-task".
## ATTENTION
1. Use '***' to SPLIT different CODE SECTIONS. do not forget ``` in each file, refer the the example. Output format carefully referenced "Format example".
2. Follow design: YOU MUST FOLLOW "Data structures and interfaces". DONT CHANGE ANY DESIGN. Do not use public member functions that do not exist in your design.
3. Follow task: YOU MUST write Comprehensive codes to complete the sub-task.
4. Understand "Documents Relevant to the sub-task": Use this document, along with the architecture and task plan, as guidelines to construct your code.
4. CAREFULLY CHECK THAT YOU DONT MISS ANY NECESSARY CLASS/FUNCTION IN THE FILE.
5. You must import the third-party libraries used in your code
6. If you import a Class, you must import it firstly.
7. Determine the order of writing the files based on your understanding of the project.
9. Write out EVERY CODE DETAIL, DON'T LEAVE TODO,PASS,PLACEHOLDER.
9. Only write code result, do not output any other content in the start or in the end.
10. If you need to generate text data, follow the rules outlined in "<When Storing Data>" below.
 <When storing data>:
Different groups of data are distinguished by line breaks.
Different contents of the same group of data are distinguished by |.
Within any single content that contains multiple sub-entries, those sub-entries are separated by commas ,.
Example:
admin1|pass123|entry1,entry2,entry3  
admin2|pass123|entry1
Make sure:
The | character is used only to separate distinct contents within a group.
Commas , are used exclusively to separate multiple sub-entries within a single content.

# Website Development Rule
If you are doing website development, be sure to route the root path (/). If there is a login page, set the login page as the root route(/).
If you are doing website development, please do not encrypt the account password for the login function.
If you are doing website development, your code needs to take into account the process of loading data from the data file, so don't forget to load the data.
If you are doing Website Development, do not follow the rules of Website and Game development.
# GUI tkinter Development Rule
If you are doing GUI tkinter Development, do not follow the rules of Website and Game development.
# Game Development Rule
If the software needs to load data, please make sure the loading data code matches the data format and data file.
If you are doing Game Development, do not follow the rules of Website and Game development.

# important rule
Use '***' to SPLIT CODE SECTIONS. do not forget ``` in each file, refer the the example. Output format carefully referenced "Format example". 
Adhere strictly to the task requirements and implement them fully; do not include placeholders or "example" for code that is intended for future implementation.

# Counter Example Error Case Reference guideline
An example of a counter case for the entire project is provided in "Counter Example Error Case Reference". This counter case includes some errors that require attention. When completing the code for this task, please pay extra attention to the current task and the points highlighted in the counter case, avoiding these errors to produce better code.

2025-01-01 Wednesday 12:15:20 _client.py : INFO  HTTP Request: POST https://api.chatanywhere.tech/chat/completions "HTTP/1.1 200 OK"
2025-01-01 Wednesday 12:15:20 model.py : INFO  following invoke cost: 5455 | all cost: 62529
2025-01-01 Wednesday 12:15:20 c_programmer.py : INFO  
*** main.py
```python
from flask import Flask, render_template, request, redirect, url_for, flash, session
from typing import List

app = Flask(__name__)
app.secret_key = 'your_secret_key'  # Change this to a random secret key

class User:
    def __init__(self, username: str, password: str, email: str):
        self.username = username
        self.password = password
        self.email = email

    def save(self):
        with open('users.txt', 'a') as f:
            f.write(f"{self.username}|{self.password}|{self.email}\n")

    @staticmethod
    def load_users() -> List['User']:
        users = []
        try:
            with open('users.txt', 'r') as f:
                for line in f:
                    username, password, email = line.strip().split('|')
                    users.append(User(username, password, email))
        except FileNotFoundError:
            pass
        return users

class Post:
    def __init__(self, title: str, content: str, author: str):
        self.title = title
        self.content = content
        self.author = author

    def save(self):
        with open('posts.txt', 'a') as f:
            f.write(f"{self.title}|{self.content}|{self.author}\n")

    @staticmethod
    def load_posts() -> List['Post']:
        posts = []
        try:
            with open('posts.txt', 'r') as f:
                for line in f:
                    title, content, author = line.strip().split('|')
                    posts.append(Post(title, content, author))
        except FileNotFoundError:
            pass
        return posts

class Auth:
    @staticmethod
    def login(username: str, password: str) -> bool:
        users = User.load_users()
        for user in users:
            if user.username == username and user.password == password:
                session['username'] = username
                return True
        return False

    @staticmethod
    def register(username: str, password: str, email: str) -> bool:
        users = User.load_users()
        if any(user.username == username for user in users):
            flash("Username already exists!", "error")
            return False
        new_user = User(username, password, email)
        new_user.save()
        flash("Registration successful!", "success")
        return True

class Blog:
    @staticmethod
    def create_post(title: str, content: str, author: str):
        new_post = Post(title, content, author)
        new_post.save()
        flash("Post created successfully!", "success")

    @staticmethod
    def edit_post(title: str, content: str):
        posts = Post.load_posts()
        for post in posts:
            if post.title == title:
                post.content = content
                with open('posts.txt', 'w') as f:
                    for p in posts:
                        f.write(f"{p.title}|{p.content}|{p.author}\n")
                flash("Post edited successfully!", "success")
                return
        flash("Post not found!", "error")

    @staticmethod
    def delete_post(title: str):
        posts = Post.load_posts()
        posts = [post for post in posts if post.title != title]
        with open('posts.txt', 'w') as f:
            for post in posts:
                f.write(f"{post.title}|{post.content}|{post.author}\n")
        flash("Post deleted successfully!", "success")

    @staticmethod
    def view_post(title: str) -> str:
        posts = Post.load_posts()
        for post in posts:
            if post.title == title:
                return post.content
        return "Post not found!"

    @staticmethod
    def list_posts() -> List[Post]:
        return Post.load_posts()

@app.route('/')
def login():
    return render_template('login.html')

@app.route('/register', methods=['GET', 'POST'])
def register():
    if request.method == 'POST':
        username = request.form['username']
        password = request.form['password']
        email = request.form['email']
        Auth.register(username, password, email)
        return redirect(url_for('login'))
    return render_template('register.html')

@app.route('/main', methods=['GET'])
def main():
    if 'username' not in session:
        return redirect(url_for('login'))
    posts = Blog.list_posts()
    return render_template('main.html', posts=posts)

@app.route('/new_post', methods=['GET', 'POST'])
def new_post():
    if 'username' not in session:
        return redirect(url_for('login'))
    if request.method == 'POST':
        title = request.form['title']
        content = request.form['content']
        author = session['username']
        Blog.create_post(title, content, author)
        return redirect(url_for('main'))
    return render_template('new_post.html')

@app.route('/view_post/<title>', methods=['GET'])
def view_post(title):
    if 'username' not in session:
        return redirect(url_for('login'))
    content = Blog.view_post(title)
    return render_template('view_post.html', title=title, content=content)

@app.route('/edit_post/<title>', methods=['GET', 'POST'])
def edit_post(title):
    if 'username' not in session:
        return redirect(url_for('login'))
    if request.method == 'POST':
        content = request.form['content']
        Blog.edit_post(title, content)
        return redirect(url_for('main'))
    return render_template('edit_post.html', title=title)

@app.route('/delete_post/<title>', methods=['POST'])
def delete_post(title):
    if 'username' not in session:
        return redirect(url_for('login'))
    Blog.delete_post(title)
    return redirect(url_for('main'))

@app.route('/logout')
def logout():
    session.pop('username', None)
    return redirect(url_for('login'))

if __name__ == '__main__':
    app.run(debug=True)
```

*** templates/login.html
```html
<!DOCTYPE html>
<html lang="en">
<head>
    <meta charset="UTF-8">
    <meta name="viewport" content="width=device-width, initial-scale=1.0">
    <title>Login</title>
</head>
<body>
    <h1>Login</h1>
    <form method="POST" action="/login">
        <label for="username">Username:</label>
        <input type="text" id="username" name="username" required>
        <br>
        <label for="password">Password:</label>
        <input type="password" id="password" name="password" required>
        <br>
        <button type="submit">Login</button>
    </form>
    <p>Don't have an account? <a href="/register">Register here</a></p>
</body>
</html>
```

*** templates/register.html
```html
<!DOCTYPE html>
<html lang="en">
<head>
    <meta charset="UTF-8">
    <meta name="viewport" content="width=device-width, initial-scale=1.0">
    <title>Register</title>
</head>
<body>
    <h1>Register</h1>
    <form method="POST" action="/register">
        <label for="username">Username:</label>
        <input type="text" id="username" name="username" required>
        <br>
        <label for="password">Password:</label>
        <input type="password" id="password" name="password" required>
        <br>
        <label for="email">Email:</label>
        <input type="email" id="email" name="email" required>
        <br>
        <button type="submit">Register</button>
    </form>
    <p>Already have an account? <a href="/">Login here</a></p>
</body>
</html>
```

*** templates/main.html
```html
<!DOCTYPE html>
<html lang="en">
<head>
    <meta charset="UTF-8">
    <meta name="viewport" content="width=device-width, initial-scale=1.0">
    <title>Main Blog Page</title>
</head>
<body>
    <h1>Welcome to the Blog</h1>
    <p><a href="/new_post">Create New Post</a></p>
    <h2>Your Posts:</h2>
    <ul>
        {% for post in posts %}
            <li>
                <a href="/view_post/{{ post.title }}">{{ post.title }}</a>
                <form action="/delete_post/{{ post.title }}" method="POST" style="display:inline;">
                    <button type="submit">Delete</button>
                </form>
            </li>
        {% endfor %}
    </ul>
    <p><a href="/logout">Logout</a></p>
</body>
</html>
```

*** templates/new_post.html
```html
<!DOCTYPE html>
<html lang="en">
<head>
    <meta charset="UTF-8">
    <meta name="viewport" content="width=device-width, initial-scale=1.0">
    <title>Create New Post</title>
</head>
<body>
    <h1>Create New Post</h1>
    <form method="POST" action="/new_post">
        <label for="title">Title:</label>
        <input type="text" id="title" name="title" required>
        <br>
        <label for="content">Content:</label>
        <textarea id="content" name="content" required></textarea>
        <br>
        <button type="submit">Create Post</button>
    </form>
    <p><a href="/main">Back to Main Page</a></p>
</body>
</html>
```

*** templates/view_post.html
```html
<!DOCTYPE html>
<html lang="en">
<head>
    <meta charset="UTF-8">
    <meta name="viewport" content="width=device-width, initial-scale=1.0">
    <title>{{ title }}</title>
</head>
<body>
    <h1>{{ title }}</h1>
    <p>{{ content }}</p>
    <p><a href="/edit_post/{{ title }}">Edit Post</a></p>
    <p><a href="/main">Back to Main Page</a></p>
</body>
</html>
```

*** templates/edit_post.html
```html
<!DOCTYPE html>
<html lang="en">
<head>
    <meta charset="UTF-8">
    <meta name="viewport" content="width=device-width, initial-scale=1.0">
    <title>Edit Post - {{ title }}</title>
</head>
<body>
    <h1>Edit Post: {{ title }}</h1>
    <form method="POST" action="/edit_post/{{ title }}">
        <label for="content">Content:</label>
        <textarea id="content" name="content" required></textarea>
        <br>
        <button type="submit">Save Changes</button>
    </form>
    <p><a href="/main">Back to Main Page</a></p>
</body>
</html>
```

*** users.txt
```
admin1|pass123|admin1@example.com
admin2|pass123|admin2@example.com
```

*** posts.txt
```
My First Post|This is the content of my first post.|admin1
Another Post|This is some more content.|admin2
```
2025-01-01 Wednesday 12:15:20 c_programmer.py : INFO  **[Update Codes]**

main.py updated.


```
'''

'''
--- Old
+++ New
@@ -1 +1,176 @@
-# None
+from flask import Flask, render_template, request, redirect, url_for, flash, session
+from typing import List
+
+app = Flask(__name__)
+app.secret_key = 'your_secret_key'  # Change this to a random secret key
+
+class User:
+    def __init__(self, username: str, password: str, email: str):
+        self.username = username
+        self.password = password
+        self.email = email
+
+    def save(self):
+        with open('users.txt', 'a') as f:
+            f.write(f"{self.username}|{self.password}|{self.email}\n")
+
+    @staticmethod
+    def load_users() -> List['User']:
+        users = []
+        try:
+            with open('users.txt', 'r') as f:
+                for line in f:
+                    username, password, email = line.strip().split('|')
+                    users.append(User(username, password, email))
+        except FileNotFoundError:
+            pass
+        return users
+
+class Post:
+    def __init__(self, title: str, content: str, author: str):
+        self.title = title
+        self.content = content
+        self.author = author
+
+    def save(self):
+        with open('posts.txt', 'a') as f:
+            f.write(f"{self.title}|{self.content}|{self.author}\n")
+
+    @staticmethod
+    def load_posts() -> List['Post']:
+        posts = []
+        try:
+            with open('posts.txt', 'r') as f:
+                for line in f:
+                    title, content, author = line.strip().split('|')
+                    posts.append(Post(title, content, author))
+        except FileNotFoundError:
+            pass
+        return posts
+
+class Auth:
+    @staticmethod
+    def login(username: str, password: str) -> bool:
+        users = User.load_users()
+        for user in users:
+            if user.username == username and user.password == password:
+                session['username'] = username
+                return True
+        return False
+
+    @staticmethod
+    def register(username: str, password: str, email: str) -> bool:
+        users = User.load_users()
+        if any(user.username == username for user in users):
+            flash("Username already exists!", "error")
+            return False
+        new_user = User(username, password, email)
+        new_user.save()
+        flash("Registration successful!", "success")
+        return True
+
+class Blog:
+    @staticmethod
+    def create_post(title: str, content: str, author: str):
+        new_post = Post(title, content, author)
+        new_post.save()
+        flash("Post created successfully!", "success")
+
+    @staticmethod
+    def edit_post(title: str, content: str):
+        posts = Post.load_posts()
+        for post in posts:
+            if post.title == title:
+                post.content = content
+                with open('posts.txt', 'w') as f:
+                    for p in posts:
+                        f.write(f"{p.title}|{p.content}|{p.author}\n")
+                flash("Post edited successfully!", "success")
+                return
+        flash("Post not found!", "error")
+
+    @staticmethod
+    def delete_post(title: str):
+        posts = Post.load_posts()
+        posts = [post for post in posts if post.title != title]
+        with open('posts.txt', 'w') as f:
+            for post in posts:
+                f.write(f"{post.title}|{post.content}|{post.author}\n")
+        flash("Post deleted successfully!", "success")
+
+    @staticmethod
+    def view_post(title: str) -> str:
+        posts = Post.load_posts()
+        for post in posts:
+            if post.title == title:
+                return post.content
+        return "Post not found!"
+
+    @staticmethod
+    def list_posts() -> List[Post]:
+        return Post.load_posts()
+
+@app.route('/')
+def login():
+    return render_template('login.html')
+
+@app.route('/register', methods=['GET', 'POST'])
+def register():
+    if request.method == 'POST':
+        username = request.form['username']
+        password = request.form['password']
+        email = request.form['email']
+        Auth.register(username, password, email)
+        return redirect(url_for('login'))
+    return render_template('register.html')
+
+@app.route('/main', methods=['GET'])
+def main():
+    if 'username' not in session:
+        return redirect(url_for('login'))
+    posts = Blog.list_posts()
+    return render_template('main.html', posts=posts)
+
+@app.route('/new_post', methods=['GET', 'POST'])
+def new_post():
+    if 'username' not in session:
+        return redirect(url_for('login'))
+    if request.method == 'POST':
+        title = request.form['title']
+        content = request.form['content']
+        author = session['username']
+        Blog.create_post(title, content, author)
+        return redirect(url_for('main'))
+    return render_template('new_post.html')
+
+@app.route('/view_post/<title>', methods=['GET'])
+def view_post(title):
+    if 'username' not in session:
+        return redirect(url_for('login'))
+    content = Blog.view_post(title)
+    return render_template('view_post.html', title=title, content=content)
+
+@app.route('/edit_post/<title>', methods=['GET', 'POST'])
+def edit_post(title):
+    if 'username' not in session:
+        return redirect(url_for('login'))
+    if request.method == 'POST':
+        content = request.form['content']
+        Blog.edit_post(title, content)
+        return redirect(url_for('main'))
+    return render_template('edit_post.html', title=title)
+
+@app.route('/delete_post/<title>', methods=['POST'])
+def delete_post(title):
+    if 'username' not in session:
+        return redirect(url_for('login'))
+    Blog.delete_post(title)
+    return redirect(url_for('main'))
+
+@app.route('/logout')
+def logout():
+    session.pop('username', None)
+    return redirect(url_for('login'))
+
+if __name__ == '__main__':
+    app.run(debug=True)
```
2025-01-01 Wednesday 12:15:20 c_programmer.py : INFO  **[Update Codes]**

templates/login.html updated.


```
'''

'''
--- Old
+++ New
@@ -1 +1,21 @@
-# None
+<!DOCTYPE html>
+<html lang="en">
+<head>
+    <meta charset="UTF-8">
+    <meta name="viewport" content="width=device-width, initial-scale=1.0">
+    <title>Login</title>
+</head>
+<body>
+    <h1>Login</h1>
+    <form method="POST" action="/login">
+        <label for="username">Username:</label>
+        <input type="text" id="username" name="username" required>
+        <br>
+        <label for="password">Password:</label>
+        <input type="password" id="password" name="password" required>
+        <br>
+        <button type="submit">Login</button>
+    </form>
+    <p>Don't have an account? <a href="/register">Register here</a></p>
+</body>
+</html>
```
2025-01-01 Wednesday 12:15:20 c_programmer.py : INFO  **[Update Codes]**

templates/register.html updated.


```
'''

'''
--- Old
+++ New
@@ -1 +1,24 @@
-# None
+<!DOCTYPE html>
+<html lang="en">
+<head>
+    <meta charset="UTF-8">
+    <meta name="viewport" content="width=device-width, initial-scale=1.0">
+    <title>Register</title>
+</head>
+<body>
+    <h1>Register</h1>
+    <form method="POST" action="/register">
+        <label for="username">Username:</label>
+        <input type="text" id="username" name="username" required>
+        <br>
+        <label for="password">Password:</label>
+        <input type="password" id="password" name="password" required>
+        <br>
+        <label for="email">Email:</label>
+        <input type="email" id="email" name="email" required>
+        <br>
+        <button type="submit">Register</button>
+    </form>
+    <p>Already have an account? <a href="/">Login here</a></p>
+</body>
+</html>
```
2025-01-01 Wednesday 12:15:20 c_programmer.py : INFO  **[Update Codes]**

templates/main.html updated.


```
'''

'''
--- Old
+++ New
@@ -1 +1,24 @@
-# None
+<!DOCTYPE html>
+<html lang="en">
+<head>
+    <meta charset="UTF-8">
+    <meta name="viewport" content="width=device-width, initial-scale=1.0">
+    <title>Main Blog Page</title>
+</head>
+<body>
+    <h1>Welcome to the Blog</h1>
+    <p><a href="/new_post">Create New Post</a></p>
+    <h2>Your Posts:</h2>
+    <ul>
+        {% for post in posts %}
+            <li>
+                <a href="/view_post/{{ post.title }}">{{ post.title }}</a>
+                <form action="/delete_post/{{ post.title }}" method="POST" style="display:inline;">
+                    <button type="submit">Delete</button>
+                </form>
+            </li>
+        {% endfor %}
+    </ul>
+    <p><a href="/logout">Logout</a></p>
+</body>
+</html>
```
2025-01-01 Wednesday 12:15:20 c_programmer.py : INFO  **[Update Codes]**

templates/new_post.html updated.


```
'''

'''
--- Old
+++ New
@@ -1 +1,21 @@
-# None
+<!DOCTYPE html>
+<html lang="en">
+<head>
+    <meta charset="UTF-8">
+    <meta name="viewport" content="width=device-width, initial-scale=1.0">
+    <title>Create New Post</title>
+</head>
+<body>
+    <h1>Create New Post</h1>
+    <form method="POST" action="/new_post">
+        <label for="title">Title:</label>
+        <input type="text" id="title" name="title" required>
+        <br>
+        <label for="content">Content:</label>
+        <textarea id="content" name="content" required></textarea>
+        <br>
+        <button type="submit">Create Post</button>
+    </form>
+    <p><a href="/main">Back to Main Page</a></p>
+</body>
+</html>
```
2025-01-01 Wednesday 12:15:20 c_programmer.py : INFO  **[Update Codes]**

templates/view_post.html updated.


```
'''

'''
--- Old
+++ New
@@ -1 +1,14 @@
-# None
+<!DOCTYPE html>
+<html lang="en">
+<head>
+    <meta charset="UTF-8">
+    <meta name="viewport" content="width=device-width, initial-scale=1.0">
+    <title>{{ title }}</title>
+</head>
+<body>
+    <h1>{{ title }}</h1>
+    <p>{{ content }}</p>
+    <p><a href="/edit_post/{{ title }}">Edit Post</a></p>
+    <p><a href="/main">Back to Main Page</a></p>
+</body>
+</html>
```
2025-01-01 Wednesday 12:15:20 c_programmer.py : INFO  **[Update Codes]**

templates/edit_post.html updated.


```
'''

'''
--- Old
+++ New
@@ -1 +1,18 @@
-# None
+<!DOCTYPE html>
+<html lang="en">
+<head>
+    <meta charset="UTF-8">
+    <meta name="viewport" content="width=device-width, initial-scale=1.0">
+    <title>Edit Post - {{ title }}</title>
+</head>
+<body>
+    <h1>Edit Post: {{ title }}</h1>
+    <form method="POST" action="/edit_post/{{ title }}">
+        <label for="content">Content:</label>
+        <textarea id="content" name="content" required></textarea>
+        <br>
+        <button type="submit">Save Changes</button>
+    </form>
+    <p><a href="/main">Back to Main Page</a></p>
+</body>
+</html>
```
2025-01-01 Wednesday 12:15:20 c_programmer.py : INFO  **[Update Codes]**

users.txt updated.


```
'''

'''
--- Old
+++ New
@@ -1 +1,2 @@
-# None
+admin1|pass123|admin1@example.com
+admin2|pass123|admin2@example.com
```
2025-01-01 Wednesday 12:15:20 c_programmer.py : INFO  **[Update Codes]**

posts.txt updated.


```
'''

'''
--- Old
+++ New
@@ -1 +1,2 @@
-# None
+My First Post|This is the content of my first post.|admin1
+Another Post|This is some more content.|admin2
```
2025-01-01 Wednesday 12:15:20 searcher.py : INFO  
You are an excellent software task-oriented analyst. Your task is to accurately extract and compile all relevant sections from the requirements document and user demands that are directly related to a given task description, and present them in a concise and well-organized document.


## This is the PRD you can retrieve, which contains functional requirements for the system:
[OUTPUT] ## general overview of the project The objective of the 'PersonalBlog' web application is to provide users with a simple platform to create, manage, and share their personal blog entries without relying on a database; all data will be stored locally in text files. ## software functional requirements 1. Users shall be able to log in to their account by entering a username and password on the Login Page. 2. Users shall be able to register a new account by providing a username, password, and email on the Registration Page. 3. Users shall be able to view a list of their blog posts on the Main Blog Page, with options to create a new post or view existing posts. 4. Users shall be able to create a new blog post by providing a title and content on the New Post Page. 5. Users shall be able to view the full content of a selected post on the View Post Page. 6. Users shall be able to edit an existing post by modifying the title and content on the Edit Post Page. 7. Users shall be able to delete a blog post from the View Post Page. 8. Users shall be able to navigate back to the main blog page from the View Post, Edit Post, and New Post Pages using a back button. 9. Users shall be able to log out of their account from the Main Blog Page. 10. Users shall be shown appropriate messages for successful or unsuccessful actions (login, registration, post creation, etc.) on each relevant page. [/OUTPUT]

## This is the user's original demand, which includes not only functional requirements but also other special requirements.
# Software Description

## Objective
The objective of the 'PersonalBlog' web application is to provide users with a simple platform to create, manage, and share their personal blog entries without relying on a database; all data will be stored locally in text files.

## Core Features

Users shall be able to log in to their account by entering a username and password on the Login Page.
Users shall be able to register a new account by providing a username, password, and email on the Registration Page.
Users shall be able to view a list of their blog posts on the Main Blog Page, with options to create a new post or view existing posts.
Users shall be able to create a new blog post by providing a title and content on the New Post Page.
Users shall be able to view the full content of a selected post on the View Post Page.
Users shall be able to edit an existing post by modifying the title and content on the Edit Post Page.
Users shall be able to delete a blog post from the View Post Page.
Users shall be able to navigate back to the main blog page from the View Post, Edit Post, and New Post Pages using a back button.
Users shall be able to log out of their account from the Main Blog Page.
Users shall be shown appropriate messages for successful or unsuccessful actions (login, registration, post creation, etc.) on each relevant page.

## Language

Use html and python to develop a web application.
You should use html to generate the web template by yourself.
## Data Storage
Data will be stored in local text files.
Different types of data will be stored in separate `.txt` files.
You should define the text file by yourself in advance.
This structured data storage will facilitate easy data retrieval and management through simple file manipulations in Python, ensuring the application remains light and efficient without the need for a SQL database.

## now, you get one following specific task:
|Implement user authentication.|Create User class in main.py, implement login and registration methods, and handle user data in users.txt.|[T0]|related files:[main.py]

## Action
You should extract the sections directly related to the specific task described above from the two documents.
After extraction, integrate the relevant sections into a single output, ensuring duplicate content is removed.

Key Points:
The extracted content must remain unaltered. Do not modify any part of the retrieved sections.
Include only the necessary sections. Exclude any content you are certain is irrelevant to the current task.
Aim for conciseness: less is better.

2025-01-01 Wednesday 12:15:22 _client.py : INFO  HTTP Request: POST https://api.chatanywhere.tech/chat/completions "HTTP/1.1 200 OK"
2025-01-01 Wednesday 12:15:22 model.py : INFO  following invoke cost: 1161 | all cost: 63690
2025-01-01 Wednesday 12:15:22 searcher.py : INFO  retrievaled reslt is: 
## Extracted Relevant Sections for User Authentication Task

### Objective
The objective of the 'PersonalBlog' web application is to provide users with a simple platform to create, manage, and share their personal blog entries without relying on a database; all data will be stored locally in text files.

### Software Functional Requirements
1. Users shall be able to log in to their account by entering a username and password on the Login Page.
2. Users shall be able to register a new account by providing a username, password, and email on the Registration Page.
10. Users shall be shown appropriate messages for successful or unsuccessful actions (login, registration, post creation, etc.) on each relevant page.

### Language
Use html and python to develop a web application. You should use html to generate the web template by yourself.

### Data Storage
Data will be stored in local text files. Different types of data will be stored in separate `.txt` files. You should define the text file by yourself in advance. This structured data storage will facilitate easy data retrieval and management through simple file manipulations in Python, ensuring the application remains light and efficient without the need for a SQL database.
2025-01-01 Wednesday 12:15:22 c_programmer.py : INFO  
You are a professional engineer; the main goal is to write google-style, elegant, modular, easy to read and maintain code.
Output format carefully referenced "Format example".
In addition to writing code, you may also need to complete the data files in the task list (such as .txt .json .csv files). If the task list requires the implementation of data files, you need to simply design some data that meets the requirements for your completed software to facilitate the startup and testing of the software as a demo.


# Context

## Design
[CONTENT] "Implementation approach": "We will use Flask as the web framework to create the PersonalBlog application. Flask is lightweight and suitable for building simple web applications. For the front-end, we will use HTML to create the necessary templates. User data and blog posts will be stored in local text files, ensuring that the application remains simple and efficient without a database.", "UI design":"- The application will have a Login Page for user authentication, a Registration Page for new users, a Main Blog Page to list blog posts, a New Post Page for creating posts, a View Post Page for displaying individual posts, and an Edit Post Page for modifying existing posts. Each page will have a consistent layout with navigation links.", "Data Storage":"Data will be stored in local text files. We will create the following files: 'users.txt' for storing user credentials (username, password, email) and 'posts.txt' for storing blog posts (title, content, author). Each entry will be stored in a structured format to facilitate easy retrieval and management.", "File list": ["main.py", "templates/login.html", "templates/register.html", "templates/main.html", "templates/new_post.html", "templates/view_post.html", "templates/edit_post.html", "users.txt", "posts.txt"], "Data structures and interfaces": " classDiagram     class Main {         -Flask app         +run() None     }     class User {         -username: str         -password: str         -email: str         +__init__(username: str, password: str, email: str) None         +save() None         +load_users() list     }     class Post {         -title: str         -content: str         -author: str         +__init__(title: str, content: str, author: str) None         +save() None         +load_posts() list     }     class Auth {         +login(username: str, password: str) bool         +register(username: str, password: str, email: str) bool     }     class Blog {         +create_post(title: str, content: str, author: str) None         +edit_post(title: str, content: str) None         +delete_post(title: str) None         +view_post(title: str) str         +list_posts() list     }     Main --> Auth     Main --> Blog     Auth --> User     Blog --> Post ", [/CONTENT]
## Whole Task Plan
{ "Required packages": [     "flask==1.1.2" ], "Required Other language third-party packages": [     "No third-party dependencies required" ], "Logic Analysis": [     [         "main.py",         "The main file of the application, responsible for initializing the Flask app and routing. Contains the Main class and the main application logic."     ],     [         "templates/login.html",         "HTML template for the Login Page, includes form for username and password."     ],     [         "templates/register.html",         "HTML template for the Registration Page, includes form for username, password, and email."     ],     [         "templates/main.html",         "HTML template for the Main Blog Page, displays list of blog posts and navigation options."     ],     [         "templates/new_post.html",         "HTML template for the New Post Page, includes form for creating a new blog post."     ],     [         "templates/view_post.html",         "HTML template for the View Post Page, displays full content of a selected post."     ],     [         "templates/edit_post.html",         "HTML template for the Edit Post Page, includes form for editing an existing blog post."     ] ], "Task list":  {     'T0':'|Set up Flask application and routing.|Initialize the Flask app in main.py, set up routes for login, registration, main blog page, new post, view post, and edit post.|[]|related files:["main.py"]',     'T1':'|Implement user authentication.|Create User class in main.py, implement login and registration methods, and handle user data in users.txt.|[T0]|related files:[main.py]',     'T2':'|Create blog post management functionality.|Create Blog class in main.py, implement methods for creating, editing, deleting, and viewing posts, and manage data in posts.txt.|[T0]|related files:[main.py]',     'T3':'|Develop HTML templates for user interface.|Create login.html, register.html, main.html, new_post.html, view_post.html, and edit_post.html with appropriate forms and navigation links.|[T0]|related files:[templates/login.html, templates/register.html, templates/main.html, templates/new_post.html, templates/view_post.html, templates/edit_post.html]',     'T4':'|Implement data storage and retrieval.|Implement methods in User and Post classes to save and load data from users.txt and posts.txt.|[T1, T2]|related files:[main.py]',     'T5':'|Add user feedback messages.|Implement functionality to show success or error messages for login, registration, and post actions on relevant pages.|[T1, T2, T3]|related files:[main.py]',     'T6':'|Test the application.|Conduct testing of all functionalities including login, registration, post creation, editing, and deletion to ensure everything works as expected.|[T0, T1, T2, T3, T4, T5]|related files:[main.py]' }, "Shared Knowledge": "`main.py` contains the main application logic and routing for the entire project." }

## files(already available)
file name: main.py

from flask import Flask, render_template, request, redirect, url_for, flash, session
from typing import List

app = Flask(__name__)
app.secret_key = 'your_secret_key'  # Change this to a random secret key

class User:
    def __init__(self, username: str, password: str, email: str):
        self.username = username
        self.password = password
        self.email = email

    def save(self):
        with open('users.txt', 'a') as f:
            f.write(f"{self.username}|{self.password}|{self.email}\n")

    @staticmethod
    def load_users() -> List['User']:
        users = []
        try:
            with open('users.txt', 'r') as f:
                for line in f:
                    username, password, email = line.strip().split('|')
                    users.append(User(username, password, email))
        except FileNotFoundError:
            pass
        return users

class Post:
    def __init__(self, title: str, content: str, author: str):
        self.title = title
        self.content = content
        self.author = author

    def save(self):
        with open('posts.txt', 'a') as f:
            f.write(f"{self.title}|{self.content}|{self.author}\n")

    @staticmethod
    def load_posts() -> List['Post']:
        posts = []
        try:
            with open('posts.txt', 'r') as f:
                for line in f:
                    title, content, author = line.strip().split('|')
                    posts.append(Post(title, content, author))
        except FileNotFoundError:
            pass
        return posts

class Auth:
    @staticmethod
    def login(username: str, password: str) -> bool:
        users = User.load_users()
        for user in users:
            if user.username == username and user.password == password:
                session['username'] = username
                return True
        return False

    @staticmethod
    def register(username: str, password: str, email: str) -> bool:
        users = User.load_users()
        if any(user.username == username for user in users):
            flash("Username already exists!", "error")
            return False
        new_user = User(username, password, email)
        new_user.save()
        flash("Registration successful!", "success")
        return True

class Blog:
    @staticmethod
    def create_post(title: str, content: str, author: str):
        new_post = Post(title, content, author)
        new_post.save()
        flash("Post created successfully!", "success")

    @staticmethod
    def edit_post(title: str, content: str):
        posts = Post.load_posts()
        for post in posts:
            if post.title == title:
                post.content = content
                with open('posts.txt', 'w') as f:
                    for p in posts:
                        f.write(f"{p.title}|{p.content}|{p.author}\n")
                flash("Post edited successfully!", "success")
                return
        flash("Post not found!", "error")

    @staticmethod
    def delete_post(title: str):
        posts = Post.load_posts()
        posts = [post for post in posts if post.title != title]
        with open('posts.txt', 'w') as f:
            for post in posts:
                f.write(f"{post.title}|{post.content}|{post.author}\n")
        flash("Post deleted successfully!", "success")

    @staticmethod
    def view_post(title: str) -> str:
        posts = Post.load_posts()
        for post in posts:
            if post.title == title:
                return post.content
        return "Post not found!"

    @staticmethod
    def list_posts() -> List[Post]:
        return Post.load_posts()

@app.route('/')
def login():
    return render_template('login.html')

@app.route('/register', methods=['GET', 'POST'])
def register():
    if request.method == 'POST':
        username = request.form['username']
        password = request.form['password']
        email = request.form['email']
        Auth.register(username, password, email)
        return redirect(url_for('login'))
    return render_template('register.html')

@app.route('/main', methods=['GET'])
def main():
    if 'username' not in session:
        return redirect(url_for('login'))
    posts = Blog.list_posts()
    return render_template('main.html', posts=posts)

@app.route('/new_post', methods=['GET', 'POST'])
def new_post():
    if 'username' not in session:
        return redirect(url_for('login'))
    if request.method == 'POST':
        title = request.form['title']
        content = request.form['content']
        author = session['username']
        Blog.create_post(title, content, author)
        return redirect(url_for('main'))
    return render_template('new_post.html')

@app.route('/view_post/<title>', methods=['GET'])
def view_post(title):
    if 'username' not in session:
        return redirect(url_for('login'))
    content = Blog.view_post(title)
    return render_template('view_post.html', title=title, content=content)

@app.route('/edit_post/<title>', methods=['GET', 'POST'])
def edit_post(title):
    if 'username' not in session:
        return redirect(url_for('login'))
    if request.method == 'POST':
        content = request.form['content']
        Blog.edit_post(title, content)
        return redirect(url_for('main'))
    return render_template('edit_post.html', title=title)

@app.route('/delete_post/<title>', methods=['POST'])
def delete_post(title):
    if 'username' not in session:
        return redirect(url_for('login'))
    Blog.delete_post(title)
    return redirect(url_for('main'))

@app.route('/logout')
def logout():
    session.pop('username', None)
    return redirect(url_for('login'))

if __name__ == '__main__':
    app.run(debug=True)

file name: templates/login.html

<!DOCTYPE html>
<html lang="en">
<head>
    <meta charset="UTF-8">
    <meta name="viewport" content="width=device-width, initial-scale=1.0">
    <title>Login</title>
</head>
<body>
    <h1>Login</h1>
    <form method="POST" action="/login">
        <label for="username">Username:</label>
        <input type="text" id="username" name="username" required>
        <br>
        <label for="password">Password:</label>
        <input type="password" id="password" name="password" required>
        <br>
        <button type="submit">Login</button>
    </form>
    <p>Don't have an account? <a href="/register">Register here</a></p>
</body>
</html>

file name: templates/register.html

<!DOCTYPE html>
<html lang="en">
<head>
    <meta charset="UTF-8">
    <meta name="viewport" content="width=device-width, initial-scale=1.0">
    <title>Register</title>
</head>
<body>
    <h1>Register</h1>
    <form method="POST" action="/register">
        <label for="username">Username:</label>
        <input type="text" id="username" name="username" required>
        <br>
        <label for="password">Password:</label>
        <input type="password" id="password" name="password" required>
        <br>
        <label for="email">Email:</label>
        <input type="email" id="email" name="email" required>
        <br>
        <button type="submit">Register</button>
    </form>
    <p>Already have an account? <a href="/">Login here</a></p>
</body>
</html>

file name: templates/main.html

<!DOCTYPE html>
<html lang="en">
<head>
    <meta charset="UTF-8">
    <meta name="viewport" content="width=device-width, initial-scale=1.0">
    <title>Main Blog Page</title>
</head>
<body>
    <h1>Welcome to the Blog</h1>
    <p><a href="/new_post">Create New Post</a></p>
    <h2>Your Posts:</h2>
    <ul>
        {% for post in posts %}
            <li>
                <a href="/view_post/{{ post.title }}">{{ post.title }}</a>
                <form action="/delete_post/{{ post.title }}" method="POST" style="display:inline;">
                    <button type="submit">Delete</button>
                </form>
            </li>
        {% endfor %}
    </ul>
    <p><a href="/logout">Logout</a></p>
</body>
</html>

file name: templates/new_post.html

<!DOCTYPE html>
<html lang="en">
<head>
    <meta charset="UTF-8">
    <meta name="viewport" content="width=device-width, initial-scale=1.0">
    <title>Create New Post</title>
</head>
<body>
    <h1>Create New Post</h1>
    <form method="POST" action="/new_post">
        <label for="title">Title:</label>
        <input type="text" id="title" name="title" required>
        <br>
        <label for="content">Content:</label>
        <textarea id="content" name="content" required></textarea>
        <br>
        <button type="submit">Create Post</button>
    </form>
    <p><a href="/main">Back to Main Page</a></p>
</body>
</html>

file name: templates/view_post.html

<!DOCTYPE html>
<html lang="en">
<head>
    <meta charset="UTF-8">
    <meta name="viewport" content="width=device-width, initial-scale=1.0">
    <title>{{ title }}</title>
</head>
<body>
    <h1>{{ title }}</h1>
    <p>{{ content }}</p>
    <p><a href="/edit_post/{{ title }}">Edit Post</a></p>
    <p><a href="/main">Back to Main Page</a></p>
</body>
</html>

file name: templates/edit_post.html

<!DOCTYPE html>
<html lang="en">
<head>
    <meta charset="UTF-8">
    <meta name="viewport" content="width=device-width, initial-scale=1.0">
    <title>Edit Post - {{ title }}</title>
</head>
<body>
    <h1>Edit Post: {{ title }}</h1>
    <form method="POST" action="/edit_post/{{ title }}">
        <label for="content">Content:</label>
        <textarea id="content" name="content" required></textarea>
        <br>
        <button type="submit">Save Changes</button>
    </form>
    <p><a href="/main">Back to Main Page</a></p>
</body>
</html>

file name: users.txt

admin1|pass123|admin1@example.com
admin2|pass123|admin2@example.com

file name: posts.txt

My First Post|This is the content of my first post.|admin1
Another Post|This is some more content.|admin2



## Counter Example Error Case Reference.
Here are some lessons and reflections gained from the flawed implementation of the project:
### Summary of Issues Identified from Unit Test Results

1. **User Registration Failure**:
   - The application fails to properly process user registrations, resulting in the absence of the expected success message ("Registration successful!") when a new user is registered. This indicates a potential flaw in the user registration logic or session handling.

2. **Unimplemented Delete Functionality**:
   - The test for deleting a blog post fails because the delete functionality is not implemented in the application code. This leads to the test case being a placeholder and consequently failing at runtime.

### Guidance for Improvement

1. **Enhance User Registration Logic**:
   - **Validation**: Ensure that the registration method (`Auth.register`) properly checks if the username already exists before attempting to create a new user. If the username is taken, it should provide a clear error message that informs the user of the failure.
   - **Feedback Handling**: Make sure that session flashes or error messages regarding registration outcomes are correctly set up and displayed. Confirm that after a successful registration, the user is redirected to the login page with the success message correctly displayed.
   - **Testing**: Add logging or print statements as necessary during registration to debug issues related to user creation. This will help identify where the process might be failing.

   **Example**: 
   ```python
   if any(user.username == username for user in users):
       flash("Username already exists!", "error")
       return False
   ```

2. **Implement Blog Post Deletion Functionality**:
   - **Route Creation**: Create a new route within the Flask app that handles the deletion of blog posts. This should include a mechanism to remove posts from the database (in this case, the `posts.txt` file).
   - **Frontend Integration**: Add a delete option to the blog post views, allowing users to initiate a deletion request.
   - **Confirmation Process**: Implement a confirmation step to prevent accidental deletions. This could be achieved with a simple JavaScript confirm dialog or an additional page to confirm the deletion.
   - **Testing**: Once implemented, add a comprehensive test case for the delete functionality to ensure it effectively removes posts from the application.

   **Example**:
   ```python
   @app.route('/delete_post/<title>', methods=['POST'])
   def delete_post(title):
       Blog.delete_post(title)
       flash("Post deleted successfully!", "success")
       return redirect(url_for('main'))
   ```

By implementing these improvements, you will enhance the reliability and usability of the blog application, directly addressing the issues highlighted by the unit tests.

-----
# Format Example 
*** main.py
```python
...
```

*** ui.py
```python
...
```
-----
## Your Task
|Implement user authentication.|Create User class in main.py, implement login and registration methods, and handle user data in users.txt.|[T0]|related files:[main.py]

## Relatd Document
{
## Extracted Relevant Sections for User Authentication Task

### Objective
The objective of the 'PersonalBlog' web application is to provide users with a simple platform to create, manage, and share their personal blog entries without relying on a database; all data will be stored locally in text files.

### Software Functional Requirements
1. Users shall be able to log in to their account by entering a username and password on the Login Page.
2. Users shall be able to register a new account by providing a username, password, and email on the Registration Page.
10. Users shall be shown appropriate messages for successful or unsuccessful actions (login, registration, post creation, etc.) on each relevant page.

### Language
Use html and python to develop a web application. You should use html to generate the web template by yourself.

### Data Storage
Data will be stored in local text files. Different types of data will be stored in separate `.txt` files. You should define the text file by yourself in advance. This structured data storage will facilitate easy data retrieval and management through simple file manipulations in Python, ensuring the application remains light and efficient without the need for a SQL database.
}
(End for Relatd PRD)
# Instruction: Based on the context, follow "Format example", write or revise code to complete task described in "coding sub-task".
## ATTENTION
1. Use '***' to SPLIT different CODE SECTIONS. do not forget ``` in each file, refer the the example. Output format carefully referenced "Format example".
2. Follow design: YOU MUST FOLLOW "Data structures and interfaces". DONT CHANGE ANY DESIGN. Do not use public member functions that do not exist in your design.
3. Follow task: YOU MUST write Comprehensive codes to complete the sub-task.
4. Understand "Documents Relevant to the sub-task": Use this document, along with the architecture and task plan, as guidelines to construct your code.
4. CAREFULLY CHECK THAT YOU DONT MISS ANY NECESSARY CLASS/FUNCTION IN THE FILE.
5. You must import the third-party libraries used in your code
6. If you import a Class, you must import it firstly.
7. Determine the order of writing the files based on your understanding of the project.
9. Write out EVERY CODE DETAIL, DON'T LEAVE TODO,PASS,PLACEHOLDER.
9. Only write code result, do not output any other content in the start or in the end.
10. If you need to generate text data, follow the rules outlined in "<When Storing Data>" below.
 <When storing data>:
Different groups of data are distinguished by line breaks.
Different contents of the same group of data are distinguished by |.
Within any single content that contains multiple sub-entries, those sub-entries are separated by commas ,.
Example:
admin1|pass123|entry1,entry2,entry3  
admin2|pass123|entry1
Make sure:
The | character is used only to separate distinct contents within a group.
Commas , are used exclusively to separate multiple sub-entries within a single content.

# Website Development Rule
If you are doing website development, be sure to route the root path (/). If there is a login page, set the login page as the root route(/).
If you are doing website development, please do not encrypt the account password for the login function.
If you are doing website development, your code needs to take into account the process of loading data from the data file, so don't forget to load the data.
If you are doing Website Development, do not follow the rules of Website and Game development.
# GUI tkinter Development Rule
If you are doing GUI tkinter Development, do not follow the rules of Website and Game development.
# Game Development Rule
If the software needs to load data, please make sure the loading data code matches the data format and data file.
If you are doing Game Development, do not follow the rules of Website and Game development.

# important rule
Use '***' to SPLIT CODE SECTIONS. do not forget ``` in each file, refer the the example. Output format carefully referenced "Format example". 
Adhere strictly to the task requirements and implement them fully; do not include placeholders or "example" for code that is intended for future implementation.

# Counter Example Error Case Reference guideline
An example of a counter case for the entire project is provided in "Counter Example Error Case Reference". This counter case includes some errors that require attention. When completing the code for this task, please pay extra attention to the current task and the points highlighted in the counter case, avoiding these errors to produce better code.

2025-01-01 Wednesday 12:15:39 _client.py : INFO  HTTP Request: POST https://api.chatanywhere.tech/chat/completions "HTTP/1.1 200 OK"
2025-01-01 Wednesday 12:15:39 model.py : INFO  following invoke cost: 7683 | all cost: 71373
2025-01-01 Wednesday 12:15:39 c_programmer.py : INFO  
*** main.py
```python
from flask import Flask, render_template, request, redirect, url_for, flash, session
from typing import List

app = Flask(__name__)
app.secret_key = 'your_secret_key'  # Change this to a random secret key

class User:
    def __init__(self, username: str, password: str, email: str):
        self.username = username
        self.password = password
        self.email = email

    def save(self):
        with open('users.txt', 'a') as f:
            f.write(f"{self.username}|{self.password}|{self.email}\n")

    @staticmethod
    def load_users() -> List['User']:
        users = []
        try:
            with open('users.txt', 'r') as f:
                for line in f:
                    username, password, email = line.strip().split('|')
                    users.append(User(username, password, email))
        except FileNotFoundError:
            pass
        return users

class Post:
    def __init__(self, title: str, content: str, author: str):
        self.title = title
        self.content = content
        self.author = author

    def save(self):
        with open('posts.txt', 'a') as f:
            f.write(f"{self.title}|{self.content}|{self.author}\n")

    @staticmethod
    def load_posts() -> List['Post']:
        posts = []
        try:
            with open('posts.txt', 'r') as f:
                for line in f:
                    title, content, author = line.strip().split('|')
                    posts.append(Post(title, content, author))
        except FileNotFoundError:
            pass
        return posts

class Auth:
    @staticmethod
    def login(username: str, password: str) -> bool:
        users = User.load_users()
        for user in users:
            if user.username == username and user.password == password:
                session['username'] = username
                return True
        flash("Invalid username or password!", "error")
        return False

    @staticmethod
    def register(username: str, password: str, email: str) -> bool:
        users = User.load_users()
        if any(user.username == username for user in users):
            flash("Username already exists!", "error")
            return False
        new_user = User(username, password, email)
        new_user.save()
        flash("Registration successful!", "success")
        return True

class Blog:
    @staticmethod
    def create_post(title: str, content: str, author: str):
        new_post = Post(title, content, author)
        new_post.save()
        flash("Post created successfully!", "success")

    @staticmethod
    def edit_post(title: str, content: str):
        posts = Post.load_posts()
        for post in posts:
            if post.title == title:
                post.content = content
                with open('posts.txt', 'w') as f:
                    for p in posts:
                        f.write(f"{p.title}|{p.content}|{p.author}\n")
                flash("Post edited successfully!", "success")
                return
        flash("Post not found!", "error")

    @staticmethod
    def delete_post(title: str):
        posts = Post.load_posts()
        posts = [post for post in posts if post.title != title]
        with open('posts.txt', 'w') as f:
            for post in posts:
                f.write(f"{post.title}|{post.content}|{post.author}\n")
        flash("Post deleted successfully!", "success")

    @staticmethod
    def view_post(title: str) -> str:
        posts = Post.load_posts()
        for post in posts:
            if post.title == title:
                return post.content
        return "Post not found!"

    @staticmethod
    def list_posts() -> List[Post]:
        return Post.load_posts()

@app.route('/')
def login():
    return render_template('login.html')

@app.route('/register', methods=['GET', 'POST'])
def register():
    if request.method == 'POST':
        username = request.form['username']
        password = request.form['password']
        email = request.form['email']
        Auth.register(username, password, email)
        return redirect(url_for('login'))
    return render_template('register.html')

@app.route('/main', methods=['GET'])
def main():
    if 'username' not in session:
        return redirect(url_for('login'))
    posts = Blog.list_posts()
    return render_template('main.html', posts=posts)

@app.route('/new_post', methods=['GET', 'POST'])
def new_post():
    if 'username' not in session:
        return redirect(url_for('login'))
    if request.method == 'POST':
        title = request.form['title']
        content = request.form['content']
        author = session['username']
        Blog.create_post(title, content, author)
        return redirect(url_for('main'))
    return render_template('new_post.html')

@app.route('/view_post/<title>', methods=['GET'])
def view_post(title):
    if 'username' not in session:
        return redirect(url_for('login'))
    content = Blog.view_post(title)
    return render_template('view_post.html', title=title, content=content)

@app.route('/edit_post/<title>', methods=['GET', 'POST'])
def edit_post(title):
    if 'username' not in session:
        return redirect(url_for('login'))
    if request.method == 'POST':
        content = request.form['content']
        Blog.edit_post(title, content)
        return redirect(url_for('main'))
    return render_template('edit_post.html', title=title)

@app.route('/delete_post/<title>', methods=['POST'])
def delete_post(title):
    if 'username' not in session:
        return redirect(url_for('login'))
    Blog.delete_post(title)
    return redirect(url_for('main'))

@app.route('/logout')
def logout():
    session.pop('username', None)
    return redirect(url_for('login'))

if __name__ == '__main__':
    app.run(debug=True)
```

*** templates/login.html
```html
<!DOCTYPE html>
<html lang="en">
<head>
    <meta charset="UTF-8">
    <meta name="viewport" content="width=device-width, initial-scale=1.0">
    <title>Login</title>
</head>
<body>
    <h1>Login</h1>
    <form method="POST" action="/login">
        <label for="username">Username:</label>
        <input type="text" id="username" name="username" required>
        <br>
        <label for="password">Password:</label>
        <input type="password" id="password" name="password" required>
        <br>
        <button type="submit">Login</button>
    </form>
    <p>Don't have an account? <a href="/register">Register here</a></p>
</body>
</html>
```

*** templates/register.html
```html
<!DOCTYPE html>
<html lang="en">
<head>
    <meta charset="UTF-8">
    <meta name="viewport" content="width=device-width, initial-scale=1.0">
    <title>Register</title>
</head>
<body>
    <h1>Register</h1>
    <form method="POST" action="/register">
        <label for="username">Username:</label>
        <input type="text" id="username" name="username" required>
        <br>
        <label for="password">Password:</label>
        <input type="password" id="password" name="password" required>
        <br>
        <label for="email">Email:</label>
        <input type="email" id="email" name="email" required>
        <br>
        <button type="submit">Register</button>
    </form>
    <p>Already have an account? <a href="/">Login here</a></p>
</body>
</html>
```

*** templates/main.html
```html
<!DOCTYPE html>
<html lang="en">
<head>
    <meta charset="UTF-8">
    <meta name="viewport" content="width=device-width, initial-scale=1.0">
    <title>Main Blog Page</title>
</head>
<body>
    <h1>Welcome to the Blog</h1>
    <p><a href="/new_post">Create New Post</a></p>
    <h2>Your Posts:</h2>
    <ul>
        {% for post in posts %}
            <li>
                <a href="/view_post/{{ post.title }}">{{ post.title }}</a>
                <form action="/delete_post/{{ post.title }}" method="POST" style="display:inline;">
                    <button type="submit">Delete</button>
                </form>
            </li>
        {% endfor %}
    </ul>
    <p><a href="/logout">Logout</a></p>
</body>
</html>
```

*** templates/new_post.html
```html
<!DOCTYPE html>
<html lang="en">
<head>
    <meta charset="UTF-8">
    <meta name="viewport" content="width=device-width, initial-scale=1.0">
    <title>Create New Post</title>
</head>
<body>
    <h1>Create New Post</h1>
    <form method="POST" action="/new_post">
        <label for="title">Title:</label>
        <input type="text" id="title" name="title" required>
        <br>
        <label for="content">Content:</label>
        <textarea id="content" name="content" required></textarea>
        <br>
        <button type="submit">Create Post</button>
    </form>
    <p><a href="/main">Back to Main Page</a></p>
</body>
</html>
```

*** templates/view_post.html
```html
<!DOCTYPE html>
<html lang="en">
<head>
    <meta charset="UTF-8">
    <meta name="viewport" content="width=device-width, initial-scale=1.0">
    <title>{{ title }}</title>
</head>
<body>
    <h1>{{ title }}</h1>
    <p>{{ content }}</p>
    <p><a href="/edit_post/{{ title }}">Edit Post</a></p>
    <p><a href="/main">Back to Main Page</a></p>
</body>
</html>
```

*** templates/edit_post.html
```html
<!DOCTYPE html>
<html lang="en">
<head>
    <meta charset="UTF-8">
    <meta name="viewport" content="width=device-width, initial-scale=1.0">
    <title>Edit Post - {{ title }}</title>
</head>
<body>
    <h1>Edit Post: {{ title }}</h1>
    <form method="POST" action="/edit_post/{{ title }}">
        <label for="content">Content:</label>
        <textarea id="content" name="content" required></textarea>
        <br>
        <button type="submit">Save Changes</button>
    </form>
    <p><a href="/main">Back to Main Page</a></p>
</body>
</html>
```

*** users.txt
```
admin1|pass123|admin1@example.com
admin2|pass123|admin2@example.com
```

*** posts.txt
```
My First Post|This is the content of my first post.|admin1
Another Post|This is some more content.|admin2
```
2025-01-01 Wednesday 12:15:39 c_programmer.py : INFO  **[Update Codes]**

main.py updated.


```
'''

'''
--- Old
+++ New
@@ -56,6 +56,7 @@
             if user.username == username and user.password == password:
                 session['username'] = username
                 return True
+        flash("Invalid username or password!", "error")
         return False
 
     @staticmethod
```
2025-01-01 Wednesday 12:15:39 c_programmer.py : INFO  **[Update Codes]**

templates/login.html updated.


```
'''

'''

```
2025-01-01 Wednesday 12:15:39 c_programmer.py : INFO  **[Update Codes]**

templates/register.html updated.


```
'''

'''

```
2025-01-01 Wednesday 12:15:39 c_programmer.py : INFO  **[Update Codes]**

templates/main.html updated.


```
'''

'''

```
2025-01-01 Wednesday 12:15:39 c_programmer.py : INFO  **[Update Codes]**

templates/new_post.html updated.


```
'''

'''

```
2025-01-01 Wednesday 12:15:39 c_programmer.py : INFO  **[Update Codes]**

templates/view_post.html updated.


```
'''

'''

```
2025-01-01 Wednesday 12:15:39 c_programmer.py : INFO  **[Update Codes]**

templates/edit_post.html updated.


```
'''

'''

```
2025-01-01 Wednesday 12:15:39 c_programmer.py : INFO  **[Update Codes]**

users.txt updated.


```
'''

'''

```
2025-01-01 Wednesday 12:15:39 c_programmer.py : INFO  **[Update Codes]**

posts.txt updated.


```
'''

'''

```
2025-01-01 Wednesday 12:15:39 searcher.py : INFO  
You are an excellent software task-oriented analyst. Your task is to accurately extract and compile all relevant sections from the requirements document and user demands that are directly related to a given task description, and present them in a concise and well-organized document.


## This is the PRD you can retrieve, which contains functional requirements for the system:
[OUTPUT] ## general overview of the project The objective of the 'PersonalBlog' web application is to provide users with a simple platform to create, manage, and share their personal blog entries without relying on a database; all data will be stored locally in text files. ## software functional requirements 1. Users shall be able to log in to their account by entering a username and password on the Login Page. 2. Users shall be able to register a new account by providing a username, password, and email on the Registration Page. 3. Users shall be able to view a list of their blog posts on the Main Blog Page, with options to create a new post or view existing posts. 4. Users shall be able to create a new blog post by providing a title and content on the New Post Page. 5. Users shall be able to view the full content of a selected post on the View Post Page. 6. Users shall be able to edit an existing post by modifying the title and content on the Edit Post Page. 7. Users shall be able to delete a blog post from the View Post Page. 8. Users shall be able to navigate back to the main blog page from the View Post, Edit Post, and New Post Pages using a back button. 9. Users shall be able to log out of their account from the Main Blog Page. 10. Users shall be shown appropriate messages for successful or unsuccessful actions (login, registration, post creation, etc.) on each relevant page. [/OUTPUT]

## This is the user's original demand, which includes not only functional requirements but also other special requirements.
# Software Description

## Objective
The objective of the 'PersonalBlog' web application is to provide users with a simple platform to create, manage, and share their personal blog entries without relying on a database; all data will be stored locally in text files.

## Core Features

Users shall be able to log in to their account by entering a username and password on the Login Page.
Users shall be able to register a new account by providing a username, password, and email on the Registration Page.
Users shall be able to view a list of their blog posts on the Main Blog Page, with options to create a new post or view existing posts.
Users shall be able to create a new blog post by providing a title and content on the New Post Page.
Users shall be able to view the full content of a selected post on the View Post Page.
Users shall be able to edit an existing post by modifying the title and content on the Edit Post Page.
Users shall be able to delete a blog post from the View Post Page.
Users shall be able to navigate back to the main blog page from the View Post, Edit Post, and New Post Pages using a back button.
Users shall be able to log out of their account from the Main Blog Page.
Users shall be shown appropriate messages for successful or unsuccessful actions (login, registration, post creation, etc.) on each relevant page.

## Language

Use html and python to develop a web application.
You should use html to generate the web template by yourself.
## Data Storage
Data will be stored in local text files.
Different types of data will be stored in separate `.txt` files.
You should define the text file by yourself in advance.
This structured data storage will facilitate easy data retrieval and management through simple file manipulations in Python, ensuring the application remains light and efficient without the need for a SQL database.

## now, you get one following specific task:
|Create blog post management functionality.|Create Blog class in main.py, implement methods for creating, editing, deleting, and viewing posts, and manage data in posts.txt.|[T0]|related files:[main.py]

## Action
You should extract the sections directly related to the specific task described above from the two documents.
After extraction, integrate the relevant sections into a single output, ensuring duplicate content is removed.

Key Points:
The extracted content must remain unaltered. Do not modify any part of the retrieved sections.
Include only the necessary sections. Exclude any content you are certain is irrelevant to the current task.
Aim for conciseness: less is better.

2025-01-01 Wednesday 12:15:41 _client.py : INFO  HTTP Request: POST https://api.chatanywhere.tech/chat/completions "HTTP/1.1 200 OK"
2025-01-01 Wednesday 12:15:41 model.py : INFO  following invoke cost: 1187 | all cost: 72560
2025-01-01 Wednesday 12:15:41 searcher.py : INFO  retrievaled reslt is: 
## Extracted Relevant Sections for Blog Post Management Functionality

### General Overview
The objective of the 'PersonalBlog' web application is to provide users with a simple platform to create, manage, and share their personal blog entries without relying on a database; all data will be stored locally in text files.

### Software Functional Requirements
1. Users shall be able to create a new blog post by providing a title and content on the New Post Page.
2. Users shall be able to view the full content of a selected post on the View Post Page.
3. Users shall be able to edit an existing post by modifying the title and content on the Edit Post Page.
4. Users shall be able to delete a blog post from the View Post Page.

### Data Storage
Data will be stored in local text files. Different types of data will be stored in separate `.txt` files. You should define the text file by yourself in advance. This structured data storage will facilitate easy data retrieval and management through simple file manipulations in Python, ensuring the application remains light and efficient without the need for a SQL database.

### Task Description
Create Blog class in main.py, implement methods for creating, editing, deleting, and viewing posts, and manage data in posts.txt.
2025-01-01 Wednesday 12:15:41 c_programmer.py : INFO  
You are a professional engineer; the main goal is to write google-style, elegant, modular, easy to read and maintain code.
Output format carefully referenced "Format example".
In addition to writing code, you may also need to complete the data files in the task list (such as .txt .json .csv files). If the task list requires the implementation of data files, you need to simply design some data that meets the requirements for your completed software to facilitate the startup and testing of the software as a demo.


# Context

## Design
[CONTENT] "Implementation approach": "We will use Flask as the web framework to create the PersonalBlog application. Flask is lightweight and suitable for building simple web applications. For the front-end, we will use HTML to create the necessary templates. User data and blog posts will be stored in local text files, ensuring that the application remains simple and efficient without a database.", "UI design":"- The application will have a Login Page for user authentication, a Registration Page for new users, a Main Blog Page to list blog posts, a New Post Page for creating posts, a View Post Page for displaying individual posts, and an Edit Post Page for modifying existing posts. Each page will have a consistent layout with navigation links.", "Data Storage":"Data will be stored in local text files. We will create the following files: 'users.txt' for storing user credentials (username, password, email) and 'posts.txt' for storing blog posts (title, content, author). Each entry will be stored in a structured format to facilitate easy retrieval and management.", "File list": ["main.py", "templates/login.html", "templates/register.html", "templates/main.html", "templates/new_post.html", "templates/view_post.html", "templates/edit_post.html", "users.txt", "posts.txt"], "Data structures and interfaces": " classDiagram     class Main {         -Flask app         +run() None     }     class User {         -username: str         -password: str         -email: str         +__init__(username: str, password: str, email: str) None         +save() None         +load_users() list     }     class Post {         -title: str         -content: str         -author: str         +__init__(title: str, content: str, author: str) None         +save() None         +load_posts() list     }     class Auth {         +login(username: str, password: str) bool         +register(username: str, password: str, email: str) bool     }     class Blog {         +create_post(title: str, content: str, author: str) None         +edit_post(title: str, content: str) None         +delete_post(title: str) None         +view_post(title: str) str         +list_posts() list     }     Main --> Auth     Main --> Blog     Auth --> User     Blog --> Post ", [/CONTENT]
## Whole Task Plan
{ "Required packages": [     "flask==1.1.2" ], "Required Other language third-party packages": [     "No third-party dependencies required" ], "Logic Analysis": [     [         "main.py",         "The main file of the application, responsible for initializing the Flask app and routing. Contains the Main class and the main application logic."     ],     [         "templates/login.html",         "HTML template for the Login Page, includes form for username and password."     ],     [         "templates/register.html",         "HTML template for the Registration Page, includes form for username, password, and email."     ],     [         "templates/main.html",         "HTML template for the Main Blog Page, displays list of blog posts and navigation options."     ],     [         "templates/new_post.html",         "HTML template for the New Post Page, includes form for creating a new blog post."     ],     [         "templates/view_post.html",         "HTML template for the View Post Page, displays full content of a selected post."     ],     [         "templates/edit_post.html",         "HTML template for the Edit Post Page, includes form for editing an existing blog post."     ] ], "Task list":  {     'T0':'|Set up Flask application and routing.|Initialize the Flask app in main.py, set up routes for login, registration, main blog page, new post, view post, and edit post.|[]|related files:["main.py"]',     'T1':'|Implement user authentication.|Create User class in main.py, implement login and registration methods, and handle user data in users.txt.|[T0]|related files:[main.py]',     'T2':'|Create blog post management functionality.|Create Blog class in main.py, implement methods for creating, editing, deleting, and viewing posts, and manage data in posts.txt.|[T0]|related files:[main.py]',     'T3':'|Develop HTML templates for user interface.|Create login.html, register.html, main.html, new_post.html, view_post.html, and edit_post.html with appropriate forms and navigation links.|[T0]|related files:[templates/login.html, templates/register.html, templates/main.html, templates/new_post.html, templates/view_post.html, templates/edit_post.html]',     'T4':'|Implement data storage and retrieval.|Implement methods in User and Post classes to save and load data from users.txt and posts.txt.|[T1, T2]|related files:[main.py]',     'T5':'|Add user feedback messages.|Implement functionality to show success or error messages for login, registration, and post actions on relevant pages.|[T1, T2, T3]|related files:[main.py]',     'T6':'|Test the application.|Conduct testing of all functionalities including login, registration, post creation, editing, and deletion to ensure everything works as expected.|[T0, T1, T2, T3, T4, T5]|related files:[main.py]' }, "Shared Knowledge": "`main.py` contains the main application logic and routing for the entire project." }

## files(already available)
file name: main.py

from flask import Flask, render_template, request, redirect, url_for, flash, session
from typing import List

app = Flask(__name__)
app.secret_key = 'your_secret_key'  # Change this to a random secret key

class User:
    def __init__(self, username: str, password: str, email: str):
        self.username = username
        self.password = password
        self.email = email

    def save(self):
        with open('users.txt', 'a') as f:
            f.write(f"{self.username}|{self.password}|{self.email}\n")

    @staticmethod
    def load_users() -> List['User']:
        users = []
        try:
            with open('users.txt', 'r') as f:
                for line in f:
                    username, password, email = line.strip().split('|')
                    users.append(User(username, password, email))
        except FileNotFoundError:
            pass
        return users

class Post:
    def __init__(self, title: str, content: str, author: str):
        self.title = title
        self.content = content
        self.author = author

    def save(self):
        with open('posts.txt', 'a') as f:
            f.write(f"{self.title}|{self.content}|{self.author}\n")

    @staticmethod
    def load_posts() -> List['Post']:
        posts = []
        try:
            with open('posts.txt', 'r') as f:
                for line in f:
                    title, content, author = line.strip().split('|')
                    posts.append(Post(title, content, author))
        except FileNotFoundError:
            pass
        return posts

class Auth:
    @staticmethod
    def login(username: str, password: str) -> bool:
        users = User.load_users()
        for user in users:
            if user.username == username and user.password == password:
                session['username'] = username
                return True
        flash("Invalid username or password!", "error")
        return False

    @staticmethod
    def register(username: str, password: str, email: str) -> bool:
        users = User.load_users()
        if any(user.username == username for user in users):
            flash("Username already exists!", "error")
            return False
        new_user = User(username, password, email)
        new_user.save()
        flash("Registration successful!", "success")
        return True

class Blog:
    @staticmethod
    def create_post(title: str, content: str, author: str):
        new_post = Post(title, content, author)
        new_post.save()
        flash("Post created successfully!", "success")

    @staticmethod
    def edit_post(title: str, content: str):
        posts = Post.load_posts()
        for post in posts:
            if post.title == title:
                post.content = content
                with open('posts.txt', 'w') as f:
                    for p in posts:
                        f.write(f"{p.title}|{p.content}|{p.author}\n")
                flash("Post edited successfully!", "success")
                return
        flash("Post not found!", "error")

    @staticmethod
    def delete_post(title: str):
        posts = Post.load_posts()
        posts = [post for post in posts if post.title != title]
        with open('posts.txt', 'w') as f:
            for post in posts:
                f.write(f"{post.title}|{post.content}|{post.author}\n")
        flash("Post deleted successfully!", "success")

    @staticmethod
    def view_post(title: str) -> str:
        posts = Post.load_posts()
        for post in posts:
            if post.title == title:
                return post.content
        return "Post not found!"

    @staticmethod
    def list_posts() -> List[Post]:
        return Post.load_posts()

@app.route('/')
def login():
    return render_template('login.html')

@app.route('/register', methods=['GET', 'POST'])
def register():
    if request.method == 'POST':
        username = request.form['username']
        password = request.form['password']
        email = request.form['email']
        Auth.register(username, password, email)
        return redirect(url_for('login'))
    return render_template('register.html')

@app.route('/main', methods=['GET'])
def main():
    if 'username' not in session:
        return redirect(url_for('login'))
    posts = Blog.list_posts()
    return render_template('main.html', posts=posts)

@app.route('/new_post', methods=['GET', 'POST'])
def new_post():
    if 'username' not in session:
        return redirect(url_for('login'))
    if request.method == 'POST':
        title = request.form['title']
        content = request.form['content']
        author = session['username']
        Blog.create_post(title, content, author)
        return redirect(url_for('main'))
    return render_template('new_post.html')

@app.route('/view_post/<title>', methods=['GET'])
def view_post(title):
    if 'username' not in session:
        return redirect(url_for('login'))
    content = Blog.view_post(title)
    return render_template('view_post.html', title=title, content=content)

@app.route('/edit_post/<title>', methods=['GET', 'POST'])
def edit_post(title):
    if 'username' not in session:
        return redirect(url_for('login'))
    if request.method == 'POST':
        content = request.form['content']
        Blog.edit_post(title, content)
        return redirect(url_for('main'))
    return render_template('edit_post.html', title=title)

@app.route('/delete_post/<title>', methods=['POST'])
def delete_post(title):
    if 'username' not in session:
        return redirect(url_for('login'))
    Blog.delete_post(title)
    return redirect(url_for('main'))

@app.route('/logout')
def logout():
    session.pop('username', None)
    return redirect(url_for('login'))

if __name__ == '__main__':
    app.run(debug=True)

file name: templates/login.html

<!DOCTYPE html>
<html lang="en">
<head>
    <meta charset="UTF-8">
    <meta name="viewport" content="width=device-width, initial-scale=1.0">
    <title>Login</title>
</head>
<body>
    <h1>Login</h1>
    <form method="POST" action="/login">
        <label for="username">Username:</label>
        <input type="text" id="username" name="username" required>
        <br>
        <label for="password">Password:</label>
        <input type="password" id="password" name="password" required>
        <br>
        <button type="submit">Login</button>
    </form>
    <p>Don't have an account? <a href="/register">Register here</a></p>
</body>
</html>

file name: templates/register.html

<!DOCTYPE html>
<html lang="en">
<head>
    <meta charset="UTF-8">
    <meta name="viewport" content="width=device-width, initial-scale=1.0">
    <title>Register</title>
</head>
<body>
    <h1>Register</h1>
    <form method="POST" action="/register">
        <label for="username">Username:</label>
        <input type="text" id="username" name="username" required>
        <br>
        <label for="password">Password:</label>
        <input type="password" id="password" name="password" required>
        <br>
        <label for="email">Email:</label>
        <input type="email" id="email" name="email" required>
        <br>
        <button type="submit">Register</button>
    </form>
    <p>Already have an account? <a href="/">Login here</a></p>
</body>
</html>

file name: templates/main.html

<!DOCTYPE html>
<html lang="en">
<head>
    <meta charset="UTF-8">
    <meta name="viewport" content="width=device-width, initial-scale=1.0">
    <title>Main Blog Page</title>
</head>
<body>
    <h1>Welcome to the Blog</h1>
    <p><a href="/new_post">Create New Post</a></p>
    <h2>Your Posts:</h2>
    <ul>
        {% for post in posts %}
            <li>
                <a href="/view_post/{{ post.title }}">{{ post.title }}</a>
                <form action="/delete_post/{{ post.title }}" method="POST" style="display:inline;">
                    <button type="submit">Delete</button>
                </form>
            </li>
        {% endfor %}
    </ul>
    <p><a href="/logout">Logout</a></p>
</body>
</html>

file name: templates/new_post.html

<!DOCTYPE html>
<html lang="en">
<head>
    <meta charset="UTF-8">
    <meta name="viewport" content="width=device-width, initial-scale=1.0">
    <title>Create New Post</title>
</head>
<body>
    <h1>Create New Post</h1>
    <form method="POST" action="/new_post">
        <label for="title">Title:</label>
        <input type="text" id="title" name="title" required>
        <br>
        <label for="content">Content:</label>
        <textarea id="content" name="content" required></textarea>
        <br>
        <button type="submit">Create Post</button>
    </form>
    <p><a href="/main">Back to Main Page</a></p>
</body>
</html>

file name: templates/view_post.html

<!DOCTYPE html>
<html lang="en">
<head>
    <meta charset="UTF-8">
    <meta name="viewport" content="width=device-width, initial-scale=1.0">
    <title>{{ title }}</title>
</head>
<body>
    <h1>{{ title }}</h1>
    <p>{{ content }}</p>
    <p><a href="/edit_post/{{ title }}">Edit Post</a></p>
    <p><a href="/main">Back to Main Page</a></p>
</body>
</html>

file name: templates/edit_post.html

<!DOCTYPE html>
<html lang="en">
<head>
    <meta charset="UTF-8">
    <meta name="viewport" content="width=device-width, initial-scale=1.0">
    <title>Edit Post - {{ title }}</title>
</head>
<body>
    <h1>Edit Post: {{ title }}</h1>
    <form method="POST" action="/edit_post/{{ title }}">
        <label for="content">Content:</label>
        <textarea id="content" name="content" required></textarea>
        <br>
        <button type="submit">Save Changes</button>
    </form>
    <p><a href="/main">Back to Main Page</a></p>
</body>
</html>

file name: users.txt

admin1|pass123|admin1@example.com
admin2|pass123|admin2@example.com

file name: posts.txt

My First Post|This is the content of my first post.|admin1
Another Post|This is some more content.|admin2



## Counter Example Error Case Reference.
Here are some lessons and reflections gained from the flawed implementation of the project:
### Summary of Issues Identified from Unit Test Results

1. **User Registration Failure**:
   - The application fails to properly process user registrations, resulting in the absence of the expected success message ("Registration successful!") when a new user is registered. This indicates a potential flaw in the user registration logic or session handling.

2. **Unimplemented Delete Functionality**:
   - The test for deleting a blog post fails because the delete functionality is not implemented in the application code. This leads to the test case being a placeholder and consequently failing at runtime.

### Guidance for Improvement

1. **Enhance User Registration Logic**:
   - **Validation**: Ensure that the registration method (`Auth.register`) properly checks if the username already exists before attempting to create a new user. If the username is taken, it should provide a clear error message that informs the user of the failure.
   - **Feedback Handling**: Make sure that session flashes or error messages regarding registration outcomes are correctly set up and displayed. Confirm that after a successful registration, the user is redirected to the login page with the success message correctly displayed.
   - **Testing**: Add logging or print statements as necessary during registration to debug issues related to user creation. This will help identify where the process might be failing.

   **Example**: 
   ```python
   if any(user.username == username for user in users):
       flash("Username already exists!", "error")
       return False
   ```

2. **Implement Blog Post Deletion Functionality**:
   - **Route Creation**: Create a new route within the Flask app that handles the deletion of blog posts. This should include a mechanism to remove posts from the database (in this case, the `posts.txt` file).
   - **Frontend Integration**: Add a delete option to the blog post views, allowing users to initiate a deletion request.
   - **Confirmation Process**: Implement a confirmation step to prevent accidental deletions. This could be achieved with a simple JavaScript confirm dialog or an additional page to confirm the deletion.
   - **Testing**: Once implemented, add a comprehensive test case for the delete functionality to ensure it effectively removes posts from the application.

   **Example**:
   ```python
   @app.route('/delete_post/<title>', methods=['POST'])
   def delete_post(title):
       Blog.delete_post(title)
       flash("Post deleted successfully!", "success")
       return redirect(url_for('main'))
   ```

By implementing these improvements, you will enhance the reliability and usability of the blog application, directly addressing the issues highlighted by the unit tests.

-----
# Format Example 
*** main.py
```python
...
```

*** ui.py
```python
...
```
-----
## Your Task
|Create blog post management functionality.|Create Blog class in main.py, implement methods for creating, editing, deleting, and viewing posts, and manage data in posts.txt.|[T0]|related files:[main.py]

## Relatd Document
{
## Extracted Relevant Sections for Blog Post Management Functionality

### General Overview
The objective of the 'PersonalBlog' web application is to provide users with a simple platform to create, manage, and share their personal blog entries without relying on a database; all data will be stored locally in text files.

### Software Functional Requirements
1. Users shall be able to create a new blog post by providing a title and content on the New Post Page.
2. Users shall be able to view the full content of a selected post on the View Post Page.
3. Users shall be able to edit an existing post by modifying the title and content on the Edit Post Page.
4. Users shall be able to delete a blog post from the View Post Page.

### Data Storage
Data will be stored in local text files. Different types of data will be stored in separate `.txt` files. You should define the text file by yourself in advance. This structured data storage will facilitate easy data retrieval and management through simple file manipulations in Python, ensuring the application remains light and efficient without the need for a SQL database.

### Task Description
Create Blog class in main.py, implement methods for creating, editing, deleting, and viewing posts, and manage data in posts.txt.
}
(End for Relatd PRD)
# Instruction: Based on the context, follow "Format example", write or revise code to complete task described in "coding sub-task".
## ATTENTION
1. Use '***' to SPLIT different CODE SECTIONS. do not forget ``` in each file, refer the the example. Output format carefully referenced "Format example".
2. Follow design: YOU MUST FOLLOW "Data structures and interfaces". DONT CHANGE ANY DESIGN. Do not use public member functions that do not exist in your design.
3. Follow task: YOU MUST write Comprehensive codes to complete the sub-task.
4. Understand "Documents Relevant to the sub-task": Use this document, along with the architecture and task plan, as guidelines to construct your code.
4. CAREFULLY CHECK THAT YOU DONT MISS ANY NECESSARY CLASS/FUNCTION IN THE FILE.
5. You must import the third-party libraries used in your code
6. If you import a Class, you must import it firstly.
7. Determine the order of writing the files based on your understanding of the project.
9. Write out EVERY CODE DETAIL, DON'T LEAVE TODO,PASS,PLACEHOLDER.
9. Only write code result, do not output any other content in the start or in the end.
10. If you need to generate text data, follow the rules outlined in "<When Storing Data>" below.
 <When storing data>:
Different groups of data are distinguished by line breaks.
Different contents of the same group of data are distinguished by |.
Within any single content that contains multiple sub-entries, those sub-entries are separated by commas ,.
Example:
admin1|pass123|entry1,entry2,entry3  
admin2|pass123|entry1
Make sure:
The | character is used only to separate distinct contents within a group.
Commas , are used exclusively to separate multiple sub-entries within a single content.

# Website Development Rule
If you are doing website development, be sure to route the root path (/). If there is a login page, set the login page as the root route(/).
If you are doing website development, please do not encrypt the account password for the login function.
If you are doing website development, your code needs to take into account the process of loading data from the data file, so don't forget to load the data.
If you are doing Website Development, do not follow the rules of Website and Game development.
# GUI tkinter Development Rule
If you are doing GUI tkinter Development, do not follow the rules of Website and Game development.
# Game Development Rule
If the software needs to load data, please make sure the loading data code matches the data format and data file.
If you are doing Game Development, do not follow the rules of Website and Game development.

# important rule
Use '***' to SPLIT CODE SECTIONS. do not forget ``` in each file, refer the the example. Output format carefully referenced "Format example". 
Adhere strictly to the task requirements and implement them fully; do not include placeholders or "example" for code that is intended for future implementation.

# Counter Example Error Case Reference guideline
An example of a counter case for the entire project is provided in "Counter Example Error Case Reference". This counter case includes some errors that require attention. When completing the code for this task, please pay extra attention to the current task and the points highlighted in the counter case, avoiding these errors to produce better code.

2025-01-01 Wednesday 12:15:50 _client.py : INFO  HTTP Request: POST https://api.chatanywhere.tech/chat/completions "HTTP/1.1 200 OK"
2025-01-01 Wednesday 12:15:50 model.py : INFO  following invoke cost: 6624 | all cost: 79184
2025-01-01 Wednesday 12:15:50 c_programmer.py : INFO  
*** main.py
```python
from flask import Flask, render_template, request, redirect, url_for, flash, session
from typing import List

app = Flask(__name__)
app.secret_key = 'your_secret_key'  # Change this to a random secret key

class User:
    def __init__(self, username: str, password: str, email: str):
        self.username = username
        self.password = password
        self.email = email

    def save(self):
        with open('users.txt', 'a') as f:
            f.write(f"{self.username}|{self.password}|{self.email}\n")

    @staticmethod
    def load_users() -> List['User']:
        users = []
        try:
            with open('users.txt', 'r') as f:
                for line in f:
                    username, password, email = line.strip().split('|')
                    users.append(User(username, password, email))
        except FileNotFoundError:
            pass
        return users

class Post:
    def __init__(self, title: str, content: str, author: str):
        self.title = title
        self.content = content
        self.author = author

    def save(self):
        with open('posts.txt', 'a') as f:
            f.write(f"{self.title}|{self.content}|{self.author}\n")

    @staticmethod
    def load_posts() -> List['Post']:
        posts = []
        try:
            with open('posts.txt', 'r') as f:
                for line in f:
                    title, content, author = line.strip().split('|')
                    posts.append(Post(title, content, author))
        except FileNotFoundError:
            pass
        return posts

class Auth:
    @staticmethod
    def login(username: str, password: str) -> bool:
        users = User.load_users()
        for user in users:
            if user.username == username and user.password == password:
                session['username'] = username
                return True
        flash("Invalid username or password!", "error")
        return False

    @staticmethod
    def register(username: str, password: str, email: str) -> bool:
        users = User.load_users()
        if any(user.username == username for user in users):
            flash("Username already exists!", "error")
            return False
        new_user = User(username, password, email)
        new_user.save()
        flash("Registration successful!", "success")
        return True

class Blog:
    @staticmethod
    def create_post(title: str, content: str, author: str):
        new_post = Post(title, content, author)
        new_post.save()
        flash("Post created successfully!", "success")

    @staticmethod
    def edit_post(title: str, content: str):
        posts = Post.load_posts()
        for post in posts:
            if post.title == title:
                post.content = content
                with open('posts.txt', 'w') as f:
                    for p in posts:
                        f.write(f"{p.title}|{p.content}|{p.author}\n")
                flash("Post edited successfully!", "success")
                return
        flash("Post not found!", "error")

    @staticmethod
    def delete_post(title: str):
        posts = Post.load_posts()
        posts = [post for post in posts if post.title != title]
        with open('posts.txt', 'w') as f:
            for post in posts:
                f.write(f"{post.title}|{post.content}|{post.author}\n")
        flash("Post deleted successfully!", "success")

    @staticmethod
    def view_post(title: str) -> str:
        posts = Post.load_posts()
        for post in posts:
            if post.title == title:
                return post.content
        return "Post not found!"

    @staticmethod
    def list_posts() -> List[Post]:
        return Post.load_posts()

@app.route('/')
def login():
    return render_template('login.html')

@app.route('/register', methods=['GET', 'POST'])
def register():
    if request.method == 'POST':
        username = request.form['username']
        password = request.form['password']
        email = request.form['email']
        Auth.register(username, password, email)
        return redirect(url_for('login'))
    return render_template('register.html')

@app.route('/main', methods=['GET'])
def main():
    if 'username' not in session:
        return redirect(url_for('login'))
    posts = Blog.list_posts()
    return render_template('main.html', posts=posts)

@app.route('/new_post', methods=['GET', 'POST'])
def new_post():
    if 'username' not in session:
        return redirect(url_for('login'))
    if request.method == 'POST':
        title = request.form['title']
        content = request.form['content']
        author = session['username']
        Blog.create_post(title, content, author)
        return redirect(url_for('main'))
    return render_template('new_post.html')

@app.route('/view_post/<title>', methods=['GET'])
def view_post(title):
    if 'username' not in session:
        return redirect(url_for('login'))
    content = Blog.view_post(title)
    return render_template('view_post.html', title=title, content=content)

@app.route('/edit_post/<title>', methods=['GET', 'POST'])
def edit_post(title):
    if 'username' not in session:
        return redirect(url_for('login'))
    if request.method == 'POST':
        content = request.form['content']
        Blog.edit_post(title, content)
        return redirect(url_for('main'))
    return render_template('edit_post.html', title=title)

@app.route('/delete_post/<title>', methods=['POST'])
def delete_post(title):
    if 'username' not in session:
        return redirect(url_for('login'))
    Blog.delete_post(title)
    return redirect(url_for('main'))

@app.route('/logout')
def logout():
    session.pop('username', None)
    return redirect(url_for('login'))

if __name__ == '__main__':
    app.run(debug=True)
```

*** users.txt
```
admin1|pass123|admin1@example.com
admin2|pass123|admin2@example.com
```

*** posts.txt
```
My First Post|This is the content of my first post.|admin1
Another Post|This is some more content.|admin2
```
2025-01-01 Wednesday 12:15:50 c_programmer.py : INFO  **[Update Codes]**

main.py updated.


```
'''

'''

```
2025-01-01 Wednesday 12:15:50 c_programmer.py : INFO  **[Update Codes]**

users.txt updated.


```
'''

'''

```
2025-01-01 Wednesday 12:15:50 c_programmer.py : INFO  **[Update Codes]**

posts.txt updated.


```
'''

'''

```
2025-01-01 Wednesday 12:15:50 searcher.py : INFO  
You are an excellent software task-oriented analyst. Your task is to accurately extract and compile all relevant sections from the requirements document and user demands that are directly related to a given task description, and present them in a concise and well-organized document.


## This is the PRD you can retrieve, which contains functional requirements for the system:
[OUTPUT] ## general overview of the project The objective of the 'PersonalBlog' web application is to provide users with a simple platform to create, manage, and share their personal blog entries without relying on a database; all data will be stored locally in text files. ## software functional requirements 1. Users shall be able to log in to their account by entering a username and password on the Login Page. 2. Users shall be able to register a new account by providing a username, password, and email on the Registration Page. 3. Users shall be able to view a list of their blog posts on the Main Blog Page, with options to create a new post or view existing posts. 4. Users shall be able to create a new blog post by providing a title and content on the New Post Page. 5. Users shall be able to view the full content of a selected post on the View Post Page. 6. Users shall be able to edit an existing post by modifying the title and content on the Edit Post Page. 7. Users shall be able to delete a blog post from the View Post Page. 8. Users shall be able to navigate back to the main blog page from the View Post, Edit Post, and New Post Pages using a back button. 9. Users shall be able to log out of their account from the Main Blog Page. 10. Users shall be shown appropriate messages for successful or unsuccessful actions (login, registration, post creation, etc.) on each relevant page. [/OUTPUT]

## This is the user's original demand, which includes not only functional requirements but also other special requirements.
# Software Description

## Objective
The objective of the 'PersonalBlog' web application is to provide users with a simple platform to create, manage, and share their personal blog entries without relying on a database; all data will be stored locally in text files.

## Core Features

Users shall be able to log in to their account by entering a username and password on the Login Page.
Users shall be able to register a new account by providing a username, password, and email on the Registration Page.
Users shall be able to view a list of their blog posts on the Main Blog Page, with options to create a new post or view existing posts.
Users shall be able to create a new blog post by providing a title and content on the New Post Page.
Users shall be able to view the full content of a selected post on the View Post Page.
Users shall be able to edit an existing post by modifying the title and content on the Edit Post Page.
Users shall be able to delete a blog post from the View Post Page.
Users shall be able to navigate back to the main blog page from the View Post, Edit Post, and New Post Pages using a back button.
Users shall be able to log out of their account from the Main Blog Page.
Users shall be shown appropriate messages for successful or unsuccessful actions (login, registration, post creation, etc.) on each relevant page.

## Language

Use html and python to develop a web application.
You should use html to generate the web template by yourself.
## Data Storage
Data will be stored in local text files.
Different types of data will be stored in separate `.txt` files.
You should define the text file by yourself in advance.
This structured data storage will facilitate easy data retrieval and management through simple file manipulations in Python, ensuring the application remains light and efficient without the need for a SQL database.

## now, you get one following specific task:
|Develop HTML templates for user interface.|Create login.html, register.html, main.html, new_post.html, view_post.html, and edit_post.html with appropriate forms and navigation links.|[T0]|related files:[templates/login.html, templates/register.html, templates/main.html, templates/new_post.html, templates/view_post.html, templates/edit_post.html]

## Action
You should extract the sections directly related to the specific task described above from the two documents.
After extraction, integrate the relevant sections into a single output, ensuring duplicate content is removed.

Key Points:
The extracted content must remain unaltered. Do not modify any part of the retrieved sections.
Include only the necessary sections. Exclude any content you are certain is irrelevant to the current task.
Aim for conciseness: less is better.

2025-01-01 Wednesday 12:15:53 _client.py : INFO  HTTP Request: POST https://api.chatanywhere.tech/chat/completions "HTTP/1.1 200 OK"
2025-01-01 Wednesday 12:15:53 model.py : INFO  following invoke cost: 1332 | all cost: 80516
2025-01-01 Wednesday 12:15:53 searcher.py : INFO  retrievaled reslt is: 
## Extracted Relevant Sections for Task: Develop HTML Templates for User Interface

### General Overview
The objective of the 'PersonalBlog' web application is to provide users with a simple platform to create, manage, and share their personal blog entries without relying on a database; all data will be stored locally in text files.

### Software Functional Requirements
1. Users shall be able to log in to their account by entering a username and password on the Login Page.
2. Users shall be able to register a new account by providing a username, password, and email on the Registration Page.
3. Users shall be able to view a list of their blog posts on the Main Blog Page, with options to create a new post or view existing posts.
4. Users shall be able to create a new blog post by providing a title and content on the New Post Page.
5. Users shall be able to view the full content of a selected post on the View Post Page.
6. Users shall be able to edit an existing post by modifying the title and content on the Edit Post Page.
7. Users shall be able to delete a blog post from the View Post Page.
8. Users shall be able to navigate back to the main blog page from the View Post, Edit Post, and New Post Pages using a back button.
9. Users shall be able to log out of their account from the Main Blog Page.
10. Users shall be shown appropriate messages for successful or unsuccessful actions (login, registration, post creation, etc.) on each relevant page.

### Language
Use html and python to develop a web application. You should use html to generate the web template by yourself.

### Related Files
- templates/login.html
- templates/register.html
- templates/main.html
- templates/new_post.html
- templates/view_post.html
- templates/edit_post.html
2025-01-01 Wednesday 12:15:53 c_programmer.py : INFO  
You are a professional engineer; the main goal is to write google-style, elegant, modular, easy to read and maintain code.
Output format carefully referenced "Format example".
In addition to writing code, you may also need to complete the data files in the task list (such as .txt .json .csv files). If the task list requires the implementation of data files, you need to simply design some data that meets the requirements for your completed software to facilitate the startup and testing of the software as a demo.


# Context

## Design
[CONTENT] "Implementation approach": "We will use Flask as the web framework to create the PersonalBlog application. Flask is lightweight and suitable for building simple web applications. For the front-end, we will use HTML to create the necessary templates. User data and blog posts will be stored in local text files, ensuring that the application remains simple and efficient without a database.", "UI design":"- The application will have a Login Page for user authentication, a Registration Page for new users, a Main Blog Page to list blog posts, a New Post Page for creating posts, a View Post Page for displaying individual posts, and an Edit Post Page for modifying existing posts. Each page will have a consistent layout with navigation links.", "Data Storage":"Data will be stored in local text files. We will create the following files: 'users.txt' for storing user credentials (username, password, email) and 'posts.txt' for storing blog posts (title, content, author). Each entry will be stored in a structured format to facilitate easy retrieval and management.", "File list": ["main.py", "templates/login.html", "templates/register.html", "templates/main.html", "templates/new_post.html", "templates/view_post.html", "templates/edit_post.html", "users.txt", "posts.txt"], "Data structures and interfaces": " classDiagram     class Main {         -Flask app         +run() None     }     class User {         -username: str         -password: str         -email: str         +__init__(username: str, password: str, email: str) None         +save() None         +load_users() list     }     class Post {         -title: str         -content: str         -author: str         +__init__(title: str, content: str, author: str) None         +save() None         +load_posts() list     }     class Auth {         +login(username: str, password: str) bool         +register(username: str, password: str, email: str) bool     }     class Blog {         +create_post(title: str, content: str, author: str) None         +edit_post(title: str, content: str) None         +delete_post(title: str) None         +view_post(title: str) str         +list_posts() list     }     Main --> Auth     Main --> Blog     Auth --> User     Blog --> Post ", [/CONTENT]
## Whole Task Plan
{ "Required packages": [     "flask==1.1.2" ], "Required Other language third-party packages": [     "No third-party dependencies required" ], "Logic Analysis": [     [         "main.py",         "The main file of the application, responsible for initializing the Flask app and routing. Contains the Main class and the main application logic."     ],     [         "templates/login.html",         "HTML template for the Login Page, includes form for username and password."     ],     [         "templates/register.html",         "HTML template for the Registration Page, includes form for username, password, and email."     ],     [         "templates/main.html",         "HTML template for the Main Blog Page, displays list of blog posts and navigation options."     ],     [         "templates/new_post.html",         "HTML template for the New Post Page, includes form for creating a new blog post."     ],     [         "templates/view_post.html",         "HTML template for the View Post Page, displays full content of a selected post."     ],     [         "templates/edit_post.html",         "HTML template for the Edit Post Page, includes form for editing an existing blog post."     ] ], "Task list":  {     'T0':'|Set up Flask application and routing.|Initialize the Flask app in main.py, set up routes for login, registration, main blog page, new post, view post, and edit post.|[]|related files:["main.py"]',     'T1':'|Implement user authentication.|Create User class in main.py, implement login and registration methods, and handle user data in users.txt.|[T0]|related files:[main.py]',     'T2':'|Create blog post management functionality.|Create Blog class in main.py, implement methods for creating, editing, deleting, and viewing posts, and manage data in posts.txt.|[T0]|related files:[main.py]',     'T3':'|Develop HTML templates for user interface.|Create login.html, register.html, main.html, new_post.html, view_post.html, and edit_post.html with appropriate forms and navigation links.|[T0]|related files:[templates/login.html, templates/register.html, templates/main.html, templates/new_post.html, templates/view_post.html, templates/edit_post.html]',     'T4':'|Implement data storage and retrieval.|Implement methods in User and Post classes to save and load data from users.txt and posts.txt.|[T1, T2]|related files:[main.py]',     'T5':'|Add user feedback messages.|Implement functionality to show success or error messages for login, registration, and post actions on relevant pages.|[T1, T2, T3]|related files:[main.py]',     'T6':'|Test the application.|Conduct testing of all functionalities including login, registration, post creation, editing, and deletion to ensure everything works as expected.|[T0, T1, T2, T3, T4, T5]|related files:[main.py]' }, "Shared Knowledge": "`main.py` contains the main application logic and routing for the entire project." }

## files(already available)
file name: main.py

from flask import Flask, render_template, request, redirect, url_for, flash, session
from typing import List

app = Flask(__name__)
app.secret_key = 'your_secret_key'  # Change this to a random secret key

class User:
    def __init__(self, username: str, password: str, email: str):
        self.username = username
        self.password = password
        self.email = email

    def save(self):
        with open('users.txt', 'a') as f:
            f.write(f"{self.username}|{self.password}|{self.email}\n")

    @staticmethod
    def load_users() -> List['User']:
        users = []
        try:
            with open('users.txt', 'r') as f:
                for line in f:
                    username, password, email = line.strip().split('|')
                    users.append(User(username, password, email))
        except FileNotFoundError:
            pass
        return users

class Post:
    def __init__(self, title: str, content: str, author: str):
        self.title = title
        self.content = content
        self.author = author

    def save(self):
        with open('posts.txt', 'a') as f:
            f.write(f"{self.title}|{self.content}|{self.author}\n")

    @staticmethod
    def load_posts() -> List['Post']:
        posts = []
        try:
            with open('posts.txt', 'r') as f:
                for line in f:
                    title, content, author = line.strip().split('|')
                    posts.append(Post(title, content, author))
        except FileNotFoundError:
            pass
        return posts

class Auth:
    @staticmethod
    def login(username: str, password: str) -> bool:
        users = User.load_users()
        for user in users:
            if user.username == username and user.password == password:
                session['username'] = username
                return True
        flash("Invalid username or password!", "error")
        return False

    @staticmethod
    def register(username: str, password: str, email: str) -> bool:
        users = User.load_users()
        if any(user.username == username for user in users):
            flash("Username already exists!", "error")
            return False
        new_user = User(username, password, email)
        new_user.save()
        flash("Registration successful!", "success")
        return True

class Blog:
    @staticmethod
    def create_post(title: str, content: str, author: str):
        new_post = Post(title, content, author)
        new_post.save()
        flash("Post created successfully!", "success")

    @staticmethod
    def edit_post(title: str, content: str):
        posts = Post.load_posts()
        for post in posts:
            if post.title == title:
                post.content = content
                with open('posts.txt', 'w') as f:
                    for p in posts:
                        f.write(f"{p.title}|{p.content}|{p.author}\n")
                flash("Post edited successfully!", "success")
                return
        flash("Post not found!", "error")

    @staticmethod
    def delete_post(title: str):
        posts = Post.load_posts()
        posts = [post for post in posts if post.title != title]
        with open('posts.txt', 'w') as f:
            for post in posts:
                f.write(f"{post.title}|{post.content}|{post.author}\n")
        flash("Post deleted successfully!", "success")

    @staticmethod
    def view_post(title: str) -> str:
        posts = Post.load_posts()
        for post in posts:
            if post.title == title:
                return post.content
        return "Post not found!"

    @staticmethod
    def list_posts() -> List[Post]:
        return Post.load_posts()

@app.route('/')
def login():
    return render_template('login.html')

@app.route('/register', methods=['GET', 'POST'])
def register():
    if request.method == 'POST':
        username = request.form['username']
        password = request.form['password']
        email = request.form['email']
        Auth.register(username, password, email)
        return redirect(url_for('login'))
    return render_template('register.html')

@app.route('/main', methods=['GET'])
def main():
    if 'username' not in session:
        return redirect(url_for('login'))
    posts = Blog.list_posts()
    return render_template('main.html', posts=posts)

@app.route('/new_post', methods=['GET', 'POST'])
def new_post():
    if 'username' not in session:
        return redirect(url_for('login'))
    if request.method == 'POST':
        title = request.form['title']
        content = request.form['content']
        author = session['username']
        Blog.create_post(title, content, author)
        return redirect(url_for('main'))
    return render_template('new_post.html')

@app.route('/view_post/<title>', methods=['GET'])
def view_post(title):
    if 'username' not in session:
        return redirect(url_for('login'))
    content = Blog.view_post(title)
    return render_template('view_post.html', title=title, content=content)

@app.route('/edit_post/<title>', methods=['GET', 'POST'])
def edit_post(title):
    if 'username' not in session:
        return redirect(url_for('login'))
    if request.method == 'POST':
        content = request.form['content']
        Blog.edit_post(title, content)
        return redirect(url_for('main'))
    return render_template('edit_post.html', title=title)

@app.route('/delete_post/<title>', methods=['POST'])
def delete_post(title):
    if 'username' not in session:
        return redirect(url_for('login'))
    Blog.delete_post(title)
    return redirect(url_for('main'))

@app.route('/logout')
def logout():
    session.pop('username', None)
    return redirect(url_for('login'))

if __name__ == '__main__':
    app.run(debug=True)

file name: templates/login.html

<!DOCTYPE html>
<html lang="en">
<head>
    <meta charset="UTF-8">
    <meta name="viewport" content="width=device-width, initial-scale=1.0">
    <title>Login</title>
</head>
<body>
    <h1>Login</h1>
    <form method="POST" action="/login">
        <label for="username">Username:</label>
        <input type="text" id="username" name="username" required>
        <br>
        <label for="password">Password:</label>
        <input type="password" id="password" name="password" required>
        <br>
        <button type="submit">Login</button>
    </form>
    <p>Don't have an account? <a href="/register">Register here</a></p>
</body>
</html>

file name: templates/register.html

<!DOCTYPE html>
<html lang="en">
<head>
    <meta charset="UTF-8">
    <meta name="viewport" content="width=device-width, initial-scale=1.0">
    <title>Register</title>
</head>
<body>
    <h1>Register</h1>
    <form method="POST" action="/register">
        <label for="username">Username:</label>
        <input type="text" id="username" name="username" required>
        <br>
        <label for="password">Password:</label>
        <input type="password" id="password" name="password" required>
        <br>
        <label for="email">Email:</label>
        <input type="email" id="email" name="email" required>
        <br>
        <button type="submit">Register</button>
    </form>
    <p>Already have an account? <a href="/">Login here</a></p>
</body>
</html>

file name: templates/main.html

<!DOCTYPE html>
<html lang="en">
<head>
    <meta charset="UTF-8">
    <meta name="viewport" content="width=device-width, initial-scale=1.0">
    <title>Main Blog Page</title>
</head>
<body>
    <h1>Welcome to the Blog</h1>
    <p><a href="/new_post">Create New Post</a></p>
    <h2>Your Posts:</h2>
    <ul>
        {% for post in posts %}
            <li>
                <a href="/view_post/{{ post.title }}">{{ post.title }}</a>
                <form action="/delete_post/{{ post.title }}" method="POST" style="display:inline;">
                    <button type="submit">Delete</button>
                </form>
            </li>
        {% endfor %}
    </ul>
    <p><a href="/logout">Logout</a></p>
</body>
</html>

file name: templates/new_post.html

<!DOCTYPE html>
<html lang="en">
<head>
    <meta charset="UTF-8">
    <meta name="viewport" content="width=device-width, initial-scale=1.0">
    <title>Create New Post</title>
</head>
<body>
    <h1>Create New Post</h1>
    <form method="POST" action="/new_post">
        <label for="title">Title:</label>
        <input type="text" id="title" name="title" required>
        <br>
        <label for="content">Content:</label>
        <textarea id="content" name="content" required></textarea>
        <br>
        <button type="submit">Create Post</button>
    </form>
    <p><a href="/main">Back to Main Page</a></p>
</body>
</html>

file name: templates/view_post.html

<!DOCTYPE html>
<html lang="en">
<head>
    <meta charset="UTF-8">
    <meta name="viewport" content="width=device-width, initial-scale=1.0">
    <title>{{ title }}</title>
</head>
<body>
    <h1>{{ title }}</h1>
    <p>{{ content }}</p>
    <p><a href="/edit_post/{{ title }}">Edit Post</a></p>
    <p><a href="/main">Back to Main Page</a></p>
</body>
</html>

file name: templates/edit_post.html

<!DOCTYPE html>
<html lang="en">
<head>
    <meta charset="UTF-8">
    <meta name="viewport" content="width=device-width, initial-scale=1.0">
    <title>Edit Post - {{ title }}</title>
</head>
<body>
    <h1>Edit Post: {{ title }}</h1>
    <form method="POST" action="/edit_post/{{ title }}">
        <label for="content">Content:</label>
        <textarea id="content" name="content" required></textarea>
        <br>
        <button type="submit">Save Changes</button>
    </form>
    <p><a href="/main">Back to Main Page</a></p>
</body>
</html>

file name: users.txt

admin1|pass123|admin1@example.com
admin2|pass123|admin2@example.com

file name: posts.txt

My First Post|This is the content of my first post.|admin1
Another Post|This is some more content.|admin2



## Counter Example Error Case Reference.
Here are some lessons and reflections gained from the flawed implementation of the project:
### Summary of Issues Identified from Unit Test Results

1. **User Registration Failure**:
   - The application fails to properly process user registrations, resulting in the absence of the expected success message ("Registration successful!") when a new user is registered. This indicates a potential flaw in the user registration logic or session handling.

2. **Unimplemented Delete Functionality**:
   - The test for deleting a blog post fails because the delete functionality is not implemented in the application code. This leads to the test case being a placeholder and consequently failing at runtime.

### Guidance for Improvement

1. **Enhance User Registration Logic**:
   - **Validation**: Ensure that the registration method (`Auth.register`) properly checks if the username already exists before attempting to create a new user. If the username is taken, it should provide a clear error message that informs the user of the failure.
   - **Feedback Handling**: Make sure that session flashes or error messages regarding registration outcomes are correctly set up and displayed. Confirm that after a successful registration, the user is redirected to the login page with the success message correctly displayed.
   - **Testing**: Add logging or print statements as necessary during registration to debug issues related to user creation. This will help identify where the process might be failing.

   **Example**: 
   ```python
   if any(user.username == username for user in users):
       flash("Username already exists!", "error")
       return False
   ```

2. **Implement Blog Post Deletion Functionality**:
   - **Route Creation**: Create a new route within the Flask app that handles the deletion of blog posts. This should include a mechanism to remove posts from the database (in this case, the `posts.txt` file).
   - **Frontend Integration**: Add a delete option to the blog post views, allowing users to initiate a deletion request.
   - **Confirmation Process**: Implement a confirmation step to prevent accidental deletions. This could be achieved with a simple JavaScript confirm dialog or an additional page to confirm the deletion.
   - **Testing**: Once implemented, add a comprehensive test case for the delete functionality to ensure it effectively removes posts from the application.

   **Example**:
   ```python
   @app.route('/delete_post/<title>', methods=['POST'])
   def delete_post(title):
       Blog.delete_post(title)
       flash("Post deleted successfully!", "success")
       return redirect(url_for('main'))
   ```

By implementing these improvements, you will enhance the reliability and usability of the blog application, directly addressing the issues highlighted by the unit tests.

-----
# Format Example 
*** main.py
```python
...
```

*** ui.py
```python
...
```
-----
## Your Task
|Develop HTML templates for user interface.|Create login.html, register.html, main.html, new_post.html, view_post.html, and edit_post.html with appropriate forms and navigation links.|[T0]|related files:[templates/login.html, templates/register.html, templates/main.html, templates/new_post.html, templates/view_post.html, templates/edit_post.html]

## Relatd Document
{
## Extracted Relevant Sections for Task: Develop HTML Templates for User Interface

### General Overview
The objective of the 'PersonalBlog' web application is to provide users with a simple platform to create, manage, and share their personal blog entries without relying on a database; all data will be stored locally in text files.

### Software Functional Requirements
1. Users shall be able to log in to their account by entering a username and password on the Login Page.
2. Users shall be able to register a new account by providing a username, password, and email on the Registration Page.
3. Users shall be able to view a list of their blog posts on the Main Blog Page, with options to create a new post or view existing posts.
4. Users shall be able to create a new blog post by providing a title and content on the New Post Page.
5. Users shall be able to view the full content of a selected post on the View Post Page.
6. Users shall be able to edit an existing post by modifying the title and content on the Edit Post Page.
7. Users shall be able to delete a blog post from the View Post Page.
8. Users shall be able to navigate back to the main blog page from the View Post, Edit Post, and New Post Pages using a back button.
9. Users shall be able to log out of their account from the Main Blog Page.
10. Users shall be shown appropriate messages for successful or unsuccessful actions (login, registration, post creation, etc.) on each relevant page.

### Language
Use html and python to develop a web application. You should use html to generate the web template by yourself.

### Related Files
- templates/login.html
- templates/register.html
- templates/main.html
- templates/new_post.html
- templates/view_post.html
- templates/edit_post.html
}
(End for Relatd PRD)
# Instruction: Based on the context, follow "Format example", write or revise code to complete task described in "coding sub-task".
## ATTENTION
1. Use '***' to SPLIT different CODE SECTIONS. do not forget ``` in each file, refer the the example. Output format carefully referenced "Format example".
2. Follow design: YOU MUST FOLLOW "Data structures and interfaces". DONT CHANGE ANY DESIGN. Do not use public member functions that do not exist in your design.
3. Follow task: YOU MUST write Comprehensive codes to complete the sub-task.
4. Understand "Documents Relevant to the sub-task": Use this document, along with the architecture and task plan, as guidelines to construct your code.
4. CAREFULLY CHECK THAT YOU DONT MISS ANY NECESSARY CLASS/FUNCTION IN THE FILE.
5. You must import the third-party libraries used in your code
6. If you import a Class, you must import it firstly.
7. Determine the order of writing the files based on your understanding of the project.
9. Write out EVERY CODE DETAIL, DON'T LEAVE TODO,PASS,PLACEHOLDER.
9. Only write code result, do not output any other content in the start or in the end.
10. If you need to generate text data, follow the rules outlined in "<When Storing Data>" below.
 <When storing data>:
Different groups of data are distinguished by line breaks.
Different contents of the same group of data are distinguished by |.
Within any single content that contains multiple sub-entries, those sub-entries are separated by commas ,.
Example:
admin1|pass123|entry1,entry2,entry3  
admin2|pass123|entry1
Make sure:
The | character is used only to separate distinct contents within a group.
Commas , are used exclusively to separate multiple sub-entries within a single content.

# Website Development Rule
If you are doing website development, be sure to route the root path (/). If there is a login page, set the login page as the root route(/).
If you are doing website development, please do not encrypt the account password for the login function.
If you are doing website development, your code needs to take into account the process of loading data from the data file, so don't forget to load the data.
If you are doing Website Development, do not follow the rules of Website and Game development.
# GUI tkinter Development Rule
If you are doing GUI tkinter Development, do not follow the rules of Website and Game development.
# Game Development Rule
If the software needs to load data, please make sure the loading data code matches the data format and data file.
If you are doing Game Development, do not follow the rules of Website and Game development.

# important rule
Use '***' to SPLIT CODE SECTIONS. do not forget ``` in each file, refer the the example. Output format carefully referenced "Format example". 
Adhere strictly to the task requirements and implement them fully; do not include placeholders or "example" for code that is intended for future implementation.

# Counter Example Error Case Reference guideline
An example of a counter case for the entire project is provided in "Counter Example Error Case Reference". This counter case includes some errors that require attention. When completing the code for this task, please pay extra attention to the current task and the points highlighted in the counter case, avoiding these errors to produce better code.

2025-01-01 Wednesday 12:16:10 _client.py : INFO  HTTP Request: POST https://api.chatanywhere.tech/chat/completions "HTTP/1.1 200 OK"
2025-01-01 Wednesday 12:16:10 model.py : INFO  following invoke cost: 7866 | all cost: 88382
2025-01-01 Wednesday 12:16:10 c_programmer.py : INFO  
*** main.py
```python
from flask import Flask, render_template, request, redirect, url_for, flash, session
from typing import List

app = Flask(__name__)
app.secret_key = 'your_secret_key'  # Change this to a random secret key

class User:
    def __init__(self, username: str, password: str, email: str):
        self.username = username
        self.password = password
        self.email = email

    def save(self):
        with open('users.txt', 'a') as f:
            f.write(f"{self.username}|{self.password}|{self.email}\n")

    @staticmethod
    def load_users() -> List['User']:
        users = []
        try:
            with open('users.txt', 'r') as f:
                for line in f:
                    username, password, email = line.strip().split('|')
                    users.append(User(username, password, email))
        except FileNotFoundError:
            pass
        return users

class Post:
    def __init__(self, title: str, content: str, author: str):
        self.title = title
        self.content = content
        self.author = author

    def save(self):
        with open('posts.txt', 'a') as f:
            f.write(f"{self.title}|{self.content}|{self.author}\n")

    @staticmethod
    def load_posts() -> List['Post']:
        posts = []
        try:
            with open('posts.txt', 'r') as f:
                for line in f:
                    title, content, author = line.strip().split('|')
                    posts.append(Post(title, content, author))
        except FileNotFoundError:
            pass
        return posts

class Auth:
    @staticmethod
    def login(username: str, password: str) -> bool:
        users = User.load_users()
        for user in users:
            if user.username == username and user.password == password:
                session['username'] = username
                return True
        flash("Invalid username or password!", "error")
        return False

    @staticmethod
    def register(username: str, password: str, email: str) -> bool:
        users = User.load_users()
        if any(user.username == username for user in users):
            flash("Username already exists!", "error")
            return False
        new_user = User(username, password, email)
        new_user.save()
        flash("Registration successful!", "success")
        return True

class Blog:
    @staticmethod
    def create_post(title: str, content: str, author: str):
        new_post = Post(title, content, author)
        new_post.save()
        flash("Post created successfully!", "success")

    @staticmethod
    def edit_post(title: str, content: str):
        posts = Post.load_posts()
        for post in posts:
            if post.title == title:
                post.content = content
                with open('posts.txt', 'w') as f:
                    for p in posts:
                        f.write(f"{p.title}|{p.content}|{p.author}\n")
                flash("Post edited successfully!", "success")
                return
        flash("Post not found!", "error")

    @staticmethod
    def delete_post(title: str):
        posts = Post.load_posts()
        posts = [post for post in posts if post.title != title]
        with open('posts.txt', 'w') as f:
            for post in posts:
                f.write(f"{post.title}|{post.content}|{post.author}\n")
        flash("Post deleted successfully!", "success")

    @staticmethod
    def view_post(title: str) -> str:
        posts = Post.load_posts()
        for post in posts:
            if post.title == title:
                return post.content
        return "Post not found!"

    @staticmethod
    def list_posts() -> List[Post]:
        return Post.load_posts()

@app.route('/')
def login():
    return render_template('login.html')

@app.route('/register', methods=['GET', 'POST'])
def register():
    if request.method == 'POST':
        username = request.form['username']
        password = request.form['password']
        email = request.form['email']
        Auth.register(username, password, email)
        return redirect(url_for('login'))
    return render_template('register.html')

@app.route('/main', methods=['GET'])
def main():
    if 'username' not in session:
        return redirect(url_for('login'))
    posts = Blog.list_posts()
    return render_template('main.html', posts=posts)

@app.route('/new_post', methods=['GET', 'POST'])
def new_post():
    if 'username' not in session:
        return redirect(url_for('login'))
    if request.method == 'POST':
        title = request.form['title']
        content = request.form['content']
        author = session['username']
        Blog.create_post(title, content, author)
        return redirect(url_for('main'))
    return render_template('new_post.html')

@app.route('/view_post/<title>', methods=['GET'])
def view_post(title):
    if 'username' not in session:
        return redirect(url_for('login'))
    content = Blog.view_post(title)
    return render_template('view_post.html', title=title, content=content)

@app.route('/edit_post/<title>', methods=['GET', 'POST'])
def edit_post(title):
    if 'username' not in session:
        return redirect(url_for('login'))
    if request.method == 'POST':
        content = request.form['content']
        Blog.edit_post(title, content)
        return redirect(url_for('main'))
    return render_template('edit_post.html', title=title)

@app.route('/delete_post/<title>', methods=['POST'])
def delete_post(title):
    if 'username' not in session:
        return redirect(url_for('login'))
    Blog.delete_post(title)
    return redirect(url_for('main'))

@app.route('/logout')
def logout():
    session.pop('username', None)
    return redirect(url_for('login'))

if __name__ == '__main__':
    app.run(debug=True)
```

*** templates/login.html
```html
<!DOCTYPE html>
<html lang="en">
<head>
    <meta charset="UTF-8">
    <meta name="viewport" content="width=device-width, initial-scale=1.0">
    <title>Login</title>
</head>
<body>
    <h1>Login</h1>
    <form method="POST" action="/login">
        <label for="username">Username:</label>
        <input type="text" id="username" name="username" required>
        <br>
        <label for="password">Password:</label>
        <input type="password" id="password" name="password" required>
        <br>
        <button type="submit">Login</button>
    </form>
    <p>Don't have an account? <a href="/register">Register here</a></p>
</body>
</html>
```

*** templates/register.html
```html
<!DOCTYPE html>
<html lang="en">
<head>
    <meta charset="UTF-8">
    <meta name="viewport" content="width=device-width, initial-scale=1.0">
    <title>Register</title>
</head>
<body>
    <h1>Register</h1>
    <form method="POST" action="/register">
        <label for="username">Username:</label>
        <input type="text" id="username" name="username" required>
        <br>
        <label for="password">Password:</label>
        <input type="password" id="password" name="password" required>
        <br>
        <label for="email">Email:</label>
        <input type="email" id="email" name="email" required>
        <br>
        <button type="submit">Register</button>
    </form>
    <p>Already have an account? <a href="/">Login here</a></p>
</body>
</html>
```

*** templates/main.html
```html
<!DOCTYPE html>
<html lang="en">
<head>
    <meta charset="UTF-8">
    <meta name="viewport" content="width=device-width, initial-scale=1.0">
    <title>Main Blog Page</title>
</head>
<body>
    <h1>Welcome to the Blog</h1>
    <p><a href="/new_post">Create New Post</a></p>
    <h2>Your Posts:</h2>
    <ul>
        {% for post in posts %}
            <li>
                <a href="/view_post/{{ post.title }}">{{ post.title }}</a>
                <form action="/delete_post/{{ post.title }}" method="POST" style="display:inline;">
                    <button type="submit">Delete</button>
                </form>
            </li>
        {% endfor %}
    </ul>
    <p><a href="/logout">Logout</a></p>
</body>
</html>
```

*** templates/new_post.html
```html
<!DOCTYPE html>
<html lang="en">
<head>
    <meta charset="UTF-8">
    <meta name="viewport" content="width=device-width, initial-scale=1.0">
    <title>Create New Post</title>
</head>
<body>
    <h1>Create New Post</h1>
    <form method="POST" action="/new_post">
        <label for="title">Title:</label>
        <input type="text" id="title" name="title" required>
        <br>
        <label for="content">Content:</label>
        <textarea id="content" name="content" required></textarea>
        <br>
        <button type="submit">Create Post</button>
    </form>
    <p><a href="/main">Back to Main Page</a></p>
</body>
</html>
```

*** templates/view_post.html
```html
<!DOCTYPE html>
<html lang="en">
<head>
    <meta charset="UTF-8">
    <meta name="viewport" content="width=device-width, initial-scale=1.0">
    <title>{{ title }}</title>
</head>
<body>
    <h1>{{ title }}</h1>
    <p>{{ content }}</p>
    <p><a href="/edit_post/{{ title }}">Edit Post</a></p>
    <p><a href="/main">Back to Main Page</a></p>
</body>
</html>
```

*** templates/edit_post.html
```html
<!DOCTYPE html>
<html lang="en">
<head>
    <meta charset="UTF-8">
    <meta name="viewport" content="width=device-width, initial-scale=1.0">
    <title>Edit Post - {{ title }}</title>
</head>
<body>
    <h1>Edit Post: {{ title }}</h1>
    <form method="POST" action="/edit_post/{{ title }}">
        <label for="content">Content:</label>
        <textarea id="content" name="content" required></textarea>
        <br>
        <button type="submit">Save Changes</button>
    </form>
    <p><a href="/main">Back to Main Page</a></p>
</body>
</html>
```

*** users.txt
```
admin1|pass123|admin1@example.com
admin2|pass123|admin2@example.com
```

*** posts.txt
```
My First Post|This is the content of my first post.|admin1
Another Post|This is some more content.|admin2
```
2025-01-01 Wednesday 12:16:10 c_programmer.py : INFO  **[Update Codes]**

main.py updated.


```
'''

'''

```
2025-01-01 Wednesday 12:16:10 c_programmer.py : INFO  **[Update Codes]**

templates/login.html updated.


```
'''

'''

```
2025-01-01 Wednesday 12:16:10 c_programmer.py : INFO  **[Update Codes]**

templates/register.html updated.


```
'''

'''

```
2025-01-01 Wednesday 12:16:10 c_programmer.py : INFO  **[Update Codes]**

templates/main.html updated.


```
'''

'''

```
2025-01-01 Wednesday 12:16:10 c_programmer.py : INFO  **[Update Codes]**

templates/new_post.html updated.


```
'''

'''

```
2025-01-01 Wednesday 12:16:10 c_programmer.py : INFO  **[Update Codes]**

templates/view_post.html updated.


```
'''

'''

```
2025-01-01 Wednesday 12:16:10 c_programmer.py : INFO  **[Update Codes]**

templates/edit_post.html updated.


```
'''

'''

```
2025-01-01 Wednesday 12:16:10 c_programmer.py : INFO  **[Update Codes]**

users.txt updated.


```
'''

'''

```
2025-01-01 Wednesday 12:16:10 c_programmer.py : INFO  **[Update Codes]**

posts.txt updated.


```
'''

'''

```
2025-01-01 Wednesday 12:16:10 searcher.py : INFO  
You are an excellent software task-oriented analyst. Your task is to accurately extract and compile all relevant sections from the requirements document and user demands that are directly related to a given task description, and present them in a concise and well-organized document.


## This is the PRD you can retrieve, which contains functional requirements for the system:
[OUTPUT] ## general overview of the project The objective of the 'PersonalBlog' web application is to provide users with a simple platform to create, manage, and share their personal blog entries without relying on a database; all data will be stored locally in text files. ## software functional requirements 1. Users shall be able to log in to their account by entering a username and password on the Login Page. 2. Users shall be able to register a new account by providing a username, password, and email on the Registration Page. 3. Users shall be able to view a list of their blog posts on the Main Blog Page, with options to create a new post or view existing posts. 4. Users shall be able to create a new blog post by providing a title and content on the New Post Page. 5. Users shall be able to view the full content of a selected post on the View Post Page. 6. Users shall be able to edit an existing post by modifying the title and content on the Edit Post Page. 7. Users shall be able to delete a blog post from the View Post Page. 8. Users shall be able to navigate back to the main blog page from the View Post, Edit Post, and New Post Pages using a back button. 9. Users shall be able to log out of their account from the Main Blog Page. 10. Users shall be shown appropriate messages for successful or unsuccessful actions (login, registration, post creation, etc.) on each relevant page. [/OUTPUT]

## This is the user's original demand, which includes not only functional requirements but also other special requirements.
# Software Description

## Objective
The objective of the 'PersonalBlog' web application is to provide users with a simple platform to create, manage, and share their personal blog entries without relying on a database; all data will be stored locally in text files.

## Core Features

Users shall be able to log in to their account by entering a username and password on the Login Page.
Users shall be able to register a new account by providing a username, password, and email on the Registration Page.
Users shall be able to view a list of their blog posts on the Main Blog Page, with options to create a new post or view existing posts.
Users shall be able to create a new blog post by providing a title and content on the New Post Page.
Users shall be able to view the full content of a selected post on the View Post Page.
Users shall be able to edit an existing post by modifying the title and content on the Edit Post Page.
Users shall be able to delete a blog post from the View Post Page.
Users shall be able to navigate back to the main blog page from the View Post, Edit Post, and New Post Pages using a back button.
Users shall be able to log out of their account from the Main Blog Page.
Users shall be shown appropriate messages for successful or unsuccessful actions (login, registration, post creation, etc.) on each relevant page.

## Language

Use html and python to develop a web application.
You should use html to generate the web template by yourself.
## Data Storage
Data will be stored in local text files.
Different types of data will be stored in separate `.txt` files.
You should define the text file by yourself in advance.
This structured data storage will facilitate easy data retrieval and management through simple file manipulations in Python, ensuring the application remains light and efficient without the need for a SQL database.

## now, you get one following specific task:
|Implement data storage and retrieval.|Implement methods in User and Post classes to save and load data from users.txt and posts.txt.|[T1, T2]|related files:[main.py]

## Action
You should extract the sections directly related to the specific task described above from the two documents.
After extraction, integrate the relevant sections into a single output, ensuring duplicate content is removed.

Key Points:
The extracted content must remain unaltered. Do not modify any part of the retrieved sections.
Include only the necessary sections. Exclude any content you are certain is irrelevant to the current task.
Aim for conciseness: less is better.

2025-01-01 Wednesday 12:16:12 _client.py : INFO  HTTP Request: POST https://api.chatanywhere.tech/chat/completions "HTTP/1.1 200 OK"
2025-01-01 Wednesday 12:16:12 model.py : INFO  following invoke cost: 1234 | all cost: 89616
2025-01-01 Wednesday 12:16:12 searcher.py : INFO  retrievaled reslt is: 
## Extracted Relevant Sections for Task: Implement Data Storage and Retrieval

### Software Functional Requirements
- Data will be stored in local text files.
- Different types of data will be stored in separate `.txt` files.
- You should define the text file by yourself in advance.
- This structured data storage will facilitate easy data retrieval and management through simple file manipulations in Python, ensuring the application remains light and efficient without the need for a SQL database.

### User's Original Demand
- Users shall be able to log in to their account by entering a username and password on the Login Page.
- Users shall be able to register a new account by providing a username, password, and email on the Registration Page.
- Users shall be able to view a list of their blog posts on the Main Blog Page, with options to create a new post or view existing posts.
- Users shall be able to create a new blog post by providing a title and content on the New Post Page.
- Users shall be able to view the full content of a selected post on the View Post Page.
- Users shall be able to edit an existing post by modifying the title and content on the Edit Post Page.
- Users shall be able to delete a blog post from the View Post Page.
- Users shall be shown appropriate messages for successful or unsuccessful actions (login, registration, post creation, etc.) on each relevant page.

### Additional Notes
- Implement methods in User and Post classes to save and load data from users.txt and posts.txt.
2025-01-01 Wednesday 12:16:12 c_programmer.py : INFO  
You are a professional engineer; the main goal is to write google-style, elegant, modular, easy to read and maintain code.
Output format carefully referenced "Format example".
In addition to writing code, you may also need to complete the data files in the task list (such as .txt .json .csv files). If the task list requires the implementation of data files, you need to simply design some data that meets the requirements for your completed software to facilitate the startup and testing of the software as a demo.


# Context

## Design
[CONTENT] "Implementation approach": "We will use Flask as the web framework to create the PersonalBlog application. Flask is lightweight and suitable for building simple web applications. For the front-end, we will use HTML to create the necessary templates. User data and blog posts will be stored in local text files, ensuring that the application remains simple and efficient without a database.", "UI design":"- The application will have a Login Page for user authentication, a Registration Page for new users, a Main Blog Page to list blog posts, a New Post Page for creating posts, a View Post Page for displaying individual posts, and an Edit Post Page for modifying existing posts. Each page will have a consistent layout with navigation links.", "Data Storage":"Data will be stored in local text files. We will create the following files: 'users.txt' for storing user credentials (username, password, email) and 'posts.txt' for storing blog posts (title, content, author). Each entry will be stored in a structured format to facilitate easy retrieval and management.", "File list": ["main.py", "templates/login.html", "templates/register.html", "templates/main.html", "templates/new_post.html", "templates/view_post.html", "templates/edit_post.html", "users.txt", "posts.txt"], "Data structures and interfaces": " classDiagram     class Main {         -Flask app         +run() None     }     class User {         -username: str         -password: str         -email: str         +__init__(username: str, password: str, email: str) None         +save() None         +load_users() list     }     class Post {         -title: str         -content: str         -author: str         +__init__(title: str, content: str, author: str) None         +save() None         +load_posts() list     }     class Auth {         +login(username: str, password: str) bool         +register(username: str, password: str, email: str) bool     }     class Blog {         +create_post(title: str, content: str, author: str) None         +edit_post(title: str, content: str) None         +delete_post(title: str) None         +view_post(title: str) str         +list_posts() list     }     Main --> Auth     Main --> Blog     Auth --> User     Blog --> Post ", [/CONTENT]
## Whole Task Plan
{ "Required packages": [     "flask==1.1.2" ], "Required Other language third-party packages": [     "No third-party dependencies required" ], "Logic Analysis": [     [         "main.py",         "The main file of the application, responsible for initializing the Flask app and routing. Contains the Main class and the main application logic."     ],     [         "templates/login.html",         "HTML template for the Login Page, includes form for username and password."     ],     [         "templates/register.html",         "HTML template for the Registration Page, includes form for username, password, and email."     ],     [         "templates/main.html",         "HTML template for the Main Blog Page, displays list of blog posts and navigation options."     ],     [         "templates/new_post.html",         "HTML template for the New Post Page, includes form for creating a new blog post."     ],     [         "templates/view_post.html",         "HTML template for the View Post Page, displays full content of a selected post."     ],     [         "templates/edit_post.html",         "HTML template for the Edit Post Page, includes form for editing an existing blog post."     ] ], "Task list":  {     'T0':'|Set up Flask application and routing.|Initialize the Flask app in main.py, set up routes for login, registration, main blog page, new post, view post, and edit post.|[]|related files:["main.py"]',     'T1':'|Implement user authentication.|Create User class in main.py, implement login and registration methods, and handle user data in users.txt.|[T0]|related files:[main.py]',     'T2':'|Create blog post management functionality.|Create Blog class in main.py, implement methods for creating, editing, deleting, and viewing posts, and manage data in posts.txt.|[T0]|related files:[main.py]',     'T3':'|Develop HTML templates for user interface.|Create login.html, register.html, main.html, new_post.html, view_post.html, and edit_post.html with appropriate forms and navigation links.|[T0]|related files:[templates/login.html, templates/register.html, templates/main.html, templates/new_post.html, templates/view_post.html, templates/edit_post.html]',     'T4':'|Implement data storage and retrieval.|Implement methods in User and Post classes to save and load data from users.txt and posts.txt.|[T1, T2]|related files:[main.py]',     'T5':'|Add user feedback messages.|Implement functionality to show success or error messages for login, registration, and post actions on relevant pages.|[T1, T2, T3]|related files:[main.py]',     'T6':'|Test the application.|Conduct testing of all functionalities including login, registration, post creation, editing, and deletion to ensure everything works as expected.|[T0, T1, T2, T3, T4, T5]|related files:[main.py]' }, "Shared Knowledge": "`main.py` contains the main application logic and routing for the entire project." }

## files(already available)
file name: main.py

from flask import Flask, render_template, request, redirect, url_for, flash, session
from typing import List

app = Flask(__name__)
app.secret_key = 'your_secret_key'  # Change this to a random secret key

class User:
    def __init__(self, username: str, password: str, email: str):
        self.username = username
        self.password = password
        self.email = email

    def save(self):
        with open('users.txt', 'a') as f:
            f.write(f"{self.username}|{self.password}|{self.email}\n")

    @staticmethod
    def load_users() -> List['User']:
        users = []
        try:
            with open('users.txt', 'r') as f:
                for line in f:
                    username, password, email = line.strip().split('|')
                    users.append(User(username, password, email))
        except FileNotFoundError:
            pass
        return users

class Post:
    def __init__(self, title: str, content: str, author: str):
        self.title = title
        self.content = content
        self.author = author

    def save(self):
        with open('posts.txt', 'a') as f:
            f.write(f"{self.title}|{self.content}|{self.author}\n")

    @staticmethod
    def load_posts() -> List['Post']:
        posts = []
        try:
            with open('posts.txt', 'r') as f:
                for line in f:
                    title, content, author = line.strip().split('|')
                    posts.append(Post(title, content, author))
        except FileNotFoundError:
            pass
        return posts

class Auth:
    @staticmethod
    def login(username: str, password: str) -> bool:
        users = User.load_users()
        for user in users:
            if user.username == username and user.password == password:
                session['username'] = username
                return True
        flash("Invalid username or password!", "error")
        return False

    @staticmethod
    def register(username: str, password: str, email: str) -> bool:
        users = User.load_users()
        if any(user.username == username for user in users):
            flash("Username already exists!", "error")
            return False
        new_user = User(username, password, email)
        new_user.save()
        flash("Registration successful!", "success")
        return True

class Blog:
    @staticmethod
    def create_post(title: str, content: str, author: str):
        new_post = Post(title, content, author)
        new_post.save()
        flash("Post created successfully!", "success")

    @staticmethod
    def edit_post(title: str, content: str):
        posts = Post.load_posts()
        for post in posts:
            if post.title == title:
                post.content = content
                with open('posts.txt', 'w') as f:
                    for p in posts:
                        f.write(f"{p.title}|{p.content}|{p.author}\n")
                flash("Post edited successfully!", "success")
                return
        flash("Post not found!", "error")

    @staticmethod
    def delete_post(title: str):
        posts = Post.load_posts()
        posts = [post for post in posts if post.title != title]
        with open('posts.txt', 'w') as f:
            for post in posts:
                f.write(f"{post.title}|{post.content}|{post.author}\n")
        flash("Post deleted successfully!", "success")

    @staticmethod
    def view_post(title: str) -> str:
        posts = Post.load_posts()
        for post in posts:
            if post.title == title:
                return post.content
        return "Post not found!"

    @staticmethod
    def list_posts() -> List[Post]:
        return Post.load_posts()

@app.route('/')
def login():
    return render_template('login.html')

@app.route('/register', methods=['GET', 'POST'])
def register():
    if request.method == 'POST':
        username = request.form['username']
        password = request.form['password']
        email = request.form['email']
        Auth.register(username, password, email)
        return redirect(url_for('login'))
    return render_template('register.html')

@app.route('/main', methods=['GET'])
def main():
    if 'username' not in session:
        return redirect(url_for('login'))
    posts = Blog.list_posts()
    return render_template('main.html', posts=posts)

@app.route('/new_post', methods=['GET', 'POST'])
def new_post():
    if 'username' not in session:
        return redirect(url_for('login'))
    if request.method == 'POST':
        title = request.form['title']
        content = request.form['content']
        author = session['username']
        Blog.create_post(title, content, author)
        return redirect(url_for('main'))
    return render_template('new_post.html')

@app.route('/view_post/<title>', methods=['GET'])
def view_post(title):
    if 'username' not in session:
        return redirect(url_for('login'))
    content = Blog.view_post(title)
    return render_template('view_post.html', title=title, content=content)

@app.route('/edit_post/<title>', methods=['GET', 'POST'])
def edit_post(title):
    if 'username' not in session:
        return redirect(url_for('login'))
    if request.method == 'POST':
        content = request.form['content']
        Blog.edit_post(title, content)
        return redirect(url_for('main'))
    return render_template('edit_post.html', title=title)

@app.route('/delete_post/<title>', methods=['POST'])
def delete_post(title):
    if 'username' not in session:
        return redirect(url_for('login'))
    Blog.delete_post(title)
    return redirect(url_for('main'))

@app.route('/logout')
def logout():
    session.pop('username', None)
    return redirect(url_for('login'))

if __name__ == '__main__':
    app.run(debug=True)

file name: templates/login.html

<!DOCTYPE html>
<html lang="en">
<head>
    <meta charset="UTF-8">
    <meta name="viewport" content="width=device-width, initial-scale=1.0">
    <title>Login</title>
</head>
<body>
    <h1>Login</h1>
    <form method="POST" action="/login">
        <label for="username">Username:</label>
        <input type="text" id="username" name="username" required>
        <br>
        <label for="password">Password:</label>
        <input type="password" id="password" name="password" required>
        <br>
        <button type="submit">Login</button>
    </form>
    <p>Don't have an account? <a href="/register">Register here</a></p>
</body>
</html>

file name: templates/register.html

<!DOCTYPE html>
<html lang="en">
<head>
    <meta charset="UTF-8">
    <meta name="viewport" content="width=device-width, initial-scale=1.0">
    <title>Register</title>
</head>
<body>
    <h1>Register</h1>
    <form method="POST" action="/register">
        <label for="username">Username:</label>
        <input type="text" id="username" name="username" required>
        <br>
        <label for="password">Password:</label>
        <input type="password" id="password" name="password" required>
        <br>
        <label for="email">Email:</label>
        <input type="email" id="email" name="email" required>
        <br>
        <button type="submit">Register</button>
    </form>
    <p>Already have an account? <a href="/">Login here</a></p>
</body>
</html>

file name: templates/main.html

<!DOCTYPE html>
<html lang="en">
<head>
    <meta charset="UTF-8">
    <meta name="viewport" content="width=device-width, initial-scale=1.0">
    <title>Main Blog Page</title>
</head>
<body>
    <h1>Welcome to the Blog</h1>
    <p><a href="/new_post">Create New Post</a></p>
    <h2>Your Posts:</h2>
    <ul>
        {% for post in posts %}
            <li>
                <a href="/view_post/{{ post.title }}">{{ post.title }}</a>
                <form action="/delete_post/{{ post.title }}" method="POST" style="display:inline;">
                    <button type="submit">Delete</button>
                </form>
            </li>
        {% endfor %}
    </ul>
    <p><a href="/logout">Logout</a></p>
</body>
</html>

file name: templates/new_post.html

<!DOCTYPE html>
<html lang="en">
<head>
    <meta charset="UTF-8">
    <meta name="viewport" content="width=device-width, initial-scale=1.0">
    <title>Create New Post</title>
</head>
<body>
    <h1>Create New Post</h1>
    <form method="POST" action="/new_post">
        <label for="title">Title:</label>
        <input type="text" id="title" name="title" required>
        <br>
        <label for="content">Content:</label>
        <textarea id="content" name="content" required></textarea>
        <br>
        <button type="submit">Create Post</button>
    </form>
    <p><a href="/main">Back to Main Page</a></p>
</body>
</html>

file name: templates/view_post.html

<!DOCTYPE html>
<html lang="en">
<head>
    <meta charset="UTF-8">
    <meta name="viewport" content="width=device-width, initial-scale=1.0">
    <title>{{ title }}</title>
</head>
<body>
    <h1>{{ title }}</h1>
    <p>{{ content }}</p>
    <p><a href="/edit_post/{{ title }}">Edit Post</a></p>
    <p><a href="/main">Back to Main Page</a></p>
</body>
</html>

file name: templates/edit_post.html

<!DOCTYPE html>
<html lang="en">
<head>
    <meta charset="UTF-8">
    <meta name="viewport" content="width=device-width, initial-scale=1.0">
    <title>Edit Post - {{ title }}</title>
</head>
<body>
    <h1>Edit Post: {{ title }}</h1>
    <form method="POST" action="/edit_post/{{ title }}">
        <label for="content">Content:</label>
        <textarea id="content" name="content" required></textarea>
        <br>
        <button type="submit">Save Changes</button>
    </form>
    <p><a href="/main">Back to Main Page</a></p>
</body>
</html>

file name: users.txt

admin1|pass123|admin1@example.com
admin2|pass123|admin2@example.com

file name: posts.txt

My First Post|This is the content of my first post.|admin1
Another Post|This is some more content.|admin2



## Counter Example Error Case Reference.
Here are some lessons and reflections gained from the flawed implementation of the project:
### Summary of Issues Identified from Unit Test Results

1. **User Registration Failure**:
   - The application fails to properly process user registrations, resulting in the absence of the expected success message ("Registration successful!") when a new user is registered. This indicates a potential flaw in the user registration logic or session handling.

2. **Unimplemented Delete Functionality**:
   - The test for deleting a blog post fails because the delete functionality is not implemented in the application code. This leads to the test case being a placeholder and consequently failing at runtime.

### Guidance for Improvement

1. **Enhance User Registration Logic**:
   - **Validation**: Ensure that the registration method (`Auth.register`) properly checks if the username already exists before attempting to create a new user. If the username is taken, it should provide a clear error message that informs the user of the failure.
   - **Feedback Handling**: Make sure that session flashes or error messages regarding registration outcomes are correctly set up and displayed. Confirm that after a successful registration, the user is redirected to the login page with the success message correctly displayed.
   - **Testing**: Add logging or print statements as necessary during registration to debug issues related to user creation. This will help identify where the process might be failing.

   **Example**: 
   ```python
   if any(user.username == username for user in users):
       flash("Username already exists!", "error")
       return False
   ```

2. **Implement Blog Post Deletion Functionality**:
   - **Route Creation**: Create a new route within the Flask app that handles the deletion of blog posts. This should include a mechanism to remove posts from the database (in this case, the `posts.txt` file).
   - **Frontend Integration**: Add a delete option to the blog post views, allowing users to initiate a deletion request.
   - **Confirmation Process**: Implement a confirmation step to prevent accidental deletions. This could be achieved with a simple JavaScript confirm dialog or an additional page to confirm the deletion.
   - **Testing**: Once implemented, add a comprehensive test case for the delete functionality to ensure it effectively removes posts from the application.

   **Example**:
   ```python
   @app.route('/delete_post/<title>', methods=['POST'])
   def delete_post(title):
       Blog.delete_post(title)
       flash("Post deleted successfully!", "success")
       return redirect(url_for('main'))
   ```

By implementing these improvements, you will enhance the reliability and usability of the blog application, directly addressing the issues highlighted by the unit tests.

-----
# Format Example 
*** main.py
```python
...
```

*** ui.py
```python
...
```
-----
## Your Task
|Implement data storage and retrieval.|Implement methods in User and Post classes to save and load data from users.txt and posts.txt.|[T1, T2]|related files:[main.py]

## Relatd Document
{
## Extracted Relevant Sections for Task: Implement Data Storage and Retrieval

### Software Functional Requirements
- Data will be stored in local text files.
- Different types of data will be stored in separate `.txt` files.
- You should define the text file by yourself in advance.
- This structured data storage will facilitate easy data retrieval and management through simple file manipulations in Python, ensuring the application remains light and efficient without the need for a SQL database.

### User's Original Demand
- Users shall be able to log in to their account by entering a username and password on the Login Page.
- Users shall be able to register a new account by providing a username, password, and email on the Registration Page.
- Users shall be able to view a list of their blog posts on the Main Blog Page, with options to create a new post or view existing posts.
- Users shall be able to create a new blog post by providing a title and content on the New Post Page.
- Users shall be able to view the full content of a selected post on the View Post Page.
- Users shall be able to edit an existing post by modifying the title and content on the Edit Post Page.
- Users shall be able to delete a blog post from the View Post Page.
- Users shall be shown appropriate messages for successful or unsuccessful actions (login, registration, post creation, etc.) on each relevant page.

### Additional Notes
- Implement methods in User and Post classes to save and load data from users.txt and posts.txt.
}
(End for Relatd PRD)
# Instruction: Based on the context, follow "Format example", write or revise code to complete task described in "coding sub-task".
## ATTENTION
1. Use '***' to SPLIT different CODE SECTIONS. do not forget ``` in each file, refer the the example. Output format carefully referenced "Format example".
2. Follow design: YOU MUST FOLLOW "Data structures and interfaces". DONT CHANGE ANY DESIGN. Do not use public member functions that do not exist in your design.
3. Follow task: YOU MUST write Comprehensive codes to complete the sub-task.
4. Understand "Documents Relevant to the sub-task": Use this document, along with the architecture and task plan, as guidelines to construct your code.
4. CAREFULLY CHECK THAT YOU DONT MISS ANY NECESSARY CLASS/FUNCTION IN THE FILE.
5. You must import the third-party libraries used in your code
6. If you import a Class, you must import it firstly.
7. Determine the order of writing the files based on your understanding of the project.
9. Write out EVERY CODE DETAIL, DON'T LEAVE TODO,PASS,PLACEHOLDER.
9. Only write code result, do not output any other content in the start or in the end.
10. If you need to generate text data, follow the rules outlined in "<When Storing Data>" below.
 <When storing data>:
Different groups of data are distinguished by line breaks.
Different contents of the same group of data are distinguished by |.
Within any single content that contains multiple sub-entries, those sub-entries are separated by commas ,.
Example:
admin1|pass123|entry1,entry2,entry3  
admin2|pass123|entry1
Make sure:
The | character is used only to separate distinct contents within a group.
Commas , are used exclusively to separate multiple sub-entries within a single content.

# Website Development Rule
If you are doing website development, be sure to route the root path (/). If there is a login page, set the login page as the root route(/).
If you are doing website development, please do not encrypt the account password for the login function.
If you are doing website development, your code needs to take into account the process of loading data from the data file, so don't forget to load the data.
If you are doing Website Development, do not follow the rules of Website and Game development.
# GUI tkinter Development Rule
If you are doing GUI tkinter Development, do not follow the rules of Website and Game development.
# Game Development Rule
If the software needs to load data, please make sure the loading data code matches the data format and data file.
If you are doing Game Development, do not follow the rules of Website and Game development.

# important rule
Use '***' to SPLIT CODE SECTIONS. do not forget ``` in each file, refer the the example. Output format carefully referenced "Format example". 
Adhere strictly to the task requirements and implement them fully; do not include placeholders or "example" for code that is intended for future implementation.

# Counter Example Error Case Reference guideline
An example of a counter case for the entire project is provided in "Counter Example Error Case Reference". This counter case includes some errors that require attention. When completing the code for this task, please pay extra attention to the current task and the points highlighted in the counter case, avoiding these errors to produce better code.

2025-01-01 Wednesday 12:16:12 _client.py : INFO  HTTP Request: POST https://api.chatanywhere.tech/chat/completions "HTTP/1.1 520 Origin Return Unknown Error"
2025-01-01 Wednesday 12:16:12 _base_client.py : INFO  Retrying request to /chat/completions in 0.822526 seconds
2025-01-01 Wednesday 12:16:23 _client.py : INFO  HTTP Request: POST https://api.chatanywhere.tech/chat/completions "HTTP/1.1 200 OK"
2025-01-01 Wednesday 12:16:23 model.py : INFO  following invoke cost: 6671 | all cost: 96287
2025-01-01 Wednesday 12:16:23 c_programmer.py : INFO  
*** main.py
```python
from flask import Flask, render_template, request, redirect, url_for, flash, session
from typing import List

app = Flask(__name__)
app.secret_key = 'your_secret_key'  # Change this to a random secret key

class User:
    def __init__(self, username: str, password: str, email: str):
        self.username = username
        self.password = password
        self.email = email

    def save(self):
        with open('users.txt', 'a') as f:
            f.write(f"{self.username}|{self.password}|{self.email}\n")

    @staticmethod
    def load_users() -> List['User']:
        users = []
        try:
            with open('users.txt', 'r') as f:
                for line in f:
                    username, password, email = line.strip().split('|')
                    users.append(User(username, password, email))
        except FileNotFoundError:
            pass
        return users

class Post:
    def __init__(self, title: str, content: str, author: str):
        self.title = title
        self.content = content
        self.author = author

    def save(self):
        with open('posts.txt', 'a') as f:
            f.write(f"{self.title}|{self.content}|{self.author}\n")

    @staticmethod
    def load_posts() -> List['Post']:
        posts = []
        try:
            with open('posts.txt', 'r') as f:
                for line in f:
                    title, content, author = line.strip().split('|')
                    posts.append(Post(title, content, author))
        except FileNotFoundError:
            pass
        return posts

class Auth:
    @staticmethod
    def login(username: str, password: str) -> bool:
        users = User.load_users()
        for user in users:
            if user.username == username and user.password == password:
                session['username'] = username
                return True
        flash("Invalid username or password!", "error")
        return False

    @staticmethod
    def register(username: str, password: str, email: str) -> bool:
        users = User.load_users()
        if any(user.username == username for user in users):
            flash("Username already exists!", "error")
            return False
        new_user = User(username, password, email)
        new_user.save()
        flash("Registration successful!", "success")
        return True

class Blog:
    @staticmethod
    def create_post(title: str, content: str, author: str):
        new_post = Post(title, content, author)
        new_post.save()
        flash("Post created successfully!", "success")

    @staticmethod
    def edit_post(title: str, content: str):
        posts = Post.load_posts()
        for post in posts:
            if post.title == title:
                post.content = content
                with open('posts.txt', 'w') as f:
                    for p in posts:
                        f.write(f"{p.title}|{p.content}|{p.author}\n")
                flash("Post edited successfully!", "success")
                return
        flash("Post not found!", "error")

    @staticmethod
    def delete_post(title: str):
        posts = Post.load_posts()
        posts = [post for post in posts if post.title != title]
        with open('posts.txt', 'w') as f:
            for post in posts:
                f.write(f"{post.title}|{post.content}|{post.author}\n")
        flash("Post deleted successfully!", "success")

    @staticmethod
    def view_post(title: str) -> str:
        posts = Post.load_posts()
        for post in posts:
            if post.title == title:
                return post.content
        return "Post not found!"

    @staticmethod
    def list_posts() -> List[Post]:
        return Post.load_posts()

@app.route('/')
def login():
    return render_template('login.html')

@app.route('/register', methods=['GET', 'POST'])
def register():
    if request.method == 'POST':
        username = request.form['username']
        password = request.form['password']
        email = request.form['email']
        Auth.register(username, password, email)
        return redirect(url_for('login'))
    return render_template('register.html')

@app.route('/main', methods=['GET'])
def main():
    if 'username' not in session:
        return redirect(url_for('login'))
    posts = Blog.list_posts()
    return render_template('main.html', posts=posts)

@app.route('/new_post', methods=['GET', 'POST'])
def new_post():
    if 'username' not in session:
        return redirect(url_for('login'))
    if request.method == 'POST':
        title = request.form['title']
        content = request.form['content']
        author = session['username']
        Blog.create_post(title, content, author)
        return redirect(url_for('main'))
    return render_template('new_post.html')

@app.route('/view_post/<title>', methods=['GET'])
def view_post(title):
    if 'username' not in session:
        return redirect(url_for('login'))
    content = Blog.view_post(title)
    return render_template('view_post.html', title=title, content=content)

@app.route('/edit_post/<title>', methods=['GET', 'POST'])
def edit_post(title):
    if 'username' not in session:
        return redirect(url_for('login'))
    if request.method == 'POST':
        content = request.form['content']
        Blog.edit_post(title, content)
        return redirect(url_for('main'))
    return render_template('edit_post.html', title=title)

@app.route('/delete_post/<title>', methods=['POST'])
def delete_post(title):
    if 'username' not in session:
        return redirect(url_for('login'))
    Blog.delete_post(title)
    return redirect(url_for('main'))

@app.route('/logout')
def logout():
    session.pop('username', None)
    return redirect(url_for('login'))

if __name__ == '__main__':
    app.run(debug=True)
```

*** users.txt
```
admin1|pass123|admin1@example.com
admin2|pass123|admin2@example.com
```

*** posts.txt
```
My First Post|This is the content of my first post.|admin1
Another Post|This is some more content.|admin2
```
2025-01-01 Wednesday 12:16:23 c_programmer.py : INFO  **[Update Codes]**

main.py updated.


```
'''

'''

```
2025-01-01 Wednesday 12:16:23 c_programmer.py : INFO  **[Update Codes]**

users.txt updated.


```
'''

'''

```
2025-01-01 Wednesday 12:16:23 c_programmer.py : INFO  **[Update Codes]**

posts.txt updated.


```
'''

'''

```
2025-01-01 Wednesday 12:16:23 searcher.py : INFO  
You are an excellent software task-oriented analyst. Your task is to accurately extract and compile all relevant sections from the requirements document and user demands that are directly related to a given task description, and present them in a concise and well-organized document.


## This is the PRD you can retrieve, which contains functional requirements for the system:
[OUTPUT] ## general overview of the project The objective of the 'PersonalBlog' web application is to provide users with a simple platform to create, manage, and share their personal blog entries without relying on a database; all data will be stored locally in text files. ## software functional requirements 1. Users shall be able to log in to their account by entering a username and password on the Login Page. 2. Users shall be able to register a new account by providing a username, password, and email on the Registration Page. 3. Users shall be able to view a list of their blog posts on the Main Blog Page, with options to create a new post or view existing posts. 4. Users shall be able to create a new blog post by providing a title and content on the New Post Page. 5. Users shall be able to view the full content of a selected post on the View Post Page. 6. Users shall be able to edit an existing post by modifying the title and content on the Edit Post Page. 7. Users shall be able to delete a blog post from the View Post Page. 8. Users shall be able to navigate back to the main blog page from the View Post, Edit Post, and New Post Pages using a back button. 9. Users shall be able to log out of their account from the Main Blog Page. 10. Users shall be shown appropriate messages for successful or unsuccessful actions (login, registration, post creation, etc.) on each relevant page. [/OUTPUT]

## This is the user's original demand, which includes not only functional requirements but also other special requirements.
# Software Description

## Objective
The objective of the 'PersonalBlog' web application is to provide users with a simple platform to create, manage, and share their personal blog entries without relying on a database; all data will be stored locally in text files.

## Core Features

Users shall be able to log in to their account by entering a username and password on the Login Page.
Users shall be able to register a new account by providing a username, password, and email on the Registration Page.
Users shall be able to view a list of their blog posts on the Main Blog Page, with options to create a new post or view existing posts.
Users shall be able to create a new blog post by providing a title and content on the New Post Page.
Users shall be able to view the full content of a selected post on the View Post Page.
Users shall be able to edit an existing post by modifying the title and content on the Edit Post Page.
Users shall be able to delete a blog post from the View Post Page.
Users shall be able to navigate back to the main blog page from the View Post, Edit Post, and New Post Pages using a back button.
Users shall be able to log out of their account from the Main Blog Page.
Users shall be shown appropriate messages for successful or unsuccessful actions (login, registration, post creation, etc.) on each relevant page.

## Language

Use html and python to develop a web application.
You should use html to generate the web template by yourself.
## Data Storage
Data will be stored in local text files.
Different types of data will be stored in separate `.txt` files.
You should define the text file by yourself in advance.
This structured data storage will facilitate easy data retrieval and management through simple file manipulations in Python, ensuring the application remains light and efficient without the need for a SQL database.

## now, you get one following specific task:
|Add user feedback messages.|Implement functionality to show success or error messages for login, registration, and post actions on relevant pages.|[T1, T2, T3]|related files:[main.py]

## Action
You should extract the sections directly related to the specific task described above from the two documents.
After extraction, integrate the relevant sections into a single output, ensuring duplicate content is removed.

Key Points:
The extracted content must remain unaltered. Do not modify any part of the retrieved sections.
Include only the necessary sections. Exclude any content you are certain is irrelevant to the current task.
Aim for conciseness: less is better.

2025-01-01 Wednesday 12:16:25 _client.py : INFO  HTTP Request: POST https://api.chatanywhere.tech/chat/completions "HTTP/1.1 200 OK"
2025-01-01 Wednesday 12:16:25 model.py : INFO  following invoke cost: 1009 | all cost: 97296
2025-01-01 Wednesday 12:16:25 searcher.py : INFO  retrievaled reslt is: 
## Extracted Relevant Sections for Task: Add User Feedback Messages

### Software Functional Requirements
10. Users shall be shown appropriate messages for successful or unsuccessful actions (login, registration, post creation, etc.) on each relevant page.

### User's Original Demand
Users shall be shown appropriate messages for successful or unsuccessful actions (login, registration, post creation, etc.) on each relevant page.
2025-01-01 Wednesday 12:16:25 c_programmer.py : INFO  
You are a professional engineer; the main goal is to write google-style, elegant, modular, easy to read and maintain code.
Output format carefully referenced "Format example".
In addition to writing code, you may also need to complete the data files in the task list (such as .txt .json .csv files). If the task list requires the implementation of data files, you need to simply design some data that meets the requirements for your completed software to facilitate the startup and testing of the software as a demo.


# Context

## Design
[CONTENT] "Implementation approach": "We will use Flask as the web framework to create the PersonalBlog application. Flask is lightweight and suitable for building simple web applications. For the front-end, we will use HTML to create the necessary templates. User data and blog posts will be stored in local text files, ensuring that the application remains simple and efficient without a database.", "UI design":"- The application will have a Login Page for user authentication, a Registration Page for new users, a Main Blog Page to list blog posts, a New Post Page for creating posts, a View Post Page for displaying individual posts, and an Edit Post Page for modifying existing posts. Each page will have a consistent layout with navigation links.", "Data Storage":"Data will be stored in local text files. We will create the following files: 'users.txt' for storing user credentials (username, password, email) and 'posts.txt' for storing blog posts (title, content, author). Each entry will be stored in a structured format to facilitate easy retrieval and management.", "File list": ["main.py", "templates/login.html", "templates/register.html", "templates/main.html", "templates/new_post.html", "templates/view_post.html", "templates/edit_post.html", "users.txt", "posts.txt"], "Data structures and interfaces": " classDiagram     class Main {         -Flask app         +run() None     }     class User {         -username: str         -password: str         -email: str         +__init__(username: str, password: str, email: str) None         +save() None         +load_users() list     }     class Post {         -title: str         -content: str         -author: str         +__init__(title: str, content: str, author: str) None         +save() None         +load_posts() list     }     class Auth {         +login(username: str, password: str) bool         +register(username: str, password: str, email: str) bool     }     class Blog {         +create_post(title: str, content: str, author: str) None         +edit_post(title: str, content: str) None         +delete_post(title: str) None         +view_post(title: str) str         +list_posts() list     }     Main --> Auth     Main --> Blog     Auth --> User     Blog --> Post ", [/CONTENT]
## Whole Task Plan
{ "Required packages": [     "flask==1.1.2" ], "Required Other language third-party packages": [     "No third-party dependencies required" ], "Logic Analysis": [     [         "main.py",         "The main file of the application, responsible for initializing the Flask app and routing. Contains the Main class and the main application logic."     ],     [         "templates/login.html",         "HTML template for the Login Page, includes form for username and password."     ],     [         "templates/register.html",         "HTML template for the Registration Page, includes form for username, password, and email."     ],     [         "templates/main.html",         "HTML template for the Main Blog Page, displays list of blog posts and navigation options."     ],     [         "templates/new_post.html",         "HTML template for the New Post Page, includes form for creating a new blog post."     ],     [         "templates/view_post.html",         "HTML template for the View Post Page, displays full content of a selected post."     ],     [         "templates/edit_post.html",         "HTML template for the Edit Post Page, includes form for editing an existing blog post."     ] ], "Task list":  {     'T0':'|Set up Flask application and routing.|Initialize the Flask app in main.py, set up routes for login, registration, main blog page, new post, view post, and edit post.|[]|related files:["main.py"]',     'T1':'|Implement user authentication.|Create User class in main.py, implement login and registration methods, and handle user data in users.txt.|[T0]|related files:[main.py]',     'T2':'|Create blog post management functionality.|Create Blog class in main.py, implement methods for creating, editing, deleting, and viewing posts, and manage data in posts.txt.|[T0]|related files:[main.py]',     'T3':'|Develop HTML templates for user interface.|Create login.html, register.html, main.html, new_post.html, view_post.html, and edit_post.html with appropriate forms and navigation links.|[T0]|related files:[templates/login.html, templates/register.html, templates/main.html, templates/new_post.html, templates/view_post.html, templates/edit_post.html]',     'T4':'|Implement data storage and retrieval.|Implement methods in User and Post classes to save and load data from users.txt and posts.txt.|[T1, T2]|related files:[main.py]',     'T5':'|Add user feedback messages.|Implement functionality to show success or error messages for login, registration, and post actions on relevant pages.|[T1, T2, T3]|related files:[main.py]',     'T6':'|Test the application.|Conduct testing of all functionalities including login, registration, post creation, editing, and deletion to ensure everything works as expected.|[T0, T1, T2, T3, T4, T5]|related files:[main.py]' }, "Shared Knowledge": "`main.py` contains the main application logic and routing for the entire project." }

## files(already available)
file name: main.py

from flask import Flask, render_template, request, redirect, url_for, flash, session
from typing import List

app = Flask(__name__)
app.secret_key = 'your_secret_key'  # Change this to a random secret key

class User:
    def __init__(self, username: str, password: str, email: str):
        self.username = username
        self.password = password
        self.email = email

    def save(self):
        with open('users.txt', 'a') as f:
            f.write(f"{self.username}|{self.password}|{self.email}\n")

    @staticmethod
    def load_users() -> List['User']:
        users = []
        try:
            with open('users.txt', 'r') as f:
                for line in f:
                    username, password, email = line.strip().split('|')
                    users.append(User(username, password, email))
        except FileNotFoundError:
            pass
        return users

class Post:
    def __init__(self, title: str, content: str, author: str):
        self.title = title
        self.content = content
        self.author = author

    def save(self):
        with open('posts.txt', 'a') as f:
            f.write(f"{self.title}|{self.content}|{self.author}\n")

    @staticmethod
    def load_posts() -> List['Post']:
        posts = []
        try:
            with open('posts.txt', 'r') as f:
                for line in f:
                    title, content, author = line.strip().split('|')
                    posts.append(Post(title, content, author))
        except FileNotFoundError:
            pass
        return posts

class Auth:
    @staticmethod
    def login(username: str, password: str) -> bool:
        users = User.load_users()
        for user in users:
            if user.username == username and user.password == password:
                session['username'] = username
                return True
        flash("Invalid username or password!", "error")
        return False

    @staticmethod
    def register(username: str, password: str, email: str) -> bool:
        users = User.load_users()
        if any(user.username == username for user in users):
            flash("Username already exists!", "error")
            return False
        new_user = User(username, password, email)
        new_user.save()
        flash("Registration successful!", "success")
        return True

class Blog:
    @staticmethod
    def create_post(title: str, content: str, author: str):
        new_post = Post(title, content, author)
        new_post.save()
        flash("Post created successfully!", "success")

    @staticmethod
    def edit_post(title: str, content: str):
        posts = Post.load_posts()
        for post in posts:
            if post.title == title:
                post.content = content
                with open('posts.txt', 'w') as f:
                    for p in posts:
                        f.write(f"{p.title}|{p.content}|{p.author}\n")
                flash("Post edited successfully!", "success")
                return
        flash("Post not found!", "error")

    @staticmethod
    def delete_post(title: str):
        posts = Post.load_posts()
        posts = [post for post in posts if post.title != title]
        with open('posts.txt', 'w') as f:
            for post in posts:
                f.write(f"{post.title}|{post.content}|{post.author}\n")
        flash("Post deleted successfully!", "success")

    @staticmethod
    def view_post(title: str) -> str:
        posts = Post.load_posts()
        for post in posts:
            if post.title == title:
                return post.content
        return "Post not found!"

    @staticmethod
    def list_posts() -> List[Post]:
        return Post.load_posts()

@app.route('/')
def login():
    return render_template('login.html')

@app.route('/register', methods=['GET', 'POST'])
def register():
    if request.method == 'POST':
        username = request.form['username']
        password = request.form['password']
        email = request.form['email']
        Auth.register(username, password, email)
        return redirect(url_for('login'))
    return render_template('register.html')

@app.route('/main', methods=['GET'])
def main():
    if 'username' not in session:
        return redirect(url_for('login'))
    posts = Blog.list_posts()
    return render_template('main.html', posts=posts)

@app.route('/new_post', methods=['GET', 'POST'])
def new_post():
    if 'username' not in session:
        return redirect(url_for('login'))
    if request.method == 'POST':
        title = request.form['title']
        content = request.form['content']
        author = session['username']
        Blog.create_post(title, content, author)
        return redirect(url_for('main'))
    return render_template('new_post.html')

@app.route('/view_post/<title>', methods=['GET'])
def view_post(title):
    if 'username' not in session:
        return redirect(url_for('login'))
    content = Blog.view_post(title)
    return render_template('view_post.html', title=title, content=content)

@app.route('/edit_post/<title>', methods=['GET', 'POST'])
def edit_post(title):
    if 'username' not in session:
        return redirect(url_for('login'))
    if request.method == 'POST':
        content = request.form['content']
        Blog.edit_post(title, content)
        return redirect(url_for('main'))
    return render_template('edit_post.html', title=title)

@app.route('/delete_post/<title>', methods=['POST'])
def delete_post(title):
    if 'username' not in session:
        return redirect(url_for('login'))
    Blog.delete_post(title)
    return redirect(url_for('main'))

@app.route('/logout')
def logout():
    session.pop('username', None)
    return redirect(url_for('login'))

if __name__ == '__main__':
    app.run(debug=True)

file name: templates/login.html

<!DOCTYPE html>
<html lang="en">
<head>
    <meta charset="UTF-8">
    <meta name="viewport" content="width=device-width, initial-scale=1.0">
    <title>Login</title>
</head>
<body>
    <h1>Login</h1>
    <form method="POST" action="/login">
        <label for="username">Username:</label>
        <input type="text" id="username" name="username" required>
        <br>
        <label for="password">Password:</label>
        <input type="password" id="password" name="password" required>
        <br>
        <button type="submit">Login</button>
    </form>
    <p>Don't have an account? <a href="/register">Register here</a></p>
</body>
</html>

file name: templates/register.html

<!DOCTYPE html>
<html lang="en">
<head>
    <meta charset="UTF-8">
    <meta name="viewport" content="width=device-width, initial-scale=1.0">
    <title>Register</title>
</head>
<body>
    <h1>Register</h1>
    <form method="POST" action="/register">
        <label for="username">Username:</label>
        <input type="text" id="username" name="username" required>
        <br>
        <label for="password">Password:</label>
        <input type="password" id="password" name="password" required>
        <br>
        <label for="email">Email:</label>
        <input type="email" id="email" name="email" required>
        <br>
        <button type="submit">Register</button>
    </form>
    <p>Already have an account? <a href="/">Login here</a></p>
</body>
</html>

file name: templates/main.html

<!DOCTYPE html>
<html lang="en">
<head>
    <meta charset="UTF-8">
    <meta name="viewport" content="width=device-width, initial-scale=1.0">
    <title>Main Blog Page</title>
</head>
<body>
    <h1>Welcome to the Blog</h1>
    <p><a href="/new_post">Create New Post</a></p>
    <h2>Your Posts:</h2>
    <ul>
        {% for post in posts %}
            <li>
                <a href="/view_post/{{ post.title }}">{{ post.title }}</a>
                <form action="/delete_post/{{ post.title }}" method="POST" style="display:inline;">
                    <button type="submit">Delete</button>
                </form>
            </li>
        {% endfor %}
    </ul>
    <p><a href="/logout">Logout</a></p>
</body>
</html>

file name: templates/new_post.html

<!DOCTYPE html>
<html lang="en">
<head>
    <meta charset="UTF-8">
    <meta name="viewport" content="width=device-width, initial-scale=1.0">
    <title>Create New Post</title>
</head>
<body>
    <h1>Create New Post</h1>
    <form method="POST" action="/new_post">
        <label for="title">Title:</label>
        <input type="text" id="title" name="title" required>
        <br>
        <label for="content">Content:</label>
        <textarea id="content" name="content" required></textarea>
        <br>
        <button type="submit">Create Post</button>
    </form>
    <p><a href="/main">Back to Main Page</a></p>
</body>
</html>

file name: templates/view_post.html

<!DOCTYPE html>
<html lang="en">
<head>
    <meta charset="UTF-8">
    <meta name="viewport" content="width=device-width, initial-scale=1.0">
    <title>{{ title }}</title>
</head>
<body>
    <h1>{{ title }}</h1>
    <p>{{ content }}</p>
    <p><a href="/edit_post/{{ title }}">Edit Post</a></p>
    <p><a href="/main">Back to Main Page</a></p>
</body>
</html>

file name: templates/edit_post.html

<!DOCTYPE html>
<html lang="en">
<head>
    <meta charset="UTF-8">
    <meta name="viewport" content="width=device-width, initial-scale=1.0">
    <title>Edit Post - {{ title }}</title>
</head>
<body>
    <h1>Edit Post: {{ title }}</h1>
    <form method="POST" action="/edit_post/{{ title }}">
        <label for="content">Content:</label>
        <textarea id="content" name="content" required></textarea>
        <br>
        <button type="submit">Save Changes</button>
    </form>
    <p><a href="/main">Back to Main Page</a></p>
</body>
</html>

file name: users.txt

admin1|pass123|admin1@example.com
admin2|pass123|admin2@example.com

file name: posts.txt

My First Post|This is the content of my first post.|admin1
Another Post|This is some more content.|admin2



## Counter Example Error Case Reference.
Here are some lessons and reflections gained from the flawed implementation of the project:
### Summary of Issues Identified from Unit Test Results

1. **User Registration Failure**:
   - The application fails to properly process user registrations, resulting in the absence of the expected success message ("Registration successful!") when a new user is registered. This indicates a potential flaw in the user registration logic or session handling.

2. **Unimplemented Delete Functionality**:
   - The test for deleting a blog post fails because the delete functionality is not implemented in the application code. This leads to the test case being a placeholder and consequently failing at runtime.

### Guidance for Improvement

1. **Enhance User Registration Logic**:
   - **Validation**: Ensure that the registration method (`Auth.register`) properly checks if the username already exists before attempting to create a new user. If the username is taken, it should provide a clear error message that informs the user of the failure.
   - **Feedback Handling**: Make sure that session flashes or error messages regarding registration outcomes are correctly set up and displayed. Confirm that after a successful registration, the user is redirected to the login page with the success message correctly displayed.
   - **Testing**: Add logging or print statements as necessary during registration to debug issues related to user creation. This will help identify where the process might be failing.

   **Example**: 
   ```python
   if any(user.username == username for user in users):
       flash("Username already exists!", "error")
       return False
   ```

2. **Implement Blog Post Deletion Functionality**:
   - **Route Creation**: Create a new route within the Flask app that handles the deletion of blog posts. This should include a mechanism to remove posts from the database (in this case, the `posts.txt` file).
   - **Frontend Integration**: Add a delete option to the blog post views, allowing users to initiate a deletion request.
   - **Confirmation Process**: Implement a confirmation step to prevent accidental deletions. This could be achieved with a simple JavaScript confirm dialog or an additional page to confirm the deletion.
   - **Testing**: Once implemented, add a comprehensive test case for the delete functionality to ensure it effectively removes posts from the application.

   **Example**:
   ```python
   @app.route('/delete_post/<title>', methods=['POST'])
   def delete_post(title):
       Blog.delete_post(title)
       flash("Post deleted successfully!", "success")
       return redirect(url_for('main'))
   ```

By implementing these improvements, you will enhance the reliability and usability of the blog application, directly addressing the issues highlighted by the unit tests.

-----
# Format Example 
*** main.py
```python
...
```

*** ui.py
```python
...
```
-----
## Your Task
|Add user feedback messages.|Implement functionality to show success or error messages for login, registration, and post actions on relevant pages.|[T1, T2, T3]|related files:[main.py]

## Relatd Document
{
## Extracted Relevant Sections for Task: Add User Feedback Messages

### Software Functional Requirements
10. Users shall be shown appropriate messages for successful or unsuccessful actions (login, registration, post creation, etc.) on each relevant page.

### User's Original Demand
Users shall be shown appropriate messages for successful or unsuccessful actions (login, registration, post creation, etc.) on each relevant page.
}
(End for Relatd PRD)
# Instruction: Based on the context, follow "Format example", write or revise code to complete task described in "coding sub-task".
## ATTENTION
1. Use '***' to SPLIT different CODE SECTIONS. do not forget ``` in each file, refer the the example. Output format carefully referenced "Format example".
2. Follow design: YOU MUST FOLLOW "Data structures and interfaces". DONT CHANGE ANY DESIGN. Do not use public member functions that do not exist in your design.
3. Follow task: YOU MUST write Comprehensive codes to complete the sub-task.
4. Understand "Documents Relevant to the sub-task": Use this document, along with the architecture and task plan, as guidelines to construct your code.
4. CAREFULLY CHECK THAT YOU DONT MISS ANY NECESSARY CLASS/FUNCTION IN THE FILE.
5. You must import the third-party libraries used in your code
6. If you import a Class, you must import it firstly.
7. Determine the order of writing the files based on your understanding of the project.
9. Write out EVERY CODE DETAIL, DON'T LEAVE TODO,PASS,PLACEHOLDER.
9. Only write code result, do not output any other content in the start or in the end.
10. If you need to generate text data, follow the rules outlined in "<When Storing Data>" below.
 <When storing data>:
Different groups of data are distinguished by line breaks.
Different contents of the same group of data are distinguished by |.
Within any single content that contains multiple sub-entries, those sub-entries are separated by commas ,.
Example:
admin1|pass123|entry1,entry2,entry3  
admin2|pass123|entry1
Make sure:
The | character is used only to separate distinct contents within a group.
Commas , are used exclusively to separate multiple sub-entries within a single content.

# Website Development Rule
If you are doing website development, be sure to route the root path (/). If there is a login page, set the login page as the root route(/).
If you are doing website development, please do not encrypt the account password for the login function.
If you are doing website development, your code needs to take into account the process of loading data from the data file, so don't forget to load the data.
If you are doing Website Development, do not follow the rules of Website and Game development.
# GUI tkinter Development Rule
If you are doing GUI tkinter Development, do not follow the rules of Website and Game development.
# Game Development Rule
If the software needs to load data, please make sure the loading data code matches the data format and data file.
If you are doing Game Development, do not follow the rules of Website and Game development.

# important rule
Use '***' to SPLIT CODE SECTIONS. do not forget ``` in each file, refer the the example. Output format carefully referenced "Format example". 
Adhere strictly to the task requirements and implement them fully; do not include placeholders or "example" for code that is intended for future implementation.

# Counter Example Error Case Reference guideline
An example of a counter case for the entire project is provided in "Counter Example Error Case Reference". This counter case includes some errors that require attention. When completing the code for this task, please pay extra attention to the current task and the points highlighted in the counter case, avoiding these errors to produce better code.

2025-01-01 Wednesday 12:16:35 _client.py : INFO  HTTP Request: POST https://api.chatanywhere.tech/chat/completions "HTTP/1.1 200 OK"
2025-01-01 Wednesday 12:16:35 model.py : INFO  following invoke cost: 6401 | all cost: 103697
2025-01-01 Wednesday 12:16:35 c_programmer.py : INFO  
*** main.py
```python
from flask import Flask, render_template, request, redirect, url_for, flash, session
from typing import List

app = Flask(__name__)
app.secret_key = 'your_secret_key'  # Change this to a random secret key

class User:
    def __init__(self, username: str, password: str, email: str):
        self.username = username
        self.password = password
        self.email = email

    def save(self):
        with open('users.txt', 'a') as f:
            f.write(f"{self.username}|{self.password}|{self.email}\n")

    @staticmethod
    def load_users() -> List['User']:
        users = []
        try:
            with open('users.txt', 'r') as f:
                for line in f:
                    username, password, email = line.strip().split('|')
                    users.append(User(username, password, email))
        except FileNotFoundError:
            pass
        return users

class Post:
    def __init__(self, title: str, content: str, author: str):
        self.title = title
        self.content = content
        self.author = author

    def save(self):
        with open('posts.txt', 'a') as f:
            f.write(f"{self.title}|{self.content}|{self.author}\n")

    @staticmethod
    def load_posts() -> List['Post']:
        posts = []
        try:
            with open('posts.txt', 'r') as f:
                for line in f:
                    title, content, author = line.strip().split('|')
                    posts.append(Post(title, content, author))
        except FileNotFoundError:
            pass
        return posts

class Auth:
    @staticmethod
    def login(username: str, password: str) -> bool:
        users = User.load_users()
        for user in users:
            if user.username == username and user.password == password:
                session['username'] = username
                flash("Login successful!", "success")
                return True
        flash("Invalid username or password!", "error")
        return False

    @staticmethod
    def register(username: str, password: str, email: str) -> bool:
        users = User.load_users()
        if any(user.username == username for user in users):
            flash("Username already exists!", "error")
            return False
        new_user = User(username, password, email)
        new_user.save()
        flash("Registration successful!", "success")
        return True

class Blog:
    @staticmethod
    def create_post(title: str, content: str, author: str):
        new_post = Post(title, content, author)
        new_post.save()
        flash("Post created successfully!", "success")

    @staticmethod
    def edit_post(title: str, content: str):
        posts = Post.load_posts()
        for post in posts:
            if post.title == title:
                post.content = content
                with open('posts.txt', 'w') as f:
                    for p in posts:
                        f.write(f"{p.title}|{p.content}|{p.author}\n")
                flash("Post edited successfully!", "success")
                return
        flash("Post not found!", "error")

    @staticmethod
    def delete_post(title: str):
        posts = Post.load_posts()
        posts = [post for post in posts if post.title != title]
        with open('posts.txt', 'w') as f:
            for post in posts:
                f.write(f"{post.title}|{post.content}|{post.author}\n")
        flash("Post deleted successfully!", "success")

    @staticmethod
    def view_post(title: str) -> str:
        posts = Post.load_posts()
        for post in posts:
            if post.title == title:
                return post.content
        return "Post not found!"

    @staticmethod
    def list_posts() -> List[Post]:
        return Post.load_posts()

@app.route('/')
def login():
    return render_template('login.html')

@app.route('/register', methods=['GET', 'POST'])
def register():
    if request.method == 'POST':
        username = request.form['username']
        password = request.form['password']
        email = request.form['email']
        Auth.register(username, password, email)
        return redirect(url_for('login'))
    return render_template('register.html')

@app.route('/main', methods=['GET'])
def main():
    if 'username' not in session:
        return redirect(url_for('login'))
    posts = Blog.list_posts()
    return render_template('main.html', posts=posts)

@app.route('/new_post', methods=['GET', 'POST'])
def new_post():
    if 'username' not in session:
        return redirect(url_for('login'))
    if request.method == 'POST':
        title = request.form['title']
        content = request.form['content']
        author = session['username']
        Blog.create_post(title, content, author)
        return redirect(url_for('main'))
    return render_template('new_post.html')

@app.route('/view_post/<title>', methods=['GET'])
def view_post(title):
    if 'username' not in session:
        return redirect(url_for('login'))
    content = Blog.view_post(title)
    return render_template('view_post.html', title=title, content=content)

@app.route('/edit_post/<title>', methods=['GET', 'POST'])
def edit_post(title):
    if 'username' not in session:
        return redirect(url_for('login'))
    if request.method == 'POST':
        content = request.form['content']
        Blog.edit_post(title, content)
        return redirect(url_for('main'))
    return render_template('edit_post.html', title=title)

@app.route('/delete_post/<title>', methods=['POST'])
def delete_post(title):
    if 'username' not in session:
        return redirect(url_for('login'))
    Blog.delete_post(title)
    return redirect(url_for('main'))

@app.route('/logout')
def logout():
    session.pop('username', None)
    flash("You have been logged out.", "info")
    return redirect(url_for('login'))

if __name__ == '__main__':
    app.run(debug=True)
```
2025-01-01 Wednesday 12:16:35 c_programmer.py : INFO  **[Update Codes]**

main.py updated.


```
'''

'''
--- Old
+++ New
@@ -55,6 +55,7 @@
         for user in users:
             if user.username == username and user.password == password:
                 session['username'] = username
+                flash("Login successful!", "success")
                 return True
         flash("Invalid username or password!", "error")
         return False
@@ -171,6 +172,7 @@
 @app.route('/logout')
 def logout():
     session.pop('username', None)
+    flash("You have been logged out.", "info")
     return redirect(url_for('login'))
 
 if __name__ == '__main__':
```
2025-01-01 Wednesday 12:16:35 searcher.py : INFO  
You are an excellent software task-oriented analyst. Your task is to accurately extract and compile all relevant sections from the requirements document and user demands that are directly related to a given task description, and present them in a concise and well-organized document.


## This is the PRD you can retrieve, which contains functional requirements for the system:
[OUTPUT] ## general overview of the project The objective of the 'PersonalBlog' web application is to provide users with a simple platform to create, manage, and share their personal blog entries without relying on a database; all data will be stored locally in text files. ## software functional requirements 1. Users shall be able to log in to their account by entering a username and password on the Login Page. 2. Users shall be able to register a new account by providing a username, password, and email on the Registration Page. 3. Users shall be able to view a list of their blog posts on the Main Blog Page, with options to create a new post or view existing posts. 4. Users shall be able to create a new blog post by providing a title and content on the New Post Page. 5. Users shall be able to view the full content of a selected post on the View Post Page. 6. Users shall be able to edit an existing post by modifying the title and content on the Edit Post Page. 7. Users shall be able to delete a blog post from the View Post Page. 8. Users shall be able to navigate back to the main blog page from the View Post, Edit Post, and New Post Pages using a back button. 9. Users shall be able to log out of their account from the Main Blog Page. 10. Users shall be shown appropriate messages for successful or unsuccessful actions (login, registration, post creation, etc.) on each relevant page. [/OUTPUT]

## This is the user's original demand, which includes not only functional requirements but also other special requirements.
# Software Description

## Objective
The objective of the 'PersonalBlog' web application is to provide users with a simple platform to create, manage, and share their personal blog entries without relying on a database; all data will be stored locally in text files.

## Core Features

Users shall be able to log in to their account by entering a username and password on the Login Page.
Users shall be able to register a new account by providing a username, password, and email on the Registration Page.
Users shall be able to view a list of their blog posts on the Main Blog Page, with options to create a new post or view existing posts.
Users shall be able to create a new blog post by providing a title and content on the New Post Page.
Users shall be able to view the full content of a selected post on the View Post Page.
Users shall be able to edit an existing post by modifying the title and content on the Edit Post Page.
Users shall be able to delete a blog post from the View Post Page.
Users shall be able to navigate back to the main blog page from the View Post, Edit Post, and New Post Pages using a back button.
Users shall be able to log out of their account from the Main Blog Page.
Users shall be shown appropriate messages for successful or unsuccessful actions (login, registration, post creation, etc.) on each relevant page.

## Language

Use html and python to develop a web application.
You should use html to generate the web template by yourself.
## Data Storage
Data will be stored in local text files.
Different types of data will be stored in separate `.txt` files.
You should define the text file by yourself in advance.
This structured data storage will facilitate easy data retrieval and management through simple file manipulations in Python, ensuring the application remains light and efficient without the need for a SQL database.

## now, you get one following specific task:
|Test the application.|Conduct testing of all functionalities including login, registration, post creation, editing, and deletion to ensure everything works as expected.|[T0, T1, T2, T3, T4, T5]|related files:[main.py]

## Action
You should extract the sections directly related to the specific task described above from the two documents.
After extraction, integrate the relevant sections into a single output, ensuring duplicate content is removed.

Key Points:
The extracted content must remain unaltered. Do not modify any part of the retrieved sections.
Include only the necessary sections. Exclude any content you are certain is irrelevant to the current task.
Aim for conciseness: less is better.

2025-01-01 Wednesday 12:16:38 _client.py : INFO  HTTP Request: POST https://api.chatanywhere.tech/chat/completions "HTTP/1.1 200 OK"
2025-01-01 Wednesday 12:16:38 model.py : INFO  following invoke cost: 1279 | all cost: 104976
2025-01-01 Wednesday 12:16:38 searcher.py : INFO  retrievaled reslt is: 
## Extracted Relevant Sections for Testing the Application

### General Overview
The objective of the 'PersonalBlog' web application is to provide users with a simple platform to create, manage, and share their personal blog entries without relying on a database; all data will be stored locally in text files.

### Software Functional Requirements
1. Users shall be able to log in to their account by entering a username and password on the Login Page.
2. Users shall be able to register a new account by providing a username, password, and email on the Registration Page.
3. Users shall be able to view a list of their blog posts on the Main Blog Page, with options to create a new post or view existing posts.
4. Users shall be able to create a new blog post by providing a title and content on the New Post Page.
5. Users shall be able to view the full content of a selected post on the View Post Page.
6. Users shall be able to edit an existing post by modifying the title and content on the Edit Post Page.
7. Users shall be able to delete a blog post from the View Post Page.
9. Users shall be able to log out of their account from the Main Blog Page.
10. Users shall be shown appropriate messages for successful or unsuccessful actions (login, registration, post creation, etc.) on each relevant page.

### Data Storage
Data will be stored in local text files. Different types of data will be stored in separate `.txt` files. This structured data storage will facilitate easy data retrieval and management through simple file manipulations in Python, ensuring the application remains light and efficient without the need for a SQL database.
2025-01-01 Wednesday 12:16:38 c_programmer.py : INFO  
You are a professional engineer; the main goal is to write google-style, elegant, modular, easy to read and maintain code.
Output format carefully referenced "Format example".
In addition to writing code, you may also need to complete the data files in the task list (such as .txt .json .csv files). If the task list requires the implementation of data files, you need to simply design some data that meets the requirements for your completed software to facilitate the startup and testing of the software as a demo.


# Context

## Design
[CONTENT] "Implementation approach": "We will use Flask as the web framework to create the PersonalBlog application. Flask is lightweight and suitable for building simple web applications. For the front-end, we will use HTML to create the necessary templates. User data and blog posts will be stored in local text files, ensuring that the application remains simple and efficient without a database.", "UI design":"- The application will have a Login Page for user authentication, a Registration Page for new users, a Main Blog Page to list blog posts, a New Post Page for creating posts, a View Post Page for displaying individual posts, and an Edit Post Page for modifying existing posts. Each page will have a consistent layout with navigation links.", "Data Storage":"Data will be stored in local text files. We will create the following files: 'users.txt' for storing user credentials (username, password, email) and 'posts.txt' for storing blog posts (title, content, author). Each entry will be stored in a structured format to facilitate easy retrieval and management.", "File list": ["main.py", "templates/login.html", "templates/register.html", "templates/main.html", "templates/new_post.html", "templates/view_post.html", "templates/edit_post.html", "users.txt", "posts.txt"], "Data structures and interfaces": " classDiagram     class Main {         -Flask app         +run() None     }     class User {         -username: str         -password: str         -email: str         +__init__(username: str, password: str, email: str) None         +save() None         +load_users() list     }     class Post {         -title: str         -content: str         -author: str         +__init__(title: str, content: str, author: str) None         +save() None         +load_posts() list     }     class Auth {         +login(username: str, password: str) bool         +register(username: str, password: str, email: str) bool     }     class Blog {         +create_post(title: str, content: str, author: str) None         +edit_post(title: str, content: str) None         +delete_post(title: str) None         +view_post(title: str) str         +list_posts() list     }     Main --> Auth     Main --> Blog     Auth --> User     Blog --> Post ", [/CONTENT]
## Whole Task Plan
{ "Required packages": [     "flask==1.1.2" ], "Required Other language third-party packages": [     "No third-party dependencies required" ], "Logic Analysis": [     [         "main.py",         "The main file of the application, responsible for initializing the Flask app and routing. Contains the Main class and the main application logic."     ],     [         "templates/login.html",         "HTML template for the Login Page, includes form for username and password."     ],     [         "templates/register.html",         "HTML template for the Registration Page, includes form for username, password, and email."     ],     [         "templates/main.html",         "HTML template for the Main Blog Page, displays list of blog posts and navigation options."     ],     [         "templates/new_post.html",         "HTML template for the New Post Page, includes form for creating a new blog post."     ],     [         "templates/view_post.html",         "HTML template for the View Post Page, displays full content of a selected post."     ],     [         "templates/edit_post.html",         "HTML template for the Edit Post Page, includes form for editing an existing blog post."     ] ], "Task list":  {     'T0':'|Set up Flask application and routing.|Initialize the Flask app in main.py, set up routes for login, registration, main blog page, new post, view post, and edit post.|[]|related files:["main.py"]',     'T1':'|Implement user authentication.|Create User class in main.py, implement login and registration methods, and handle user data in users.txt.|[T0]|related files:[main.py]',     'T2':'|Create blog post management functionality.|Create Blog class in main.py, implement methods for creating, editing, deleting, and viewing posts, and manage data in posts.txt.|[T0]|related files:[main.py]',     'T3':'|Develop HTML templates for user interface.|Create login.html, register.html, main.html, new_post.html, view_post.html, and edit_post.html with appropriate forms and navigation links.|[T0]|related files:[templates/login.html, templates/register.html, templates/main.html, templates/new_post.html, templates/view_post.html, templates/edit_post.html]',     'T4':'|Implement data storage and retrieval.|Implement methods in User and Post classes to save and load data from users.txt and posts.txt.|[T1, T2]|related files:[main.py]',     'T5':'|Add user feedback messages.|Implement functionality to show success or error messages for login, registration, and post actions on relevant pages.|[T1, T2, T3]|related files:[main.py]',     'T6':'|Test the application.|Conduct testing of all functionalities including login, registration, post creation, editing, and deletion to ensure everything works as expected.|[T0, T1, T2, T3, T4, T5]|related files:[main.py]' }, "Shared Knowledge": "`main.py` contains the main application logic and routing for the entire project." }

## files(already available)
file name: main.py

from flask import Flask, render_template, request, redirect, url_for, flash, session
from typing import List

app = Flask(__name__)
app.secret_key = 'your_secret_key'  # Change this to a random secret key

class User:
    def __init__(self, username: str, password: str, email: str):
        self.username = username
        self.password = password
        self.email = email

    def save(self):
        with open('users.txt', 'a') as f:
            f.write(f"{self.username}|{self.password}|{self.email}\n")

    @staticmethod
    def load_users() -> List['User']:
        users = []
        try:
            with open('users.txt', 'r') as f:
                for line in f:
                    username, password, email = line.strip().split('|')
                    users.append(User(username, password, email))
        except FileNotFoundError:
            pass
        return users

class Post:
    def __init__(self, title: str, content: str, author: str):
        self.title = title
        self.content = content
        self.author = author

    def save(self):
        with open('posts.txt', 'a') as f:
            f.write(f"{self.title}|{self.content}|{self.author}\n")

    @staticmethod
    def load_posts() -> List['Post']:
        posts = []
        try:
            with open('posts.txt', 'r') as f:
                for line in f:
                    title, content, author = line.strip().split('|')
                    posts.append(Post(title, content, author))
        except FileNotFoundError:
            pass
        return posts

class Auth:
    @staticmethod
    def login(username: str, password: str) -> bool:
        users = User.load_users()
        for user in users:
            if user.username == username and user.password == password:
                session['username'] = username
                flash("Login successful!", "success")
                return True
        flash("Invalid username or password!", "error")
        return False

    @staticmethod
    def register(username: str, password: str, email: str) -> bool:
        users = User.load_users()
        if any(user.username == username for user in users):
            flash("Username already exists!", "error")
            return False
        new_user = User(username, password, email)
        new_user.save()
        flash("Registration successful!", "success")
        return True

class Blog:
    @staticmethod
    def create_post(title: str, content: str, author: str):
        new_post = Post(title, content, author)
        new_post.save()
        flash("Post created successfully!", "success")

    @staticmethod
    def edit_post(title: str, content: str):
        posts = Post.load_posts()
        for post in posts:
            if post.title == title:
                post.content = content
                with open('posts.txt', 'w') as f:
                    for p in posts:
                        f.write(f"{p.title}|{p.content}|{p.author}\n")
                flash("Post edited successfully!", "success")
                return
        flash("Post not found!", "error")

    @staticmethod
    def delete_post(title: str):
        posts = Post.load_posts()
        posts = [post for post in posts if post.title != title]
        with open('posts.txt', 'w') as f:
            for post in posts:
                f.write(f"{post.title}|{post.content}|{post.author}\n")
        flash("Post deleted successfully!", "success")

    @staticmethod
    def view_post(title: str) -> str:
        posts = Post.load_posts()
        for post in posts:
            if post.title == title:
                return post.content
        return "Post not found!"

    @staticmethod
    def list_posts() -> List[Post]:
        return Post.load_posts()

@app.route('/')
def login():
    return render_template('login.html')

@app.route('/register', methods=['GET', 'POST'])
def register():
    if request.method == 'POST':
        username = request.form['username']
        password = request.form['password']
        email = request.form['email']
        Auth.register(username, password, email)
        return redirect(url_for('login'))
    return render_template('register.html')

@app.route('/main', methods=['GET'])
def main():
    if 'username' not in session:
        return redirect(url_for('login'))
    posts = Blog.list_posts()
    return render_template('main.html', posts=posts)

@app.route('/new_post', methods=['GET', 'POST'])
def new_post():
    if 'username' not in session:
        return redirect(url_for('login'))
    if request.method == 'POST':
        title = request.form['title']
        content = request.form['content']
        author = session['username']
        Blog.create_post(title, content, author)
        return redirect(url_for('main'))
    return render_template('new_post.html')

@app.route('/view_post/<title>', methods=['GET'])
def view_post(title):
    if 'username' not in session:
        return redirect(url_for('login'))
    content = Blog.view_post(title)
    return render_template('view_post.html', title=title, content=content)

@app.route('/edit_post/<title>', methods=['GET', 'POST'])
def edit_post(title):
    if 'username' not in session:
        return redirect(url_for('login'))
    if request.method == 'POST':
        content = request.form['content']
        Blog.edit_post(title, content)
        return redirect(url_for('main'))
    return render_template('edit_post.html', title=title)

@app.route('/delete_post/<title>', methods=['POST'])
def delete_post(title):
    if 'username' not in session:
        return redirect(url_for('login'))
    Blog.delete_post(title)
    return redirect(url_for('main'))

@app.route('/logout')
def logout():
    session.pop('username', None)
    flash("You have been logged out.", "info")
    return redirect(url_for('login'))

if __name__ == '__main__':
    app.run(debug=True)

file name: templates/login.html

<!DOCTYPE html>
<html lang="en">
<head>
    <meta charset="UTF-8">
    <meta name="viewport" content="width=device-width, initial-scale=1.0">
    <title>Login</title>
</head>
<body>
    <h1>Login</h1>
    <form method="POST" action="/login">
        <label for="username">Username:</label>
        <input type="text" id="username" name="username" required>
        <br>
        <label for="password">Password:</label>
        <input type="password" id="password" name="password" required>
        <br>
        <button type="submit">Login</button>
    </form>
    <p>Don't have an account? <a href="/register">Register here</a></p>
</body>
</html>

file name: templates/register.html

<!DOCTYPE html>
<html lang="en">
<head>
    <meta charset="UTF-8">
    <meta name="viewport" content="width=device-width, initial-scale=1.0">
    <title>Register</title>
</head>
<body>
    <h1>Register</h1>
    <form method="POST" action="/register">
        <label for="username">Username:</label>
        <input type="text" id="username" name="username" required>
        <br>
        <label for="password">Password:</label>
        <input type="password" id="password" name="password" required>
        <br>
        <label for="email">Email:</label>
        <input type="email" id="email" name="email" required>
        <br>
        <button type="submit">Register</button>
    </form>
    <p>Already have an account? <a href="/">Login here</a></p>
</body>
</html>

file name: templates/main.html

<!DOCTYPE html>
<html lang="en">
<head>
    <meta charset="UTF-8">
    <meta name="viewport" content="width=device-width, initial-scale=1.0">
    <title>Main Blog Page</title>
</head>
<body>
    <h1>Welcome to the Blog</h1>
    <p><a href="/new_post">Create New Post</a></p>
    <h2>Your Posts:</h2>
    <ul>
        {% for post in posts %}
            <li>
                <a href="/view_post/{{ post.title }}">{{ post.title }}</a>
                <form action="/delete_post/{{ post.title }}" method="POST" style="display:inline;">
                    <button type="submit">Delete</button>
                </form>
            </li>
        {% endfor %}
    </ul>
    <p><a href="/logout">Logout</a></p>
</body>
</html>

file name: templates/new_post.html

<!DOCTYPE html>
<html lang="en">
<head>
    <meta charset="UTF-8">
    <meta name="viewport" content="width=device-width, initial-scale=1.0">
    <title>Create New Post</title>
</head>
<body>
    <h1>Create New Post</h1>
    <form method="POST" action="/new_post">
        <label for="title">Title:</label>
        <input type="text" id="title" name="title" required>
        <br>
        <label for="content">Content:</label>
        <textarea id="content" name="content" required></textarea>
        <br>
        <button type="submit">Create Post</button>
    </form>
    <p><a href="/main">Back to Main Page</a></p>
</body>
</html>

file name: templates/view_post.html

<!DOCTYPE html>
<html lang="en">
<head>
    <meta charset="UTF-8">
    <meta name="viewport" content="width=device-width, initial-scale=1.0">
    <title>{{ title }}</title>
</head>
<body>
    <h1>{{ title }}</h1>
    <p>{{ content }}</p>
    <p><a href="/edit_post/{{ title }}">Edit Post</a></p>
    <p><a href="/main">Back to Main Page</a></p>
</body>
</html>

file name: templates/edit_post.html

<!DOCTYPE html>
<html lang="en">
<head>
    <meta charset="UTF-8">
    <meta name="viewport" content="width=device-width, initial-scale=1.0">
    <title>Edit Post - {{ title }}</title>
</head>
<body>
    <h1>Edit Post: {{ title }}</h1>
    <form method="POST" action="/edit_post/{{ title }}">
        <label for="content">Content:</label>
        <textarea id="content" name="content" required></textarea>
        <br>
        <button type="submit">Save Changes</button>
    </form>
    <p><a href="/main">Back to Main Page</a></p>
</body>
</html>

file name: users.txt

admin1|pass123|admin1@example.com
admin2|pass123|admin2@example.com

file name: posts.txt

My First Post|This is the content of my first post.|admin1
Another Post|This is some more content.|admin2



## Counter Example Error Case Reference.
Here are some lessons and reflections gained from the flawed implementation of the project:
### Summary of Issues Identified from Unit Test Results

1. **User Registration Failure**:
   - The application fails to properly process user registrations, resulting in the absence of the expected success message ("Registration successful!") when a new user is registered. This indicates a potential flaw in the user registration logic or session handling.

2. **Unimplemented Delete Functionality**:
   - The test for deleting a blog post fails because the delete functionality is not implemented in the application code. This leads to the test case being a placeholder and consequently failing at runtime.

### Guidance for Improvement

1. **Enhance User Registration Logic**:
   - **Validation**: Ensure that the registration method (`Auth.register`) properly checks if the username already exists before attempting to create a new user. If the username is taken, it should provide a clear error message that informs the user of the failure.
   - **Feedback Handling**: Make sure that session flashes or error messages regarding registration outcomes are correctly set up and displayed. Confirm that after a successful registration, the user is redirected to the login page with the success message correctly displayed.
   - **Testing**: Add logging or print statements as necessary during registration to debug issues related to user creation. This will help identify where the process might be failing.

   **Example**: 
   ```python
   if any(user.username == username for user in users):
       flash("Username already exists!", "error")
       return False
   ```

2. **Implement Blog Post Deletion Functionality**:
   - **Route Creation**: Create a new route within the Flask app that handles the deletion of blog posts. This should include a mechanism to remove posts from the database (in this case, the `posts.txt` file).
   - **Frontend Integration**: Add a delete option to the blog post views, allowing users to initiate a deletion request.
   - **Confirmation Process**: Implement a confirmation step to prevent accidental deletions. This could be achieved with a simple JavaScript confirm dialog or an additional page to confirm the deletion.
   - **Testing**: Once implemented, add a comprehensive test case for the delete functionality to ensure it effectively removes posts from the application.

   **Example**:
   ```python
   @app.route('/delete_post/<title>', methods=['POST'])
   def delete_post(title):
       Blog.delete_post(title)
       flash("Post deleted successfully!", "success")
       return redirect(url_for('main'))
   ```

By implementing these improvements, you will enhance the reliability and usability of the blog application, directly addressing the issues highlighted by the unit tests.

-----
# Format Example 
*** main.py
```python
...
```

*** ui.py
```python
...
```
-----
## Your Task
|Test the application.|Conduct testing of all functionalities including login, registration, post creation, editing, and deletion to ensure everything works as expected.|[T0, T1, T2, T3, T4, T5]|related files:[main.py]

## Relatd Document
{
## Extracted Relevant Sections for Testing the Application

### General Overview
The objective of the 'PersonalBlog' web application is to provide users with a simple platform to create, manage, and share their personal blog entries without relying on a database; all data will be stored locally in text files.

### Software Functional Requirements
1. Users shall be able to log in to their account by entering a username and password on the Login Page.
2. Users shall be able to register a new account by providing a username, password, and email on the Registration Page.
3. Users shall be able to view a list of their blog posts on the Main Blog Page, with options to create a new post or view existing posts.
4. Users shall be able to create a new blog post by providing a title and content on the New Post Page.
5. Users shall be able to view the full content of a selected post on the View Post Page.
6. Users shall be able to edit an existing post by modifying the title and content on the Edit Post Page.
7. Users shall be able to delete a blog post from the View Post Page.
9. Users shall be able to log out of their account from the Main Blog Page.
10. Users shall be shown appropriate messages for successful or unsuccessful actions (login, registration, post creation, etc.) on each relevant page.

### Data Storage
Data will be stored in local text files. Different types of data will be stored in separate `.txt` files. This structured data storage will facilitate easy data retrieval and management through simple file manipulations in Python, ensuring the application remains light and efficient without the need for a SQL database.
}
(End for Relatd PRD)
# Instruction: Based on the context, follow "Format example", write or revise code to complete task described in "coding sub-task".
## ATTENTION
1. Use '***' to SPLIT different CODE SECTIONS. do not forget ``` in each file, refer the the example. Output format carefully referenced "Format example".
2. Follow design: YOU MUST FOLLOW "Data structures and interfaces". DONT CHANGE ANY DESIGN. Do not use public member functions that do not exist in your design.
3. Follow task: YOU MUST write Comprehensive codes to complete the sub-task.
4. Understand "Documents Relevant to the sub-task": Use this document, along with the architecture and task plan, as guidelines to construct your code.
4. CAREFULLY CHECK THAT YOU DONT MISS ANY NECESSARY CLASS/FUNCTION IN THE FILE.
5. You must import the third-party libraries used in your code
6. If you import a Class, you must import it firstly.
7. Determine the order of writing the files based on your understanding of the project.
9. Write out EVERY CODE DETAIL, DON'T LEAVE TODO,PASS,PLACEHOLDER.
9. Only write code result, do not output any other content in the start or in the end.
10. If you need to generate text data, follow the rules outlined in "<When Storing Data>" below.
 <When storing data>:
Different groups of data are distinguished by line breaks.
Different contents of the same group of data are distinguished by |.
Within any single content that contains multiple sub-entries, those sub-entries are separated by commas ,.
Example:
admin1|pass123|entry1,entry2,entry3  
admin2|pass123|entry1
Make sure:
The | character is used only to separate distinct contents within a group.
Commas , are used exclusively to separate multiple sub-entries within a single content.

# Website Development Rule
If you are doing website development, be sure to route the root path (/). If there is a login page, set the login page as the root route(/).
If you are doing website development, please do not encrypt the account password for the login function.
If you are doing website development, your code needs to take into account the process of loading data from the data file, so don't forget to load the data.
If you are doing Website Development, do not follow the rules of Website and Game development.
# GUI tkinter Development Rule
If you are doing GUI tkinter Development, do not follow the rules of Website and Game development.
# Game Development Rule
If the software needs to load data, please make sure the loading data code matches the data format and data file.
If you are doing Game Development, do not follow the rules of Website and Game development.

# important rule
Use '***' to SPLIT CODE SECTIONS. do not forget ``` in each file, refer the the example. Output format carefully referenced "Format example". 
Adhere strictly to the task requirements and implement them fully; do not include placeholders or "example" for code that is intended for future implementation.

# Counter Example Error Case Reference guideline
An example of a counter case for the entire project is provided in "Counter Example Error Case Reference". This counter case includes some errors that require attention. When completing the code for this task, please pay extra attention to the current task and the points highlighted in the counter case, avoiding these errors to produce better code.

2025-01-01 Wednesday 12:16:56 _client.py : INFO  HTTP Request: POST https://api.chatanywhere.tech/chat/completions "HTTP/1.1 200 OK"
2025-01-01 Wednesday 12:16:56 model.py : INFO  following invoke cost: 7854 | all cost: 112830
2025-01-01 Wednesday 12:16:56 c_programmer.py : INFO  
*** main.py
```python
from flask import Flask, render_template, request, redirect, url_for, flash, session
from typing import List

app = Flask(__name__)
app.secret_key = 'your_secret_key'  # Change this to a random secret key

class User:
    def __init__(self, username: str, password: str, email: str):
        self.username = username
        self.password = password
        self.email = email

    def save(self):
        with open('users.txt', 'a') as f:
            f.write(f"{self.username}|{self.password}|{self.email}\n")

    @staticmethod
    def load_users() -> List['User']:
        users = []
        try:
            with open('users.txt', 'r') as f:
                for line in f:
                    username, password, email = line.strip().split('|')
                    users.append(User(username, password, email))
        except FileNotFoundError:
            pass
        return users

class Post:
    def __init__(self, title: str, content: str, author: str):
        self.title = title
        self.content = content
        self.author = author

    def save(self):
        with open('posts.txt', 'a') as f:
            f.write(f"{self.title}|{self.content}|{self.author}\n")

    @staticmethod
    def load_posts() -> List['Post']:
        posts = []
        try:
            with open('posts.txt', 'r') as f:
                for line in f:
                    title, content, author = line.strip().split('|')
                    posts.append(Post(title, content, author))
        except FileNotFoundError:
            pass
        return posts

class Auth:
    @staticmethod
    def login(username: str, password: str) -> bool:
        users = User.load_users()
        for user in users:
            if user.username == username and user.password == password:
                session['username'] = username
                flash("Login successful!", "success")
                return True
        flash("Invalid username or password!", "error")
        return False

    @staticmethod
    def register(username: str, password: str, email: str) -> bool:
        users = User.load_users()
        if any(user.username == username for user in users):
            flash("Username already exists!", "error")
            return False
        new_user = User(username, password, email)
        new_user.save()
        flash("Registration successful!", "success")
        return True

class Blog:
    @staticmethod
    def create_post(title: str, content: str, author: str):
        new_post = Post(title, content, author)
        new_post.save()
        flash("Post created successfully!", "success")

    @staticmethod
    def edit_post(title: str, content: str):
        posts = Post.load_posts()
        for post in posts:
            if post.title == title:
                post.content = content
                with open('posts.txt', 'w') as f:
                    for p in posts:
                        f.write(f"{p.title}|{p.content}|{p.author}\n")
                flash("Post edited successfully!", "success")
                return
        flash("Post not found!", "error")

    @staticmethod
    def delete_post(title: str):
        posts = Post.load_posts()
        posts = [post for post in posts if post.title != title]
        with open('posts.txt', 'w') as f:
            for post in posts:
                f.write(f"{post.title}|{post.content}|{post.author}\n")
        flash("Post deleted successfully!", "success")

    @staticmethod
    def view_post(title: str) -> str:
        posts = Post.load_posts()
        for post in posts:
            if post.title == title:
                return post.content
        return "Post not found!"

    @staticmethod
    def list_posts() -> List[Post]:
        return Post.load_posts()

@app.route('/')
def login():
    return render_template('login.html')

@app.route('/register', methods=['GET', 'POST'])
def register():
    if request.method == 'POST':
        username = request.form['username']
        password = request.form['password']
        email = request.form['email']
        Auth.register(username, password, email)
        return redirect(url_for('login'))
    return render_template('register.html')

@app.route('/main', methods=['GET'])
def main():
    if 'username' not in session:
        return redirect(url_for('login'))
    posts = Blog.list_posts()
    return render_template('main.html', posts=posts)

@app.route('/new_post', methods=['GET', 'POST'])
def new_post():
    if 'username' not in session:
        return redirect(url_for('login'))
    if request.method == 'POST':
        title = request.form['title']
        content = request.form['content']
        author = session['username']
        Blog.create_post(title, content, author)
        return redirect(url_for('main'))
    return render_template('new_post.html')

@app.route('/view_post/<title>', methods=['GET'])
def view_post(title):
    if 'username' not in session:
        return redirect(url_for('login'))
    content = Blog.view_post(title)
    return render_template('view_post.html', title=title, content=content)

@app.route('/edit_post/<title>', methods=['GET', 'POST'])
def edit_post(title):
    if 'username' not in session:
        return redirect(url_for('login'))
    if request.method == 'POST':
        content = request.form['content']
        Blog.edit_post(title, content)
        return redirect(url_for('main'))
    return render_template('edit_post.html', title=title)

@app.route('/delete_post/<title>', methods=['POST'])
def delete_post(title):
    if 'username' not in session:
        return redirect(url_for('login'))
    Blog.delete_post(title)
    return redirect(url_for('main'))

@app.route('/logout')
def logout():
    session.pop('username', None)
    flash("You have been logged out.", "info")
    return redirect(url_for('login'))

if __name__ == '__main__':
    app.run(debug=True)
```

*** templates/login.html
```html
<!DOCTYPE html>
<html lang="en">
<head>
    <meta charset="UTF-8">
    <meta name="viewport" content="width=device-width, initial-scale=1.0">
    <title>Login</title>
</head>
<body>
    <h1>Login</h1>
    <form method="POST" action="/login">
        <label for="username">Username:</label>
        <input type="text" id="username" name="username" required>
        <br>
        <label for="password">Password:</label>
        <input type="password" id="password" name="password" required>
        <br>
        <button type="submit">Login</button>
    </form>
    <p>Don't have an account? <a href="/register">Register here</a></p>
</body>
</html>
```

*** templates/register.html
```html
<!DOCTYPE html>
<html lang="en">
<head>
    <meta charset="UTF-8">
    <meta name="viewport" content="width=device-width, initial-scale=1.0">
    <title>Register</title>
</head>
<body>
    <h1>Register</h1>
    <form method="POST" action="/register">
        <label for="username">Username:</label>
        <input type="text" id="username" name="username" required>
        <br>
        <label for="password">Password:</label>
        <input type="password" id="password" name="password" required>
        <br>
        <label for="email">Email:</label>
        <input type="email" id="email" name="email" required>
        <br>
        <button type="submit">Register</button>
    </form>
    <p>Already have an account? <a href="/">Login here</a></p>
</body>
</html>
```

*** templates/main.html
```html
<!DOCTYPE html>
<html lang="en">
<head>
    <meta charset="UTF-8">
    <meta name="viewport" content="width=device-width, initial-scale=1.0">
    <title>Main Blog Page</title>
</head>
<body>
    <h1>Welcome to the Blog</h1>
    <p><a href="/new_post">Create New Post</a></p>
    <h2>Your Posts:</h2>
    <ul>
        {% for post in posts %}
            <li>
                <a href="/view_post/{{ post.title }}">{{ post.title }}</a>
                <form action="/delete_post/{{ post.title }}" method="POST" style="display:inline;">
                    <button type="submit">Delete</button>
                </form>
            </li>
        {% endfor %}
    </ul>
    <p><a href="/logout">Logout</a></p>
</body>
</html>
```

*** templates/new_post.html
```html
<!DOCTYPE html>
<html lang="en">
<head>
    <meta charset="UTF-8">
    <meta name="viewport" content="width=device-width, initial-scale=1.0">
    <title>Create New Post</title>
</head>
<body>
    <h1>Create New Post</h1>
    <form method="POST" action="/new_post">
        <label for="title">Title:</label>
        <input type="text" id="title" name="title" required>
        <br>
        <label for="content">Content:</label>
        <textarea id="content" name="content" required></textarea>
        <br>
        <button type="submit">Create Post</button>
    </form>
    <p><a href="/main">Back to Main Page</a></p>
</body>
</html>
```

*** templates/view_post.html
```html
<!DOCTYPE html>
<html lang="en">
<head>
    <meta charset="UTF-8">
    <meta name="viewport" content="width=device-width, initial-scale=1.0">
    <title>{{ title }}</title>
</head>
<body>
    <h1>{{ title }}</h1>
    <p>{{ content }}</p>
    <p><a href="/edit_post/{{ title }}">Edit Post</a></p>
    <p><a href="/main">Back to Main Page</a></p>
</body>
</html>
```

*** templates/edit_post.html
```html
<!DOCTYPE html>
<html lang="en">
<head>
    <meta charset="UTF-8">
    <meta name="viewport" content="width=device-width, initial-scale=1.0">
    <title>Edit Post - {{ title }}</title>
</head>
<body>
    <h1>Edit Post: {{ title }}</h1>
    <form method="POST" action="/edit_post/{{ title }}">
        <label for="content">Content:</label>
        <textarea id="content" name="content" required></textarea>
        <br>
        <button type="submit">Save Changes</button>
    </form>
    <p><a href="/main">Back to Main Page</a></p>
</body>
</html>
```

*** users.txt
```
admin1|pass123|admin1@example.com
admin2|pass123|admin2@example.com
```

*** posts.txt
```
My First Post|This is the content of my first post.|admin1
Another Post|This is some more content.|admin2
```
2025-01-01 Wednesday 12:16:56 c_programmer.py : INFO  **[Update Codes]**

main.py updated.


```
'''

'''

```
2025-01-01 Wednesday 12:16:56 c_programmer.py : INFO  **[Update Codes]**

templates/login.html updated.


```
'''

'''

```
2025-01-01 Wednesday 12:16:56 c_programmer.py : INFO  **[Update Codes]**

templates/register.html updated.


```
'''

'''

```
2025-01-01 Wednesday 12:16:56 c_programmer.py : INFO  **[Update Codes]**

templates/main.html updated.


```
'''

'''

```
2025-01-01 Wednesday 12:16:56 c_programmer.py : INFO  **[Update Codes]**

templates/new_post.html updated.


```
'''

'''

```
2025-01-01 Wednesday 12:16:56 c_programmer.py : INFO  **[Update Codes]**

templates/view_post.html updated.


```
'''

'''

```
2025-01-01 Wednesday 12:16:56 c_programmer.py : INFO  **[Update Codes]**

templates/edit_post.html updated.


```
'''

'''

```
2025-01-01 Wednesday 12:16:56 c_programmer.py : INFO  **[Update Codes]**

users.txt updated.


```
'''

'''

```
2025-01-01 Wednesday 12:16:56 c_programmer.py : INFO  **[Update Codes]**

posts.txt updated.


```
'''

'''

```
2025-01-01 Wednesday 12:16:56 c_programmer.py : INFO  




2025-01-01 Wednesday 12:16:56 c_programmer.py : INFO  *** main.py
```placeholder
from flask import Flask, render_template, request, redirect, url_for, flash, session
from typing import List

app = Flask(__name__)
app.secret_key = 'your_secret_key'  # Change this to a random secret key

class User:
    def __init__(self, username: str, password: str, email: str):
        self.username = username
        self.password = password
        self.email = email

    def save(self):
        with open('users.txt', 'a') as f:
            f.write(f"{self.username}|{self.password}|{self.email}\n")

    @staticmethod
    def load_users() -> List['User']:
        users = []
        try:
            with open('users.txt', 'r') as f:
                for line in f:
                    username, password, email = line.strip().split('|')
                    users.append(User(username, password, email))
        except FileNotFoundError:
            pass
        return users

class Post:
    def __init__(self, title: str, content: str, author: str):
        self.title = title
        self.content = content
        self.author = author

    def save(self):
        with open('posts.txt', 'a') as f:
            f.write(f"{self.title}|{self.content}|{self.author}\n")

    @staticmethod
    def load_posts() -> List['Post']:
        posts = []
        try:
            with open('posts.txt', 'r') as f:
                for line in f:
                    title, content, author = line.strip().split('|')
                    posts.append(Post(title, content, author))
        except FileNotFoundError:
            pass
        return posts

class Auth:
    @staticmethod
    def login(username: str, password: str) -> bool:
        users = User.load_users()
        for user in users:
            if user.username == username and user.password == password:
                session['username'] = username
                flash("Login successful!", "success")
                return True
        flash("Invalid username or password!", "error")
        return False

    @staticmethod
    def register(username: str, password: str, email: str) -> bool:
        users = User.load_users()
        if any(user.username == username for user in users):
            flash("Username already exists!", "error")
            return False
        new_user = User(username, password, email)
        new_user.save()
        flash("Registration successful!", "success")
        return True

class Blog:
    @staticmethod
    def create_post(title: str, content: str, author: str):
        new_post = Post(title, content, author)
        new_post.save()
        flash("Post created successfully!", "success")

    @staticmethod
    def edit_post(title: str, content: str):
        posts = Post.load_posts()
        for post in posts:
            if post.title == title:
                post.content = content
                with open('posts.txt', 'w') as f:
                    for p in posts:
                        f.write(f"{p.title}|{p.content}|{p.author}\n")
                flash("Post edited successfully!", "success")
                return
        flash("Post not found!", "error")

    @staticmethod
    def delete_post(title: str):
        posts = Post.load_posts()
        posts = [post for post in posts if post.title != title]
        with open('posts.txt', 'w') as f:
            for post in posts:
                f.write(f"{post.title}|{post.content}|{post.author}\n")
        flash("Post deleted successfully!", "success")

    @staticmethod
    def view_post(title: str) -> str:
        posts = Post.load_posts()
        for post in posts:
            if post.title == title:
                return post.content
        return "Post not found!"

    @staticmethod
    def list_posts() -> List[Post]:
        return Post.load_posts()

@app.route('/')
def login():
    return render_template('login.html')

@app.route('/register', methods=['GET', 'POST'])
def register():
    if request.method == 'POST':
        username = request.form['username']
        password = request.form['password']
        email = request.form['email']
        Auth.register(username, password, email)
        return redirect(url_for('login'))
    return render_template('register.html')

@app.route('/main', methods=['GET'])
def main():
    if 'username' not in session:
        return redirect(url_for('login'))
    posts = Blog.list_posts()
    return render_template('main.html', posts=posts)

@app.route('/new_post', methods=['GET', 'POST'])
def new_post():
    if 'username' not in session:
        return redirect(url_for('login'))
    if request.method == 'POST':
        title = request.form['title']
        content = request.form['content']
        author = session['username']
        Blog.create_post(title, content, author)
        return redirect(url_for('main'))
    return render_template('new_post.html')

@app.route('/view_post/<title>', methods=['GET'])
def view_post(title):
    if 'username' not in session:
        return redirect(url_for('login'))
    content = Blog.view_post(title)
    return render_template('view_post.html', title=title, content=content)

@app.route('/edit_post/<title>', methods=['GET', 'POST'])
def edit_post(title):
    if 'username' not in session:
        return redirect(url_for('login'))
    if request.method == 'POST':
        content = request.form['content']
        Blog.edit_post(title, content)
        return redirect(url_for('main'))
    return render_template('edit_post.html', title=title)

@app.route('/delete_post/<title>', methods=['POST'])
def delete_post(title):
    if 'username' not in session:
        return redirect(url_for('login'))
    Blog.delete_post(title)
    return redirect(url_for('main'))

@app.route('/logout')
def logout():
    session.pop('username', None)
    flash("You have been logged out.", "info")
    return redirect(url_for('login'))

if __name__ == '__main__':
    app.run(debug=True)
```

*** templates/login.html
```placeholder
<!DOCTYPE html>
<html lang="en">
<head>
    <meta charset="UTF-8">
    <meta name="viewport" content="width=device-width, initial-scale=1.0">
    <title>Login</title>
</head>
<body>
    <h1>Login</h1>
    <form method="POST" action="/login">
        <label for="username">Username:</label>
        <input type="text" id="username" name="username" required>
        <br>
        <label for="password">Password:</label>
        <input type="password" id="password" name="password" required>
        <br>
        <button type="submit">Login</button>
    </form>
    <p>Don't have an account? <a href="/register">Register here</a></p>
</body>
</html>
```

*** templates/register.html
```placeholder
<!DOCTYPE html>
<html lang="en">
<head>
    <meta charset="UTF-8">
    <meta name="viewport" content="width=device-width, initial-scale=1.0">
    <title>Register</title>
</head>
<body>
    <h1>Register</h1>
    <form method="POST" action="/register">
        <label for="username">Username:</label>
        <input type="text" id="username" name="username" required>
        <br>
        <label for="password">Password:</label>
        <input type="password" id="password" name="password" required>
        <br>
        <label for="email">Email:</label>
        <input type="email" id="email" name="email" required>
        <br>
        <button type="submit">Register</button>
    </form>
    <p>Already have an account? <a href="/">Login here</a></p>
</body>
</html>
```

*** templates/main.html
```placeholder
<!DOCTYPE html>
<html lang="en">
<head>
    <meta charset="UTF-8">
    <meta name="viewport" content="width=device-width, initial-scale=1.0">
    <title>Main Blog Page</title>
</head>
<body>
    <h1>Welcome to the Blog</h1>
    <p><a href="/new_post">Create New Post</a></p>
    <h2>Your Posts:</h2>
    <ul>
        {% for post in posts %}
            <li>
                <a href="/view_post/{{ post.title }}">{{ post.title }}</a>
                <form action="/delete_post/{{ post.title }}" method="POST" style="display:inline;">
                    <button type="submit">Delete</button>
                </form>
            </li>
        {% endfor %}
    </ul>
    <p><a href="/logout">Logout</a></p>
</body>
</html>
```

*** templates/new_post.html
```placeholder
<!DOCTYPE html>
<html lang="en">
<head>
    <meta charset="UTF-8">
    <meta name="viewport" content="width=device-width, initial-scale=1.0">
    <title>Create New Post</title>
</head>
<body>
    <h1>Create New Post</h1>
    <form method="POST" action="/new_post">
        <label for="title">Title:</label>
        <input type="text" id="title" name="title" required>
        <br>
        <label for="content">Content:</label>
        <textarea id="content" name="content" required></textarea>
        <br>
        <button type="submit">Create Post</button>
    </form>
    <p><a href="/main">Back to Main Page</a></p>
</body>
</html>
```

*** templates/view_post.html
```placeholder
<!DOCTYPE html>
<html lang="en">
<head>
    <meta charset="UTF-8">
    <meta name="viewport" content="width=device-width, initial-scale=1.0">
    <title>{{ title }}</title>
</head>
<body>
    <h1>{{ title }}</h1>
    <p>{{ content }}</p>
    <p><a href="/edit_post/{{ title }}">Edit Post</a></p>
    <p><a href="/main">Back to Main Page</a></p>
</body>
</html>
```

*** templates/edit_post.html
```placeholder
<!DOCTYPE html>
<html lang="en">
<head>
    <meta charset="UTF-8">
    <meta name="viewport" content="width=device-width, initial-scale=1.0">
    <title>Edit Post - {{ title }}</title>
</head>
<body>
    <h1>Edit Post: {{ title }}</h1>
    <form method="POST" action="/edit_post/{{ title }}">
        <label for="content">Content:</label>
        <textarea id="content" name="content" required></textarea>
        <br>
        <button type="submit">Save Changes</button>
    </form>
    <p><a href="/main">Back to Main Page</a></p>
</body>
</html>
```

*** users.txt
```placeholder
admin1|pass123|admin1@example.com
admin2|pass123|admin2@example.com
```

*** posts.txt
```placeholder
My First Post|This is the content of my first post.|admin1
Another Post|This is some more content.|admin2
```


2025-01-01 Wednesday 12:16:56 c_programmer.py : INFO  C_Programmer writting CODE: main.py
2025-01-01 Wednesday 12:16:56 c_programmer.py : INFO  C_Programmer writting CODE: templates/login.html
2025-01-01 Wednesday 12:16:56 c_programmer.py : INFO  C_Programmer writting CODE: templates/register.html
2025-01-01 Wednesday 12:16:56 c_programmer.py : INFO  C_Programmer writting CODE: templates/main.html
2025-01-01 Wednesday 12:16:56 c_programmer.py : INFO  C_Programmer writting CODE: templates/new_post.html
2025-01-01 Wednesday 12:16:56 c_programmer.py : INFO  C_Programmer writting CODE: templates/view_post.html
2025-01-01 Wednesday 12:16:56 c_programmer.py : INFO  C_Programmer writting CODE: templates/edit_post.html
2025-01-01 Wednesday 12:16:56 c_programmer.py : INFO  C_Programmer writting CODE: users.txt
2025-01-01 Wednesday 12:16:56 c_programmer.py : INFO  C_Programmer writting CODE: posts.txt
2025-01-01 Wednesday 12:16:56 start_by_file.py : INFO  
-----------------
Team Name: SES midnigt wanderer
Team Roles: ['Product Manager', 'Architect', 'Project Manager']
Project Name: PersonalBlog
-----------------
ALL COST FOR PROJECT IS: 112830
-------------------
Execute time: 374.24 Seconds
-----------------
