2025-01-13 Monday 14:52:34 team.py : INFO  Setting Project Dir to D:\algorithm\agent\cese\dataset\SD-bench\codebase\GreenLivingGuide\
2025-01-13 Monday 14:52:35 product_manager.py : INFO  Product Manager Pole Writing PRD...
2025-01-13 Monday 14:52:35 product_manager.py : INFO  
You are an excellent Software Requirements Analyst, and your task is to analyze an initial project description, 
generate the functional requirements section of the Software Requirements Specification (SRS) document (non-functional requirements are not required).
Aim to achieve functional requirements, only require to implement demo.
Note that general overview of the project just copy the content of system description.
Note that software functional requirements just follow the Core Features part of System description. Do not over think.


# Context
## system description
# Software Description

## Objective
The GreenLivingGuide project aims to develop a comprehensive web application that encourages sustainable living by providing users with resources, tips, and community engagement, all implemented using a user-friendly interface. Note that the website should start from the login page.

## Core Features
Users shall be able to log in to access personalized content and features.
Users shall be able to create a new account.
Users shall be able to view an introduction to sustainable living, recent articles, and navigate to other sections of the application.
Users shall be able to view and submit new sustainable living tips.
Users shall be able to read and submit articles on sustainable living practices and news.
Users shall be able to participate in the community forum, share experiences, and ask questions.
## Language

Use html and python to develop a web application.
You should use html to generate the web template by yourself.
## Data Storage
Data will be stored in local text files.
Different types of data will be stored in separate `.txt` files.
You should define the text file by yourself in advance.
This structured data storage will facilitate easy data retrieval and management through simple file manipulations in Python, ensuring the application remains light and efficient without the need for a SQL database.


-----
# Format Example
[OUTPUT]
## general overview of the project
general overview of the project

## software functional requirements
...
...
...
[/OUTPUT]


## Instruction 
- general overview of the project: copy the system description here.
- software function requirements: based on the system description, output system's function requirements with details.

# Constraint
Format: output wrapped inside [OUTPUT][/OUTPUT] like format example, nothing else.

# Action
follow Instruction, Carefully ouput only functional requrirement based on the original system description
Aim to achieve functional requirements, only require to implement demo.
do not output ```plaintext or other ``` in the start and the end, output directly.

2025-01-13 Monday 14:52:35 model.py : INFO  self.model.temperature-----------------0.2-------------------------------
2025-01-13 Monday 14:52:37 _client.py : INFO  HTTP Request: POST https://api.chatanywhere.tech/chat/completions "HTTP/1.1 200 OK"
2025-01-13 Monday 14:52:37 model.py : INFO  following invoke cost: 670 | all cost: 670
2025-01-13 Monday 14:52:37 product_manager.py : INFO  Product Manager Pole
2025-01-13 Monday 14:52:37 product_manager.py : INFO  [OUTPUT]
## general overview of the project
The GreenLivingGuide project aims to develop a comprehensive web application that encourages sustainable living by providing users with resources, tips, and community engagement, all implemented using a user-friendly interface. Note that the website should start from the login page.

## software functional requirements
1. Users shall be able to log in to access personalized content and features.
2. Users shall be able to create a new account.
3. Users shall be able to view an introduction to sustainable living, recent articles, and navigate to other sections of the application.
4. Users shall be able to view and submit new sustainable living tips.
5. Users shall be able to read and submit articles on sustainable living practices and news.
6. Users shall be able to participate in the community forum, share experiences, and ask questions.
[/OUTPUT]
2025-01-13 Monday 14:52:37 product_manager.py : INFO  Product Manager Pole extracting PRD......
2025-01-13 Monday 14:52:37 architect.py : INFO  Architect Arnold generate Architect variable temperature
2025-01-13 Monday 14:52:37 architect.py : INFO  
You are a Architect, your goal is design a concise, usable, complete software system. the constraint is make sure the architecture is simple enough and use appropriate open source libraries.
Aim to achieve functional requirements, only require to implement demo.
If the original requirements have data storage requirements, you need to design a simple data storage method for the software. Do not use SQL datasets. Follow the data storage requirements in the software requirements(including data format, storage requirements, etc.).


## Context
original_requirement
# Software Description

## Objective
The GreenLivingGuide project aims to develop a comprehensive web application that encourages sustainable living by providing users with resources, tips, and community engagement, all implemented using a user-friendly interface. Note that the website should start from the login page.

## Core Features
Users shall be able to log in to access personalized content and features.
Users shall be able to create a new account.
Users shall be able to view an introduction to sustainable living, recent articles, and navigate to other sections of the application.
Users shall be able to view and submit new sustainable living tips.
Users shall be able to read and submit articles on sustainable living practices and news.
Users shall be able to participate in the community forum, share experiences, and ask questions.
## Language

Use html and python to develop a web application.
You should use html to generate the web template by yourself.
## Data Storage
Data will be stored in local text files.
Different types of data will be stored in separate `.txt` files.
You should define the text file by yourself in advance.
This structured data storage will facilitate easy data retrieval and management through simple file manipulations in Python, ensuring the application remains light and efficient without the need for a SQL database.

functional requirements
[OUTPUT] ## general overview of the project The GreenLivingGuide project aims to develop a comprehensive web application that encourages sustainable living by providing users with resources, tips, and community engagement, all implemented using a user-friendly interface. Note that the website should start from the login page. ## software functional requirements 1. Users shall be able to log in to access personalized content and features. 2. Users shall be able to create a new account. 3. Users shall be able to view an introduction to sustainable living, recent articles, and navigate to other sections of the application. 4. Users shall be able to view and submit new sustainable living tips. 5. Users shall be able to read and submit articles on sustainable living practices and news. 6. Users shall be able to participate in the community forum, share experiences, and ask questions. [/OUTPUT]
-----
## format example
[CONTENT]
"Implementation approach": "We will ...",
"UI design":"- A canvas for... with ... For Web applications, you should use html to generate the web template by yourself."
"Data Storage":"If software requires a data storage, you should follow the rules: Data will be stored in local files. Different types of data will be stored in separate files. You should define the file by yourself in advance.Do not use SQL database. Else just print Not Require!"
"File list": ["main.py","game.py","templates/login.html","users.txt"],
"Data structures and interfaces": "
classDiagram
    class Main {
        -SearchEngine search_engine
        +main() str
    }
    class SearchEngine {
        -Index index
        -Ranking ranking
        -Summary summary
        +search(query: str) str
    }
    class Index {
        -KnowledgeBase knowledge_base
        +create_index(data: dict)
        +query_index(query: str) list
    }
    class Ranking {
        +rank_results(results: list) list
    }
    class Summary {
        +summarize_results(results: list) str
    }
    class KnowledgeBase {
        +update(data: dict)
        +fetch_data(query: str) dict
    }
    Main --> SearchEngine
    SearchEngine --> Index
    SearchEngine --> Ranking
    SearchEngine --> Summary
    Index --> KnowledgeBase
",

[/CONTENT]

## nodes: "<node>: <type>  # <instruction>"
- Implementation approach: <class 'str'>  # Analyze the difficult points of the requirements, select the appropriate open-source framework. If require GUI, you must also choose a GUI framework (e.g., in Python, you can implement GUI via tkinter, Pygame, Flexx, PyGUI, etc,)
- File list: typing.List[str]  #  Only need relative paths. ALWAYS write a main.py here
- Data structures and interfaces: <class 'str'>  # Use mermaid classDiagram code syntax, including classes, method(__init__ etc.) and functions with type annotations, CLEARLY MARK the RELATIONSHIPS between classes, and comply with PEP8 standards. The data structures SHOULD BE VERY DETAILED and the API should be comprehensive with a complete design.
- UI design:<class 'str'>  # optional, if system require UI, choose a GUI framework (e.g., in Python, you can implement GUI via tkinter, Pygame, Flexx, PyGUI, etc,) and list system UI design and corresponding feature's UI design.

## constraint
Language: Please use the same language as Human INPUT.
Format: output wrapped inside [CONTENT][/CONTENT] like format example, nothing else.
If you are doing website development, do not encrypt the account password for the login function.

# Attention
1. If a feature of software requires a GUI, you also need to carefully consider the UI components that this feature will require and its relationship to the main UI in Architecture.
2. Aim to achieve functional requirements, only require to implement a demo.
3. If project requires data storage, follow the requirement of data storage, implement a simple storage.Do not use SQL database.
4. Organize related functionalities into a single Python file to avoid creating too many files.
5. do not output ```plaintext or other ``` in the start and the end, output directly.

## action
Follow instructions of nodes and Attention, generate output and make sure it follows the format example.

2025-01-13 Monday 14:52:37 model.py : INFO  self.model.temperature-----------------0.45-------------------------------
2025-01-13 Monday 14:52:42 _client.py : INFO  HTTP Request: POST https://api.chatanywhere.tech/chat/completions "HTTP/1.1 200 OK"
2025-01-13 Monday 14:52:42 model.py : INFO  following invoke cost: 1823 | all cost: 2493
2025-01-13 Monday 14:52:42 architect.py : INFO  Architect Arnold
2025-01-13 Monday 14:52:42 architect.py : INFO  [CONTENT]
"Implementation approach": "We will use Flask as the web framework to create a simple web application. Flask is lightweight and allows for easy routing and template rendering. The application will start with a login page, and we will handle user authentication through session management. For the UI, we will use HTML and basic CSS for styling, ensuring a user-friendly interface. The data will be stored in local text files for user accounts, articles, tips, and forum posts.",
"UI design":"- The main UI will consist of a login page, a dashboard for user content, a tips submission form, an articles section, and a community forum. Each section will be accessible via a navigation bar.",
"Data Storage":"Data will be stored in local text files. We will create the following files: 'users.txt' for user accounts, 'tips.txt' for sustainable living tips, 'articles.txt' for articles, and 'forum_posts.txt' for community forum posts. Each file will store data in a structured format, such as JSON, for easy retrieval and management.",
"File list": ["main.py", "templates/login.html", "templates/dashboard.html", "templates/tips.html", "templates/articles.html", "templates/forum.html", "users.txt", "tips.txt", "articles.txt", "forum_posts.txt"],
"Data structures and interfaces": "
classDiagram
    class User {
        -username: str
        -password: str
        +__init__(username: str, password: str)
        +to_dict() -> dict
    }
    class Tip {
        -content: str
        -author: str
        +__init__(content: str, author: str)
        +to_dict() -> dict
    }
    class Article {
        -title: str
        -content: str
        -author: str
        +__init__(title: str, content: str, author: str)
        +to_dict() -> dict
    }
    class ForumPost {
        -content: str
        -author: str
        +__init__(content: str, author: str)
        +to_dict() -> dict
    }
    class DataStorage {
        +load_users() -> list[User]
        +save_user(user: User)
        +load_tips() -> list[Tip]
        +save_tip(tip: Tip)
        +load_articles() -> list[Article]
        +save_article(article: Article)
        +load_forum_posts() -> list[ForumPost]
        +save_forum_post(post: ForumPost)
    }
    User --> DataStorage
    Tip --> DataStorage
    Article --> DataStorage
    ForumPost --> DataStorage
",
[/CONTENT]
2025-01-13 Monday 14:52:42 architect.py : INFO  Architect writting ARCHITECT
2025-01-13 Monday 14:52:42 project_manager.py : INFO  Project Manager Tsunoda generate Project PLAN variable temperature
2025-01-13 Monday 14:52:42 project_manager.py : INFO  
You are a Project Manager, your goal is break down tasks according to functional requirement/architecture, generate a task plan, and analyze task dependencies to start with the prerequisite modules. the constraint is use same language as user requirement. 


## Context
functional requirement:
[OUTPUT] ## general overview of the project The GreenLivingGuide project aims to develop a comprehensive web application that encourages sustainable living by providing users with resources, tips, and community engagement, all implemented using a user-friendly interface. Note that the website should start from the login page. ## software functional requirements 1. Users shall be able to log in to access personalized content and features. 2. Users shall be able to create a new account. 3. Users shall be able to view an introduction to sustainable living, recent articles, and navigate to other sections of the application. 4. Users shall be able to view and submit new sustainable living tips. 5. Users shall be able to read and submit articles on sustainable living practices and news. 6. Users shall be able to participate in the community forum, share experiences, and ask questions. [/OUTPUT]

architecture:
[CONTENT]
"Implementation approach": "We will use Flask as the web framework to create a simple web application. Flask is lightweight and allows for easy routing and template rendering. The application will start with a login page, and we will handle user authentication through session management. For the UI, we will use HTML and basic CSS for styling, ensuring a user-friendly interface. The data will be stored in local text files for user accounts, articles, tips, and forum posts.",
"UI design":"- The main UI will consist of a login page, a dashboard for user content, a tips submission form, an articles section, and a community forum. Each section will be accessible via a navigation bar.",
"Data Storage":"Data will be stored in local text files. We will create the following files: 'users.txt' for user accounts, 'tips.txt' for sustainable living tips, 'articles.txt' for articles, and 'forum_posts.txt' for community forum posts. Each file will store data in a structured format, such as JSON, for easy retrieval and management.",
"File list": ["main.py", "templates/login.html", "templates/dashboard.html", "templates/tips.html", "templates/articles.html", "templates/forum.html", "users.txt", "tips.txt", "articles.txt", "forum_posts.txt"],
"Data structures and interfaces": "
classDiagram
    class User {
        -username: str
        -password: str
        +__init__(username: str, password: str)
        +to_dict() -> dict
    }
    class Tip {
        -content: str
        -author: str
        +__init__(content: str, author: str)
        +to_dict() -> dict
    }
    class Article {
        -title: str
        -content: str
        -author: str
        +__init__(title: str, content: str, author: str)
        +to_dict() -> dict
    }
    class ForumPost {
        -content: str
        -author: str
        +__init__(content: str, author: str)
        +to_dict() -> dict
    }
    class DataStorage {
        +load_users() -> list[User]
        +save_user(user: User)
        +load_tips() -> list[Tip]
        +save_tip(tip: Tip)
        +load_articles() -> list[Article]
        +save_article(article: Article)
        +load_forum_posts() -> list[ForumPost]
        +save_forum_post(post: ForumPost)
    }
    User --> DataStorage
    Tip --> DataStorage
    Article --> DataStorage
    ForumPost --> DataStorage
",
[/CONTENT]
-----

## format example
[CONTENT]

"Required packages": [
    "flask==1.1.2",
    "bcrypt==3.2.0"
],
"Required Other language third-party packages": [
    "No third-party dependencies required"
],
"Logic Analysis": [
    [
        "game.py",
        "Contains Game class and ... functions"
    ],
    [
        "main.py",
        "Contains main function, from game import Game"
    ]
],
"Task list": [
    "game.py",
    "main.py"
],
"Shared Knowledge": "`game.py` contains functions shared across the project.",

[/CONTENT]

## nodes: "<node>: <type>  # <instruction>"
- Required packages: typing.List[str]  # Provide required packages in requirements.txt format.
- Required Other language third-party packages: typing.List[str]  # List down the required packages for languages other than Python.
- Logic Analysis: typing.List[typing.List[str]]  # Provide a list of files with the classes/methods/functions to be implemented, including dependency analysis and imports.
- Task list: typing.List[str]  # Break down the tasks into a list of filenames, prioritized by dependency order.
- Full API spec: <class 'str'>  # Describe all APIs using OpenAPI 3.0 spec that may be used by both frontend and backend. If front-end and back-end communication is not required, leave it blank.
- Shared Knowledge: <class 'str'>  # Detail any shared knowledge, like common utility functions or configuration variables.

## constraint
Language: Please use the same language as Human INPUT.
Format: output wrapped inside [CONTENT][/CONTENT] like format example, nothing else.
If you are doing website development, please do not encrypt the account password for the login function.

## action
Follow instructions of nodes, generate output and make sure it follows the format example.

2025-01-13 Monday 14:52:42 model.py : INFO  self.model.temperature-----------------0.45-------------------------------
2025-01-13 Monday 14:52:45 _client.py : INFO  HTTP Request: POST https://api.chatanywhere.tech/chat/completions "HTTP/1.1 200 OK"
2025-01-13 Monday 14:52:45 model.py : INFO  following invoke cost: 1534 | all cost: 4027
2025-01-13 Monday 14:52:45 project_manager.py : INFO  Project Manager Tsunoda
2025-01-13 Monday 14:52:45 project_manager.py : INFO  [CONTENT]
"Required packages": [
    "flask==1.1.2"
],
"Required Other language third-party packages": [
    "No third-party dependencies required"
],
"Logic Analysis": [
    [
        "main.py",
        "Contains main function, initializes Flask app, and routes for login, dashboard, tips, articles, and forum."
    ],
    [
        "templates/login.html",
        "HTML template for user login interface."
    ],
    [
        "templates/dashboard.html",
        "HTML template for user dashboard displaying personalized content."
    ],
    [
        "templates/tips.html",
        "HTML template for viewing and submitting sustainable living tips."
    ],
    [
        "templates/articles.html",
        "HTML template for reading and submitting articles on sustainable living."
    ],
    [
        "templates/forum.html",
        "HTML template for community forum interaction."
    ],
    [
        "users.txt",
        "File for storing user account information."
    ],
    [
        "tips.txt",
        "File for storing sustainable living tips."
    ],
    [
        "articles.txt",
        "File for storing articles."
    ],
    [
        "forum_posts.txt",
        "File for storing community forum posts."
    ]
],
"Task list": [
    "main.py",
    "templates/login.html",
    "templates/dashboard.html",
    "templates/tips.html",
    "templates/articles.html",
    "templates/forum.html",
    "users.txt",
    "tips.txt",
    "articles.txt",
    "forum_posts.txt"
],
"Shared Knowledge": "`main.py` contains the main application logic and routing, while templates provide the frontend structure."
[/CONTENT]
2025-01-13 Monday 14:52:45 project_manager.py : INFO  Project Manager writting TASK PLAN
2025-01-13 Monday 14:52:45 programmer.py : INFO  Programmer Clorinde Temperature Coding...
2025-01-13 Monday 14:52:45 programmer.py : INFO  
You are a professional engineer; the main goal is to write google-style, elegant, modular, easy to read and maintain code.
Output format carefully referenced "Format example".
In addition to writing code, you may also need to complete the data files in the task list (such as .txt .json .csv files). If the task list requires the implementation of data files, you need to simply design some data that meets the requirements for your completed software to facilitate the startup and testing of the software as a demo.


# Context
## Design
[CONTENT]
"Implementation approach": "We will use Flask as the web framework to create a simple web application. Flask is lightweight and allows for easy routing and template rendering. The application will start with a login page, and we will handle user authentication through session management. For the UI, we will use HTML and basic CSS for styling, ensuring a user-friendly interface. The data will be stored in local text files for user accounts, articles, tips, and forum posts.",
"UI design":"- The main UI will consist of a login page, a dashboard for user content, a tips submission form, an articles section, and a community forum. Each section will be accessible via a navigation bar.",
"Data Storage":"Data will be stored in local text files. We will create the following files: 'users.txt' for user accounts, 'tips.txt' for sustainable living tips, 'articles.txt' for articles, and 'forum_posts.txt' for community forum posts. Each file will store data in a structured format, such as JSON, for easy retrieval and management.",
"File list": ["main.py", "templates/login.html", "templates/dashboard.html", "templates/tips.html", "templates/articles.html", "templates/forum.html", "users.txt", "tips.txt", "articles.txt", "forum_posts.txt"],
"Data structures and interfaces": "
classDiagram
    class User {
        -username: str
        -password: str
        +__init__(username: str, password: str)
        +to_dict() -> dict
    }
    class Tip {
        -content: str
        -author: str
        +__init__(content: str, author: str)
        +to_dict() -> dict
    }
    class Article {
        -title: str
        -content: str
        -author: str
        +__init__(title: str, content: str, author: str)
        +to_dict() -> dict
    }
    class ForumPost {
        -content: str
        -author: str
        +__init__(content: str, author: str)
        +to_dict() -> dict
    }
    class DataStorage {
        +load_users() -> list[User]
        +save_user(user: User)
        +load_tips() -> list[Tip]
        +save_tip(tip: Tip)
        +load_articles() -> list[Article]
        +save_article(article: Article)
        +load_forum_posts() -> list[ForumPost]
        +save_forum_post(post: ForumPost)
    }
    User --> DataStorage
    Tip --> DataStorage
    Article --> DataStorage
    ForumPost --> DataStorage
",
[/CONTENT]
## Task Plan
[CONTENT]
"Required packages": [
    "flask==1.1.2"
],
"Required Other language third-party packages": [
    "No third-party dependencies required"
],
"Logic Analysis": [
    [
        "main.py",
        "Contains main function, initializes Flask app, and routes for login, dashboard, tips, articles, and forum."
    ],
    [
        "templates/login.html",
        "HTML template for user login interface."
    ],
    [
        "templates/dashboard.html",
        "HTML template for user dashboard displaying personalized content."
    ],
    [
        "templates/tips.html",
        "HTML template for viewing and submitting sustainable living tips."
    ],
    [
        "templates/articles.html",
        "HTML template for reading and submitting articles on sustainable living."
    ],
    [
        "templates/forum.html",
        "HTML template for community forum interaction."
    ],
    [
        "users.txt",
        "File for storing user account information."
    ],
    [
        "tips.txt",
        "File for storing sustainable living tips."
    ],
    [
        "articles.txt",
        "File for storing articles."
    ],
    [
        "forum_posts.txt",
        "File for storing community forum posts."
    ]
],
"Task list": [
    "main.py",
    "templates/login.html",
    "templates/dashboard.html",
    "templates/tips.html",
    "templates/articles.html",
    "templates/forum.html",
    "users.txt",
    "tips.txt",
    "articles.txt",
    "forum_posts.txt"
],
"Shared Knowledge": "`main.py` contains the main application logic and routing, while templates provide the frontend structure."
[/CONTENT]

-----
# Format Example 
*** main.py
```python
...
```

*** ui.py
```python
...
```

*** a.txt
```txt
admin|admin123
user1|user123
```
-----
# Instruction: Based on the context, follow "Format example", write code.
## ATTENTION
1. Use '***' to SPLIT different CODE SECTIONS. do not forget ``` in each file, refer the the example. Output format carefully referenced "Format example".
2. Follow design: YOU MUST FOLLOW "Data structures and interfaces". DONT CHANGE ANY DESIGN. Do not use public member functions that do not exist in your design.
3. Follow task: YOU MUST write Comprehensive codes to complete task of each file in task list.
4. CAREFULLY CHECK THAT YOU DONT MISS ANY NECESSARY CLASS/FUNCTION IN THE FILE.
5. You must import the third-party libraries used in your code
6. If you use a Class not in your file, you must ensure you import it firstly.
7. Determine the order of writing the files based on your understanding of the project.
8. Write out EVERY CODE DETAIL, DON'T LEAVE TODO,PASS,PLACEHOLDER.
9. Only write code result, do not output any other content in the start or in the end.
10. If you need to generate text data, must follow below rules:
(Different groups of data are distinguished by line breaks.
Different contents of the same group of data are distinguished by |.
Make sure: The "|" character is used only to separate distinct contents within a group.
Your code of handling data must be consistent with rule in which you define the data.
11. You need to write some pre-stored data to facilitate testing.

# Website Development Rule
If you are doing website development, be sure to route the root path (/). If there is a login page, set the login page as the root route(/).
If you are doing website development, please do not encrypt the account password for the login function.
If you are doing website development, your code needs to take into account the process of loading data from the data file, so don't forget to load the data.
If you are doing Website Development, do not follow the rules of Website and Game development.

# GUI tkinter Development Rule
If you are doing GUI tkinter Development, do not follow the rules of Website and Game development.
# Game Development Rule
If the software needs to load data, please make sure the loading data code matches the data format and data file.
If you are doing Game Development, do not follow the rules of Website and Game development.

# important rule
Use '***' to SPLIT CODE SECTIONS. do not forget ``` in each file, refer the the example. Output format carefully referenced "Format example". 
Adhere strictly to the task requirements and implement them fully; do not include placeholders or "example" for code that is intended for future implementation.

2025-01-13 Monday 14:52:45 model.py : INFO  self.model.temperature-----------------0.45-------------------------------
2025-01-13 Monday 14:52:59 _client.py : INFO  HTTP Request: POST https://api.chatanywhere.tech/chat/completions "HTTP/1.1 200 OK"
2025-01-13 Monday 14:52:59 model.py : INFO  following invoke cost: 3782 | all cost: 7809
2025-01-13 Monday 14:52:59 programmer.py : INFO  
*** main.py
```python
from flask import Flask, render_template, request, redirect, session
from data_storage import DataStorage, User, Tip, Article, ForumPost

app = Flask(__name__)
app.secret_key = 'your_secret_key'
data_storage = DataStorage()

@app.route('/', methods=['GET', 'POST'])
def login():
    if request.method == 'POST':
        username = request.form['username']
        password = request.form['password']
        users = data_storage.load_users()
        for user in users:
            if user.username == username and user.password == password:
                session['username'] = username
                return redirect('/dashboard')
    return render_template('login.html')

@app.route('/dashboard')
def dashboard():
    if 'username' not in session:
        return redirect('/')
    return render_template('dashboard.html', username=session['username'])

@app.route('/tips', methods=['GET', 'POST'])
def tips():
    if request.method == 'POST':
        content = request.form['content']
        author = session['username']
        new_tip = Tip(content, author)
        data_storage.save_tip(new_tip)
        return redirect('/tips')
    all_tips = data_storage.load_tips()
    return render_template('tips.html', tips=all_tips)

@app.route('/articles', methods=['GET', 'POST'])
def articles():
    if request.method == 'POST':
        title = request.form['title']
        content = request.form['content']
        author = session['username']
        new_article = Article(title, content, author)
        data_storage.save_article(new_article)
        return redirect('/articles')
    all_articles = data_storage.load_articles()
    return render_template('articles.html', articles=all_articles)

@app.route('/forum', methods=['GET', 'POST'])
def forum():
    if request.method == 'POST':
        content = request.form['content']
        author = session['username']
        new_post = ForumPost(content, author)
        data_storage.save_forum_post(new_post)
        return redirect('/forum')
    all_posts = data_storage.load_forum_posts()
    return render_template('forum.html', posts=all_posts)

@app.route('/logout')
def logout():
    session.pop('username', None)
    return redirect('/')

if __name__ == '__main__':
    app.run(debug=True)
```

*** data_storage.py
```python
import json
from typing import List

class User:
    def __init__(self, username: str, password: str):
        self.username = username
        self.password = password

    def to_dict(self) -> dict:
        return {'username': self.username, 'password': self.password}

class Tip:
    def __init__(self, content: str, author: str):
        self.content = content
        self.author = author

    def to_dict(self) -> dict:
        return {'content': self.content, 'author': self.author}

class Article:
    def __init__(self, title: str, content: str, author: str):
        self.title = title
        self.content = content
        self.author = author

    def to_dict(self) -> dict:
        return {'title': self.title, 'content': self.content, 'author': self.author}

class ForumPost:
    def __init__(self, content: str, author: str):
        self.content = content
        self.author = author

    def to_dict(self) -> dict:
        return {'content': self.content, 'author': self.author}

class DataStorage:
    def load_users(self) -> List[User]:
        try:
            with open('users.txt', 'r') as file:
                return [User(*line.strip().split('|')) for line in file.readlines()]
        except FileNotFoundError:
            return []

    def save_user(self, user: User):
        with open('users.txt', 'a') as file:
            file.write(f"{user.username}|{user.password}\n")

    def load_tips(self) -> List[Tip]:
        try:
            with open('tips.txt', 'r') as file:
                return [Tip(**json.loads(line.strip())) for line in file.readlines()]
        except FileNotFoundError:
            return []

    def save_tip(self, tip: Tip):
        with open('tips.txt', 'a') as file:
            file.write(json.dumps(tip.to_dict()) + '\n')

    def load_articles(self) -> List[Article]:
        try:
            with open('articles.txt', 'r') as file:
                return [Article(**json.loads(line.strip())) for line in file.readlines()]
        except FileNotFoundError:
            return []

    def save_article(self, article: Article):
        with open('articles.txt', 'a') as file:
            file.write(json.dumps(article.to_dict()) + '\n')

    def load_forum_posts(self) -> List[ForumPost]:
        try:
            with open('forum_posts.txt', 'r') as file:
                return [ForumPost(**json.loads(line.strip())) for line in file.readlines()]
        except FileNotFoundError:
            return []

    def save_forum_post(self, post: ForumPost):
        with open('forum_posts.txt', 'a') as file:
            file.write(json.dumps(post.to_dict()) + '\n')
```

*** templates/login.html
```html
<!DOCTYPE html>
<html lang="en">
<head>
    <meta charset="UTF-8">
    <meta name="viewport" content="width=device-width, initial-scale=1.0">
    <title>Login</title>
</head>
<body>
    <h1>Login</h1>
    <form method="POST">
        <label for="username">Username:</label>
        <input type="text" id="username" name="username" required>
        <br>
        <label for="password">Password:</label>
        <input type="password" id="password" name="password" required>
        <br>
        <button type="submit">Login</button>
    </form>
</body>
</html>
```

*** templates/dashboard.html
```html
<!DOCTYPE html>
<html lang="en">
<head>
    <meta charset="UTF-8">
    <meta name="viewport" content="width=device-width, initial-scale=1.0">
    <title>Dashboard</title>
</head>
<body>
    <h1>Welcome, {{ username }}</h1>
    <nav>
        <a href="/tips">Tips</a>
        <a href="/articles">Articles</a>
        <a href="/forum">Forum</a>
        <a href="/logout">Logout</a>
    </nav>
</body>
</html>
```

*** templates/tips.html
```html
<!DOCTYPE html>
<html lang="en">
<head>
    <meta charset="UTF-8">
    <meta name="viewport" content="width=device-width, initial-scale=1.0">
    <title>Sustainable Living Tips</title>
</head>
<body>
    <h1>Sustainable Living Tips</h1>
    <form method="POST">
        <label for="content">Tip:</label>
        <textarea id="content" name="content" required></textarea>
        <br>
        <button type="submit">Submit Tip</button>
    </form>
    <h2>All Tips</h2>
    <ul>
        {% for tip in tips %}
            <li>{{ tip.content }} - by {{ tip.author }}</li>
        {% endfor %}
    </ul>
</body>
</html>
```

*** templates/articles.html
```html
<!DOCTYPE html>
<html lang="en">
<head>
    <meta charset="UTF-8">
    <meta name="viewport" content="width=device-width, initial-scale=1.0">
    <title>Articles</title>
</head>
<body>
    <h1>Articles on Sustainable Living</h1>
    <form method="POST">
        <label for="title">Title:</label>
        <input type="text" id="title" name="title" required>
        <br>
        <label for="content">Content:</label>
        <textarea id="content" name="content" required></textarea>
        <br>
        <button type="submit">Submit Article</button>
    </form>
    <h2>All Articles</h2>
    <ul>
        {% for article in articles %}
            <li><strong>{{ article.title }}</strong> - {{ article.content }} - by {{ article.author }}</li>
        {% endfor %}
    </ul>
</body>
</html>
```

*** templates/forum.html
```html
<!DOCTYPE html>
<html lang="en">
<head>
    <meta charset="UTF-8">
    <meta name="viewport" content="width=device-width, initial-scale=1.0">
    <title>Community Forum</title>
</head>
<body>
    <h1>Community Forum</h1>
    <form method="POST">
        <label for="content">Post:</label>
        <textarea id="content" name="content" required></textarea>
        <br>
        <button type="submit">Submit Post</button>
    </form>
    <h2>All Posts</h2>
    <ul>
        {% for post in posts %}
            <li>{{ post.content }} - by {{ post.author }}</li>
        {% endfor %}
    </ul>
</body>
</html>
```

*** users.txt
```txt
admin|admin123
user1|user123
```

*** tips.txt
```json
{"content": "Use reusable bags instead of plastic ones.", "author": "admin"}
{"content": "Turn off lights when not in use.", "author": "user1"}
```

*** articles.txt
```json
{"title": "The Importance of Recycling", "content": "Recycling helps reduce waste.", "author": "admin"}
{"title": "Composting Basics", "content": "Composting can reduce kitchen waste.", "author": "user1"}
```

*** forum_posts.txt
```json
{"content": "What are your favorite sustainable practices?", "author": "admin"}
{"content": "How to start a home garden?", "author": "user1"}
```
2025-01-13 Monday 14:52:59 programmer.py : INFO  Compare Code
2025-01-13 Monday 14:52:59 programmer.py : INFO  **[Update Codes]**

main.py updated.


```
'''

'''
--- Old
+++ New
@@ -1 +1,66 @@
-# None
+from flask import Flask, render_template, request, redirect, session
+from data_storage import DataStorage, User, Tip, Article, ForumPost
+
+app = Flask(__name__)
+app.secret_key = 'your_secret_key'
+data_storage = DataStorage()
+
+@app.route('/', methods=['GET', 'POST'])
+def login():
+    if request.method == 'POST':
+        username = request.form['username']
+        password = request.form['password']
+        users = data_storage.load_users()
+        for user in users:
+            if user.username == username and user.password == password:
+                session['username'] = username
+                return redirect('/dashboard')
+    return render_template('login.html')
+
+@app.route('/dashboard')
+def dashboard():
+    if 'username' not in session:
+        return redirect('/')
+    return render_template('dashboard.html', username=session['username'])
+
+@app.route('/tips', methods=['GET', 'POST'])
+def tips():
+    if request.method == 'POST':
+        content = request.form['content']
+        author = session['username']
+        new_tip = Tip(content, author)
+        data_storage.save_tip(new_tip)
+        return redirect('/tips')
+    all_tips = data_storage.load_tips()
+    return render_template('tips.html', tips=all_tips)
+
+@app.route('/articles', methods=['GET', 'POST'])
+def articles():
+    if request.method == 'POST':
+        title = request.form['title']
+        content = request.form['content']
+        author = session['username']
+        new_article = Article(title, content, author)
+        data_storage.save_article(new_article)
+        return redirect('/articles')
+    all_articles = data_storage.load_articles()
+    return render_template('articles.html', articles=all_articles)
+
+@app.route('/forum', methods=['GET', 'POST'])
+def forum():
+    if request.method == 'POST':
+        content = request.form['content']
+        author = session['username']
+        new_post = ForumPost(content, author)
+        data_storage.save_forum_post(new_post)
+        return redirect('/forum')
+    all_posts = data_storage.load_forum_posts()
+    return render_template('forum.html', posts=all_posts)
+
+@app.route('/logout')
+def logout():
+    session.pop('username', None)
+    return redirect('/')
+
+if __name__ == '__main__':
+    app.run(debug=True)
```
2025-01-13 Monday 14:52:59 programmer.py : INFO  **[Update Codes]**

data_storage.py updated.


```
'''

'''
--- Old
+++ New
@@ -1 +1,80 @@
-# None
+import json
+from typing import List
+
+class User:
+    def __init__(self, username: str, password: str):
+        self.username = username
+        self.password = password
+
+    def to_dict(self) -> dict:
+        return {'username': self.username, 'password': self.password}
+
+class Tip:
+    def __init__(self, content: str, author: str):
+        self.content = content
+        self.author = author
+
+    def to_dict(self) -> dict:
+        return {'content': self.content, 'author': self.author}
+
+class Article:
+    def __init__(self, title: str, content: str, author: str):
+        self.title = title
+        self.content = content
+        self.author = author
+
+    def to_dict(self) -> dict:
+        return {'title': self.title, 'content': self.content, 'author': self.author}
+
+class ForumPost:
+    def __init__(self, content: str, author: str):
+        self.content = content
+        self.author = author
+
+    def to_dict(self) -> dict:
+        return {'content': self.content, 'author': self.author}
+
+class DataStorage:
+    def load_users(self) -> List[User]:
+        try:
+            with open('users.txt', 'r') as file:
+                return [User(*line.strip().split('|')) for line in file.readlines()]
+        except FileNotFoundError:
+            return []
+
+    def save_user(self, user: User):
+        with open('users.txt', 'a') as file:
+            file.write(f"{user.username}|{user.password}\n")
+
+    def load_tips(self) -> List[Tip]:
+        try:
+            with open('tips.txt', 'r') as file:
+                return [Tip(**json.loads(line.strip())) for line in file.readlines()]
+        except FileNotFoundError:
+            return []
+
+    def save_tip(self, tip: Tip):
+        with open('tips.txt', 'a') as file:
+            file.write(json.dumps(tip.to_dict()) + '\n')
+
+    def load_articles(self) -> List[Article]:
+        try:
+            with open('articles.txt', 'r') as file:
+                return [Article(**json.loads(line.strip())) for line in file.readlines()]
+        except FileNotFoundError:
+            return []
+
+    def save_article(self, article: Article):
+        with open('articles.txt', 'a') as file:
+            file.write(json.dumps(article.to_dict()) + '\n')
+
+    def load_forum_posts(self) -> List[ForumPost]:
+        try:
+            with open('forum_posts.txt', 'r') as file:
+                return [ForumPost(**json.loads(line.strip())) for line in file.readlines()]
+        except FileNotFoundError:
+            return []
+
+    def save_forum_post(self, post: ForumPost):
+        with open('forum_posts.txt', 'a') as file:
+            file.write(json.dumps(post.to_dict()) + '\n')
```
2025-01-13 Monday 14:52:59 programmer.py : INFO  **[Update Codes]**

templates/login.html updated.


```
'''

'''
--- Old
+++ New
@@ -1 +1,20 @@
-# None
+<!DOCTYPE html>
+<html lang="en">
+<head>
+    <meta charset="UTF-8">
+    <meta name="viewport" content="width=device-width, initial-scale=1.0">
+    <title>Login</title>
+</head>
+<body>
+    <h1>Login</h1>
+    <form method="POST">
+        <label for="username">Username:</label>
+        <input type="text" id="username" name="username" required>
+        <br>
+        <label for="password">Password:</label>
+        <input type="password" id="password" name="password" required>
+        <br>
+        <button type="submit">Login</button>
+    </form>
+</body>
+</html>
```
2025-01-13 Monday 14:52:59 programmer.py : INFO  **[Update Codes]**

templates/dashboard.html updated.


```
'''

'''
--- Old
+++ New
@@ -1 +1,17 @@
-# None
+<!DOCTYPE html>
+<html lang="en">
+<head>
+    <meta charset="UTF-8">
+    <meta name="viewport" content="width=device-width, initial-scale=1.0">
+    <title>Dashboard</title>
+</head>
+<body>
+    <h1>Welcome, {{ username }}</h1>
+    <nav>
+        <a href="/tips">Tips</a>
+        <a href="/articles">Articles</a>
+        <a href="/forum">Forum</a>
+        <a href="/logout">Logout</a>
+    </nav>
+</body>
+</html>
```
2025-01-13 Monday 14:52:59 programmer.py : INFO  **[Update Codes]**

templates/tips.html updated.


```
'''

'''
--- Old
+++ New
@@ -1 +1,23 @@
-# None
+<!DOCTYPE html>
+<html lang="en">
+<head>
+    <meta charset="UTF-8">
+    <meta name="viewport" content="width=device-width, initial-scale=1.0">
+    <title>Sustainable Living Tips</title>
+</head>
+<body>
+    <h1>Sustainable Living Tips</h1>
+    <form method="POST">
+        <label for="content">Tip:</label>
+        <textarea id="content" name="content" required></textarea>
+        <br>
+        <button type="submit">Submit Tip</button>
+    </form>
+    <h2>All Tips</h2>
+    <ul>
+        {% for tip in tips %}
+            <li>{{ tip.content }} - by {{ tip.author }}</li>
+        {% endfor %}
+    </ul>
+</body>
+</html>
```
2025-01-13 Monday 14:52:59 programmer.py : INFO  **[Update Codes]**

templates/articles.html updated.


```
'''

'''
--- Old
+++ New
@@ -1 +1,26 @@
-# None
+<!DOCTYPE html>
+<html lang="en">
+<head>
+    <meta charset="UTF-8">
+    <meta name="viewport" content="width=device-width, initial-scale=1.0">
+    <title>Articles</title>
+</head>
+<body>
+    <h1>Articles on Sustainable Living</h1>
+    <form method="POST">
+        <label for="title">Title:</label>
+        <input type="text" id="title" name="title" required>
+        <br>
+        <label for="content">Content:</label>
+        <textarea id="content" name="content" required></textarea>
+        <br>
+        <button type="submit">Submit Article</button>
+    </form>
+    <h2>All Articles</h2>
+    <ul>
+        {% for article in articles %}
+            <li><strong>{{ article.title }}</strong> - {{ article.content }} - by {{ article.author }}</li>
+        {% endfor %}
+    </ul>
+</body>
+</html>
```
2025-01-13 Monday 14:52:59 programmer.py : INFO  **[Update Codes]**

templates/forum.html updated.


```
'''

'''
--- Old
+++ New
@@ -1 +1,23 @@
-# None
+<!DOCTYPE html>
+<html lang="en">
+<head>
+    <meta charset="UTF-8">
+    <meta name="viewport" content="width=device-width, initial-scale=1.0">
+    <title>Community Forum</title>
+</head>
+<body>
+    <h1>Community Forum</h1>
+    <form method="POST">
+        <label for="content">Post:</label>
+        <textarea id="content" name="content" required></textarea>
+        <br>
+        <button type="submit">Submit Post</button>
+    </form>
+    <h2>All Posts</h2>
+    <ul>
+        {% for post in posts %}
+            <li>{{ post.content }} - by {{ post.author }}</li>
+        {% endfor %}
+    </ul>
+</body>
+</html>
```
2025-01-13 Monday 14:52:59 programmer.py : INFO  **[Update Codes]**

users.txt updated.


```
'''

'''
--- Old
+++ New
@@ -1 +1,2 @@
-# None
+admin|admin123
+user1|user123
```
2025-01-13 Monday 14:52:59 programmer.py : INFO  **[Update Codes]**

tips.txt updated.


```
'''

'''
--- Old
+++ New
@@ -1 +1,2 @@
-# None
+{"content": "Use reusable bags instead of plastic ones.", "author": "admin"}
+{"content": "Turn off lights when not in use.", "author": "user1"}
```
2025-01-13 Monday 14:52:59 programmer.py : INFO  **[Update Codes]**

articles.txt updated.


```
'''

'''
--- Old
+++ New
@@ -1 +1,2 @@
-# None
+{"title": "The Importance of Recycling", "content": "Recycling helps reduce waste.", "author": "admin"}
+{"title": "Composting Basics", "content": "Composting can reduce kitchen waste.", "author": "user1"}
```
2025-01-13 Monday 14:52:59 programmer.py : INFO  **[Update Codes]**

forum_posts.txt updated.


```
'''

'''
--- Old
+++ New
@@ -1 +1,2 @@
-# None
+{"content": "What are your favorite sustainable practices?", "author": "admin"}
+{"content": "How to start a home garden?", "author": "user1"}
```
2025-01-13 Monday 14:52:59 programmer.py : INFO  Programmer writting CODE: main.py
2025-01-13 Monday 14:52:59 programmer.py : INFO  Programmer writting CODE: data_storage.py
2025-01-13 Monday 14:52:59 programmer.py : INFO  Programmer writting CODE: templates/login.html
2025-01-13 Monday 14:52:59 programmer.py : INFO  Programmer writting CODE: templates/dashboard.html
2025-01-13 Monday 14:52:59 programmer.py : INFO  Programmer writting CODE: templates/tips.html
2025-01-13 Monday 14:52:59 programmer.py : INFO  Programmer writting CODE: templates/articles.html
2025-01-13 Monday 14:52:59 programmer.py : INFO  Programmer writting CODE: templates/forum.html
2025-01-13 Monday 14:52:59 programmer.py : INFO  Programmer writting CODE: users.txt
2025-01-13 Monday 14:52:59 programmer.py : INFO  Programmer writting CODE: tips.txt
2025-01-13 Monday 14:52:59 programmer.py : INFO  Programmer writting CODE: articles.txt
2025-01-13 Monday 14:52:59 programmer.py : INFO  Programmer writting CODE: forum_posts.txt
2025-01-13 Monday 14:52:59 product_manager.py : INFO  Product Manager Pole extracting PRD......
2025-01-13 Monday 14:52:59 architect.py : INFO  Architect Arnold generate Architect variable temperature
2025-01-13 Monday 14:52:59 architect.py : INFO  
You are a Architect, your goal is design a concise, usable, complete software system. the constraint is make sure the architecture is simple enough and use appropriate open source libraries.
Aim to achieve functional requirements, only require to implement demo.
If the original requirements have data storage requirements, you need to design a simple data storage method for the software. Do not use SQL datasets. Follow the data storage requirements in the software requirements(including data format, storage requirements, etc.).


## Context
original_requirement
# Software Description

## Objective
The GreenLivingGuide project aims to develop a comprehensive web application that encourages sustainable living by providing users with resources, tips, and community engagement, all implemented using a user-friendly interface. Note that the website should start from the login page.

## Core Features
Users shall be able to log in to access personalized content and features.
Users shall be able to create a new account.
Users shall be able to view an introduction to sustainable living, recent articles, and navigate to other sections of the application.
Users shall be able to view and submit new sustainable living tips.
Users shall be able to read and submit articles on sustainable living practices and news.
Users shall be able to participate in the community forum, share experiences, and ask questions.
## Language

Use html and python to develop a web application.
You should use html to generate the web template by yourself.
## Data Storage
Data will be stored in local text files.
Different types of data will be stored in separate `.txt` files.
You should define the text file by yourself in advance.
This structured data storage will facilitate easy data retrieval and management through simple file manipulations in Python, ensuring the application remains light and efficient without the need for a SQL database.

functional requirements
[OUTPUT] ## general overview of the project The GreenLivingGuide project aims to develop a comprehensive web application that encourages sustainable living by providing users with resources, tips, and community engagement, all implemented using a user-friendly interface. Note that the website should start from the login page. ## software functional requirements 1. Users shall be able to log in to access personalized content and features. 2. Users shall be able to create a new account. 3. Users shall be able to view an introduction to sustainable living, recent articles, and navigate to other sections of the application. 4. Users shall be able to view and submit new sustainable living tips. 5. Users shall be able to read and submit articles on sustainable living practices and news. 6. Users shall be able to participate in the community forum, share experiences, and ask questions. [/OUTPUT]
-----
## format example
[CONTENT]
"Implementation approach": "We will ...",
"UI design":"- A canvas for... with ... For Web applications, you should use html to generate the web template by yourself."
"Data Storage":"If software requires a data storage, you should follow the rules: Data will be stored in local files. Different types of data will be stored in separate files. You should define the file by yourself in advance.Do not use SQL database. Else just print Not Require!"
"File list": ["main.py","game.py","templates/login.html","users.txt"],
"Data structures and interfaces": "
classDiagram
    class Main {
        -SearchEngine search_engine
        +main() str
    }
    class SearchEngine {
        -Index index
        -Ranking ranking
        -Summary summary
        +search(query: str) str
    }
    class Index {
        -KnowledgeBase knowledge_base
        +create_index(data: dict)
        +query_index(query: str) list
    }
    class Ranking {
        +rank_results(results: list) list
    }
    class Summary {
        +summarize_results(results: list) str
    }
    class KnowledgeBase {
        +update(data: dict)
        +fetch_data(query: str) dict
    }
    Main --> SearchEngine
    SearchEngine --> Index
    SearchEngine --> Ranking
    SearchEngine --> Summary
    Index --> KnowledgeBase
",

[/CONTENT]

## nodes: "<node>: <type>  # <instruction>"
- Implementation approach: <class 'str'>  # Analyze the difficult points of the requirements, select the appropriate open-source framework. If require GUI, you must also choose a GUI framework (e.g., in Python, you can implement GUI via tkinter, Pygame, Flexx, PyGUI, etc,)
- File list: typing.List[str]  #  Only need relative paths. ALWAYS write a main.py here
- Data structures and interfaces: <class 'str'>  # Use mermaid classDiagram code syntax, including classes, method(__init__ etc.) and functions with type annotations, CLEARLY MARK the RELATIONSHIPS between classes, and comply with PEP8 standards. The data structures SHOULD BE VERY DETAILED and the API should be comprehensive with a complete design.
- UI design:<class 'str'>  # optional, if system require UI, choose a GUI framework (e.g., in Python, you can implement GUI via tkinter, Pygame, Flexx, PyGUI, etc,) and list system UI design and corresponding feature's UI design.

## constraint
Language: Please use the same language as Human INPUT.
Format: output wrapped inside [CONTENT][/CONTENT] like format example, nothing else.
If you are doing website development, do not encrypt the account password for the login function.

# Attention
1. If a feature of software requires a GUI, you also need to carefully consider the UI components that this feature will require and its relationship to the main UI in Architecture.
2. Aim to achieve functional requirements, only require to implement a demo.
3. If project requires data storage, follow the requirement of data storage, implement a simple storage.Do not use SQL database.
4. Organize related functionalities into a single Python file to avoid creating too many files.
5. do not output ```plaintext or other ``` in the start and the end, output directly.

## action
Follow instructions of nodes and Attention, generate output and make sure it follows the format example.

2025-01-13 Monday 14:52:59 model.py : INFO  self.model.temperature-----------------0.45-------------------------------
2025-01-13 Monday 14:53:04 _client.py : INFO  HTTP Request: POST https://api.chatanywhere.tech/chat/completions "HTTP/1.1 200 OK"
2025-01-13 Monday 14:53:04 model.py : INFO  following invoke cost: 1728 | all cost: 9537
2025-01-13 Monday 14:53:04 architect.py : INFO  Architect Arnold
2025-01-13 Monday 14:53:04 architect.py : INFO  [CONTENT]
"Implementation approach": "We will use Flask as the web framework to build the application, which is lightweight and suitable for our needs. The application will handle user authentication, article management, and community forum functionalities. For data storage, we will utilize local text files to store user data, articles, tips, and forum posts, ensuring simplicity and ease of use.",
"UI design": "- The application will start with a login page where users can enter their credentials.\n- After logging in, users will see a dashboard with links to view sustainable living resources, recent articles, and a community forum.\n- There will be forms for submitting new tips and articles, as well as a section for viewing submitted content.",
"Data Storage": "Data will be stored in local text files. Different types of data will be stored in separate files. The following files will be used: 'users.txt' for user accounts, 'articles.txt' for articles, 'tips.txt' for tips, and 'forum.txt' for community posts.",
"File list": ["main.py", "templates/login.html", "templates/dashboard.html", "templates/tips.html", "templates/articles.html", "templates/forum.html", "users.txt", "articles.txt", "tips.txt", "forum.txt"],
"Data structures and interfaces": "
classDiagram
    class Main {
        -Flask app
        +main() void
        +login() void
        +register() void
        +dashboard() void
        +submit_tip() void
        +submit_article() void
        +forum() void
    }
    class User {
        -username: str
        -password: str
        +__init__(username: str, password: str)
    }
    class Article {
        -title: str
        -content: str
        +__init__(title: str, content: str)
    }
    class Tip {
        -tip: str
        +__init__(tip: str)
    }
    class ForumPost {
        -username: str
        -content: str
        +__init__(username: str, content: str)
    }
    Main --> User
    Main --> Article
    Main --> Tip
    Main --> ForumPost
",
[/CONTENT]
2025-01-13 Monday 14:53:04 architect.py : INFO  already a architect, replace it
2025-01-13 Monday 14:53:04 architect.py : INFO  Architect writting ARCHITECT
2025-01-13 Monday 14:53:04 project_manager.py : INFO  Project Manager Tsunoda generate Project PLAN variable temperature
2025-01-13 Monday 14:53:04 project_manager.py : INFO  
You are a Project Manager, your goal is break down tasks according to functional requirement/architecture, generate a task plan, and analyze task dependencies to start with the prerequisite modules. the constraint is use same language as user requirement. 


## Context
functional requirement:
[OUTPUT] ## general overview of the project The GreenLivingGuide project aims to develop a comprehensive web application that encourages sustainable living by providing users with resources, tips, and community engagement, all implemented using a user-friendly interface. Note that the website should start from the login page. ## software functional requirements 1. Users shall be able to log in to access personalized content and features. 2. Users shall be able to create a new account. 3. Users shall be able to view an introduction to sustainable living, recent articles, and navigate to other sections of the application. 4. Users shall be able to view and submit new sustainable living tips. 5. Users shall be able to read and submit articles on sustainable living practices and news. 6. Users shall be able to participate in the community forum, share experiences, and ask questions. [/OUTPUT]

architecture:
[CONTENT]
"Implementation approach": "We will use Flask as the web framework to build the application, which is lightweight and suitable for our needs. The application will handle user authentication, article management, and community forum functionalities. For data storage, we will utilize local text files to store user data, articles, tips, and forum posts, ensuring simplicity and ease of use.",
"UI design": "- The application will start with a login page where users can enter their credentials.\n- After logging in, users will see a dashboard with links to view sustainable living resources, recent articles, and a community forum.\n- There will be forms for submitting new tips and articles, as well as a section for viewing submitted content.",
"Data Storage": "Data will be stored in local text files. Different types of data will be stored in separate files. The following files will be used: 'users.txt' for user accounts, 'articles.txt' for articles, 'tips.txt' for tips, and 'forum.txt' for community posts.",
"File list": ["main.py", "templates/login.html", "templates/dashboard.html", "templates/tips.html", "templates/articles.html", "templates/forum.html", "users.txt", "articles.txt", "tips.txt", "forum.txt"],
"Data structures and interfaces": "
classDiagram
    class Main {
        -Flask app
        +main() void
        +login() void
        +register() void
        +dashboard() void
        +submit_tip() void
        +submit_article() void
        +forum() void
    }
    class User {
        -username: str
        -password: str
        +__init__(username: str, password: str)
    }
    class Article {
        -title: str
        -content: str
        +__init__(title: str, content: str)
    }
    class Tip {
        -tip: str
        +__init__(tip: str)
    }
    class ForumPost {
        -username: str
        -content: str
        +__init__(username: str, content: str)
    }
    Main --> User
    Main --> Article
    Main --> Tip
    Main --> ForumPost
",
[/CONTENT]
-----

## format example
[CONTENT]

"Required packages": [
    "flask==1.1.2",
    "bcrypt==3.2.0"
],
"Required Other language third-party packages": [
    "No third-party dependencies required"
],
"Logic Analysis": [
    [
        "game.py",
        "Contains Game class and ... functions"
    ],
    [
        "main.py",
        "Contains main function, from game import Game"
    ]
],
"Task list": [
    "game.py",
    "main.py"
],
"Shared Knowledge": "`game.py` contains functions shared across the project.",

[/CONTENT]

## nodes: "<node>: <type>  # <instruction>"
- Required packages: typing.List[str]  # Provide required packages in requirements.txt format.
- Required Other language third-party packages: typing.List[str]  # List down the required packages for languages other than Python.
- Logic Analysis: typing.List[typing.List[str]]  # Provide a list of files with the classes/methods/functions to be implemented, including dependency analysis and imports.
- Task list: typing.List[str]  # Break down the tasks into a list of filenames, prioritized by dependency order.
- Full API spec: <class 'str'>  # Describe all APIs using OpenAPI 3.0 spec that may be used by both frontend and backend. If front-end and back-end communication is not required, leave it blank.
- Shared Knowledge: <class 'str'>  # Detail any shared knowledge, like common utility functions or configuration variables.

## constraint
Language: Please use the same language as Human INPUT.
Format: output wrapped inside [CONTENT][/CONTENT] like format example, nothing else.
If you are doing website development, please do not encrypt the account password for the login function.

## action
Follow instructions of nodes, generate output and make sure it follows the format example.

2025-01-13 Monday 14:53:04 model.py : INFO  self.model.temperature-----------------0.45-------------------------------
2025-01-13 Monday 14:53:07 _client.py : INFO  HTTP Request: POST https://api.chatanywhere.tech/chat/completions "HTTP/1.1 200 OK"
2025-01-13 Monday 14:53:07 model.py : INFO  following invoke cost: 1351 | all cost: 10888
2025-01-13 Monday 14:53:07 project_manager.py : INFO  Project Manager Tsunoda
2025-01-13 Monday 14:53:07 project_manager.py : INFO  [CONTENT]
"Required packages": [
    "flask==1.1.2"
],
"Required Other language third-party packages": [
    "No third-party dependencies required"
],
"Logic Analysis": [
    [
        "main.py",
        "Contains the main Flask application, handling routes for login, registration, dashboard, submitting tips, articles, and forum posts."
    ],
    [
        "templates/login.html",
        "Contains the HTML structure for the login page."
    ],
    [
        "templates/dashboard.html",
        "Contains the HTML structure for the user dashboard after login."
    ],
    [
        "templates/tips.html",
        "Contains the HTML structure for viewing and submitting tips."
    ],
    [
        "templates/articles.html",
        "Contains the HTML structure for viewing and submitting articles."
    ],
    [
        "templates/forum.html",
        "Contains the HTML structure for the community forum."
    ]
],
"Task list": [
    "main.py",
    "templates/login.html",
    "templates/dashboard.html",
    "templates/tips.html",
    "templates/articles.html",
    "templates/forum.html"
],
"Shared Knowledge": "`main.py` contains the main application logic and routing for the entire project."
[/CONTENT]
2025-01-13 Monday 14:53:07 project_manager.py : INFO  already a task plan, replace it
2025-01-13 Monday 14:53:07 project_manager.py : INFO  Project Manager writting TASK PLAN
2025-01-13 Monday 14:53:07 programmer.py : INFO  Programmer Clorinde Temperature Coding...
2025-01-13 Monday 14:53:07 programmer.py : INFO  
You are a professional engineer; the main goal is to write google-style, elegant, modular, easy to read and maintain code.
Output format carefully referenced "Format example".
In addition to writing code, you may also need to complete the data files in the task list (such as .txt .json .csv files). If the task list requires the implementation of data files, you need to simply design some data that meets the requirements for your completed software to facilitate the startup and testing of the software as a demo.


# Context
## Design
[CONTENT]
"Implementation approach": "We will use Flask as the web framework to build the application, which is lightweight and suitable for our needs. The application will handle user authentication, article management, and community forum functionalities. For data storage, we will utilize local text files to store user data, articles, tips, and forum posts, ensuring simplicity and ease of use.",
"UI design": "- The application will start with a login page where users can enter their credentials.\n- After logging in, users will see a dashboard with links to view sustainable living resources, recent articles, and a community forum.\n- There will be forms for submitting new tips and articles, as well as a section for viewing submitted content.",
"Data Storage": "Data will be stored in local text files. Different types of data will be stored in separate files. The following files will be used: 'users.txt' for user accounts, 'articles.txt' for articles, 'tips.txt' for tips, and 'forum.txt' for community posts.",
"File list": ["main.py", "templates/login.html", "templates/dashboard.html", "templates/tips.html", "templates/articles.html", "templates/forum.html", "users.txt", "articles.txt", "tips.txt", "forum.txt"],
"Data structures and interfaces": "
classDiagram
    class Main {
        -Flask app
        +main() void
        +login() void
        +register() void
        +dashboard() void
        +submit_tip() void
        +submit_article() void
        +forum() void
    }
    class User {
        -username: str
        -password: str
        +__init__(username: str, password: str)
    }
    class Article {
        -title: str
        -content: str
        +__init__(title: str, content: str)
    }
    class Tip {
        -tip: str
        +__init__(tip: str)
    }
    class ForumPost {
        -username: str
        -content: str
        +__init__(username: str, content: str)
    }
    Main --> User
    Main --> Article
    Main --> Tip
    Main --> ForumPost
",
[/CONTENT]
## Task Plan
[CONTENT]
"Required packages": [
    "flask==1.1.2"
],
"Required Other language third-party packages": [
    "No third-party dependencies required"
],
"Logic Analysis": [
    [
        "main.py",
        "Contains the main Flask application, handling routes for login, registration, dashboard, submitting tips, articles, and forum posts."
    ],
    [
        "templates/login.html",
        "Contains the HTML structure for the login page."
    ],
    [
        "templates/dashboard.html",
        "Contains the HTML structure for the user dashboard after login."
    ],
    [
        "templates/tips.html",
        "Contains the HTML structure for viewing and submitting tips."
    ],
    [
        "templates/articles.html",
        "Contains the HTML structure for viewing and submitting articles."
    ],
    [
        "templates/forum.html",
        "Contains the HTML structure for the community forum."
    ]
],
"Task list": [
    "main.py",
    "templates/login.html",
    "templates/dashboard.html",
    "templates/tips.html",
    "templates/articles.html",
    "templates/forum.html"
],
"Shared Knowledge": "`main.py` contains the main application logic and routing for the entire project."
[/CONTENT]

-----
# Format Example 
*** main.py
```python
...
```

*** ui.py
```python
...
```

*** a.txt
```txt
admin|admin123
user1|user123
```
-----
# Instruction: Based on the context, follow "Format example", write code.
## ATTENTION
1. Use '***' to SPLIT different CODE SECTIONS. do not forget ``` in each file, refer the the example. Output format carefully referenced "Format example".
2. Follow design: YOU MUST FOLLOW "Data structures and interfaces". DONT CHANGE ANY DESIGN. Do not use public member functions that do not exist in your design.
3. Follow task: YOU MUST write Comprehensive codes to complete task of each file in task list.
4. CAREFULLY CHECK THAT YOU DONT MISS ANY NECESSARY CLASS/FUNCTION IN THE FILE.
5. You must import the third-party libraries used in your code
6. If you use a Class not in your file, you must ensure you import it firstly.
7. Determine the order of writing the files based on your understanding of the project.
8. Write out EVERY CODE DETAIL, DON'T LEAVE TODO,PASS,PLACEHOLDER.
9. Only write code result, do not output any other content in the start or in the end.
10. If you need to generate text data, must follow below rules:
(Different groups of data are distinguished by line breaks.
Different contents of the same group of data are distinguished by |.
Make sure: The "|" character is used only to separate distinct contents within a group.
Your code of handling data must be consistent with rule in which you define the data.
11. You need to write some pre-stored data to facilitate testing.

# Website Development Rule
If you are doing website development, be sure to route the root path (/). If there is a login page, set the login page as the root route(/).
If you are doing website development, please do not encrypt the account password for the login function.
If you are doing website development, your code needs to take into account the process of loading data from the data file, so don't forget to load the data.
If you are doing Website Development, do not follow the rules of Website and Game development.

# GUI tkinter Development Rule
If you are doing GUI tkinter Development, do not follow the rules of Website and Game development.
# Game Development Rule
If the software needs to load data, please make sure the loading data code matches the data format and data file.
If you are doing Game Development, do not follow the rules of Website and Game development.

# important rule
Use '***' to SPLIT CODE SECTIONS. do not forget ``` in each file, refer the the example. Output format carefully referenced "Format example". 
Adhere strictly to the task requirements and implement them fully; do not include placeholders or "example" for code that is intended for future implementation.

2025-01-13 Monday 14:53:07 model.py : INFO  self.model.temperature-----------------0.45-------------------------------
2025-01-13 Monday 14:53:39 _client.py : INFO  HTTP Request: POST https://api.chatanywhere.tech/chat/completions "HTTP/1.1 200 OK"
2025-01-13 Monday 14:53:39 model.py : INFO  following invoke cost: 3336 | all cost: 14224
2025-01-13 Monday 14:53:39 programmer.py : INFO  
*** main.py
```python
from flask import Flask, render_template, request, redirect, url_for, session
import os

app = Flask(__name__)
app.secret_key = 'your_secret_key'

class User:
    def __init__(self, username: str, password: str):
        self.username = username
        self.password = password

class Article:
    def __init__(self, title: str, content: str):
        self.title = title
        self.content = content

class Tip:
    def __init__(self, tip: str):
        self.tip = tip

class ForumPost:
    def __init__(self, username: str, content: str):
        self.username = username
        self.content = content

def load_users():
    users = []
    if os.path.exists('users.txt'):
        with open('users.txt', 'r') as file:
            for line in file:
                username, password = line.strip().split('|')
                users.append(User(username, password))
    return users

def load_articles():
    articles = []
    if os.path.exists('articles.txt'):
        with open('articles.txt', 'r') as file:
            for line in file:
                title, content = line.strip().split('|')
                articles.append(Article(title, content))
    return articles

def load_tips():
    tips = []
    if os.path.exists('tips.txt'):
        with open('tips.txt', 'r') as file:
            for line in file:
                tips.append(Tip(line.strip()))
    return tips

def load_forum_posts():
    posts = []
    if os.path.exists('forum.txt'):
        with open('forum.txt', 'r') as file:
            for line in file:
                username, content = line.strip().split('|')
                posts.append(ForumPost(username, content))
    return posts

@app.route('/', methods=['GET', 'POST'])
def login():
    if request.method == 'POST':
        username = request.form['username']
        password = request.form['password']
        users = load_users()
        for user in users:
            if user.username == username and user.password == password:
                session['username'] = username
                return redirect(url_for('dashboard'))
    return render_template('login.html')

@app.route('/dashboard')
def dashboard():
    if 'username' not in session:
        return redirect(url_for('login'))
    articles = load_articles()
    tips = load_tips()
    forum_posts = load_forum_posts()
    return render_template('dashboard.html', articles=articles, tips=tips, forum_posts=forum_posts)

@app.route('/submit_tip', methods=['POST'])
def submit_tip():
    if 'username' not in session:
        return redirect(url_for('login'))
    tip = request.form['tip']
    with open('tips.txt', 'a') as file:
        file.write(f"{tip}\n")
    return redirect(url_for('dashboard'))

@app.route('/submit_article', methods=['POST'])
def submit_article():
    if 'username' not in session:
        return redirect(url_for('login'))
    title = request.form['title']
    content = request.form['content']
    with open('articles.txt', 'a') as file:
        file.write(f"{title}|{content}\n")
    return redirect(url_for('dashboard'))

@app.route('/forum', methods=['GET', 'POST'])
def forum():
    if 'username' not in session:
        return redirect(url_for('login'))
    if request.method == 'POST':
        content = request.form['content']
        with open('forum.txt', 'a') as file:
            file.write(f"{session['username']}|{content}\n")
        return redirect(url_for('forum'))
    forum_posts = load_forum_posts()
    return render_template('forum.html', forum_posts=forum_posts)

if __name__ == '__main__':
    app.run(debug=True)
```

*** templates/login.html
```html
<!DOCTYPE html>
<html lang="en">
<head>
    <meta charset="UTF-8">
    <meta name="viewport" content="width=device-width, initial-scale=1.0">
    <title>Login</title>
</head>
<body>
    <h1>Login</h1>
    <form method="POST">
        <label for="username">Username:</label>
        <input type="text" id="username" name="username" required>
        <br>
        <label for="password">Password:</label>
        <input type="password" id="password" name="password" required>
        <br>
        <button type="submit">Login</button>
    </form>
</body>
</html>
```

*** templates/dashboard.html
```html
<!DOCTYPE html>
<html lang="en">
<head>
    <meta charset="UTF-8">
    <meta name="viewport" content="width=device-width, initial-scale=1.0">
    <title>Dashboard</title>
</head>
<body>
    <h1>Welcome to the Dashboard</h1>
    <h2>Submit a Tip</h2>
    <form method="POST" action="{{ url_for('submit_tip') }}">
        <input type="text" name="tip" required>
        <button type="submit">Submit</button>
    </form>
    <h2>Tips</h2>
    <ul>
        {% for tip in tips %}
            <li>{{ tip.tip }}</li>
        {% endfor %}
    </ul>
    
    <h2>Submit an Article</h2>
    <form method="POST" action="{{ url_for('submit_article') }}">
        <input type="text" name="title" placeholder="Title" required>
        <textarea name="content" placeholder="Content" required></textarea>
        <button type="submit">Submit</button>
    </form>
    <h2>Articles</h2>
    <ul>
        {% for article in articles %}
            <li><strong>{{ article.title }}</strong>: {{ article.content }}</li>
        {% endfor %}
    </ul>

    <h2>Community Forum</h2>
    <form method="POST" action="{{ url_for('forum') }}">
        <textarea name="content" placeholder="Post a message" required></textarea>
        <button type="submit">Post</button>
    </form>
    <h2>Forum Posts</h2>
    <ul>
        {% for post in forum_posts %}
            <li><strong>{{ post.username }}</strong>: {{ post.content }}</li>
        {% endfor %}
    </ul>
</body>
</html>
```

*** templates/tips.html
```html
<!DOCTYPE html>
<html lang="en">
<head>
    <meta charset="UTF-8">
    <meta name="viewport" content="width=device-width, initial-scale=1.0">
    <title>Tips</title>
</head>
<body>
    <h1>Sustainable Living Tips</h1>
    <ul>
        {% for tip in tips %}
            <li>{{ tip.tip }}</li>
        {% endfor %}
    </ul>
</body>
</html>
```

*** templates/articles.html
```html
<!DOCTYPE html>
<html lang="en">
<head>
    <meta charset="UTF-8">
    <meta name="viewport" content="width=device-width, initial-scale=1.0">
    <title>Articles</title>
</head>
<body>
    <h1>Articles on Sustainable Living</h1>
    <ul>
        {% for article in articles %}
            <li><strong>{{ article.title }}</strong>: {{ article.content }}</li>
        {% endfor %}
    </ul>
</body>
</html>
```

*** templates/forum.html
```html
<!DOCTYPE html>
<html lang="en">
<head>
    <meta charset="UTF-8">
    <meta name="viewport" content="width=device-width, initial-scale=1.0">
    <title>Community Forum</title>
</head>
<body>
    <h1>Community Forum</h1>
    <form method="POST">
        <textarea name="content" placeholder="Post a message" required></textarea>
        <button type="submit">Post</button>
    </form>
    <ul>
        {% for post in forum_posts %}
            <li><strong>{{ post.username }}</strong>: {{ post.content }}</li>
        {% endfor %}
    </ul>
</body>
</html>
```

*** users.txt
```txt
admin|admin123
user1|user123
```

*** articles.txt
```txt
Sustainable Energy|Utilizing renewable energy sources like solar and wind can significantly reduce carbon footprints.
Waste Reduction|Implementing strategies to reduce waste can help in conserving resources and protecting the environment.
```

*** tips.txt
```txt
Use reusable bags instead of plastic.
Conserve water by fixing leaks and using water-efficient fixtures.
```

*** forum.txt
```txt
admin|Welcome to the community forum!
user1|What are your favorite sustainable practices?
```
2025-01-13 Monday 14:53:39 programmer.py : INFO  Compare Code
2025-01-13 Monday 14:53:39 programmer.py : INFO  **[Update Codes]**

main.py updated.


```
'''

'''
--- Old
+++ New
@@ -1 +1,114 @@
-# None
+from flask import Flask, render_template, request, redirect, url_for, session
+import os
+
+app = Flask(__name__)
+app.secret_key = 'your_secret_key'
+
+class User:
+    def __init__(self, username: str, password: str):
+        self.username = username
+        self.password = password
+
+class Article:
+    def __init__(self, title: str, content: str):
+        self.title = title
+        self.content = content
+
+class Tip:
+    def __init__(self, tip: str):
+        self.tip = tip
+
+class ForumPost:
+    def __init__(self, username: str, content: str):
+        self.username = username
+        self.content = content
+
+def load_users():
+    users = []
+    if os.path.exists('users.txt'):
+        with open('users.txt', 'r') as file:
+            for line in file:
+                username, password = line.strip().split('|')
+                users.append(User(username, password))
+    return users
+
+def load_articles():
+    articles = []
+    if os.path.exists('articles.txt'):
+        with open('articles.txt', 'r') as file:
+            for line in file:
+                title, content = line.strip().split('|')
+                articles.append(Article(title, content))
+    return articles
+
+def load_tips():
+    tips = []
+    if os.path.exists('tips.txt'):
+        with open('tips.txt', 'r') as file:
+            for line in file:
+                tips.append(Tip(line.strip()))
+    return tips
+
+def load_forum_posts():
+    posts = []
+    if os.path.exists('forum.txt'):
+        with open('forum.txt', 'r') as file:
+            for line in file:
+                username, content = line.strip().split('|')
+                posts.append(ForumPost(username, content))
+    return posts
+
+@app.route('/', methods=['GET', 'POST'])
+def login():
+    if request.method == 'POST':
+        username = request.form['username']
+        password = request.form['password']
+        users = load_users()
+        for user in users:
+            if user.username == username and user.password == password:
+                session['username'] = username
+                return redirect(url_for('dashboard'))
+    return render_template('login.html')
+
+@app.route('/dashboard')
+def dashboard():
+    if 'username' not in session:
+        return redirect(url_for('login'))
+    articles = load_articles()
+    tips = load_tips()
+    forum_posts = load_forum_posts()
+    return render_template('dashboard.html', articles=articles, tips=tips, forum_posts=forum_posts)
+
+@app.route('/submit_tip', methods=['POST'])
+def submit_tip():
+    if 'username' not in session:
+        return redirect(url_for('login'))
+    tip = request.form['tip']
+    with open('tips.txt', 'a') as file:
+        file.write(f"{tip}\n")
+    return redirect(url_for('dashboard'))
+
+@app.route('/submit_article', methods=['POST'])
+def submit_article():
+    if 'username' not in session:
+        return redirect(url_for('login'))
+    title = request.form['title']
+    content = request.form['content']
+    with open('articles.txt', 'a') as file:
+        file.write(f"{title}|{content}\n")
+    return redirect(url_for('dashboard'))
+
+@app.route('/forum', methods=['GET', 'POST'])
+def forum():
+    if 'username' not in session:
+        return redirect(url_for('login'))
+    if request.method == 'POST':
+        content = request.form['content']
+        with open('forum.txt', 'a') as file:
+            file.write(f"{session['username']}|{content}\n")
+        return redirect(url_for('forum'))
+    forum_posts = load_forum_posts()
+    return render_template('forum.html', forum_posts=forum_posts)
+
+if __name__ == '__main__':
+    app.run(debug=True)
```
2025-01-13 Monday 14:53:39 programmer.py : INFO  **[Update Codes]**

templates/login.html updated.


```
'''

'''
--- Old
+++ New
@@ -1 +1,20 @@
-# None
+<!DOCTYPE html>
+<html lang="en">
+<head>
+    <meta charset="UTF-8">
+    <meta name="viewport" content="width=device-width, initial-scale=1.0">
+    <title>Login</title>
+</head>
+<body>
+    <h1>Login</h1>
+    <form method="POST">
+        <label for="username">Username:</label>
+        <input type="text" id="username" name="username" required>
+        <br>
+        <label for="password">Password:</label>
+        <input type="password" id="password" name="password" required>
+        <br>
+        <button type="submit">Login</button>
+    </form>
+</body>
+</html>
```
2025-01-13 Monday 14:53:39 programmer.py : INFO  **[Update Codes]**

templates/dashboard.html updated.


```
'''

'''
--- Old
+++ New
@@ -1 +1,47 @@
-# None
+<!DOCTYPE html>
+<html lang="en">
+<head>
+    <meta charset="UTF-8">
+    <meta name="viewport" content="width=device-width, initial-scale=1.0">
+    <title>Dashboard</title>
+</head>
+<body>
+    <h1>Welcome to the Dashboard</h1>
+    <h2>Submit a Tip</h2>
+    <form method="POST" action="{{ url_for('submit_tip') }}">
+        <input type="text" name="tip" required>
+        <button type="submit">Submit</button>
+    </form>
+    <h2>Tips</h2>
+    <ul>
+        {% for tip in tips %}
+            <li>{{ tip.tip }}</li>
+        {% endfor %}
+    </ul>
+    
+    <h2>Submit an Article</h2>
+    <form method="POST" action="{{ url_for('submit_article') }}">
+        <input type="text" name="title" placeholder="Title" required>
+        <textarea name="content" placeholder="Content" required></textarea>
+        <button type="submit">Submit</button>
+    </form>
+    <h2>Articles</h2>
+    <ul>
+        {% for article in articles %}
+            <li><strong>{{ article.title }}</strong>: {{ article.content }}</li>
+        {% endfor %}
+    </ul>
+
+    <h2>Community Forum</h2>
+    <form method="POST" action="{{ url_for('forum') }}">
+        <textarea name="content" placeholder="Post a message" required></textarea>
+        <button type="submit">Post</button>
+    </form>
+    <h2>Forum Posts</h2>
+    <ul>
+        {% for post in forum_posts %}
+            <li><strong>{{ post.username }}</strong>: {{ post.content }}</li>
+        {% endfor %}
+    </ul>
+</body>
+</html>
```
2025-01-13 Monday 14:53:39 programmer.py : INFO  **[Update Codes]**

templates/tips.html updated.


```
'''

'''
--- Old
+++ New
@@ -1 +1,16 @@
-# None
+<!DOCTYPE html>
+<html lang="en">
+<head>
+    <meta charset="UTF-8">
+    <meta name="viewport" content="width=device-width, initial-scale=1.0">
+    <title>Tips</title>
+</head>
+<body>
+    <h1>Sustainable Living Tips</h1>
+    <ul>
+        {% for tip in tips %}
+            <li>{{ tip.tip }}</li>
+        {% endfor %}
+    </ul>
+</body>
+</html>
```
2025-01-13 Monday 14:53:39 programmer.py : INFO  **[Update Codes]**

templates/articles.html updated.


```
'''

'''
--- Old
+++ New
@@ -1 +1,16 @@
-# None
+<!DOCTYPE html>
+<html lang="en">
+<head>
+    <meta charset="UTF-8">
+    <meta name="viewport" content="width=device-width, initial-scale=1.0">
+    <title>Articles</title>
+</head>
+<body>
+    <h1>Articles on Sustainable Living</h1>
+    <ul>
+        {% for article in articles %}
+            <li><strong>{{ article.title }}</strong>: {{ article.content }}</li>
+        {% endfor %}
+    </ul>
+</body>
+</html>
```
2025-01-13 Monday 14:53:39 programmer.py : INFO  **[Update Codes]**

templates/forum.html updated.


```
'''

'''
--- Old
+++ New
@@ -1 +1,20 @@
-# None
+<!DOCTYPE html>
+<html lang="en">
+<head>
+    <meta charset="UTF-8">
+    <meta name="viewport" content="width=device-width, initial-scale=1.0">
+    <title>Community Forum</title>
+</head>
+<body>
+    <h1>Community Forum</h1>
+    <form method="POST">
+        <textarea name="content" placeholder="Post a message" required></textarea>
+        <button type="submit">Post</button>
+    </form>
+    <ul>
+        {% for post in forum_posts %}
+            <li><strong>{{ post.username }}</strong>: {{ post.content }}</li>
+        {% endfor %}
+    </ul>
+</body>
+</html>
```
2025-01-13 Monday 14:53:39 programmer.py : INFO  **[Update Codes]**

users.txt updated.


```
'''

'''
--- Old
+++ New
@@ -1 +1,2 @@
-# None
+admin|admin123
+user1|user123
```
2025-01-13 Monday 14:53:39 programmer.py : INFO  **[Update Codes]**

articles.txt updated.


```
'''

'''
--- Old
+++ New
@@ -1 +1,2 @@
-# None
+Sustainable Energy|Utilizing renewable energy sources like solar and wind can significantly reduce carbon footprints.
+Waste Reduction|Implementing strategies to reduce waste can help in conserving resources and protecting the environment.
```
2025-01-13 Monday 14:53:39 programmer.py : INFO  **[Update Codes]**

tips.txt updated.


```
'''

'''
--- Old
+++ New
@@ -1 +1,2 @@
-# None
+Use reusable bags instead of plastic.
+Conserve water by fixing leaks and using water-efficient fixtures.
```
2025-01-13 Monday 14:53:39 programmer.py : INFO  **[Update Codes]**

forum.txt updated.


```
'''

'''
--- Old
+++ New
@@ -1 +1,2 @@
-# None
+admin|Welcome to the community forum!
+user1|What are your favorite sustainable practices?
```
2025-01-13 Monday 14:53:39 programmer.py : INFO  Programmer writting CODE: main.py
2025-01-13 Monday 14:53:39 programmer.py : INFO  Programmer writting CODE: templates/login.html
2025-01-13 Monday 14:53:39 programmer.py : INFO  Programmer writting CODE: templates/dashboard.html
2025-01-13 Monday 14:53:39 programmer.py : INFO  Programmer writting CODE: templates/tips.html
2025-01-13 Monday 14:53:39 programmer.py : INFO  Programmer writting CODE: templates/articles.html
2025-01-13 Monday 14:53:39 programmer.py : INFO  Programmer writting CODE: templates/forum.html
2025-01-13 Monday 14:53:39 programmer.py : INFO  Programmer writting CODE: users.txt
2025-01-13 Monday 14:53:39 programmer.py : INFO  Programmer writting CODE: articles.txt
2025-01-13 Monday 14:53:39 programmer.py : INFO  Programmer writting CODE: tips.txt
2025-01-13 Monday 14:53:39 programmer.py : INFO  Programmer writting CODE: forum.txt
2025-01-13 Monday 14:53:39 product_manager.py : INFO  Product Manager Pole extracting PRD......
2025-01-13 Monday 14:53:39 architect.py : INFO  Architect Arnold generate Architect variable temperature
2025-01-13 Monday 14:53:39 architect.py : INFO  
You are a Architect, your goal is design a concise, usable, complete software system. the constraint is make sure the architecture is simple enough and use appropriate open source libraries.
Aim to achieve functional requirements, only require to implement demo.
If the original requirements have data storage requirements, you need to design a simple data storage method for the software. Do not use SQL datasets. Follow the data storage requirements in the software requirements(including data format, storage requirements, etc.).


## Context
original_requirement
# Software Description

## Objective
The GreenLivingGuide project aims to develop a comprehensive web application that encourages sustainable living by providing users with resources, tips, and community engagement, all implemented using a user-friendly interface. Note that the website should start from the login page.

## Core Features
Users shall be able to log in to access personalized content and features.
Users shall be able to create a new account.
Users shall be able to view an introduction to sustainable living, recent articles, and navigate to other sections of the application.
Users shall be able to view and submit new sustainable living tips.
Users shall be able to read and submit articles on sustainable living practices and news.
Users shall be able to participate in the community forum, share experiences, and ask questions.
## Language

Use html and python to develop a web application.
You should use html to generate the web template by yourself.
## Data Storage
Data will be stored in local text files.
Different types of data will be stored in separate `.txt` files.
You should define the text file by yourself in advance.
This structured data storage will facilitate easy data retrieval and management through simple file manipulations in Python, ensuring the application remains light and efficient without the need for a SQL database.

functional requirements
[OUTPUT] ## general overview of the project The GreenLivingGuide project aims to develop a comprehensive web application that encourages sustainable living by providing users with resources, tips, and community engagement, all implemented using a user-friendly interface. Note that the website should start from the login page. ## software functional requirements 1. Users shall be able to log in to access personalized content and features. 2. Users shall be able to create a new account. 3. Users shall be able to view an introduction to sustainable living, recent articles, and navigate to other sections of the application. 4. Users shall be able to view and submit new sustainable living tips. 5. Users shall be able to read and submit articles on sustainable living practices and news. 6. Users shall be able to participate in the community forum, share experiences, and ask questions. [/OUTPUT]
-----
## format example
[CONTENT]
"Implementation approach": "We will ...",
"UI design":"- A canvas for... with ... For Web applications, you should use html to generate the web template by yourself."
"Data Storage":"If software requires a data storage, you should follow the rules: Data will be stored in local files. Different types of data will be stored in separate files. You should define the file by yourself in advance.Do not use SQL database. Else just print Not Require!"
"File list": ["main.py","game.py","templates/login.html","users.txt"],
"Data structures and interfaces": "
classDiagram
    class Main {
        -SearchEngine search_engine
        +main() str
    }
    class SearchEngine {
        -Index index
        -Ranking ranking
        -Summary summary
        +search(query: str) str
    }
    class Index {
        -KnowledgeBase knowledge_base
        +create_index(data: dict)
        +query_index(query: str) list
    }
    class Ranking {
        +rank_results(results: list) list
    }
    class Summary {
        +summarize_results(results: list) str
    }
    class KnowledgeBase {
        +update(data: dict)
        +fetch_data(query: str) dict
    }
    Main --> SearchEngine
    SearchEngine --> Index
    SearchEngine --> Ranking
    SearchEngine --> Summary
    Index --> KnowledgeBase
",

[/CONTENT]

## nodes: "<node>: <type>  # <instruction>"
- Implementation approach: <class 'str'>  # Analyze the difficult points of the requirements, select the appropriate open-source framework. If require GUI, you must also choose a GUI framework (e.g., in Python, you can implement GUI via tkinter, Pygame, Flexx, PyGUI, etc,)
- File list: typing.List[str]  #  Only need relative paths. ALWAYS write a main.py here
- Data structures and interfaces: <class 'str'>  # Use mermaid classDiagram code syntax, including classes, method(__init__ etc.) and functions with type annotations, CLEARLY MARK the RELATIONSHIPS between classes, and comply with PEP8 standards. The data structures SHOULD BE VERY DETAILED and the API should be comprehensive with a complete design.
- UI design:<class 'str'>  # optional, if system require UI, choose a GUI framework (e.g., in Python, you can implement GUI via tkinter, Pygame, Flexx, PyGUI, etc,) and list system UI design and corresponding feature's UI design.

## constraint
Language: Please use the same language as Human INPUT.
Format: output wrapped inside [CONTENT][/CONTENT] like format example, nothing else.
If you are doing website development, do not encrypt the account password for the login function.

# Attention
1. If a feature of software requires a GUI, you also need to carefully consider the UI components that this feature will require and its relationship to the main UI in Architecture.
2. Aim to achieve functional requirements, only require to implement a demo.
3. If project requires data storage, follow the requirement of data storage, implement a simple storage.Do not use SQL database.
4. Organize related functionalities into a single Python file to avoid creating too many files.
5. do not output ```plaintext or other ``` in the start and the end, output directly.

## action
Follow instructions of nodes and Attention, generate output and make sure it follows the format example.

2025-01-13 Monday 14:53:39 model.py : INFO  self.model.temperature-----------------0.45-------------------------------
2025-01-13 Monday 14:53:46 _client.py : INFO  HTTP Request: POST https://api.chatanywhere.tech/chat/completions "HTTP/1.1 200 OK"
2025-01-13 Monday 14:53:46 model.py : INFO  following invoke cost: 1706 | all cost: 15930
2025-01-13 Monday 14:53:46 architect.py : INFO  Architect Arnold
2025-01-13 Monday 14:53:46 architect.py : INFO  [CONTENT]
"Implementation approach": "We will use Flask as the web framework to create a simple web application. Flask is lightweight and suitable for our needs. The application will handle user authentication, article submissions, and community forum interactions. For the UI, we will use HTML templates to create the necessary pages.",
"UI design":"- The main UI will consist of a login page, a registration page, a home page with an introduction to sustainable living, a tips submission page, an articles page, and a community forum page. Each page will be linked through a navigation bar.",
"Data Storage":"Data will be stored in local text files. We will have separate `.txt` files for users, tips, articles, and forum posts. The files will be structured to facilitate easy data retrieval and management.",
"File list": ["main.py", "templates/login.html", "templates/home.html", "templates/tips.html", "templates/articles.html", "templates/forum.html", "users.txt", "tips.txt", "articles.txt", "forum.txt"],
"Data structures and interfaces": "
classDiagram
    class Main {
        -Flask app
        +run() None
    }
    class User {
        -username: str
        -password: str
        +__init__(username: str, password: str) None
        +save() None
        +load_users() list
    }
    class Tip {
        -content: str
        +__init__(content: str) None
        +save() None
        +load_tips() list
    }
    class Article {
        -title: str
        -content: str
        +__init__(title: str, content: str) None
        +save() None
        +load_articles() list
    }
    class ForumPost {
        -username: str
        -message: str
        +__init__(username: str, message: str) None
        +save() None
        +load_forum_posts() list
    }
    Main --> User
    Main --> Tip
    Main --> Article
    Main --> ForumPost
",
[/CONTENT]
2025-01-13 Monday 14:53:46 architect.py : INFO  already a architect, replace it
2025-01-13 Monday 14:53:46 architect.py : INFO  Architect writting ARCHITECT
2025-01-13 Monday 14:53:46 project_manager.py : INFO  Project Manager Tsunoda generate Project PLAN variable temperature
2025-01-13 Monday 14:53:46 project_manager.py : INFO  
You are a Project Manager, your goal is break down tasks according to functional requirement/architecture, generate a task plan, and analyze task dependencies to start with the prerequisite modules. the constraint is use same language as user requirement. 


## Context
functional requirement:
[OUTPUT] ## general overview of the project The GreenLivingGuide project aims to develop a comprehensive web application that encourages sustainable living by providing users with resources, tips, and community engagement, all implemented using a user-friendly interface. Note that the website should start from the login page. ## software functional requirements 1. Users shall be able to log in to access personalized content and features. 2. Users shall be able to create a new account. 3. Users shall be able to view an introduction to sustainable living, recent articles, and navigate to other sections of the application. 4. Users shall be able to view and submit new sustainable living tips. 5. Users shall be able to read and submit articles on sustainable living practices and news. 6. Users shall be able to participate in the community forum, share experiences, and ask questions. [/OUTPUT]

architecture:
[CONTENT]
"Implementation approach": "We will use Flask as the web framework to create a simple web application. Flask is lightweight and suitable for our needs. The application will handle user authentication, article submissions, and community forum interactions. For the UI, we will use HTML templates to create the necessary pages.",
"UI design":"- The main UI will consist of a login page, a registration page, a home page with an introduction to sustainable living, a tips submission page, an articles page, and a community forum page. Each page will be linked through a navigation bar.",
"Data Storage":"Data will be stored in local text files. We will have separate `.txt` files for users, tips, articles, and forum posts. The files will be structured to facilitate easy data retrieval and management.",
"File list": ["main.py", "templates/login.html", "templates/home.html", "templates/tips.html", "templates/articles.html", "templates/forum.html", "users.txt", "tips.txt", "articles.txt", "forum.txt"],
"Data structures and interfaces": "
classDiagram
    class Main {
        -Flask app
        +run() None
    }
    class User {
        -username: str
        -password: str
        +__init__(username: str, password: str) None
        +save() None
        +load_users() list
    }
    class Tip {
        -content: str
        +__init__(content: str) None
        +save() None
        +load_tips() list
    }
    class Article {
        -title: str
        -content: str
        +__init__(title: str, content: str) None
        +save() None
        +load_articles() list
    }
    class ForumPost {
        -username: str
        -message: str
        +__init__(username: str, message: str) None
        +save() None
        +load_forum_posts() list
    }
    Main --> User
    Main --> Tip
    Main --> Article
    Main --> ForumPost
",
[/CONTENT]
-----

## format example
[CONTENT]

"Required packages": [
    "flask==1.1.2",
    "bcrypt==3.2.0"
],
"Required Other language third-party packages": [
    "No third-party dependencies required"
],
"Logic Analysis": [
    [
        "game.py",
        "Contains Game class and ... functions"
    ],
    [
        "main.py",
        "Contains main function, from game import Game"
    ]
],
"Task list": [
    "game.py",
    "main.py"
],
"Shared Knowledge": "`game.py` contains functions shared across the project.",

[/CONTENT]

## nodes: "<node>: <type>  # <instruction>"
- Required packages: typing.List[str]  # Provide required packages in requirements.txt format.
- Required Other language third-party packages: typing.List[str]  # List down the required packages for languages other than Python.
- Logic Analysis: typing.List[typing.List[str]]  # Provide a list of files with the classes/methods/functions to be implemented, including dependency analysis and imports.
- Task list: typing.List[str]  # Break down the tasks into a list of filenames, prioritized by dependency order.
- Full API spec: <class 'str'>  # Describe all APIs using OpenAPI 3.0 spec that may be used by both frontend and backend. If front-end and back-end communication is not required, leave it blank.
- Shared Knowledge: <class 'str'>  # Detail any shared knowledge, like common utility functions or configuration variables.

## constraint
Language: Please use the same language as Human INPUT.
Format: output wrapped inside [CONTENT][/CONTENT] like format example, nothing else.
If you are doing website development, please do not encrypt the account password for the login function.

## action
Follow instructions of nodes, generate output and make sure it follows the format example.

2025-01-13 Monday 14:53:46 model.py : INFO  self.model.temperature-----------------0.45-------------------------------
2025-01-13 Monday 14:53:50 _client.py : INFO  HTTP Request: POST https://api.chatanywhere.tech/chat/completions "HTTP/1.1 200 OK"
2025-01-13 Monday 14:53:50 model.py : INFO  following invoke cost: 1437 | all cost: 17367
2025-01-13 Monday 14:53:50 project_manager.py : INFO  Project Manager Tsunoda
2025-01-13 Monday 14:53:50 project_manager.py : INFO  [CONTENT]
"Required packages": [
    "flask==1.1.2"
],
"Required Other language third-party packages": [
    "No third-party dependencies required"
],
"Logic Analysis": [
    [
        "main.py",
        "Contains the Flask app and routes for user authentication, article submissions, tips submissions, and forum interactions."
    ],
    [
        "templates/login.html",
        "Contains the HTML structure for the login page."
    ],
    [
        "templates/home.html",
        "Contains the HTML structure for the home page displaying an introduction to sustainable living."
    ],
    [
        "templates/tips.html",
        "Contains the HTML structure for submitting and viewing sustainable living tips."
    ],
    [
        "templates/articles.html",
        "Contains the HTML structure for reading and submitting articles on sustainable living."
    ],
    [
        "templates/forum.html",
        "Contains the HTML structure for the community forum where users can share experiences and ask questions."
    ],
    [
        "users.txt",
        "Stores user information including usernames and passwords."
    ],
    [
        "tips.txt",
        "Stores sustainable living tips submitted by users."
    ],
    [
        "articles.txt",
        "Stores articles on sustainable living practices and news."
    ],
    [
        "forum.txt",
        "Stores community forum posts."
    ]
],
"Task list": [
    "main.py",
    "templates/login.html",
    "templates/home.html",
    "templates/tips.html",
    "templates/articles.html",
    "templates/forum.html",
    "users.txt",
    "tips.txt",
    "articles.txt",
    "forum.txt"
],
"Shared Knowledge": "`main.py` contains the main application logic and the routes that connect all functionalities."
[/CONTENT]
2025-01-13 Monday 14:53:50 project_manager.py : INFO  already a task plan, replace it
2025-01-13 Monday 14:53:50 project_manager.py : INFO  Project Manager writting TASK PLAN
2025-01-13 Monday 14:53:50 programmer.py : INFO  Programmer Clorinde Temperature Coding...
2025-01-13 Monday 14:53:50 programmer.py : INFO  
You are a professional engineer; the main goal is to write google-style, elegant, modular, easy to read and maintain code.
Output format carefully referenced "Format example".
In addition to writing code, you may also need to complete the data files in the task list (such as .txt .json .csv files). If the task list requires the implementation of data files, you need to simply design some data that meets the requirements for your completed software to facilitate the startup and testing of the software as a demo.


# Context
## Design
[CONTENT]
"Implementation approach": "We will use Flask as the web framework to create a simple web application. Flask is lightweight and suitable for our needs. The application will handle user authentication, article submissions, and community forum interactions. For the UI, we will use HTML templates to create the necessary pages.",
"UI design":"- The main UI will consist of a login page, a registration page, a home page with an introduction to sustainable living, a tips submission page, an articles page, and a community forum page. Each page will be linked through a navigation bar.",
"Data Storage":"Data will be stored in local text files. We will have separate `.txt` files for users, tips, articles, and forum posts. The files will be structured to facilitate easy data retrieval and management.",
"File list": ["main.py", "templates/login.html", "templates/home.html", "templates/tips.html", "templates/articles.html", "templates/forum.html", "users.txt", "tips.txt", "articles.txt", "forum.txt"],
"Data structures and interfaces": "
classDiagram
    class Main {
        -Flask app
        +run() None
    }
    class User {
        -username: str
        -password: str
        +__init__(username: str, password: str) None
        +save() None
        +load_users() list
    }
    class Tip {
        -content: str
        +__init__(content: str) None
        +save() None
        +load_tips() list
    }
    class Article {
        -title: str
        -content: str
        +__init__(title: str, content: str) None
        +save() None
        +load_articles() list
    }
    class ForumPost {
        -username: str
        -message: str
        +__init__(username: str, message: str) None
        +save() None
        +load_forum_posts() list
    }
    Main --> User
    Main --> Tip
    Main --> Article
    Main --> ForumPost
",
[/CONTENT]
## Task Plan
[CONTENT]
"Required packages": [
    "flask==1.1.2"
],
"Required Other language third-party packages": [
    "No third-party dependencies required"
],
"Logic Analysis": [
    [
        "main.py",
        "Contains the Flask app and routes for user authentication, article submissions, tips submissions, and forum interactions."
    ],
    [
        "templates/login.html",
        "Contains the HTML structure for the login page."
    ],
    [
        "templates/home.html",
        "Contains the HTML structure for the home page displaying an introduction to sustainable living."
    ],
    [
        "templates/tips.html",
        "Contains the HTML structure for submitting and viewing sustainable living tips."
    ],
    [
        "templates/articles.html",
        "Contains the HTML structure for reading and submitting articles on sustainable living."
    ],
    [
        "templates/forum.html",
        "Contains the HTML structure for the community forum where users can share experiences and ask questions."
    ],
    [
        "users.txt",
        "Stores user information including usernames and passwords."
    ],
    [
        "tips.txt",
        "Stores sustainable living tips submitted by users."
    ],
    [
        "articles.txt",
        "Stores articles on sustainable living practices and news."
    ],
    [
        "forum.txt",
        "Stores community forum posts."
    ]
],
"Task list": [
    "main.py",
    "templates/login.html",
    "templates/home.html",
    "templates/tips.html",
    "templates/articles.html",
    "templates/forum.html",
    "users.txt",
    "tips.txt",
    "articles.txt",
    "forum.txt"
],
"Shared Knowledge": "`main.py` contains the main application logic and the routes that connect all functionalities."
[/CONTENT]

-----
# Format Example 
*** main.py
```python
...
```

*** ui.py
```python
...
```

*** a.txt
```txt
admin|admin123
user1|user123
```
-----
# Instruction: Based on the context, follow "Format example", write code.
## ATTENTION
1. Use '***' to SPLIT different CODE SECTIONS. do not forget ``` in each file, refer the the example. Output format carefully referenced "Format example".
2. Follow design: YOU MUST FOLLOW "Data structures and interfaces". DONT CHANGE ANY DESIGN. Do not use public member functions that do not exist in your design.
3. Follow task: YOU MUST write Comprehensive codes to complete task of each file in task list.
4. CAREFULLY CHECK THAT YOU DONT MISS ANY NECESSARY CLASS/FUNCTION IN THE FILE.
5. You must import the third-party libraries used in your code
6. If you use a Class not in your file, you must ensure you import it firstly.
7. Determine the order of writing the files based on your understanding of the project.
8. Write out EVERY CODE DETAIL, DON'T LEAVE TODO,PASS,PLACEHOLDER.
9. Only write code result, do not output any other content in the start or in the end.
10. If you need to generate text data, must follow below rules:
(Different groups of data are distinguished by line breaks.
Different contents of the same group of data are distinguished by |.
Make sure: The "|" character is used only to separate distinct contents within a group.
Your code of handling data must be consistent with rule in which you define the data.
11. You need to write some pre-stored data to facilitate testing.

# Website Development Rule
If you are doing website development, be sure to route the root path (/). If there is a login page, set the login page as the root route(/).
If you are doing website development, please do not encrypt the account password for the login function.
If you are doing website development, your code needs to take into account the process of loading data from the data file, so don't forget to load the data.
If you are doing Website Development, do not follow the rules of Website and Game development.

# GUI tkinter Development Rule
If you are doing GUI tkinter Development, do not follow the rules of Website and Game development.
# Game Development Rule
If the software needs to load data, please make sure the loading data code matches the data format and data file.
If you are doing Game Development, do not follow the rules of Website and Game development.

# important rule
Use '***' to SPLIT CODE SECTIONS. do not forget ``` in each file, refer the the example. Output format carefully referenced "Format example". 
Adhere strictly to the task requirements and implement them fully; do not include placeholders or "example" for code that is intended for future implementation.

2025-01-13 Monday 14:53:50 model.py : INFO  self.model.temperature-----------------0.45-------------------------------
2025-01-13 Monday 14:54:05 _client.py : INFO  HTTP Request: POST https://api.chatanywhere.tech/chat/completions "HTTP/1.1 200 OK"
2025-01-13 Monday 14:54:05 model.py : INFO  following invoke cost: 3485 | all cost: 20852
2025-01-13 Monday 14:54:05 programmer.py : INFO  
*** main.py
```python
from flask import Flask, render_template, request, redirect, url_for, session
from user import User
from tip import Tip
from article import Article
from forum_post import ForumPost

app = Flask(__name__)
app.secret_key = 'your_secret_key'

@app.route('/')
def login():
    return render_template('login.html')

@app.route('/home')
def home():
    return render_template('home.html')

@app.route('/tips', methods=['GET', 'POST'])
def tips():
    if request.method == 'POST':
        tip_content = request.form['tip']
        tip = Tip(tip_content)
        tip.save()
        return redirect(url_for('tips'))
    return render_template('tips.html', tips=Tip().load_tips())

@app.route('/articles', methods=['GET', 'POST'])
def articles():
    if request.method == 'POST':
        title = request.form['title']
        content = request.form['content']
        article = Article(title, content)
        article.save()
        return redirect(url_for('articles'))
    return render_template('articles.html', articles=Article().load_articles())

@app.route('/forum', methods=['GET', 'POST'])
def forum():
    if request.method == 'POST':
        username = session.get('username')
        message = request.form['message']
        post = ForumPost(username, message)
        post.save()
        return redirect(url_for('forum'))
    return render_template('forum.html', posts=ForumPost().load_forum_posts())

@app.route('/register', methods=['GET', 'POST'])
def register():
    if request.method == 'POST':
        username = request.form['username']
        password = request.form['password']
        user = User(username, password)
        user.save()
        return redirect(url_for('login'))
    return render_template('register.html')

@app.route('/authenticate', methods=['POST'])
def authenticate():
    username = request.form['username']
    password = request.form['password']
    users = User().load_users()
    for user in users:
        if user.username == username and user.password == password:
            session['username'] = username
            return redirect(url_for('home'))
    return redirect(url_for('login'))

if __name__ == '__main__':
    app.run(debug=True)
```

*** user.py
```python
class User:
    def __init__(self, username: str, password: str):
        self.username = username
        self.password = password

    def save(self) -> None:
        with open('users.txt', 'a') as file:
            file.write(f"{self.username}|{self.password}\n")

    def load_users(self) -> list:
        users = []
        try:
            with open('users.txt', 'r') as file:
                for line in file:
                    username, password = line.strip().split('|')
                    users.append(User(username, password))
        except FileNotFoundError:
            pass
        return users
```

*** tip.py
```python
class Tip:
    def __init__(self, content: str):
        self.content = content

    def save(self) -> None:
        with open('tips.txt', 'a') as file:
            file.write(f"{self.content}\n")

    def load_tips(self) -> list:
        tips = []
        try:
            with open('tips.txt', 'r') as file:
                for line in file:
                    tips.append(line.strip())
        except FileNotFoundError:
            pass
        return tips
```

*** article.py
```python
class Article:
    def __init__(self, title: str, content: str):
        self.title = title
        self.content = content

    def save(self) -> None:
        with open('articles.txt', 'a') as file:
            file.write(f"{self.title}|{self.content}\n")

    def load_articles(self) -> list:
        articles = []
        try:
            with open('articles.txt', 'r') as file:
                for line in file:
                    title, content = line.strip().split('|')
                    articles.append({'title': title, 'content': content})
        except FileNotFoundError:
            pass
        return articles
```

*** forum_post.py
```python
class ForumPost:
    def __init__(self, username: str, message: str):
        self.username = username
        self.message = message

    def save(self) -> None:
        with open('forum.txt', 'a') as file:
            file.write(f"{self.username}|{self.message}\n")

    def load_forum_posts(self) -> list:
        posts = []
        try:
            with open('forum.txt', 'r') as file:
                for line in file:
                    username, message = line.strip().split('|')
                    posts.append({'username': username, 'message': message})
        except FileNotFoundError:
            pass
        return posts
```

*** templates/login.html
```html
<!DOCTYPE html>
<html lang="en">
<head>
    <meta charset="UTF-8">
    <meta name="viewport" content="width=device-width, initial-scale=1.0">
    <title>Login</title>
</head>
<body>
    <h1>Login</h1>
    <form action="/authenticate" method="POST">
        <input type="text" name="username" placeholder="Username" required>
        <input type="password" name="password" placeholder="Password" required>
        <button type="submit">Login</button>
    </form>
    <a href="/register">Register</a>
</body>
</html>
```

*** templates/home.html
```html
<!DOCTYPE html>
<html lang="en">
<head>
    <meta charset="UTF-8">
    <meta name="viewport" content="width=device-width, initial-scale=1.0">
    <title>Home</title>
</head>
<body>
    <h1>Welcome to Sustainable Living</h1>
    <nav>
        <a href="/tips">Tips</a>
        <a href="/articles">Articles</a>
        <a href="/forum">Forum</a>
    </nav>
</body>
</html>
```

*** templates/tips.html
```html
<!DOCTYPE html>
<html lang="en">
<head>
    <meta charset="UTF-8">
    <meta name="viewport" content="width=device-width, initial-scale=1.0">
    <title>Tips</title>
</head>
<body>
    <h1>Sustainable Living Tips</h1>
    <form action="/tips" method="POST">
        <textarea name="tip" placeholder="Share your tip here..." required></textarea>
        <button type="submit">Submit Tip</button>
    </form>
    <h2>Submitted Tips:</h2>
    <ul>
        {% for tip in tips %}
        <li>{{ tip }}</li>
        {% endfor %}
    </ul>
</body>
</html>
```

*** templates/articles.html
```html
<!DOCTYPE html>
<html lang="en">
<head>
    <meta charset="UTF-8">
    <meta name="viewport" content="width=device-width, initial-scale=1.0">
    <title>Articles</title>
</head>
<body>
    <h1>Articles on Sustainable Living</h1>
    <form action="/articles" method="POST">
        <input type="text" name="title" placeholder="Article Title" required>
        <textarea name="content" placeholder="Article Content" required></textarea>
        <button type="submit">Submit Article</button>
    </form>
    <h2>Submitted Articles:</h2>
    <ul>
        {% for article in articles %}
        <li><strong>{{ article.title }}</strong>: {{ article.content }}</li>
        {% endfor %}
    </ul>
</body>
</html>
```

*** templates/forum.html
```html
<!DOCTYPE html>
<html lang="en">
<head>
    <meta charset="UTF-8">
    <meta name="viewport" content="width=device-width, initial-scale=1.0">
    <title>Forum</title>
</head>
<body>
    <h1>Community Forum</h1>
    <form action="/forum" method="POST">
        <textarea name="message" placeholder="Share your thoughts..." required></textarea>
        <button type="submit">Post</button>
    </form>
    <h2>Forum Posts:</h2>
    <ul>
        {% for post in posts %}
        <li><strong>{{ post.username }}:</strong> {{ post.message }}</li>
        {% endfor %}
    </ul>
</body>
</html>
```

*** users.txt
```txt
admin|admin123
user1|user123
```

*** tips.txt
```txt
Reduce, Reuse, Recycle
Use energy-efficient appliances
Plant a tree
```

*** articles.txt
```txt
The Importance of Sustainable Living|Sustainable living is essential for the health of our planet.
How to Reduce Your Carbon Footprint|There are many ways to reduce your carbon footprint, such as using public transport.
```

*** forum.txt
```txt
admin|Welcome to the sustainable living forum!
user1|What are some easy tips for beginners?
```
2025-01-13 Monday 14:54:05 programmer.py : INFO  Compare Code
2025-01-13 Monday 14:54:05 programmer.py : INFO  **[Update Codes]**

main.py updated.


```
'''

'''
--- Old
+++ New
@@ -1 +1,69 @@
-# None
+from flask import Flask, render_template, request, redirect, url_for, session
+from user import User
+from tip import Tip
+from article import Article
+from forum_post import ForumPost
+
+app = Flask(__name__)
+app.secret_key = 'your_secret_key'
+
+@app.route('/')
+def login():
+    return render_template('login.html')
+
+@app.route('/home')
+def home():
+    return render_template('home.html')
+
+@app.route('/tips', methods=['GET', 'POST'])
+def tips():
+    if request.method == 'POST':
+        tip_content = request.form['tip']
+        tip = Tip(tip_content)
+        tip.save()
+        return redirect(url_for('tips'))
+    return render_template('tips.html', tips=Tip().load_tips())
+
+@app.route('/articles', methods=['GET', 'POST'])
+def articles():
+    if request.method == 'POST':
+        title = request.form['title']
+        content = request.form['content']
+        article = Article(title, content)
+        article.save()
+        return redirect(url_for('articles'))
+    return render_template('articles.html', articles=Article().load_articles())
+
+@app.route('/forum', methods=['GET', 'POST'])
+def forum():
+    if request.method == 'POST':
+        username = session.get('username')
+        message = request.form['message']
+        post = ForumPost(username, message)
+        post.save()
+        return redirect(url_for('forum'))
+    return render_template('forum.html', posts=ForumPost().load_forum_posts())
+
+@app.route('/register', methods=['GET', 'POST'])
+def register():
+    if request.method == 'POST':
+        username = request.form['username']
+        password = request.form['password']
+        user = User(username, password)
+        user.save()
+        return redirect(url_for('login'))
+    return render_template('register.html')
+
+@app.route('/authenticate', methods=['POST'])
+def authenticate():
+    username = request.form['username']
+    password = request.form['password']
+    users = User().load_users()
+    for user in users:
+        if user.username == username and user.password == password:
+            session['username'] = username
+            return redirect(url_for('home'))
+    return redirect(url_for('login'))
+
+if __name__ == '__main__':
+    app.run(debug=True)
```
2025-01-13 Monday 14:54:05 programmer.py : INFO  **[Update Codes]**

user.py updated.


```
'''

'''
--- Old
+++ New
@@ -1 +1,19 @@
-# None
+class User:
+    def __init__(self, username: str, password: str):
+        self.username = username
+        self.password = password
+
+    def save(self) -> None:
+        with open('users.txt', 'a') as file:
+            file.write(f"{self.username}|{self.password}\n")
+
+    def load_users(self) -> list:
+        users = []
+        try:
+            with open('users.txt', 'r') as file:
+                for line in file:
+                    username, password = line.strip().split('|')
+                    users.append(User(username, password))
+        except FileNotFoundError:
+            pass
+        return users
```
2025-01-13 Monday 14:54:05 programmer.py : INFO  **[Update Codes]**

tip.py updated.


```
'''

'''
--- Old
+++ New
@@ -1 +1,17 @@
-# None
+class Tip:
+    def __init__(self, content: str):
+        self.content = content
+
+    def save(self) -> None:
+        with open('tips.txt', 'a') as file:
+            file.write(f"{self.content}\n")
+
+    def load_tips(self) -> list:
+        tips = []
+        try:
+            with open('tips.txt', 'r') as file:
+                for line in file:
+                    tips.append(line.strip())
+        except FileNotFoundError:
+            pass
+        return tips
```
2025-01-13 Monday 14:54:05 programmer.py : INFO  **[Update Codes]**

article.py updated.


```
'''

'''
--- Old
+++ New
@@ -1 +1,19 @@
-# None
+class Article:
+    def __init__(self, title: str, content: str):
+        self.title = title
+        self.content = content
+
+    def save(self) -> None:
+        with open('articles.txt', 'a') as file:
+            file.write(f"{self.title}|{self.content}\n")
+
+    def load_articles(self) -> list:
+        articles = []
+        try:
+            with open('articles.txt', 'r') as file:
+                for line in file:
+                    title, content = line.strip().split('|')
+                    articles.append({'title': title, 'content': content})
+        except FileNotFoundError:
+            pass
+        return articles
```
2025-01-13 Monday 14:54:05 programmer.py : INFO  **[Update Codes]**

forum_post.py updated.


```
'''

'''
--- Old
+++ New
@@ -1 +1,19 @@
-# None
+class ForumPost:
+    def __init__(self, username: str, message: str):
+        self.username = username
+        self.message = message
+
+    def save(self) -> None:
+        with open('forum.txt', 'a') as file:
+            file.write(f"{self.username}|{self.message}\n")
+
+    def load_forum_posts(self) -> list:
+        posts = []
+        try:
+            with open('forum.txt', 'r') as file:
+                for line in file:
+                    username, message = line.strip().split('|')
+                    posts.append({'username': username, 'message': message})
+        except FileNotFoundError:
+            pass
+        return posts
```
2025-01-13 Monday 14:54:05 programmer.py : INFO  **[Update Codes]**

templates/login.html updated.


```
'''

'''
--- Old
+++ New
@@ -1 +1,17 @@
-# None
+<!DOCTYPE html>
+<html lang="en">
+<head>
+    <meta charset="UTF-8">
+    <meta name="viewport" content="width=device-width, initial-scale=1.0">
+    <title>Login</title>
+</head>
+<body>
+    <h1>Login</h1>
+    <form action="/authenticate" method="POST">
+        <input type="text" name="username" placeholder="Username" required>
+        <input type="password" name="password" placeholder="Password" required>
+        <button type="submit">Login</button>
+    </form>
+    <a href="/register">Register</a>
+</body>
+</html>
```
2025-01-13 Monday 14:54:05 programmer.py : INFO  **[Update Codes]**

templates/home.html updated.


```
'''

'''
--- Old
+++ New
@@ -1 +1,16 @@
-# None
+<!DOCTYPE html>
+<html lang="en">
+<head>
+    <meta charset="UTF-8">
+    <meta name="viewport" content="width=device-width, initial-scale=1.0">
+    <title>Home</title>
+</head>
+<body>
+    <h1>Welcome to Sustainable Living</h1>
+    <nav>
+        <a href="/tips">Tips</a>
+        <a href="/articles">Articles</a>
+        <a href="/forum">Forum</a>
+    </nav>
+</body>
+</html>
```
2025-01-13 Monday 14:54:05 programmer.py : INFO  **[Update Codes]**

templates/tips.html updated.


```
'''

'''
--- Old
+++ New
@@ -1 +1,21 @@
-# None
+<!DOCTYPE html>
+<html lang="en">
+<head>
+    <meta charset="UTF-8">
+    <meta name="viewport" content="width=device-width, initial-scale=1.0">
+    <title>Tips</title>
+</head>
+<body>
+    <h1>Sustainable Living Tips</h1>
+    <form action="/tips" method="POST">
+        <textarea name="tip" placeholder="Share your tip here..." required></textarea>
+        <button type="submit">Submit Tip</button>
+    </form>
+    <h2>Submitted Tips:</h2>
+    <ul>
+        {% for tip in tips %}
+        <li>{{ tip }}</li>
+        {% endfor %}
+    </ul>
+</body>
+</html>
```
2025-01-13 Monday 14:54:05 programmer.py : INFO  **[Update Codes]**

templates/articles.html updated.


```
'''

'''
--- Old
+++ New
@@ -1 +1,22 @@
-# None
+<!DOCTYPE html>
+<html lang="en">
+<head>
+    <meta charset="UTF-8">
+    <meta name="viewport" content="width=device-width, initial-scale=1.0">
+    <title>Articles</title>
+</head>
+<body>
+    <h1>Articles on Sustainable Living</h1>
+    <form action="/articles" method="POST">
+        <input type="text" name="title" placeholder="Article Title" required>
+        <textarea name="content" placeholder="Article Content" required></textarea>
+        <button type="submit">Submit Article</button>
+    </form>
+    <h2>Submitted Articles:</h2>
+    <ul>
+        {% for article in articles %}
+        <li><strong>{{ article.title }}</strong>: {{ article.content }}</li>
+        {% endfor %}
+    </ul>
+</body>
+</html>
```
2025-01-13 Monday 14:54:05 programmer.py : INFO  **[Update Codes]**

templates/forum.html updated.


```
'''

'''
--- Old
+++ New
@@ -1 +1,21 @@
-# None
+<!DOCTYPE html>
+<html lang="en">
+<head>
+    <meta charset="UTF-8">
+    <meta name="viewport" content="width=device-width, initial-scale=1.0">
+    <title>Forum</title>
+</head>
+<body>
+    <h1>Community Forum</h1>
+    <form action="/forum" method="POST">
+        <textarea name="message" placeholder="Share your thoughts..." required></textarea>
+        <button type="submit">Post</button>
+    </form>
+    <h2>Forum Posts:</h2>
+    <ul>
+        {% for post in posts %}
+        <li><strong>{{ post.username }}:</strong> {{ post.message }}</li>
+        {% endfor %}
+    </ul>
+</body>
+</html>
```
2025-01-13 Monday 14:54:05 programmer.py : INFO  **[Update Codes]**

users.txt updated.


```
'''

'''
--- Old
+++ New
@@ -1 +1,2 @@
-# None
+admin|admin123
+user1|user123
```
2025-01-13 Monday 14:54:05 programmer.py : INFO  **[Update Codes]**

tips.txt updated.


```
'''

'''
--- Old
+++ New
@@ -1 +1,3 @@
-# None
+Reduce, Reuse, Recycle
+Use energy-efficient appliances
+Plant a tree
```
2025-01-13 Monday 14:54:05 programmer.py : INFO  **[Update Codes]**

articles.txt updated.


```
'''

'''
--- Old
+++ New
@@ -1 +1,2 @@
-# None
+The Importance of Sustainable Living|Sustainable living is essential for the health of our planet.
+How to Reduce Your Carbon Footprint|There are many ways to reduce your carbon footprint, such as using public transport.
```
2025-01-13 Monday 14:54:05 programmer.py : INFO  **[Update Codes]**

forum.txt updated.


```
'''

'''
--- Old
+++ New
@@ -1 +1,2 @@
-# None
+admin|Welcome to the sustainable living forum!
+user1|What are some easy tips for beginners?
```
2025-01-13 Monday 14:54:05 programmer.py : INFO  Programmer writting CODE: main.py
2025-01-13 Monday 14:54:05 programmer.py : INFO  Programmer writting CODE: user.py
2025-01-13 Monday 14:54:05 programmer.py : INFO  Programmer writting CODE: tip.py
2025-01-13 Monday 14:54:05 programmer.py : INFO  Programmer writting CODE: article.py
2025-01-13 Monday 14:54:05 programmer.py : INFO  Programmer writting CODE: forum_post.py
2025-01-13 Monday 14:54:05 programmer.py : INFO  Programmer writting CODE: templates/login.html
2025-01-13 Monday 14:54:05 programmer.py : INFO  Programmer writting CODE: templates/home.html
2025-01-13 Monday 14:54:05 programmer.py : INFO  Programmer writting CODE: templates/tips.html
2025-01-13 Monday 14:54:05 programmer.py : INFO  Programmer writting CODE: templates/articles.html
2025-01-13 Monday 14:54:05 programmer.py : INFO  Programmer writting CODE: templates/forum.html
2025-01-13 Monday 14:54:05 programmer.py : INFO  Programmer writting CODE: users.txt
2025-01-13 Monday 14:54:05 programmer.py : INFO  Programmer writting CODE: tips.txt
2025-01-13 Monday 14:54:05 programmer.py : INFO  Programmer writting CODE: articles.txt
2025-01-13 Monday 14:54:05 programmer.py : INFO  Programmer writting CODE: forum.txt
2025-01-13 Monday 14:54:05 product_manager.py : INFO  Product Manager Pole extracting PRD......
2025-01-13 Monday 14:54:05 architect.py : INFO  Architect Arnold generate Architect variable temperature
2025-01-13 Monday 14:54:05 architect.py : INFO  
You are a Architect, your goal is design a concise, usable, complete software system. the constraint is make sure the architecture is simple enough and use appropriate open source libraries.
Aim to achieve functional requirements, only require to implement demo.
If the original requirements have data storage requirements, you need to design a simple data storage method for the software. Do not use SQL datasets. Follow the data storage requirements in the software requirements(including data format, storage requirements, etc.).


## Context
original_requirement
# Software Description

## Objective
The GreenLivingGuide project aims to develop a comprehensive web application that encourages sustainable living by providing users with resources, tips, and community engagement, all implemented using a user-friendly interface. Note that the website should start from the login page.

## Core Features
Users shall be able to log in to access personalized content and features.
Users shall be able to create a new account.
Users shall be able to view an introduction to sustainable living, recent articles, and navigate to other sections of the application.
Users shall be able to view and submit new sustainable living tips.
Users shall be able to read and submit articles on sustainable living practices and news.
Users shall be able to participate in the community forum, share experiences, and ask questions.
## Language

Use html and python to develop a web application.
You should use html to generate the web template by yourself.
## Data Storage
Data will be stored in local text files.
Different types of data will be stored in separate `.txt` files.
You should define the text file by yourself in advance.
This structured data storage will facilitate easy data retrieval and management through simple file manipulations in Python, ensuring the application remains light and efficient without the need for a SQL database.

functional requirements
[OUTPUT] ## general overview of the project The GreenLivingGuide project aims to develop a comprehensive web application that encourages sustainable living by providing users with resources, tips, and community engagement, all implemented using a user-friendly interface. Note that the website should start from the login page. ## software functional requirements 1. Users shall be able to log in to access personalized content and features. 2. Users shall be able to create a new account. 3. Users shall be able to view an introduction to sustainable living, recent articles, and navigate to other sections of the application. 4. Users shall be able to view and submit new sustainable living tips. 5. Users shall be able to read and submit articles on sustainable living practices and news. 6. Users shall be able to participate in the community forum, share experiences, and ask questions. [/OUTPUT]
-----
## format example
[CONTENT]
"Implementation approach": "We will ...",
"UI design":"- A canvas for... with ... For Web applications, you should use html to generate the web template by yourself."
"Data Storage":"If software requires a data storage, you should follow the rules: Data will be stored in local files. Different types of data will be stored in separate files. You should define the file by yourself in advance.Do not use SQL database. Else just print Not Require!"
"File list": ["main.py","game.py","templates/login.html","users.txt"],
"Data structures and interfaces": "
classDiagram
    class Main {
        -SearchEngine search_engine
        +main() str
    }
    class SearchEngine {
        -Index index
        -Ranking ranking
        -Summary summary
        +search(query: str) str
    }
    class Index {
        -KnowledgeBase knowledge_base
        +create_index(data: dict)
        +query_index(query: str) list
    }
    class Ranking {
        +rank_results(results: list) list
    }
    class Summary {
        +summarize_results(results: list) str
    }
    class KnowledgeBase {
        +update(data: dict)
        +fetch_data(query: str) dict
    }
    Main --> SearchEngine
    SearchEngine --> Index
    SearchEngine --> Ranking
    SearchEngine --> Summary
    Index --> KnowledgeBase
",

[/CONTENT]

## nodes: "<node>: <type>  # <instruction>"
- Implementation approach: <class 'str'>  # Analyze the difficult points of the requirements, select the appropriate open-source framework. If require GUI, you must also choose a GUI framework (e.g., in Python, you can implement GUI via tkinter, Pygame, Flexx, PyGUI, etc,)
- File list: typing.List[str]  #  Only need relative paths. ALWAYS write a main.py here
- Data structures and interfaces: <class 'str'>  # Use mermaid classDiagram code syntax, including classes, method(__init__ etc.) and functions with type annotations, CLEARLY MARK the RELATIONSHIPS between classes, and comply with PEP8 standards. The data structures SHOULD BE VERY DETAILED and the API should be comprehensive with a complete design.
- UI design:<class 'str'>  # optional, if system require UI, choose a GUI framework (e.g., in Python, you can implement GUI via tkinter, Pygame, Flexx, PyGUI, etc,) and list system UI design and corresponding feature's UI design.

## constraint
Language: Please use the same language as Human INPUT.
Format: output wrapped inside [CONTENT][/CONTENT] like format example, nothing else.
If you are doing website development, do not encrypt the account password for the login function.

# Attention
1. If a feature of software requires a GUI, you also need to carefully consider the UI components that this feature will require and its relationship to the main UI in Architecture.
2. Aim to achieve functional requirements, only require to implement a demo.
3. If project requires data storage, follow the requirement of data storage, implement a simple storage.Do not use SQL database.
4. Organize related functionalities into a single Python file to avoid creating too many files.
5. do not output ```plaintext or other ``` in the start and the end, output directly.

## action
Follow instructions of nodes and Attention, generate output and make sure it follows the format example.

2025-01-13 Monday 14:54:05 model.py : INFO  self.model.temperature-----------------0.45-------------------------------
2025-01-13 Monday 14:54:09 _client.py : INFO  HTTP Request: POST https://api.chatanywhere.tech/chat/completions "HTTP/1.1 200 OK"
2025-01-13 Monday 14:54:09 model.py : INFO  following invoke cost: 1723 | all cost: 22575
2025-01-13 Monday 14:54:09 architect.py : INFO  Architect Arnold
2025-01-13 Monday 14:54:09 architect.py : INFO  [CONTENT]
"Implementation approach": "We will use Flask as the web framework to create a lightweight web application. Flask is simple and allows for easy routing and handling of requests. The application will consist of HTML templates for the user interface, and we will utilize local text files for data storage, ensuring that the application remains lightweight and efficient.",
"UI design":"- The main interface will start with a login page with fields for username and password. After logging in, users will see a dashboard with links to articles, tips, and the community forum. Each section will have forms for submitting new content. The community forum will display threads for users to interact with.",
"Data Storage":"Data will be stored in local text files. Different types of data will be stored in separate `.txt` files. The files will include: `users.txt` for user accounts, `tips.txt` for sustainable living tips, `articles.txt` for articles, and `forum.txt` for community forum posts. This structured data storage will facilitate easy data retrieval and management through simple file manipulations in Python.",
"File list": ["main.py", "templates/login.html", "templates/dashboard.html", "templates/tips.html", "templates/articles.html", "templates/forum.html", "users.txt", "tips.txt", "articles.txt", "forum.txt"],
"Data structures and interfaces": "
classDiagram
    class Main {
        -Flask app
        +main() str
    }
    class User {
        -username: str
        -password: str
        +__init__(username: str, password: str)
        +save() void
    }
    class Tip {
        -content: str
        +__init__(content: str)
        +save() void
    }
    class Article {
        -title: str
        -content: str
        +__init__(title: str, content: str)
        +save() void
    }
    class ForumPost {
        -username: str
        -message: str
        +__init__(username: str, message: str)
        +save() void
    }
    Main --> User
    Main --> Tip
    Main --> Article
    Main --> ForumPost
",
[/CONTENT]
2025-01-13 Monday 14:54:09 architect.py : INFO  already a architect, replace it
2025-01-13 Monday 14:54:09 architect.py : INFO  Architect writting ARCHITECT
2025-01-13 Monday 14:54:09 project_manager.py : INFO  Project Manager Tsunoda generate Project PLAN variable temperature
2025-01-13 Monday 14:54:09 project_manager.py : INFO  
You are a Project Manager, your goal is break down tasks according to functional requirement/architecture, generate a task plan, and analyze task dependencies to start with the prerequisite modules. the constraint is use same language as user requirement. 


## Context
functional requirement:
[OUTPUT] ## general overview of the project The GreenLivingGuide project aims to develop a comprehensive web application that encourages sustainable living by providing users with resources, tips, and community engagement, all implemented using a user-friendly interface. Note that the website should start from the login page. ## software functional requirements 1. Users shall be able to log in to access personalized content and features. 2. Users shall be able to create a new account. 3. Users shall be able to view an introduction to sustainable living, recent articles, and navigate to other sections of the application. 4. Users shall be able to view and submit new sustainable living tips. 5. Users shall be able to read and submit articles on sustainable living practices and news. 6. Users shall be able to participate in the community forum, share experiences, and ask questions. [/OUTPUT]

architecture:
[CONTENT]
"Implementation approach": "We will use Flask as the web framework to create a lightweight web application. Flask is simple and allows for easy routing and handling of requests. The application will consist of HTML templates for the user interface, and we will utilize local text files for data storage, ensuring that the application remains lightweight and efficient.",
"UI design":"- The main interface will start with a login page with fields for username and password. After logging in, users will see a dashboard with links to articles, tips, and the community forum. Each section will have forms for submitting new content. The community forum will display threads for users to interact with.",
"Data Storage":"Data will be stored in local text files. Different types of data will be stored in separate `.txt` files. The files will include: `users.txt` for user accounts, `tips.txt` for sustainable living tips, `articles.txt` for articles, and `forum.txt` for community forum posts. This structured data storage will facilitate easy data retrieval and management through simple file manipulations in Python.",
"File list": ["main.py", "templates/login.html", "templates/dashboard.html", "templates/tips.html", "templates/articles.html", "templates/forum.html", "users.txt", "tips.txt", "articles.txt", "forum.txt"],
"Data structures and interfaces": "
classDiagram
    class Main {
        -Flask app
        +main() str
    }
    class User {
        -username: str
        -password: str
        +__init__(username: str, password: str)
        +save() void
    }
    class Tip {
        -content: str
        +__init__(content: str)
        +save() void
    }
    class Article {
        -title: str
        -content: str
        +__init__(title: str, content: str)
        +save() void
    }
    class ForumPost {
        -username: str
        -message: str
        +__init__(username: str, message: str)
        +save() void
    }
    Main --> User
    Main --> Tip
    Main --> Article
    Main --> ForumPost
",
[/CONTENT]
-----

## format example
[CONTENT]

"Required packages": [
    "flask==1.1.2",
    "bcrypt==3.2.0"
],
"Required Other language third-party packages": [
    "No third-party dependencies required"
],
"Logic Analysis": [
    [
        "game.py",
        "Contains Game class and ... functions"
    ],
    [
        "main.py",
        "Contains main function, from game import Game"
    ]
],
"Task list": [
    "game.py",
    "main.py"
],
"Shared Knowledge": "`game.py` contains functions shared across the project.",

[/CONTENT]

## nodes: "<node>: <type>  # <instruction>"
- Required packages: typing.List[str]  # Provide required packages in requirements.txt format.
- Required Other language third-party packages: typing.List[str]  # List down the required packages for languages other than Python.
- Logic Analysis: typing.List[typing.List[str]]  # Provide a list of files with the classes/methods/functions to be implemented, including dependency analysis and imports.
- Task list: typing.List[str]  # Break down the tasks into a list of filenames, prioritized by dependency order.
- Full API spec: <class 'str'>  # Describe all APIs using OpenAPI 3.0 spec that may be used by both frontend and backend. If front-end and back-end communication is not required, leave it blank.
- Shared Knowledge: <class 'str'>  # Detail any shared knowledge, like common utility functions or configuration variables.

## constraint
Language: Please use the same language as Human INPUT.
Format: output wrapped inside [CONTENT][/CONTENT] like format example, nothing else.
If you are doing website development, please do not encrypt the account password for the login function.

## action
Follow instructions of nodes, generate output and make sure it follows the format example.

2025-01-13 Monday 14:54:09 model.py : INFO  self.model.temperature-----------------0.45-------------------------------
2025-01-13 Monday 14:54:12 _client.py : INFO  HTTP Request: POST https://api.chatanywhere.tech/chat/completions "HTTP/1.1 200 OK"
2025-01-13 Monday 14:54:12 model.py : INFO  following invoke cost: 1422 | all cost: 23997
2025-01-13 Monday 14:54:12 project_manager.py : INFO  Project Manager Tsunoda
2025-01-13 Monday 14:54:12 project_manager.py : INFO  [CONTENT]
"Required packages": [
    "flask==1.1.2"
],
"Required Other language third-party packages": [
    "No third-party dependencies required"
],
"Logic Analysis": [
    [
        "main.py",
        "Contains main function, initializes Flask app, and handles routing."
    ],
    [
        "templates/login.html",
        "HTML template for user login interface."
    ],
    [
        "templates/dashboard.html",
        "HTML template for user dashboard after login."
    ],
    [
        "templates/tips.html",
        "HTML template for viewing and submitting sustainable living tips."
    ],
    [
        "templates/articles.html",
        "HTML template for reading and submitting articles on sustainable living."
    ],
    [
        "templates/forum.html",
        "HTML template for community forum interaction."
    ],
    [
        "users.txt",
        "Text file for storing user account information."
    ],
    [
        "tips.txt",
        "Text file for storing sustainable living tips."
    ],
    [
        "articles.txt",
        "Text file for storing articles."
    ],
    [
        "forum.txt",
        "Text file for storing community forum posts."
    ]
],
"Task list": [
    "main.py",
    "templates/login.html",
    "templates/dashboard.html",
    "templates/tips.html",
    "templates/articles.html",
    "templates/forum.html",
    "users.txt",
    "tips.txt",
    "articles.txt",
    "forum.txt"
],
"Shared Knowledge": "`main.py` contains the main application logic and routing for the entire project.",
[/CONTENT]
2025-01-13 Monday 14:54:12 project_manager.py : INFO  already a task plan, replace it
2025-01-13 Monday 14:54:12 project_manager.py : INFO  Project Manager writting TASK PLAN
2025-01-13 Monday 14:54:12 programmer.py : INFO  Programmer Clorinde Temperature Coding...
2025-01-13 Monday 14:54:12 programmer.py : INFO  
You are a professional engineer; the main goal is to write google-style, elegant, modular, easy to read and maintain code.
Output format carefully referenced "Format example".
In addition to writing code, you may also need to complete the data files in the task list (such as .txt .json .csv files). If the task list requires the implementation of data files, you need to simply design some data that meets the requirements for your completed software to facilitate the startup and testing of the software as a demo.


# Context
## Design
[CONTENT]
"Implementation approach": "We will use Flask as the web framework to create a lightweight web application. Flask is simple and allows for easy routing and handling of requests. The application will consist of HTML templates for the user interface, and we will utilize local text files for data storage, ensuring that the application remains lightweight and efficient.",
"UI design":"- The main interface will start with a login page with fields for username and password. After logging in, users will see a dashboard with links to articles, tips, and the community forum. Each section will have forms for submitting new content. The community forum will display threads for users to interact with.",
"Data Storage":"Data will be stored in local text files. Different types of data will be stored in separate `.txt` files. The files will include: `users.txt` for user accounts, `tips.txt` for sustainable living tips, `articles.txt` for articles, and `forum.txt` for community forum posts. This structured data storage will facilitate easy data retrieval and management through simple file manipulations in Python.",
"File list": ["main.py", "templates/login.html", "templates/dashboard.html", "templates/tips.html", "templates/articles.html", "templates/forum.html", "users.txt", "tips.txt", "articles.txt", "forum.txt"],
"Data structures and interfaces": "
classDiagram
    class Main {
        -Flask app
        +main() str
    }
    class User {
        -username: str
        -password: str
        +__init__(username: str, password: str)
        +save() void
    }
    class Tip {
        -content: str
        +__init__(content: str)
        +save() void
    }
    class Article {
        -title: str
        -content: str
        +__init__(title: str, content: str)
        +save() void
    }
    class ForumPost {
        -username: str
        -message: str
        +__init__(username: str, message: str)
        +save() void
    }
    Main --> User
    Main --> Tip
    Main --> Article
    Main --> ForumPost
",
[/CONTENT]
## Task Plan
[CONTENT]
"Required packages": [
    "flask==1.1.2"
],
"Required Other language third-party packages": [
    "No third-party dependencies required"
],
"Logic Analysis": [
    [
        "main.py",
        "Contains main function, initializes Flask app, and handles routing."
    ],
    [
        "templates/login.html",
        "HTML template for user login interface."
    ],
    [
        "templates/dashboard.html",
        "HTML template for user dashboard after login."
    ],
    [
        "templates/tips.html",
        "HTML template for viewing and submitting sustainable living tips."
    ],
    [
        "templates/articles.html",
        "HTML template for reading and submitting articles on sustainable living."
    ],
    [
        "templates/forum.html",
        "HTML template for community forum interaction."
    ],
    [
        "users.txt",
        "Text file for storing user account information."
    ],
    [
        "tips.txt",
        "Text file for storing sustainable living tips."
    ],
    [
        "articles.txt",
        "Text file for storing articles."
    ],
    [
        "forum.txt",
        "Text file for storing community forum posts."
    ]
],
"Task list": [
    "main.py",
    "templates/login.html",
    "templates/dashboard.html",
    "templates/tips.html",
    "templates/articles.html",
    "templates/forum.html",
    "users.txt",
    "tips.txt",
    "articles.txt",
    "forum.txt"
],
"Shared Knowledge": "`main.py` contains the main application logic and routing for the entire project.",
[/CONTENT]

-----
# Format Example 
*** main.py
```python
...
```

*** ui.py
```python
...
```

*** a.txt
```txt
admin|admin123
user1|user123
```
-----
# Instruction: Based on the context, follow "Format example", write code.
## ATTENTION
1. Use '***' to SPLIT different CODE SECTIONS. do not forget ``` in each file, refer the the example. Output format carefully referenced "Format example".
2. Follow design: YOU MUST FOLLOW "Data structures and interfaces". DONT CHANGE ANY DESIGN. Do not use public member functions that do not exist in your design.
3. Follow task: YOU MUST write Comprehensive codes to complete task of each file in task list.
4. CAREFULLY CHECK THAT YOU DONT MISS ANY NECESSARY CLASS/FUNCTION IN THE FILE.
5. You must import the third-party libraries used in your code
6. If you use a Class not in your file, you must ensure you import it firstly.
7. Determine the order of writing the files based on your understanding of the project.
8. Write out EVERY CODE DETAIL, DON'T LEAVE TODO,PASS,PLACEHOLDER.
9. Only write code result, do not output any other content in the start or in the end.
10. If you need to generate text data, must follow below rules:
(Different groups of data are distinguished by line breaks.
Different contents of the same group of data are distinguished by |.
Make sure: The "|" character is used only to separate distinct contents within a group.
Your code of handling data must be consistent with rule in which you define the data.
11. You need to write some pre-stored data to facilitate testing.

# Website Development Rule
If you are doing website development, be sure to route the root path (/). If there is a login page, set the login page as the root route(/).
If you are doing website development, please do not encrypt the account password for the login function.
If you are doing website development, your code needs to take into account the process of loading data from the data file, so don't forget to load the data.
If you are doing Website Development, do not follow the rules of Website and Game development.

# GUI tkinter Development Rule
If you are doing GUI tkinter Development, do not follow the rules of Website and Game development.
# Game Development Rule
If the software needs to load data, please make sure the loading data code matches the data format and data file.
If you are doing Game Development, do not follow the rules of Website and Game development.

# important rule
Use '***' to SPLIT CODE SECTIONS. do not forget ``` in each file, refer the the example. Output format carefully referenced "Format example". 
Adhere strictly to the task requirements and implement them fully; do not include placeholders or "example" for code that is intended for future implementation.

2025-01-13 Monday 14:54:12 model.py : INFO  self.model.temperature-----------------0.45-------------------------------
2025-01-13 Monday 14:55:19 _client.py : INFO  HTTP Request: POST https://api.chatanywhere.tech/chat/completions "HTTP/1.1 200 OK"
2025-01-13 Monday 14:55:19 model.py : INFO  following invoke cost: 3230 | all cost: 27227
2025-01-13 Monday 14:55:19 programmer.py : INFO  
*** main.py
```python
from flask import Flask, render_template, request, redirect, url_for, session
from user import User
from tip import Tip
from article import Article
from forum_post import ForumPost

app = Flask(__name__)
app.secret_key = 'your_secret_key'

def load_users():
    users = []
    with open('users.txt', 'r') as file:
        for line in file:
            username, password = line.strip().split('|')
            users.append(User(username, password))
    return users

def load_tips():
    tips = []
    with open('tips.txt', 'r') as file:
        for line in file:
            tips.append(Tip(line.strip()))
    return tips

def load_articles():
    articles = []
    with open('articles.txt', 'r') as file:
        for line in file:
            title, content = line.strip().split('|')
            articles.append(Article(title, content))
    return articles

def load_forum_posts():
    forum_posts = []
    with open('forum.txt', 'r') as file:
        for line in file:
            username, message = line.strip().split('|')
            forum_posts.append(ForumPost(username, message))
    return forum_posts

@app.route('/', methods=['GET', 'POST'])
def login():
    if request.method == 'POST':
        username = request.form['username']
        password = request.form['password']
        users = load_users()
        for user in users:
            if user.username == username and user.password == password:
                session['username'] = username
                return redirect(url_for('dashboard'))
    return render_template('login.html')

@app.route('/dashboard')
def dashboard():
    return render_template('dashboard.html')

@app.route('/tips', methods=['GET', 'POST'])
def tips():
    if request.method == 'POST':
        content = request.form['content']
        tip = Tip(content)
        tip.save()
    tips = load_tips()
    return render_template('tips.html', tips=tips)

@app.route('/articles', methods=['GET', 'POST'])
def articles():
    if request.method == 'POST':
        title = request.form['title']
        content = request.form['content']
        article = Article(title, content)
        article.save()
    articles = load_articles()
    return render_template('articles.html', articles=articles)

@app.route('/forum', methods=['GET', 'POST'])
def forum():
    if request.method == 'POST':
        username = session.get('username')
        message = request.form['message']
        forum_post = ForumPost(username, message)
        forum_post.save()
    forum_posts = load_forum_posts()
    return render_template('forum.html', forum_posts=forum_posts)

if __name__ == '__main__':
    app.run(debug=True)
```

*** user.py
```python
class User:
    def __init__(self, username: str, password: str):
        self.username = username
        self.password = password

    def save(self):
        with open('users.txt', 'a') as file:
            file.write(f"{self.username}|{self.password}\n")
```

*** tip.py
```python
class Tip:
    def __init__(self, content: str):
        self.content = content

    def save(self):
        with open('tips.txt', 'a') as file:
            file.write(f"{self.content}\n")
```

*** article.py
```python
class Article:
    def __init__(self, title: str, content: str):
        self.title = title
        self.content = content

    def save(self):
        with open('articles.txt', 'a') as file:
            file.write(f"{self.title}|{self.content}\n")
```

*** forum_post.py
```python
class ForumPost:
    def __init__(self, username: str, message: str):
        self.username = username
        self.message = message

    def save(self):
        with open('forum.txt', 'a') as file:
            file.write(f"{self.username}|{self.message}\n")
```

*** templates/login.html
```html
<!DOCTYPE html>
<html lang="en">
<head>
    <meta charset="UTF-8">
    <meta name="viewport" content="width=device-width, initial-scale=1.0">
    <title>Login</title>
</head>
<body>
    <h2>Login</h2>
    <form method="POST">
        <label for="username">Username:</label>
        <input type="text" id="username" name="username" required>
        <label for="password">Password:</label>
        <input type="password" id="password" name="password" required>
        <button type="submit">Login</button>
    </form>
</body>
</html>
```

*** templates/dashboard.html
```html
<!DOCTYPE html>
<html lang="en">
<head>
    <meta charset="UTF-8">
    <meta name="viewport" content="width=device-width, initial-scale=1.0">
    <title>Dashboard</title>
</head>
<body>
    <h2>Dashboard</h2>
    <nav>
        <a href="/tips">Tips</a>
        <a href="/articles">Articles</a>
        <a href="/forum">Forum</a>
    </nav>
</body>
</html>
```

*** templates/tips.html
```html
<!DOCTYPE html>
<html lang="en">
<head>
    <meta charset="UTF-8">
    <meta name="viewport" content="width=device-width, initial-scale=1.0">
    <title>Sustainable Living Tips</title>
</head>
<body>
    <h2>Sustainable Living Tips</h2>
    <form method="POST">
        <textarea name="content" required></textarea>
        <button type="submit">Submit Tip</button>
    </form>
    <ul>
        {% for tip in tips %}
            <li>{{ tip.content }}</li>
        {% endfor %}
    </ul>
</body>
</html>
```

*** templates/articles.html
```html
<!DOCTYPE html>
<html lang="en">
<head>
    <meta charset="UTF-8">
    <meta name="viewport" content="width=device-width, initial-scale=1.0">
    <title>Articles</title>
</head>
<body>
    <h2>Articles</h2>
    <form method="POST">
        <input type="text" name="title" placeholder="Title" required>
        <textarea name="content" required></textarea>
        <button type="submit">Submit Article</button>
    </form>
    <ul>
        {% for article in articles %}
            <li><strong>{{ article.title }}</strong>: {{ article.content }}</li>
        {% endfor %}
    </ul>
</body>
</html>
```

*** templates/forum.html
```html
<!DOCTYPE html>
<html lang="en">
<head>
    <meta charset="UTF-8">
    <meta name="viewport" content="width=device-width, initial-scale=1.0">
    <title>Community Forum</title>
</head>
<body>
    <h2>Community Forum</h2>
    <form method="POST">
        <textarea name="message" required></textarea>
        <button type="submit">Post Message</button>
    </form>
    <ul>
        {% for post in forum_posts %}
            <li><strong>{{ post.username }}</strong>: {{ post.message }}</li>
        {% endfor %}
    </ul>
</body>
</html>
```

*** users.txt
```txt
admin|admin123
user1|user123
```

*** tips.txt
```txt
Reduce, reuse, recycle.
Use energy-efficient appliances.
Compost organic waste.
```

*** articles.txt
```txt
The Importance of Sustainable Living|Sustainable living is essential for preserving our planet for future generations.
10 Tips for Going Green|Here are ten easy ways to reduce your carbon footprint.
```

*** forum.txt
```txt
admin|Welcome to the community forum!
user1|What are your favorite sustainable practices?
```
2025-01-13 Monday 14:55:19 programmer.py : INFO  Compare Code
2025-01-13 Monday 14:55:19 programmer.py : INFO  **[Update Codes]**

main.py updated.


```
'''

'''
--- Old
+++ New
@@ -1 +1,87 @@
-# None
+from flask import Flask, render_template, request, redirect, url_for, session
+from user import User
+from tip import Tip
+from article import Article
+from forum_post import ForumPost
+
+app = Flask(__name__)
+app.secret_key = 'your_secret_key'
+
+def load_users():
+    users = []
+    with open('users.txt', 'r') as file:
+        for line in file:
+            username, password = line.strip().split('|')
+            users.append(User(username, password))
+    return users
+
+def load_tips():
+    tips = []
+    with open('tips.txt', 'r') as file:
+        for line in file:
+            tips.append(Tip(line.strip()))
+    return tips
+
+def load_articles():
+    articles = []
+    with open('articles.txt', 'r') as file:
+        for line in file:
+            title, content = line.strip().split('|')
+            articles.append(Article(title, content))
+    return articles
+
+def load_forum_posts():
+    forum_posts = []
+    with open('forum.txt', 'r') as file:
+        for line in file:
+            username, message = line.strip().split('|')
+            forum_posts.append(ForumPost(username, message))
+    return forum_posts
+
+@app.route('/', methods=['GET', 'POST'])
+def login():
+    if request.method == 'POST':
+        username = request.form['username']
+        password = request.form['password']
+        users = load_users()
+        for user in users:
+            if user.username == username and user.password == password:
+                session['username'] = username
+                return redirect(url_for('dashboard'))
+    return render_template('login.html')
+
+@app.route('/dashboard')
+def dashboard():
+    return render_template('dashboard.html')
+
+@app.route('/tips', methods=['GET', 'POST'])
+def tips():
+    if request.method == 'POST':
+        content = request.form['content']
+        tip = Tip(content)
+        tip.save()
+    tips = load_tips()
+    return render_template('tips.html', tips=tips)
+
+@app.route('/articles', methods=['GET', 'POST'])
+def articles():
+    if request.method == 'POST':
+        title = request.form['title']
+        content = request.form['content']
+        article = Article(title, content)
+        article.save()
+    articles = load_articles()
+    return render_template('articles.html', articles=articles)
+
+@app.route('/forum', methods=['GET', 'POST'])
+def forum():
+    if request.method == 'POST':
+        username = session.get('username')
+        message = request.form['message']
+        forum_post = ForumPost(username, message)
+        forum_post.save()
+    forum_posts = load_forum_posts()
+    return render_template('forum.html', forum_posts=forum_posts)
+
+if __name__ == '__main__':
+    app.run(debug=True)
```
2025-01-13 Monday 14:55:19 programmer.py : INFO  **[Update Codes]**

user.py updated.


```
'''

'''
--- Old
+++ New
@@ -1 +1,8 @@
-# None
+class User:
+    def __init__(self, username: str, password: str):
+        self.username = username
+        self.password = password
+
+    def save(self):
+        with open('users.txt', 'a') as file:
+            file.write(f"{self.username}|{self.password}\n")
```
2025-01-13 Monday 14:55:19 programmer.py : INFO  **[Update Codes]**

tip.py updated.


```
'''

'''
--- Old
+++ New
@@ -1 +1,7 @@
-# None
+class Tip:
+    def __init__(self, content: str):
+        self.content = content
+
+    def save(self):
+        with open('tips.txt', 'a') as file:
+            file.write(f"{self.content}\n")
```
2025-01-13 Monday 14:55:19 programmer.py : INFO  **[Update Codes]**

article.py updated.


```
'''

'''
--- Old
+++ New
@@ -1 +1,8 @@
-# None
+class Article:
+    def __init__(self, title: str, content: str):
+        self.title = title
+        self.content = content
+
+    def save(self):
+        with open('articles.txt', 'a') as file:
+            file.write(f"{self.title}|{self.content}\n")
```
2025-01-13 Monday 14:55:19 programmer.py : INFO  **[Update Codes]**

forum_post.py updated.


```
'''

'''
--- Old
+++ New
@@ -1 +1,8 @@
-# None
+class ForumPost:
+    def __init__(self, username: str, message: str):
+        self.username = username
+        self.message = message
+
+    def save(self):
+        with open('forum.txt', 'a') as file:
+            file.write(f"{self.username}|{self.message}\n")
```
2025-01-13 Monday 14:55:19 programmer.py : INFO  **[Update Codes]**

templates/login.html updated.


```
'''

'''
--- Old
+++ New
@@ -1 +1,18 @@
-# None
+<!DOCTYPE html>
+<html lang="en">
+<head>
+    <meta charset="UTF-8">
+    <meta name="viewport" content="width=device-width, initial-scale=1.0">
+    <title>Login</title>
+</head>
+<body>
+    <h2>Login</h2>
+    <form method="POST">
+        <label for="username">Username:</label>
+        <input type="text" id="username" name="username" required>
+        <label for="password">Password:</label>
+        <input type="password" id="password" name="password" required>
+        <button type="submit">Login</button>
+    </form>
+</body>
+</html>
```
2025-01-13 Monday 14:55:19 programmer.py : INFO  **[Update Codes]**

templates/dashboard.html updated.


```
'''

'''
--- Old
+++ New
@@ -1 +1,16 @@
-# None
+<!DOCTYPE html>
+<html lang="en">
+<head>
+    <meta charset="UTF-8">
+    <meta name="viewport" content="width=device-width, initial-scale=1.0">
+    <title>Dashboard</title>
+</head>
+<body>
+    <h2>Dashboard</h2>
+    <nav>
+        <a href="/tips">Tips</a>
+        <a href="/articles">Articles</a>
+        <a href="/forum">Forum</a>
+    </nav>
+</body>
+</html>
```
2025-01-13 Monday 14:55:19 programmer.py : INFO  **[Update Codes]**

templates/tips.html updated.


```
'''

'''
--- Old
+++ New
@@ -1 +1,20 @@
-# None
+<!DOCTYPE html>
+<html lang="en">
+<head>
+    <meta charset="UTF-8">
+    <meta name="viewport" content="width=device-width, initial-scale=1.0">
+    <title>Sustainable Living Tips</title>
+</head>
+<body>
+    <h2>Sustainable Living Tips</h2>
+    <form method="POST">
+        <textarea name="content" required></textarea>
+        <button type="submit">Submit Tip</button>
+    </form>
+    <ul>
+        {% for tip in tips %}
+            <li>{{ tip.content }}</li>
+        {% endfor %}
+    </ul>
+</body>
+</html>
```
2025-01-13 Monday 14:55:19 programmer.py : INFO  **[Update Codes]**

templates/articles.html updated.


```
'''

'''
--- Old
+++ New
@@ -1 +1,21 @@
-# None
+<!DOCTYPE html>
+<html lang="en">
+<head>
+    <meta charset="UTF-8">
+    <meta name="viewport" content="width=device-width, initial-scale=1.0">
+    <title>Articles</title>
+</head>
+<body>
+    <h2>Articles</h2>
+    <form method="POST">
+        <input type="text" name="title" placeholder="Title" required>
+        <textarea name="content" required></textarea>
+        <button type="submit">Submit Article</button>
+    </form>
+    <ul>
+        {% for article in articles %}
+            <li><strong>{{ article.title }}</strong>: {{ article.content }}</li>
+        {% endfor %}
+    </ul>
+</body>
+</html>
```
2025-01-13 Monday 14:55:19 programmer.py : INFO  **[Update Codes]**

templates/forum.html updated.


```
'''

'''
--- Old
+++ New
@@ -1 +1,20 @@
-# None
+<!DOCTYPE html>
+<html lang="en">
+<head>
+    <meta charset="UTF-8">
+    <meta name="viewport" content="width=device-width, initial-scale=1.0">
+    <title>Community Forum</title>
+</head>
+<body>
+    <h2>Community Forum</h2>
+    <form method="POST">
+        <textarea name="message" required></textarea>
+        <button type="submit">Post Message</button>
+    </form>
+    <ul>
+        {% for post in forum_posts %}
+            <li><strong>{{ post.username }}</strong>: {{ post.message }}</li>
+        {% endfor %}
+    </ul>
+</body>
+</html>
```
2025-01-13 Monday 14:55:19 programmer.py : INFO  **[Update Codes]**

users.txt updated.


```
'''

'''
--- Old
+++ New
@@ -1 +1,2 @@
-# None
+admin|admin123
+user1|user123
```
2025-01-13 Monday 14:55:19 programmer.py : INFO  **[Update Codes]**

tips.txt updated.


```
'''

'''
--- Old
+++ New
@@ -1 +1,3 @@
-# None
+Reduce, reuse, recycle.
+Use energy-efficient appliances.
+Compost organic waste.
```
2025-01-13 Monday 14:55:19 programmer.py : INFO  **[Update Codes]**

articles.txt updated.


```
'''

'''
--- Old
+++ New
@@ -1 +1,2 @@
-# None
+The Importance of Sustainable Living|Sustainable living is essential for preserving our planet for future generations.
+10 Tips for Going Green|Here are ten easy ways to reduce your carbon footprint.
```
2025-01-13 Monday 14:55:19 programmer.py : INFO  **[Update Codes]**

forum.txt updated.


```
'''

'''
--- Old
+++ New
@@ -1 +1,2 @@
-# None
+admin|Welcome to the community forum!
+user1|What are your favorite sustainable practices?
```
2025-01-13 Monday 14:55:19 programmer.py : INFO  Programmer writting CODE: main.py
2025-01-13 Monday 14:55:19 programmer.py : INFO  Programmer writting CODE: user.py
2025-01-13 Monday 14:55:19 programmer.py : INFO  Programmer writting CODE: tip.py
2025-01-13 Monday 14:55:19 programmer.py : INFO  Programmer writting CODE: article.py
2025-01-13 Monday 14:55:19 programmer.py : INFO  Programmer writting CODE: forum_post.py
2025-01-13 Monday 14:55:19 programmer.py : INFO  Programmer writting CODE: templates/login.html
2025-01-13 Monday 14:55:19 programmer.py : INFO  Programmer writting CODE: templates/dashboard.html
2025-01-13 Monday 14:55:19 programmer.py : INFO  Programmer writting CODE: templates/tips.html
2025-01-13 Monday 14:55:19 programmer.py : INFO  Programmer writting CODE: templates/articles.html
2025-01-13 Monday 14:55:19 programmer.py : INFO  Programmer writting CODE: templates/forum.html
2025-01-13 Monday 14:55:19 programmer.py : INFO  Programmer writting CODE: users.txt
2025-01-13 Monday 14:55:19 programmer.py : INFO  Programmer writting CODE: tips.txt
2025-01-13 Monday 14:55:19 programmer.py : INFO  Programmer writting CODE: articles.txt
2025-01-13 Monday 14:55:19 programmer.py : INFO  Programmer writting CODE: forum.txt
2025-01-13 Monday 14:55:19 product_manager.py : INFO  Product Manager Pole extracting PRD......
2025-01-13 Monday 14:55:19 architect.py : INFO  Architect Arnold generate Architect variable temperature
2025-01-13 Monday 14:55:19 architect.py : INFO  
You are a Architect, your goal is design a concise, usable, complete software system. the constraint is make sure the architecture is simple enough and use appropriate open source libraries.
Aim to achieve functional requirements, only require to implement demo.
If the original requirements have data storage requirements, you need to design a simple data storage method for the software. Do not use SQL datasets. Follow the data storage requirements in the software requirements(including data format, storage requirements, etc.).


## Context
original_requirement
# Software Description

## Objective
The GreenLivingGuide project aims to develop a comprehensive web application that encourages sustainable living by providing users with resources, tips, and community engagement, all implemented using a user-friendly interface. Note that the website should start from the login page.

## Core Features
Users shall be able to log in to access personalized content and features.
Users shall be able to create a new account.
Users shall be able to view an introduction to sustainable living, recent articles, and navigate to other sections of the application.
Users shall be able to view and submit new sustainable living tips.
Users shall be able to read and submit articles on sustainable living practices and news.
Users shall be able to participate in the community forum, share experiences, and ask questions.
## Language

Use html and python to develop a web application.
You should use html to generate the web template by yourself.
## Data Storage
Data will be stored in local text files.
Different types of data will be stored in separate `.txt` files.
You should define the text file by yourself in advance.
This structured data storage will facilitate easy data retrieval and management through simple file manipulations in Python, ensuring the application remains light and efficient without the need for a SQL database.

functional requirements
[OUTPUT] ## general overview of the project The GreenLivingGuide project aims to develop a comprehensive web application that encourages sustainable living by providing users with resources, tips, and community engagement, all implemented using a user-friendly interface. Note that the website should start from the login page. ## software functional requirements 1. Users shall be able to log in to access personalized content and features. 2. Users shall be able to create a new account. 3. Users shall be able to view an introduction to sustainable living, recent articles, and navigate to other sections of the application. 4. Users shall be able to view and submit new sustainable living tips. 5. Users shall be able to read and submit articles on sustainable living practices and news. 6. Users shall be able to participate in the community forum, share experiences, and ask questions. [/OUTPUT]
-----
## format example
[CONTENT]
"Implementation approach": "We will ...",
"UI design":"- A canvas for... with ... For Web applications, you should use html to generate the web template by yourself."
"Data Storage":"If software requires a data storage, you should follow the rules: Data will be stored in local files. Different types of data will be stored in separate files. You should define the file by yourself in advance.Do not use SQL database. Else just print Not Require!"
"File list": ["main.py","game.py","templates/login.html","users.txt"],
"Data structures and interfaces": "
classDiagram
    class Main {
        -SearchEngine search_engine
        +main() str
    }
    class SearchEngine {
        -Index index
        -Ranking ranking
        -Summary summary
        +search(query: str) str
    }
    class Index {
        -KnowledgeBase knowledge_base
        +create_index(data: dict)
        +query_index(query: str) list
    }
    class Ranking {
        +rank_results(results: list) list
    }
    class Summary {
        +summarize_results(results: list) str
    }
    class KnowledgeBase {
        +update(data: dict)
        +fetch_data(query: str) dict
    }
    Main --> SearchEngine
    SearchEngine --> Index
    SearchEngine --> Ranking
    SearchEngine --> Summary
    Index --> KnowledgeBase
",

[/CONTENT]

## nodes: "<node>: <type>  # <instruction>"
- Implementation approach: <class 'str'>  # Analyze the difficult points of the requirements, select the appropriate open-source framework. If require GUI, you must also choose a GUI framework (e.g., in Python, you can implement GUI via tkinter, Pygame, Flexx, PyGUI, etc,)
- File list: typing.List[str]  #  Only need relative paths. ALWAYS write a main.py here
- Data structures and interfaces: <class 'str'>  # Use mermaid classDiagram code syntax, including classes, method(__init__ etc.) and functions with type annotations, CLEARLY MARK the RELATIONSHIPS between classes, and comply with PEP8 standards. The data structures SHOULD BE VERY DETAILED and the API should be comprehensive with a complete design.
- UI design:<class 'str'>  # optional, if system require UI, choose a GUI framework (e.g., in Python, you can implement GUI via tkinter, Pygame, Flexx, PyGUI, etc,) and list system UI design and corresponding feature's UI design.

## constraint
Language: Please use the same language as Human INPUT.
Format: output wrapped inside [CONTENT][/CONTENT] like format example, nothing else.
If you are doing website development, do not encrypt the account password for the login function.

# Attention
1. If a feature of software requires a GUI, you also need to carefully consider the UI components that this feature will require and its relationship to the main UI in Architecture.
2. Aim to achieve functional requirements, only require to implement a demo.
3. If project requires data storage, follow the requirement of data storage, implement a simple storage.Do not use SQL database.
4. Organize related functionalities into a single Python file to avoid creating too many files.
5. do not output ```plaintext or other ``` in the start and the end, output directly.

## action
Follow instructions of nodes and Attention, generate output and make sure it follows the format example.

2025-01-13 Monday 14:55:19 model.py : INFO  self.model.temperature-----------------0.45-------------------------------
2025-01-13 Monday 14:55:31 _client.py : INFO  HTTP Request: POST https://api.chatanywhere.tech/chat/completions "HTTP/1.1 200 OK"
2025-01-13 Monday 14:55:31 model.py : INFO  following invoke cost: 1767 | all cost: 28994
2025-01-13 Monday 14:55:31 architect.py : INFO  Architect Arnold
2025-01-13 Monday 14:55:31 architect.py : INFO  [CONTENT]
"Implementation approach": "We will use Flask as the web framework for developing the GreenLivingGuide web application. Flask is lightweight and easy to use, which makes it suitable for our requirements. For the front end, we will create simple HTML templates for user interaction. We will handle user authentication and data storage using local text files.",
"UI design":"- Login Page: A form for users to enter their username and password. A link to create a new account. - Dashboard: A welcome message, introduction to sustainable living, and links to recent articles and tips. - Tips Page: A form to submit new tips and a display area for existing tips. - Articles Page: A form to submit articles and a display area for existing articles. - Forum Page: A section for users to post questions and share experiences.",
"Data Storage":"Data will be stored in local text files. Different types of data will be stored in separate `.txt` files. The following files will be created: `users.txt` for user account data, `tips.txt` for sustainable living tips, `articles.txt` for articles, and `forum.txt` for community forum posts.",
"File list": ["main.py", "templates/login.html", "templates/dashboard.html", "templates/tips.html", "templates/articles.html", "templates/forum.html", "users.txt", "tips.txt", "articles.txt", "forum.txt"],
"Data structures and interfaces": "
classDiagram
    class Main {
        -UserManager user_manager
        -TipManager tip_manager
        -ArticleManager article_manager
        -ForumManager forum_manager
        +main() str
    }
    class UserManager {
        -users: dict
        +load_users() dict
        +save_user(username: str, password: str) void
        +authenticate(username: str, password: str) bool
    }
    class TipManager {
        -tips: list
        +load_tips() list
        +save_tip(tip: str) void
    }
    class ArticleManager {
        -articles: list
        +load_articles() list
        +save_article(article: str) void
    }
    class ForumManager {
        -posts: list
        +load_posts() list
        +save_post(post: str) void
    }
    Main --> UserManager
    Main --> TipManager
    Main --> ArticleManager
    Main --> ForumManager
",
[/CONTENT]
2025-01-13 Monday 14:55:31 architect.py : INFO  already a architect, replace it
2025-01-13 Monday 14:55:31 architect.py : INFO  Architect writting ARCHITECT
2025-01-13 Monday 14:55:31 project_manager.py : INFO  Project Manager Tsunoda generate Project PLAN variable temperature
2025-01-13 Monday 14:55:31 project_manager.py : INFO  
You are a Project Manager, your goal is break down tasks according to functional requirement/architecture, generate a task plan, and analyze task dependencies to start with the prerequisite modules. the constraint is use same language as user requirement. 


## Context
functional requirement:
[OUTPUT] ## general overview of the project The GreenLivingGuide project aims to develop a comprehensive web application that encourages sustainable living by providing users with resources, tips, and community engagement, all implemented using a user-friendly interface. Note that the website should start from the login page. ## software functional requirements 1. Users shall be able to log in to access personalized content and features. 2. Users shall be able to create a new account. 3. Users shall be able to view an introduction to sustainable living, recent articles, and navigate to other sections of the application. 4. Users shall be able to view and submit new sustainable living tips. 5. Users shall be able to read and submit articles on sustainable living practices and news. 6. Users shall be able to participate in the community forum, share experiences, and ask questions. [/OUTPUT]

architecture:
[CONTENT]
"Implementation approach": "We will use Flask as the web framework for developing the GreenLivingGuide web application. Flask is lightweight and easy to use, which makes it suitable for our requirements. For the front end, we will create simple HTML templates for user interaction. We will handle user authentication and data storage using local text files.",
"UI design":"- Login Page: A form for users to enter their username and password. A link to create a new account. - Dashboard: A welcome message, introduction to sustainable living, and links to recent articles and tips. - Tips Page: A form to submit new tips and a display area for existing tips. - Articles Page: A form to submit articles and a display area for existing articles. - Forum Page: A section for users to post questions and share experiences.",
"Data Storage":"Data will be stored in local text files. Different types of data will be stored in separate `.txt` files. The following files will be created: `users.txt` for user account data, `tips.txt` for sustainable living tips, `articles.txt` for articles, and `forum.txt` for community forum posts.",
"File list": ["main.py", "templates/login.html", "templates/dashboard.html", "templates/tips.html", "templates/articles.html", "templates/forum.html", "users.txt", "tips.txt", "articles.txt", "forum.txt"],
"Data structures and interfaces": "
classDiagram
    class Main {
        -UserManager user_manager
        -TipManager tip_manager
        -ArticleManager article_manager
        -ForumManager forum_manager
        +main() str
    }
    class UserManager {
        -users: dict
        +load_users() dict
        +save_user(username: str, password: str) void
        +authenticate(username: str, password: str) bool
    }
    class TipManager {
        -tips: list
        +load_tips() list
        +save_tip(tip: str) void
    }
    class ArticleManager {
        -articles: list
        +load_articles() list
        +save_article(article: str) void
    }
    class ForumManager {
        -posts: list
        +load_posts() list
        +save_post(post: str) void
    }
    Main --> UserManager
    Main --> TipManager
    Main --> ArticleManager
    Main --> ForumManager
",
[/CONTENT]
-----

## format example
[CONTENT]

"Required packages": [
    "flask==1.1.2",
    "bcrypt==3.2.0"
],
"Required Other language third-party packages": [
    "No third-party dependencies required"
],
"Logic Analysis": [
    [
        "game.py",
        "Contains Game class and ... functions"
    ],
    [
        "main.py",
        "Contains main function, from game import Game"
    ]
],
"Task list": [
    "game.py",
    "main.py"
],
"Shared Knowledge": "`game.py` contains functions shared across the project.",

[/CONTENT]

## nodes: "<node>: <type>  # <instruction>"
- Required packages: typing.List[str]  # Provide required packages in requirements.txt format.
- Required Other language third-party packages: typing.List[str]  # List down the required packages for languages other than Python.
- Logic Analysis: typing.List[typing.List[str]]  # Provide a list of files with the classes/methods/functions to be implemented, including dependency analysis and imports.
- Task list: typing.List[str]  # Break down the tasks into a list of filenames, prioritized by dependency order.
- Full API spec: <class 'str'>  # Describe all APIs using OpenAPI 3.0 spec that may be used by both frontend and backend. If front-end and back-end communication is not required, leave it blank.
- Shared Knowledge: <class 'str'>  # Detail any shared knowledge, like common utility functions or configuration variables.

## constraint
Language: Please use the same language as Human INPUT.
Format: output wrapped inside [CONTENT][/CONTENT] like format example, nothing else.
If you are doing website development, please do not encrypt the account password for the login function.

## action
Follow instructions of nodes, generate output and make sure it follows the format example.

2025-01-13 Monday 14:55:31 model.py : INFO  self.model.temperature-----------------0.45-------------------------------
2025-01-13 Monday 14:55:37 _client.py : INFO  HTTP Request: POST https://api.chatanywhere.tech/chat/completions "HTTP/1.1 200 OK"
2025-01-13 Monday 14:55:37 model.py : INFO  following invoke cost: 1538 | all cost: 30532
2025-01-13 Monday 14:55:37 project_manager.py : INFO  Project Manager Tsunoda
2025-01-13 Monday 14:55:37 project_manager.py : INFO  [CONTENT]
"Required packages": [
    "flask==1.1.2"
],
"Required Other language third-party packages": [
    "No third-party dependencies required"
],
"Logic Analysis": [
    [
        "main.py",
        "Contains the main function and initializes the web application. It manages user authentication and calls the respective managers for tips, articles, and forum functionalities."
    ],
    [
        "user_manager.py",
        "Contains UserManager class for handling user accounts including loading, saving, and authenticating users."
    ],
    [
        "tip_manager.py",
        "Contains TipManager class for managing sustainable living tips including loading and saving tips."
    ],
    [
        "article_manager.py",
        "Contains ArticleManager class for managing articles including loading and saving articles."
    ],
    [
        "forum_manager.py",
        "Contains ForumManager class for managing community forum posts including loading and saving posts."
    ],
    [
        "templates/login.html",
        "HTML template for the login page."
    ],
    [
        "templates/dashboard.html",
        "HTML template for the dashboard displaying introduction and links."
    ],
    [
        "templates/tips.html",
        "HTML template for submitting and displaying tips."
    ],
    [
        "templates/articles.html",
        "HTML template for submitting and displaying articles."
    ],
    [
        "templates/forum.html",
        "HTML template for the community forum."
    ]
],
"Task list": [
    "user_manager.py",
    "tip_manager.py",
    "article_manager.py",
    "forum_manager.py",
    "main.py",
    "templates/login.html",
    "templates/dashboard.html",
    "templates/tips.html",
    "templates/articles.html",
    "templates/forum.html"
],
"Shared Knowledge": "`user_manager.py`, `tip_manager.py`, `article_manager.py`, and `forum_manager.py` contain classes that manage different functionalities and are used in `main.py`."
[/CONTENT]
2025-01-13 Monday 14:55:37 project_manager.py : INFO  already a task plan, replace it
2025-01-13 Monday 14:55:37 project_manager.py : INFO  Project Manager writting TASK PLAN
2025-01-13 Monday 14:55:37 programmer.py : INFO  Programmer Clorinde Temperature Coding...
2025-01-13 Monday 14:55:37 programmer.py : INFO  
You are a professional engineer; the main goal is to write google-style, elegant, modular, easy to read and maintain code.
Output format carefully referenced "Format example".
In addition to writing code, you may also need to complete the data files in the task list (such as .txt .json .csv files). If the task list requires the implementation of data files, you need to simply design some data that meets the requirements for your completed software to facilitate the startup and testing of the software as a demo.


# Context
## Design
[CONTENT]
"Implementation approach": "We will use Flask as the web framework for developing the GreenLivingGuide web application. Flask is lightweight and easy to use, which makes it suitable for our requirements. For the front end, we will create simple HTML templates for user interaction. We will handle user authentication and data storage using local text files.",
"UI design":"- Login Page: A form for users to enter their username and password. A link to create a new account. - Dashboard: A welcome message, introduction to sustainable living, and links to recent articles and tips. - Tips Page: A form to submit new tips and a display area for existing tips. - Articles Page: A form to submit articles and a display area for existing articles. - Forum Page: A section for users to post questions and share experiences.",
"Data Storage":"Data will be stored in local text files. Different types of data will be stored in separate `.txt` files. The following files will be created: `users.txt` for user account data, `tips.txt` for sustainable living tips, `articles.txt` for articles, and `forum.txt` for community forum posts.",
"File list": ["main.py", "templates/login.html", "templates/dashboard.html", "templates/tips.html", "templates/articles.html", "templates/forum.html", "users.txt", "tips.txt", "articles.txt", "forum.txt"],
"Data structures and interfaces": "
classDiagram
    class Main {
        -UserManager user_manager
        -TipManager tip_manager
        -ArticleManager article_manager
        -ForumManager forum_manager
        +main() str
    }
    class UserManager {
        -users: dict
        +load_users() dict
        +save_user(username: str, password: str) void
        +authenticate(username: str, password: str) bool
    }
    class TipManager {
        -tips: list
        +load_tips() list
        +save_tip(tip: str) void
    }
    class ArticleManager {
        -articles: list
        +load_articles() list
        +save_article(article: str) void
    }
    class ForumManager {
        -posts: list
        +load_posts() list
        +save_post(post: str) void
    }
    Main --> UserManager
    Main --> TipManager
    Main --> ArticleManager
    Main --> ForumManager
",
[/CONTENT]
## Task Plan
[CONTENT]
"Required packages": [
    "flask==1.1.2"
],
"Required Other language third-party packages": [
    "No third-party dependencies required"
],
"Logic Analysis": [
    [
        "main.py",
        "Contains the main function and initializes the web application. It manages user authentication and calls the respective managers for tips, articles, and forum functionalities."
    ],
    [
        "user_manager.py",
        "Contains UserManager class for handling user accounts including loading, saving, and authenticating users."
    ],
    [
        "tip_manager.py",
        "Contains TipManager class for managing sustainable living tips including loading and saving tips."
    ],
    [
        "article_manager.py",
        "Contains ArticleManager class for managing articles including loading and saving articles."
    ],
    [
        "forum_manager.py",
        "Contains ForumManager class for managing community forum posts including loading and saving posts."
    ],
    [
        "templates/login.html",
        "HTML template for the login page."
    ],
    [
        "templates/dashboard.html",
        "HTML template for the dashboard displaying introduction and links."
    ],
    [
        "templates/tips.html",
        "HTML template for submitting and displaying tips."
    ],
    [
        "templates/articles.html",
        "HTML template for submitting and displaying articles."
    ],
    [
        "templates/forum.html",
        "HTML template for the community forum."
    ]
],
"Task list": [
    "user_manager.py",
    "tip_manager.py",
    "article_manager.py",
    "forum_manager.py",
    "main.py",
    "templates/login.html",
    "templates/dashboard.html",
    "templates/tips.html",
    "templates/articles.html",
    "templates/forum.html"
],
"Shared Knowledge": "`user_manager.py`, `tip_manager.py`, `article_manager.py`, and `forum_manager.py` contain classes that manage different functionalities and are used in `main.py`."
[/CONTENT]

-----
# Format Example 
*** main.py
```python
...
```

*** ui.py
```python
...
```

*** a.txt
```txt
admin|admin123
user1|user123
```
-----
# Instruction: Based on the context, follow "Format example", write code.
## ATTENTION
1. Use '***' to SPLIT different CODE SECTIONS. do not forget ``` in each file, refer the the example. Output format carefully referenced "Format example".
2. Follow design: YOU MUST FOLLOW "Data structures and interfaces". DONT CHANGE ANY DESIGN. Do not use public member functions that do not exist in your design.
3. Follow task: YOU MUST write Comprehensive codes to complete task of each file in task list.
4. CAREFULLY CHECK THAT YOU DONT MISS ANY NECESSARY CLASS/FUNCTION IN THE FILE.
5. You must import the third-party libraries used in your code
6. If you use a Class not in your file, you must ensure you import it firstly.
7. Determine the order of writing the files based on your understanding of the project.
8. Write out EVERY CODE DETAIL, DON'T LEAVE TODO,PASS,PLACEHOLDER.
9. Only write code result, do not output any other content in the start or in the end.
10. If you need to generate text data, must follow below rules:
(Different groups of data are distinguished by line breaks.
Different contents of the same group of data are distinguished by |.
Make sure: The "|" character is used only to separate distinct contents within a group.
Your code of handling data must be consistent with rule in which you define the data.
11. You need to write some pre-stored data to facilitate testing.

# Website Development Rule
If you are doing website development, be sure to route the root path (/). If there is a login page, set the login page as the root route(/).
If you are doing website development, please do not encrypt the account password for the login function.
If you are doing website development, your code needs to take into account the process of loading data from the data file, so don't forget to load the data.
If you are doing Website Development, do not follow the rules of Website and Game development.

# GUI tkinter Development Rule
If you are doing GUI tkinter Development, do not follow the rules of Website and Game development.
# Game Development Rule
If the software needs to load data, please make sure the loading data code matches the data format and data file.
If you are doing Game Development, do not follow the rules of Website and Game development.

# important rule
Use '***' to SPLIT CODE SECTIONS. do not forget ``` in each file, refer the the example. Output format carefully referenced "Format example". 
Adhere strictly to the task requirements and implement them fully; do not include placeholders or "example" for code that is intended for future implementation.

2025-01-13 Monday 14:55:37 model.py : INFO  self.model.temperature-----------------0.45-------------------------------
2025-01-13 Monday 14:55:52 _client.py : INFO  HTTP Request: POST https://api.chatanywhere.tech/chat/completions "HTTP/1.1 200 OK"
2025-01-13 Monday 14:55:52 model.py : INFO  following invoke cost: 3419 | all cost: 33951
2025-01-13 Monday 14:55:52 programmer.py : INFO  
*** user_manager.py
```python
class UserManager:
    def __init__(self):
        self.users = self.load_users()

    def load_users(self) -> dict:
        users = {}
        try:
            with open('users.txt', 'r') as file:
                for line in file:
                    username, password = line.strip().split('|')
                    users[username] = password
        except FileNotFoundError:
            pass
        return users

    def save_user(self, username: str, password: str) -> None:
        self.users[username] = password
        with open('users.txt', 'a') as file:
            file.write(f"{username}|{password}\n")

    def authenticate(self, username: str, password: str) -> bool:
        return self.users.get(username) == password
```

*** tip_manager.py
```python
class TipManager:
    def __init__(self):
        self.tips = self.load_tips()

    def load_tips(self) -> list:
        tips = []
        try:
            with open('tips.txt', 'r') as file:
                tips = [line.strip() for line in file]
        except FileNotFoundError:
            pass
        return tips

    def save_tip(self, tip: str) -> None:
        self.tips.append(tip)
        with open('tips.txt', 'a') as file:
            file.write(f"{tip}\n")
```

*** article_manager.py
```python
class ArticleManager:
    def __init__(self):
        self.articles = self.load_articles()

    def load_articles(self) -> list:
        articles = []
        try:
            with open('articles.txt', 'r') as file:
                articles = [line.strip() for line in file]
        except FileNotFoundError:
            pass
        return articles

    def save_article(self, article: str) -> None:
        self.articles.append(article)
        with open('articles.txt', 'a') as file:
            file.write(f"{article}\n")
```

*** forum_manager.py
```python
class ForumManager:
    def __init__(self):
        self.posts = self.load_posts()

    def load_posts(self) -> list:
        posts = []
        try:
            with open('forum.txt', 'r') as file:
                posts = [line.strip() for line in file]
        except FileNotFoundError:
            pass
        return posts

    def save_post(self, post: str) -> None:
        self.posts.append(post)
        with open('forum.txt', 'a') as file:
            file.write(f"{post}\n")
```

*** main.py
```python
from flask import Flask, render_template, request, redirect, url_for, session
from user_manager import UserManager
from tip_manager import TipManager
from article_manager import ArticleManager
from forum_manager import ForumManager

app = Flask(__name__)
app.secret_key = 'your_secret_key'

user_manager = UserManager()
tip_manager = TipManager()
article_manager = ArticleManager()
forum_manager = ForumManager()

@app.route('/')
def login():
    return render_template('login.html')

@app.route('/dashboard')
def dashboard():
    return render_template('dashboard.html', tips=tip_manager.tips, articles=article_manager.articles)

@app.route('/tips', methods=['GET', 'POST'])
def tips():
    if request.method == 'POST':
        tip = request.form['tip']
        tip_manager.save_tip(tip)
        return redirect(url_for('tips'))
    return render_template('tips.html', tips=tip_manager.tips)

@app.route('/articles', methods=['GET', 'POST'])
def articles():
    if request.method == 'POST':
        article = request.form['article']
        article_manager.save_article(article)
        return redirect(url_for('articles'))
    return render_template('articles.html', articles=article_manager.articles)

@app.route('/forum', methods=['GET', 'POST'])
def forum():
    if request.method == 'POST':
        post = request.form['post']
        forum_manager.save_post(post)
        return redirect(url_for('forum'))
    return render_template('forum.html', posts=forum_manager.posts)

@app.route('/authenticate', methods=['POST'])
def authenticate():
    username = request.form['username']
    password = request.form['password']
    if user_manager.authenticate(username, password):
        session['username'] = username
        return redirect(url_for('dashboard'))
    return redirect(url_for('login'))

if __name__ == '__main__':
    app.run(debug=True)
```

*** templates/login.html
```html
<!DOCTYPE html>
<html lang="en">
<head>
    <meta charset="UTF-8">
    <title>Login</title>
</head>
<body>
    <h2>Login</h2>
    <form action="/authenticate" method="post">
        <label for="username">Username:</label>
        <input type="text" id="username" name="username" required>
        <br>
        <label for="password">Password:</label>
        <input type="password" id="password" name="password" required>
        <br>
        <input type="submit" value="Login">
    </form>
    <a href="/register">Create a new account</a>
</body>
</html>
```

*** templates/dashboard.html
```html
<!DOCTYPE html>
<html lang="en">
<head>
    <meta charset="UTF-8">
    <title>Dashboard</title>
</head>
<body>
    <h2>Welcome to GreenLivingGuide</h2>
    <p>Introduction to sustainable living...</p>
    <h3>Recent Tips</h3>
    <ul>
        {% for tip in tips %}
        <li>{{ tip }}</li>
        {% endfor %}
    </ul>
    <a href="/tips">View Tips</a>
    <a href="/articles">View Articles</a>
    <a href="/forum">Visit Forum</a>
</body>
</html>
```

*** templates/tips.html
```html
<!DOCTYPE html>
<html lang="en">
<head>
    <meta charset="UTF-8">
    <title>Sustainable Living Tips</title>
</head>
<body>
    <h2>Submit a Tip</h2>
    <form action="/tips" method="post">
        <textarea name="tip" required></textarea>
        <br>
        <input type="submit" value="Submit Tip">
    </form>
    <h3>Existing Tips</h3>
    <ul>
        {% for tip in tips %}
        <li>{{ tip }}</li>
        {% endfor %}
    </ul>
</body>
</html>
```

*** templates/articles.html
```html
<!DOCTYPE html>
<html lang="en">
<head>
    <meta charset="UTF-8">
    <title>Articles</title>
</head>
<body>
    <h2>Submit an Article</h2>
    <form action="/articles" method="post">
        <textarea name="article" required></textarea>
        <br>
        <input type="submit" value="Submit Article">
    </form>
    <h3>Existing Articles</h3>
    <ul>
        {% for article in articles %}
        <li>{{ article }}</li>
        {% endfor %}
    </ul>
</body>
</html>
```

*** templates/forum.html
```html
<!DOCTYPE html>
<html lang="en">
<head>
    <meta charset="UTF-8">
    <title>Forum</title>
</head>
<body>
    <h2>Community Forum</h2>
    <form action="/forum" method="post">
        <textarea name="post" required></textarea>
        <br>
        <input type="submit" value="Post">
    </form>
    <h3>Forum Posts</h3>
    <ul>
        {% for post in posts %}
        <li>{{ post }}</li>
        {% endfor %}
    </ul>
</body>
</html>
```

*** users.txt
```txt
admin|admin123
user1|user123
```

*** tips.txt
```txt
Reduce, reuse, recycle.
Use energy-efficient appliances.
Plant a tree.
```

*** articles.txt
```txt
The Importance of Sustainable Living.
How to Reduce Your Carbon Footprint.
Benefits of Organic Farming.
```

*** forum.txt
```txt
What are some easy ways to live sustainably?
How can I reduce plastic use at home?
```

2025-01-13 Monday 14:55:52 programmer.py : INFO  Compare Code
2025-01-13 Monday 14:55:52 programmer.py : INFO  **[Update Codes]**

user_manager.py updated.


```
'''

'''
--- Old
+++ New
@@ -1 +1,22 @@
-# None
+class UserManager:
+    def __init__(self):
+        self.users = self.load_users()
+
+    def load_users(self) -> dict:
+        users = {}
+        try:
+            with open('users.txt', 'r') as file:
+                for line in file:
+                    username, password = line.strip().split('|')
+                    users[username] = password
+        except FileNotFoundError:
+            pass
+        return users
+
+    def save_user(self, username: str, password: str) -> None:
+        self.users[username] = password
+        with open('users.txt', 'a') as file:
+            file.write(f"{username}|{password}\n")
+
+    def authenticate(self, username: str, password: str) -> bool:
+        return self.users.get(username) == password
```
2025-01-13 Monday 14:55:52 programmer.py : INFO  **[Update Codes]**

tip_manager.py updated.


```
'''

'''
--- Old
+++ New
@@ -1 +1,17 @@
-# None
+class TipManager:
+    def __init__(self):
+        self.tips = self.load_tips()
+
+    def load_tips(self) -> list:
+        tips = []
+        try:
+            with open('tips.txt', 'r') as file:
+                tips = [line.strip() for line in file]
+        except FileNotFoundError:
+            pass
+        return tips
+
+    def save_tip(self, tip: str) -> None:
+        self.tips.append(tip)
+        with open('tips.txt', 'a') as file:
+            file.write(f"{tip}\n")
```
2025-01-13 Monday 14:55:52 programmer.py : INFO  **[Update Codes]**

article_manager.py updated.


```
'''

'''
--- Old
+++ New
@@ -1 +1,17 @@
-# None
+class ArticleManager:
+    def __init__(self):
+        self.articles = self.load_articles()
+
+    def load_articles(self) -> list:
+        articles = []
+        try:
+            with open('articles.txt', 'r') as file:
+                articles = [line.strip() for line in file]
+        except FileNotFoundError:
+            pass
+        return articles
+
+    def save_article(self, article: str) -> None:
+        self.articles.append(article)
+        with open('articles.txt', 'a') as file:
+            file.write(f"{article}\n")
```
2025-01-13 Monday 14:55:52 programmer.py : INFO  **[Update Codes]**

forum_manager.py updated.


```
'''

'''
--- Old
+++ New
@@ -1 +1,17 @@
-# None
+class ForumManager:
+    def __init__(self):
+        self.posts = self.load_posts()
+
+    def load_posts(self) -> list:
+        posts = []
+        try:
+            with open('forum.txt', 'r') as file:
+                posts = [line.strip() for line in file]
+        except FileNotFoundError:
+            pass
+        return posts
+
+    def save_post(self, post: str) -> None:
+        self.posts.append(post)
+        with open('forum.txt', 'a') as file:
+            file.write(f"{post}\n")
```
2025-01-13 Monday 14:55:52 programmer.py : INFO  **[Update Codes]**

main.py updated.


```
'''

'''
--- Old
+++ New
@@ -1 +1,57 @@
-# None
+from flask import Flask, render_template, request, redirect, url_for, session
+from user_manager import UserManager
+from tip_manager import TipManager
+from article_manager import ArticleManager
+from forum_manager import ForumManager
+
+app = Flask(__name__)
+app.secret_key = 'your_secret_key'
+
+user_manager = UserManager()
+tip_manager = TipManager()
+article_manager = ArticleManager()
+forum_manager = ForumManager()
+
+@app.route('/')
+def login():
+    return render_template('login.html')
+
+@app.route('/dashboard')
+def dashboard():
+    return render_template('dashboard.html', tips=tip_manager.tips, articles=article_manager.articles)
+
+@app.route('/tips', methods=['GET', 'POST'])
+def tips():
+    if request.method == 'POST':
+        tip = request.form['tip']
+        tip_manager.save_tip(tip)
+        return redirect(url_for('tips'))
+    return render_template('tips.html', tips=tip_manager.tips)
+
+@app.route('/articles', methods=['GET', 'POST'])
+def articles():
+    if request.method == 'POST':
+        article = request.form['article']
+        article_manager.save_article(article)
+        return redirect(url_for('articles'))
+    return render_template('articles.html', articles=article_manager.articles)
+
+@app.route('/forum', methods=['GET', 'POST'])
+def forum():
+    if request.method == 'POST':
+        post = request.form['post']
+        forum_manager.save_post(post)
+        return redirect(url_for('forum'))
+    return render_template('forum.html', posts=forum_manager.posts)
+
+@app.route('/authenticate', methods=['POST'])
+def authenticate():
+    username = request.form['username']
+    password = request.form['password']
+    if user_manager.authenticate(username, password):
+        session['username'] = username
+        return redirect(url_for('dashboard'))
+    return redirect(url_for('login'))
+
+if __name__ == '__main__':
+    app.run(debug=True)
```
2025-01-13 Monday 14:55:52 programmer.py : INFO  **[Update Codes]**

templates/login.html updated.


```
'''

'''
--- Old
+++ New
@@ -1 +1,20 @@
-# None
+<!DOCTYPE html>
+<html lang="en">
+<head>
+    <meta charset="UTF-8">
+    <title>Login</title>
+</head>
+<body>
+    <h2>Login</h2>
+    <form action="/authenticate" method="post">
+        <label for="username">Username:</label>
+        <input type="text" id="username" name="username" required>
+        <br>
+        <label for="password">Password:</label>
+        <input type="password" id="password" name="password" required>
+        <br>
+        <input type="submit" value="Login">
+    </form>
+    <a href="/register">Create a new account</a>
+</body>
+</html>
```
2025-01-13 Monday 14:55:52 programmer.py : INFO  **[Update Codes]**

templates/dashboard.html updated.


```
'''

'''
--- Old
+++ New
@@ -1 +1,20 @@
-# None
+<!DOCTYPE html>
+<html lang="en">
+<head>
+    <meta charset="UTF-8">
+    <title>Dashboard</title>
+</head>
+<body>
+    <h2>Welcome to GreenLivingGuide</h2>
+    <p>Introduction to sustainable living...</p>
+    <h3>Recent Tips</h3>
+    <ul>
+        {% for tip in tips %}
+        <li>{{ tip }}</li>
+        {% endfor %}
+    </ul>
+    <a href="/tips">View Tips</a>
+    <a href="/articles">View Articles</a>
+    <a href="/forum">Visit Forum</a>
+</body>
+</html>
```
2025-01-13 Monday 14:55:52 programmer.py : INFO  **[Update Codes]**

templates/tips.html updated.


```
'''

'''
--- Old
+++ New
@@ -1 +1,21 @@
-# None
+<!DOCTYPE html>
+<html lang="en">
+<head>
+    <meta charset="UTF-8">
+    <title>Sustainable Living Tips</title>
+</head>
+<body>
+    <h2>Submit a Tip</h2>
+    <form action="/tips" method="post">
+        <textarea name="tip" required></textarea>
+        <br>
+        <input type="submit" value="Submit Tip">
+    </form>
+    <h3>Existing Tips</h3>
+    <ul>
+        {% for tip in tips %}
+        <li>{{ tip }}</li>
+        {% endfor %}
+    </ul>
+</body>
+</html>
```
2025-01-13 Monday 14:55:52 programmer.py : INFO  **[Update Codes]**

templates/articles.html updated.


```
'''

'''
--- Old
+++ New
@@ -1 +1,21 @@
-# None
+<!DOCTYPE html>
+<html lang="en">
+<head>
+    <meta charset="UTF-8">
+    <title>Articles</title>
+</head>
+<body>
+    <h2>Submit an Article</h2>
+    <form action="/articles" method="post">
+        <textarea name="article" required></textarea>
+        <br>
+        <input type="submit" value="Submit Article">
+    </form>
+    <h3>Existing Articles</h3>
+    <ul>
+        {% for article in articles %}
+        <li>{{ article }}</li>
+        {% endfor %}
+    </ul>
+</body>
+</html>
```
2025-01-13 Monday 14:55:52 programmer.py : INFO  **[Update Codes]**

templates/forum.html updated.


```
'''

'''
--- Old
+++ New
@@ -1 +1,21 @@
-# None
+<!DOCTYPE html>
+<html lang="en">
+<head>
+    <meta charset="UTF-8">
+    <title>Forum</title>
+</head>
+<body>
+    <h2>Community Forum</h2>
+    <form action="/forum" method="post">
+        <textarea name="post" required></textarea>
+        <br>
+        <input type="submit" value="Post">
+    </form>
+    <h3>Forum Posts</h3>
+    <ul>
+        {% for post in posts %}
+        <li>{{ post }}</li>
+        {% endfor %}
+    </ul>
+</body>
+</html>
```
2025-01-13 Monday 14:55:52 programmer.py : INFO  **[Update Codes]**

users.txt updated.


```
'''

'''
--- Old
+++ New
@@ -1 +1,2 @@
-# None
+admin|admin123
+user1|user123
```
2025-01-13 Monday 14:55:52 programmer.py : INFO  **[Update Codes]**

tips.txt updated.


```
'''

'''
--- Old
+++ New
@@ -1 +1,3 @@
-# None
+Reduce, reuse, recycle.
+Use energy-efficient appliances.
+Plant a tree.
```
2025-01-13 Monday 14:55:52 programmer.py : INFO  **[Update Codes]**

articles.txt updated.


```
'''

'''
--- Old
+++ New
@@ -1 +1,3 @@
-# None
+The Importance of Sustainable Living.
+How to Reduce Your Carbon Footprint.
+Benefits of Organic Farming.
```
2025-01-13 Monday 14:55:52 programmer.py : INFO  **[Update Codes]**

forum.txt updated.


```
'''

'''
--- Old
+++ New
@@ -1 +1,2 @@
-# None
+What are some easy ways to live sustainably?
+How can I reduce plastic use at home?
```
2025-01-13 Monday 14:55:52 programmer.py : INFO  Programmer writting CODE: user_manager.py
2025-01-13 Monday 14:55:52 programmer.py : INFO  Programmer writting CODE: tip_manager.py
2025-01-13 Monday 14:55:52 programmer.py : INFO  Programmer writting CODE: article_manager.py
2025-01-13 Monday 14:55:52 programmer.py : INFO  Programmer writting CODE: forum_manager.py
2025-01-13 Monday 14:55:52 programmer.py : INFO  Programmer writting CODE: main.py
2025-01-13 Monday 14:55:52 programmer.py : INFO  Programmer writting CODE: templates/login.html
2025-01-13 Monday 14:55:52 programmer.py : INFO  Programmer writting CODE: templates/dashboard.html
2025-01-13 Monday 14:55:52 programmer.py : INFO  Programmer writting CODE: templates/tips.html
2025-01-13 Monday 14:55:52 programmer.py : INFO  Programmer writting CODE: templates/articles.html
2025-01-13 Monday 14:55:52 programmer.py : INFO  Programmer writting CODE: templates/forum.html
2025-01-13 Monday 14:55:52 programmer.py : INFO  Programmer writting CODE: users.txt
2025-01-13 Monday 14:55:52 programmer.py : INFO  Programmer writting CODE: tips.txt
2025-01-13 Monday 14:55:52 programmer.py : INFO  Programmer writting CODE: articles.txt
2025-01-13 Monday 14:55:52 programmer.py : INFO  Programmer writting CODE: forum.txt
2025-01-13 Monday 14:55:52 ceaug_main.py : INFO  Ready Auto Test # # # # # # # # # # # # D:\algorithm\agent\cese\dataset\SD-bench\codebase\GreenLivingGuide\ce\ce_0
2025-01-13 Monday 14:55:52 ceaug_main.py : INFO  read tested code:
--- DIRECTORY: D:\algorithm\agent\cese\dataset\SD-bench\codebase\GreenLivingGuide\ce\ce_0\code ---
  --- FILE: articles.txt (PATH: D:\algorithm\agent\cese\dataset\SD-bench\codebase\GreenLivingGuide\ce\ce_0\code\articles.txt, TYPE: .txt) ---
{"title": "The Importance of Recycling", "content": "Recycling helps reduce waste.", "author": "admin"}
{"title": "Composting Basics", "content": "Composting can reduce kitchen waste.", "author": "user1"}


  --- FILE: data_storage.py (PATH: D:\algorithm\agent\cese\dataset\SD-bench\codebase\GreenLivingGuide\ce\ce_0\code\data_storage.py, TYPE: .py) ---
import json
from typing import List

class User:
    def __init__(self, username: str, password: str):
        self.username = username
        self.password = password

    def to_dict(self) -> dict:
        return {'username': self.username, 'password': self.password}

class Tip:
    def __init__(self, content: str, author: str):
        self.content = content
        self.author = author

    def to_dict(self) -> dict:
        return {'content': self.content, 'author': self.author}

class Article:
    def __init__(self, title: str, content: str, author: str):
        self.title = title
        self.content = content
        self.author = author

    def to_dict(self) -> dict:
        return {'title': self.title, 'content': self.content, 'author': self.author}

class ForumPost:
    def __init__(self, content: str, author: str):
        self.content = content
        self.author = author

    def to_dict(self) -> dict:
        return {'content': self.content, 'author': self.author}

class DataStorage:
    def load_users(self) -> List[User]:
        try:
            with open('users.txt', 'r') as file:
                return [User(*line.strip().split('|')) for line in file.readlines()]
        except FileNotFoundError:
            return []

    def save_user(self, user: User):
        with open('users.txt', 'a') as file:
            file.write(f"{user.username}|{user.password}\n")

    def load_tips(self) -> List[Tip]:
        try:
            with open('tips.txt', 'r') as file:
                return [Tip(**json.loads(line.strip())) for line in file.readlines()]
        except FileNotFoundError:
            return []

    def save_tip(self, tip: Tip):
        with open('tips.txt', 'a') as file:
            file.write(json.dumps(tip.to_dict()) + '\n')

    def load_articles(self) -> List[Article]:
        try:
            with open('articles.txt', 'r') as file:
                return [Article(**json.loads(line.strip())) for line in file.readlines()]
        except FileNotFoundError:
            return []

    def save_article(self, article: Article):
        with open('articles.txt', 'a') as file:
            file.write(json.dumps(article.to_dict()) + '\n')

    def load_forum_posts(self) -> List[ForumPost]:
        try:
            with open('forum_posts.txt', 'r') as file:
                return [ForumPost(**json.loads(line.strip())) for line in file.readlines()]
        except FileNotFoundError:
            return []

    def save_forum_post(self, post: ForumPost):
        with open('forum_posts.txt', 'a') as file:
            file.write(json.dumps(post.to_dict()) + '\n')

  --- FILE: forum_posts.txt (PATH: D:\algorithm\agent\cese\dataset\SD-bench\codebase\GreenLivingGuide\ce\ce_0\code\forum_posts.txt, TYPE: .txt) ---
{"content": "What are your favorite sustainable practices?", "author": "admin"}
{"content": "How to start a home garden?", "author": "user1"}


  --- FILE: main.py (PATH: D:\algorithm\agent\cese\dataset\SD-bench\codebase\GreenLivingGuide\ce\ce_0\code\main.py, TYPE: .py) ---
from flask import Flask, render_template, request, redirect, session
from data_storage import DataStorage, User, Tip, Article, ForumPost

app = Flask(__name__)
app.secret_key = 'your_secret_key'
data_storage = DataStorage()

@app.route('/', methods=['GET', 'POST'])
def login():
    if request.method == 'POST':
        username = request.form['username']
        password = request.form['password']
        users = data_storage.load_users()
        for user in users:
            if user.username == username and user.password == password:
                session['username'] = username
                return redirect('/dashboard')
    return render_template('login.html')

@app.route('/dashboard')
def dashboard():
    if 'username' not in session:
        return redirect('/')
    return render_template('dashboard.html', username=session['username'])

@app.route('/tips', methods=['GET', 'POST'])
def tips():
    if request.method == 'POST':
        content = request.form['content']
        author = session['username']
        new_tip = Tip(content, author)
        data_storage.save_tip(new_tip)
        return redirect('/tips')
    all_tips = data_storage.load_tips()
    return render_template('tips.html', tips=all_tips)

@app.route('/articles', methods=['GET', 'POST'])
def articles():
    if request.method == 'POST':
        title = request.form['title']
        content = request.form['content']
        author = session['username']
        new_article = Article(title, content, author)
        data_storage.save_article(new_article)
        return redirect('/articles')
    all_articles = data_storage.load_articles()
    return render_template('articles.html', articles=all_articles)

@app.route('/forum', methods=['GET', 'POST'])
def forum():
    if request.method == 'POST':
        content = request.form['content']
        author = session['username']
        new_post = ForumPost(content, author)
        data_storage.save_forum_post(new_post)
        return redirect('/forum')
    all_posts = data_storage.load_forum_posts()
    return render_template('forum.html', posts=all_posts)

@app.route('/logout')
def logout():
    session.pop('username', None)
    return redirect('/')

if __name__ == '__main__':
    app.run(port=8454, debug=False)


  --- FILE: tips.txt (PATH: D:\algorithm\agent\cese\dataset\SD-bench\codebase\GreenLivingGuide\ce\ce_0\code\tips.txt, TYPE: .txt) ---
{"content": "Use reusable bags instead of plastic ones.", "author": "admin"}
{"content": "Turn off lights when not in use.", "author": "user1"}


  --- FILE: users.txt (PATH: D:\algorithm\agent\cese\dataset\SD-bench\codebase\GreenLivingGuide\ce\ce_0\code\users.txt, TYPE: .txt) ---
admin|admin123
user1|user123


  --- DIRECTORY: D:\algorithm\agent\cese\dataset\SD-bench\codebase\GreenLivingGuide\ce\ce_0\code\templates ---
    --- FILE: articles.html (PATH: D:\algorithm\agent\cese\dataset\SD-bench\codebase\GreenLivingGuide\ce\ce_0\code\templates\articles.html, TYPE: .html) ---
<!DOCTYPE html>
<html lang="en">
<head>
    <meta charset="UTF-8">
    <meta name="viewport" content="width=device-width, initial-scale=1.0">
    <title>Articles</title>
</head>
<body>
    <h1>Articles on Sustainable Living</h1>
    <form method="POST">
        <label for="title">Title:</label>
        <input type="text" id="title" name="title" required>
        <br>
        <label for="content">Content:</label>
        <textarea id="content" name="content" required></textarea>
        <br>
        <button type="submit">Submit Article</button>
    </form>
    <h2>All Articles</h2>
    <ul>
        {% for article in articles %}
            <li><strong>{{ article.title }}</strong> - {{ article.content }} - by {{ article.author }}</li>
        {% endfor %}
    </ul>
</body>
</html>

    --- FILE: dashboard.html (PATH: D:\algorithm\agent\cese\dataset\SD-bench\codebase\GreenLivingGuide\ce\ce_0\code\templates\dashboard.html, TYPE: .html) ---
<!DOCTYPE html>
<html lang="en">
<head>
    <meta charset="UTF-8">
    <meta name="viewport" content="width=device-width, initial-scale=1.0">
    <title>Dashboard</title>
</head>
<body>
    <h1>Welcome, {{ username }}</h1>
    <nav>
        <a href="/tips">Tips</a>
        <a href="/articles">Articles</a>
        <a href="/forum">Forum</a>
        <a href="/logout">Logout</a>
    </nav>
</body>
</html>

    --- FILE: forum.html (PATH: D:\algorithm\agent\cese\dataset\SD-bench\codebase\GreenLivingGuide\ce\ce_0\code\templates\forum.html, TYPE: .html) ---
<!DOCTYPE html>
<html lang="en">
<head>
    <meta charset="UTF-8">
    <meta name="viewport" content="width=device-width, initial-scale=1.0">
    <title>Community Forum</title>
</head>
<body>
    <h1>Community Forum</h1>
    <form method="POST">
        <label for="content">Post:</label>
        <textarea id="content" name="content" required></textarea>
        <br>
        <button type="submit">Submit Post</button>
    </form>
    <h2>All Posts</h2>
    <ul>
        {% for post in posts %}
            <li>{{ post.content }} - by {{ post.author }}</li>
        {% endfor %}
    </ul>
</body>
</html>

    --- FILE: login.html (PATH: D:\algorithm\agent\cese\dataset\SD-bench\codebase\GreenLivingGuide\ce\ce_0\code\templates\login.html, TYPE: .html) ---
<!DOCTYPE html>
<html lang="en">
<head>
    <meta charset="UTF-8">
    <meta name="viewport" content="width=device-width, initial-scale=1.0">
    <title>Login</title>
</head>
<body>
    <h1>Login</h1>
    <form method="POST">
        <label for="username">Username:</label>
        <input type="text" id="username" name="username" required>
        <br>
        <label for="password">Password:</label>
        <input type="password" id="password" name="password" required>
        <br>
        <button type="submit">Login</button>
    </form>
</body>
</html>

    --- FILE: tips.html (PATH: D:\algorithm\agent\cese\dataset\SD-bench\codebase\GreenLivingGuide\ce\ce_0\code\templates\tips.html, TYPE: .html) ---
<!DOCTYPE html>
<html lang="en">
<head>
    <meta charset="UTF-8">
    <meta name="viewport" content="width=device-width, initial-scale=1.0">
    <title>Sustainable Living Tips</title>
</head>
<body>
    <h1>Sustainable Living Tips</h1>
    <form method="POST">
        <label for="content">Tip:</label>
        <textarea id="content" name="content" required></textarea>
        <br>
        <button type="submit">Submit Tip</button>
    </form>
    <h2>All Tips</h2>
    <ul>
        {% for tip in tips %}
            <li>{{ tip.content }} - by {{ tip.author }}</li>
        {% endfor %}
    </ul>
</body>
</html>


2025-01-13 Monday 14:56:10 _client.py : INFO  HTTP Request: POST https://api.chatanywhere.tech/chat/completions "HTTP/1.1 200 OK"
2025-01-13 Monday 14:58:07 ceaug_main.py : INFO  test_data_storage_verification (testcode.TestGreenLivingGuide) ... FAIL
test_logout_functionality (testcode.TestGreenLivingGuide) ... ok
test_navigate_to_registration (testcode.TestGreenLivingGuide) ... FAIL
test_navigation_to_other_sections (testcode.TestGreenLivingGuide) ... ERROR
test_participate_in_forum (testcode.TestGreenLivingGuide) ... ok
test_read_and_submit_articles (testcode.TestGreenLivingGuide) ... ok
test_user_login (testcode.TestGreenLivingGuide) ... ok
test_user_registration (testcode.TestGreenLivingGuide) ... FAIL
test_view_and_submit_tips (testcode.TestGreenLivingGuide) ... ok
test_view_sustainable_living_introduction (testcode.TestGreenLivingGuide) ... FAIL
======================================================================
ERROR: test_navigation_to_other_sections (testcode.TestGreenLivingGuide)
----------------------------------------------------------------------
Traceback (most recent call last):
  File "D:\algorithm\agent\cese\dataset\SD-bench\codebase\GreenLivingGuide\ce\ce_0\code\testcode.py", line 117, in test_navigation_to_other_sections
    self.driver.find_element(By.LINK_TEXT, 'Tips').click()
  File "D:\Anaconda3\envs\Altdev\lib\site-packages\selenium\webdriver\remote\webdriver.py", line 770, in find_element
    return self.execute(Command.FIND_ELEMENT, {"using": by, "value": value})["value"]
  File "D:\Anaconda3\envs\Altdev\lib\site-packages\selenium\webdriver\remote\webdriver.py", line 384, in execute
    self.error_handler.check_response(response)
  File "D:\Anaconda3\envs\Altdev\lib\site-packages\selenium\webdriver\remote\errorhandler.py", line 232, in check_response
    raise exception_class(message, screen, stacktrace)
selenium.common.exceptions.NoSuchElementException: Message: no such element: Unable to locate element: {"method":"link text","selector":"Tips"}
  (Session info: chrome=131.0.6778.265); For documentation on this error, please visit: https://www.selenium.dev/documentation/webdriver/troubleshooting/errors#no-such-element-exception
Stacktrace:
======================================================================
FAIL: test_data_storage_verification (testcode.TestGreenLivingGuide)
----------------------------------------------------------------------
Traceback (most recent call last):
  File "D:\algorithm\agent\cese\dataset\SD-bench\codebase\GreenLivingGuide\ce\ce_0\code\testcode.py", line 128, in test_data_storage_verification
    self.fail("Data Storage Verification functionality not implemented")
AssertionError: Data Storage Verification functionality not implemented
======================================================================
FAIL: test_navigate_to_registration (testcode.TestGreenLivingGuide)
----------------------------------------------------------------------
Traceback (most recent call last):
  File "D:\algorithm\agent\cese\dataset\SD-bench\codebase\GreenLivingGuide\ce\ce_0\code\testcode.py", line 39, in test_navigate_to_registration
    self.fail("Navigate to Registration Page functionality not implemented")
AssertionError: Navigate to Registration Page functionality not implemented
======================================================================
FAIL: test_user_registration (testcode.TestGreenLivingGuide)
----------------------------------------------------------------------
Traceback (most recent call last):
  File "D:\algorithm\agent\cese\dataset\SD-bench\codebase\GreenLivingGuide\ce\ce_0\code\testcode.py", line 44, in test_user_registration
    self.fail("User Registration functionality not implemented")
AssertionError: User Registration functionality not implemented
======================================================================
FAIL: test_view_sustainable_living_introduction (testcode.TestGreenLivingGuide)
----------------------------------------------------------------------
Traceback (most recent call last):
  File "D:\algorithm\agent\cese\dataset\SD-bench\codebase\GreenLivingGuide\ce\ce_0\code\testcode.py", line 49, in test_view_sustainable_living_introduction
    self.fail("View Sustainable Living Introduction functionality not implemented")
AssertionError: View Sustainable Living Introduction functionality not implemented
----------------------------------------------------------------------
Ran 10 tests in 116.770s
FAILED (failures=4, errors=1)

2025-01-13 Monday 14:58:14 _client.py : INFO  HTTP Request: POST https://api.chatanywhere.tech/chat/completions "HTTP/1.1 200 OK"
2025-01-13 Monday 14:58:14 ceaug_main.py : INFO  1-| unit test result analysis |
2025-01-13 Monday 14:58:14 ceaug_main.py : INFO  Let's break down the test results one by one, focusing on the failed and error tests, and analyze them against the related code to identify reasons for the failures or errors.

### 1. **`test_data_storage_verification`**
- **Error Message**: `AssertionError: Data Storage Verification functionality not implemented`
- **Analysis**:
  - The test code indicates that there is an intention to verify the data storage functionality, but it has not been implemented in the test.
  - Since there's no specific functionality to check for data storage in the project provided, this is consistent. The lack of implementation in the test indicates a design oversight, and likely a gap in the project's functionalities to functionally validate how data is stored and retrieved.
  
### 2. **`test_navigate_to_registration`**
- **Error Message**: `AssertionError: Navigate to Registration Page functionality not implemented`
- **Analysis**:
  - The test fails as it anticipates a registration page exists within the project, but the project codebase does not implement this feature.
  - Since registration functionality is requested from the test perspective but not implemented in the project code (there's no route to handle user registration, for instance), this indicates a lack of functionality in the project itself rather than an issue with the test.

### 3. **`test_user_registration`**
- **Error Message**: `AssertionError: User Registration functionality not implemented`
- **Analysis**:
  - Similar to the previous test, the failure is due to the absence of a user registration feature in the application's code.
  - The project currently focuses on user login and lacks a method to allow new users to register. The test's expectation does not align with the feature set of the application as it stands.

### 4. **`test_view_sustainable_living_introduction`**
- **Error Message**: `AssertionError: View Sustainable Living Introduction functionality not implemented`
- **Analysis**:
  - Again, the test fails because it anticipates functionality that doesn't exist in the project. The projects¡¯ design does not include a specific introduction or overview page relevant to sustainable living.
  - The absence of such a page in the main application logic reflects a need for better clarity in project requirements versus implemented features.

### 5. **`test_navigation_to_other_sections`**
- **Error Message**: 
  ```
  selenium.common.exceptions.NoSuchElementException: Message: no such element: Unable to locate element: {"method":"link text","selector":"Tips"}
  ```
- **Analysis**:
  - This indicates that the Selenium WebDriver is unable to find the "Tips" link on the page after navigating from the dashboard.
  - This could be due to several factors, including timing issues (the page might not have fully rendered before the search) or the element not being present in the expected DOM structure when the test is run.
  - Potential improvements could include using explicit waits to ensure that the elements are present before attempting interactions.

### Summary of Findings:
- **Project Implementation Gaps**: 
  - There are missing features in the implementation (registration, introductions, etc.) which lead to test failures. These need to be addressed in the actual codebase.
- **Testing Methodology**:
  - For tests checking DOM elements, consider implementing implicit or explicit waits in the test suite, as reliance on fixed `time.sleep()` may lead to flaky tests.
- **Functional Alignment**:
  - Conduct a review of the project requirements to ensure that the features expected by the tests align correctly with what has been implemented. This includes features outlined in the tests, like user registration and sustainable living introductions.

The overall action plan would be to develop the missing functionalities in the code and possibly refine the tests based on updated requirements.
2025-01-13 Monday 14:58:14 ceaug_main.py : INFO  
###################################
2025-01-13 Monday 14:58:17 _client.py : INFO  HTTP Request: POST https://api.chatanywhere.tech/chat/completions "HTTP/1.1 200 OK"
2025-01-13 Monday 14:58:17 ceaug_main.py : INFO  2-| unit test result analysis and code relevance |
2025-01-13 Monday 14:58:17 ceaug_main.py : INFO  The majority of the errors and failures in the tests are caused by gaps in the project's code and the absence of required features, such as user registration and introduction pages. These are not issues with the test cases themselves, but rather reflect a lack of implementation in the project that the tests are trying to verify. Thus, it indicates a need to enhance the project's codebase to meet the expected functionalities outlined in the tests.

Additionally, the `NoSuchElementException` in the navigation test suggests there may be timing issues, indicating that the project may need improvement in how it handles loading and rendering elements on the page.

Overall, the primary cause for the failures is the project's code, and there are areas that require implementation improvements or adjustments. 

[CODE]
2025-01-13 Monday 14:58:22 _client.py : INFO  HTTP Request: POST https://api.chatanywhere.tech/chat/completions "HTTP/1.1 200 OK"
2025-01-13 Monday 14:58:48 _client.py : INFO  HTTP Request: POST https://api.chatanywhere.tech/chat/completions "HTTP/1.1 200 OK"
2025-01-13 Monday 14:58:56 _client.py : INFO  HTTP Request: POST https://api.chatanywhere.tech/chat/completions "HTTP/1.1 200 OK"
2025-01-13 Monday 14:58:56 ceaug_main.py : INFO  Code Feedback
### 1. Summarize Test Pass Cases

**Passed Test Cases:**
- `test_user_login`
- `test_view_and_submit_tips`
- `test_read_and_submit_articles`
- `test_participate_in_forum`
- `test_logout_functionality`
  
**Project Code Corresponding to Passed Test Cases:**

**Test Case: `test_user_login`**
- **Pseudocode:**
  ```
  FUNCTION login()
      IF request method is POST THEN
          Get username from request
          Get password from request
          Load users using DataStorage.load_users()
          FOR each user in users DO
              IF user.username equals username AND user.password equals password THEN
                  Set session['username'] to username
                  Redirect to '/dashboard'
          END FOR
      END IF
      Render 'login.html'
  END FUNCTION
  ```

**Test Case: `test_view_and_submit_tips`**
- **Pseudocode:**
  ```
  FUNCTION tips()
      IF request method is POST THEN
          Get content from request
          Get author from session['username']
          Create new Tip object with content and author
          Save the tip using DataStorage.save_tip(tip)
          Redirect to '/tips'
      END IF
      Load all tips using DataStorage.load_tips()
      Render 'tips.html' with all tips
  END FUNCTION
  ```

**Test Case: `test_read_and_submit_articles`**
- **Pseudocode:**
  ```
  FUNCTION articles()
      IF request method is POST THEN
          Get title from request
          Get content from request
          Get author from session['username']
          Create new Article object with title, content, and author
          Save the article using DataStorage.save_article(article)
          Redirect to '/articles'
      END IF
      Load all articles using DataStorage.load_articles()
      Render 'articles.html' with all articles
  END FUNCTION
  ```

**Test Case: `test_participate_in_forum`**
- **Pseudocode:**
  ```
  FUNCTION forum()
      IF request method is POST THEN
          Get content from request
          Get author from session['username']
          Create new ForumPost object with content and author
          Save the forum post using DataStorage.save_forum_post(post)
          Redirect to '/forum'
      END IF
      Load all forum posts using DataStorage.load_forum_posts()
      Render 'forum.html' with all posts
  END FUNCTION
  ```

**Test Case: `test_logout_functionality`**
- **Pseudocode:**
  ```
  FUNCTION logout()
      Remove username from session
      Redirect to '/'
  END FUNCTION
  ```

### 2. Summarize Test Failed or Error Cases

**Failed or Error Test Cases:**
1. `test_data_storage_verification`
   - **Error Analysis**: The functionality to verify data storage is not implemented in the project.
  
2. `test_navigate_to_registration`
   - **Error Analysis**: The navigation to a registration page is expected but not implemented in the project.
  
3. `test_user_registration`
   - **Error Analysis**: Similar to navigation, user registration functionality is not present.
  
4. `test_view_sustainable_living_introduction`
   - **Error Analysis**: The project lacks a feature for viewing a sustainable living introduction.
  
5. `test_navigation_to_other_sections`
   - **Error Analysis**: Cannot find the "Tips" link, possibly due to timing issues or incorrect DOM structure.

**Guidance to Solve Issues:**

1. **Implement Missing Functionalities**:
   - Prioritize the addition of core functionalities that are currently expected but absent, such as user registration and a sustainable living introduction page. Plan to structure these features to align closely with user needs as reflected in the tests.

2. **Enhance Navigation Features**:
   - Ensure that relevant navigation links are present and accessible on all pages. Review the flow of the application and the visibility of navigation elements.

3. **Multi-User Functionality**:
   - Ensure that the application accommodates multiple user roles or types, considering this might influence future features like registration and user-specific content access.

4. **Use Dynamic Loading Techniques**:
   - When developing the UI, consider implementing AJAX or similar techniques to load page elements dynamically. This can help prevent issues where elements are not available for interaction, particularly when navigating between sections.

5. **Focus on User Experience**:
   - Consider usability features such as providing feedback when a user attempts to access a non-existent page or feature, enhancing the overall user experience and engagement with the application.

By addressing these points, future development can better meet the outlined specifications and prevent similar issues from arising during testing.
2025-01-13 Monday 14:58:56 ceaug_main.py : INFO  Architecture Feedback
1. **Overall Evaluation:**
   - **Strengths:**
     - The use of Flask provides a lightweight framework that allows for quick development and ease of use.
     - Simple and clear design for the UI enables straightforward navigation.
     - Structured data storage in JSON format within local text files is easy to manage for a small project.
   - **Weaknesses:**
     - The current implementation lacks a user registration feature, limiting user management capabilities.
     - The UI design could benefit from enhanced navigation to improve the user experience.
     - Data storage in text files is not organized, which could lead to issues as more features are added.

2. **Specific Problem Areas:**
   - **Problem 1:** Missing registration functionality.
     - **Suggestions:** Implement a user registration route in `main.py` where users can create an account. Create a new HTML template for registration and add methods in the `DataStorage` class to handle saving new user accounts.
   
   - **Problem 2:** Lack of structured data storage and management for scalability.
     - **Suggestions:** Consider organizing the data files into separate directories (e.g., `data/users/`, `data/tips/`) instead of flat file structure. This will help keep the data organized and can facilitate ease of access and maintenance in the future.
   
   - **Problem 3:** UI navigation does not dynamically update or show current active section.
     - **Suggestions:** Highlight the active section in the navigation bar so users can easily identify where they are within the application.

   - **Problem 4:** Missing introduction or information page on sustainable living.
     - **Suggestions:** Implement a new route and HTML template for an introductory page about sustainable living practices to inform users about the importance of the features offered.

3. **Architecture Enhancements:**
   - **Implementation:** Flask is fitting for this project since it allows easy routing and quick development. However, structuring the code into distinct models (for example, separating the logic for user management, article management, and data storage) would improve clarity and maintainability.
   
   - **UI Design:** Improve the UI by adding breadcrumbs or active links to indicate the current section, which can enhance usability. A consistent layout across all templates would also improve user experience.
   
   - **Data Storage:** While the local text file approach works for this small project, ensure the format of JSON is consistently followed and validated before writing to file. This will help maintain data integrity and prevent errors during data loading.
   
   - **Data Structures:** Review class definitions to ensure they follow single responsibility principles. Each class should only handle its own data without intermingling responsibilities¡ªfor instance, having a separate class for handling data operations may be useful.

Through these adjustments, the application can offer a richer feature set, more robust performance, and improved clarity in both implementation and user interactions.
2025-01-13 Monday 14:58:56 ceaug_main.py : INFO  Plan Feedback
### 1. Overall Evaluation:
- **Strengths:** 
  - The task plan comprehensively outlines user authentication, data storage (in text files), and user interface (UI) components through templates. The clear structure aids in understanding the flow of the application.
  - Each component, from `main.py` to the HTML templates, is appropriately documented, giving clarity on the purpose of each file.

- **Weaknesses:** 
  - The plan lacks any mention of user registration, which is a key area highlighted by the test results. The absence of this feature could lead to significant limitations in application functionality.
  - There are no provisions mentioned for handling errors or edge cases, particularly around data input and user interactions.

### 2. Specific Areas for Improvement:
- **Missing Features:** 
  - The task list should include tasks for user registration as indicated by failed tests. This is a crucial functionality that is currently absent from the logic and must be implemented to meet the expectations of unit tests.
  
- **Unclear Tasks:** 
  - While tasks are generally clear, specific tasks related to user management (such as creating new users or managing user sessions) are absent and need definition. Tasks related to the content management (posting articles, tips, etc.) also require clarity around what happens when data is empty or incorrect.
  
- **Task Breakdown:** 
  - The existing tasks appear to be bundled without sub-tasks. Tasks related to `tips`, `articles`, and `forum` should be broken down into finer components to include validation, error handling, and feedback mechanisms after submission.

- **Dependencies:** 
  - Dependencies should be explicitly outlined, especially the need for successful user login before allowing the posting of tips or articles. This reduces the risk of logical errors during implementation.

### 3. Suggested Enhancements:
- **Prioritization:** 
  - Completing user authentication (and registration) should be prioritized. Once this is functional, focus can shift to data management features (tips, articles, forum posts).

- **Clarity:** 
  - More detailed instructions for submitting articles and tips should be established. For example, what validations should be on text inputs or what happens when fields are left blank.
  
- **Feature Clarification:** 
  - The scope surrounding user registration needs elaboration. Define what data must be collected (e.g., username, password, etc.) and how it will be stored. 

- **Task Grouping:** 
  - Consider grouping related tasks such as data submission (tips, articles, forum posts). This could streamline the workflow and ensure all data-related functionalities are developed simultaneously and cohesively.

- **Additional Considerations:** 
  - Given the current setup using text files for data storage, it may be beneficial to include a task on how to manage duplicates (e.g., duplicate usernames or duplicate tips/articles) and implement checks for data integrity.
  - Consider functionalities for loading and displaying no-content states on tips, articles, and forum pages, improving user experience and providing feedback to users in these cases. 

By addressing the noted gaps and enhancing the task clarity and categorization, the development process can be streamlined and more effective, leading to a higher quality application output.
2025-01-13 Monday 14:58:56 ceaug_main.py : INFO  Ready Auto Test # # # # # # # # # # # # D:\algorithm\agent\cese\dataset\SD-bench\codebase\GreenLivingGuide\ce\ce_1
2025-01-13 Monday 14:58:56 ceaug_main.py : INFO  read tested code:
--- DIRECTORY: D:\algorithm\agent\cese\dataset\SD-bench\codebase\GreenLivingGuide\ce\ce_1\code ---
  --- FILE: articles.txt (PATH: D:\algorithm\agent\cese\dataset\SD-bench\codebase\GreenLivingGuide\ce\ce_1\code\articles.txt, TYPE: .txt) ---
Sustainable Energy|Utilizing renewable energy sources like solar and wind can significantly reduce carbon footprints.
Waste Reduction|Implementing strategies to reduce waste can help in conserving resources and protecting the environment.


  --- FILE: forum.txt (PATH: D:\algorithm\agent\cese\dataset\SD-bench\codebase\GreenLivingGuide\ce\ce_1\code\forum.txt, TYPE: .txt) ---
admin|Welcome to the community forum!
user1|What are your favorite sustainable practices?


  --- FILE: main.py (PATH: D:\algorithm\agent\cese\dataset\SD-bench\codebase\GreenLivingGuide\ce\ce_1\code\main.py, TYPE: .py) ---
from flask import Flask, render_template, request, redirect, url_for, session
import os

app = Flask(__name__)
app.secret_key = 'your_secret_key'

class User:
    def __init__(self, username: str, password: str):
        self.username = username
        self.password = password

class Article:
    def __init__(self, title: str, content: str):
        self.title = title
        self.content = content

class Tip:
    def __init__(self, tip: str):
        self.tip = tip

class ForumPost:
    def __init__(self, username: str, content: str):
        self.username = username
        self.content = content

def load_users():
    users = []
    if os.path.exists('users.txt'):
        with open('users.txt', 'r') as file:
            for line in file:
                username, password = line.strip().split('|')
                users.append(User(username, password))
    return users

def load_articles():
    articles = []
    if os.path.exists('articles.txt'):
        with open('articles.txt', 'r') as file:
            for line in file:
                title, content = line.strip().split('|')
                articles.append(Article(title, content))
    return articles

def load_tips():
    tips = []
    if os.path.exists('tips.txt'):
        with open('tips.txt', 'r') as file:
            for line in file:
                tips.append(Tip(line.strip()))
    return tips

def load_forum_posts():
    posts = []
    if os.path.exists('forum.txt'):
        with open('forum.txt', 'r') as file:
            for line in file:
                username, content = line.strip().split('|')
                posts.append(ForumPost(username, content))
    return posts

@app.route('/', methods=['GET', 'POST'])
def login():
    if request.method == 'POST':
        username = request.form['username']
        password = request.form['password']
        users = load_users()
        for user in users:
            if user.username == username and user.password == password:
                session['username'] = username
                return redirect(url_for('dashboard'))
    return render_template('login.html')

@app.route('/dashboard')
def dashboard():
    if 'username' not in session:
        return redirect(url_for('login'))
    articles = load_articles()
    tips = load_tips()
    forum_posts = load_forum_posts()
    return render_template('dashboard.html', articles=articles, tips=tips, forum_posts=forum_posts)

@app.route('/submit_tip', methods=['POST'])
def submit_tip():
    if 'username' not in session:
        return redirect(url_for('login'))
    tip = request.form['tip']
    with open('tips.txt', 'a') as file:
        file.write(f"{tip}\n")
    return redirect(url_for('dashboard'))

@app.route('/submit_article', methods=['POST'])
def submit_article():
    if 'username' not in session:
        return redirect(url_for('login'))
    title = request.form['title']
    content = request.form['content']
    with open('articles.txt', 'a') as file:
        file.write(f"{title}|{content}\n")
    return redirect(url_for('dashboard'))

@app.route('/forum', methods=['GET', 'POST'])
def forum():
    if 'username' not in session:
        return redirect(url_for('login'))
    if request.method == 'POST':
        content = request.form['content']
        with open('forum.txt', 'a') as file:
            file.write(f"{session['username']}|{content}\n")
        return redirect(url_for('forum'))
    forum_posts = load_forum_posts()
    return render_template('forum.html', forum_posts=forum_posts)

if __name__ == '__main__':
    app.run(port=8455, debug=False)


  --- FILE: tips.txt (PATH: D:\algorithm\agent\cese\dataset\SD-bench\codebase\GreenLivingGuide\ce\ce_1\code\tips.txt, TYPE: .txt) ---
Use reusable bags instead of plastic.
Conserve water by fixing leaks and using water-efficient fixtures.


  --- FILE: users.txt (PATH: D:\algorithm\agent\cese\dataset\SD-bench\codebase\GreenLivingGuide\ce\ce_1\code\users.txt, TYPE: .txt) ---
admin|admin123
user1|user123


  --- DIRECTORY: D:\algorithm\agent\cese\dataset\SD-bench\codebase\GreenLivingGuide\ce\ce_1\code\templates ---
    --- FILE: articles.html (PATH: D:\algorithm\agent\cese\dataset\SD-bench\codebase\GreenLivingGuide\ce\ce_1\code\templates\articles.html, TYPE: .html) ---
<!DOCTYPE html>
<html lang="en">
<head>
    <meta charset="UTF-8">
    <meta name="viewport" content="width=device-width, initial-scale=1.0">
    <title>Articles</title>
</head>
<body>
    <h1>Articles on Sustainable Living</h1>
    <ul>
        {% for article in articles %}
            <li><strong>{{ article.title }}</strong>: {{ article.content }}</li>
        {% endfor %}
    </ul>
</body>
</html>

    --- FILE: dashboard.html (PATH: D:\algorithm\agent\cese\dataset\SD-bench\codebase\GreenLivingGuide\ce\ce_1\code\templates\dashboard.html, TYPE: .html) ---
<!DOCTYPE html>
<html lang="en">
<head>
    <meta charset="UTF-8">
    <meta name="viewport" content="width=device-width, initial-scale=1.0">
    <title>Dashboard</title>
</head>
<body>
    <h1>Welcome to the Dashboard</h1>
    <h2>Submit a Tip</h2>
    <form method="POST" action="{{ url_for('submit_tip') }}">
        <input type="text" name="tip" required>
        <button type="submit">Submit</button>
    </form>
    <h2>Tips</h2>
    <ul>
        {% for tip in tips %}
            <li>{{ tip.tip }}</li>
        {% endfor %}
    </ul>
    
    <h2>Submit an Article</h2>
    <form method="POST" action="{{ url_for('submit_article') }}">
        <input type="text" name="title" placeholder="Title" required>
        <textarea name="content" placeholder="Content" required></textarea>
        <button type="submit">Submit</button>
    </form>
    <h2>Articles</h2>
    <ul>
        {% for article in articles %}
            <li><strong>{{ article.title }}</strong>: {{ article.content }}</li>
        {% endfor %}
    </ul>

    <h2>Community Forum</h2>
    <form method="POST" action="{{ url_for('forum') }}">
        <textarea name="content" placeholder="Post a message" required></textarea>
        <button type="submit">Post</button>
    </form>
    <h2>Forum Posts</h2>
    <ul>
        {% for post in forum_posts %}
            <li><strong>{{ post.username }}</strong>: {{ post.content }}</li>
        {% endfor %}
    </ul>
</body>
</html>

    --- FILE: forum.html (PATH: D:\algorithm\agent\cese\dataset\SD-bench\codebase\GreenLivingGuide\ce\ce_1\code\templates\forum.html, TYPE: .html) ---
<!DOCTYPE html>
<html lang="en">
<head>
    <meta charset="UTF-8">
    <meta name="viewport" content="width=device-width, initial-scale=1.0">
    <title>Community Forum</title>
</head>
<body>
    <h1>Community Forum</h1>
    <form method="POST">
        <textarea name="content" placeholder="Post a message" required></textarea>
        <button type="submit">Post</button>
    </form>
    <ul>
        {% for post in forum_posts %}
            <li><strong>{{ post.username }}</strong>: {{ post.content }}</li>
        {% endfor %}
    </ul>
</body>
</html>

    --- FILE: login.html (PATH: D:\algorithm\agent\cese\dataset\SD-bench\codebase\GreenLivingGuide\ce\ce_1\code\templates\login.html, TYPE: .html) ---
<!DOCTYPE html>
<html lang="en">
<head>
    <meta charset="UTF-8">
    <meta name="viewport" content="width=device-width, initial-scale=1.0">
    <title>Login</title>
</head>
<body>
    <h1>Login</h1>
    <form method="POST">
        <label for="username">Username:</label>
        <input type="text" id="username" name="username" required>
        <br>
        <label for="password">Password:</label>
        <input type="password" id="password" name="password" required>
        <br>
        <button type="submit">Login</button>
    </form>
</body>
</html>

    --- FILE: tips.html (PATH: D:\algorithm\agent\cese\dataset\SD-bench\codebase\GreenLivingGuide\ce\ce_1\code\templates\tips.html, TYPE: .html) ---
<!DOCTYPE html>
<html lang="en">
<head>
    <meta charset="UTF-8">
    <meta name="viewport" content="width=device-width, initial-scale=1.0">
    <title>Tips</title>
</head>
<body>
    <h1>Sustainable Living Tips</h1>
    <ul>
        {% for tip in tips %}
            <li>{{ tip.tip }}</li>
        {% endfor %}
    </ul>
</body>
</html>


2025-01-13 Monday 14:59:12 _client.py : INFO  HTTP Request: POST https://api.chatanywhere.tech/chat/completions "HTTP/1.1 200 OK"
