2025-01-12 Sunday 14:19:26 team.py : INFO  Setting Project Dir to D:\algorithm\agent\cese\dataset\SD-bench\codebase\ParentingAdiviceForum\
2025-01-12 Sunday 14:19:27 product_manager.py : INFO  Product Manager Pole Writing PRD...
2025-01-12 Sunday 14:19:27 product_manager.py : INFO  
You are an excellent Software Requirements Analyst, and your task is to analyze an initial project description, 
generate the functional requirements section of the Software Requirements Specification (SRS) document (non-functional requirements are not required).
Aim to achieve functional requirements, only require to implement demo.
Note that general overview of the project just copy the content of system description.
Note that software functional requirements just follow the Core Features part of System description. Do not over think.


# Context
## system description
# Software Description

## Objective
The task is to develop a comprehensive web application, 'ParentingAdviceForum'.


## Core Features
Users shall be able to log in to the ParentingAdviceForum application using their username and password on the Login Page.
Users shall be able to create a new account by providing a username and password on the Register Page.
Users shall be welcomed with a message and be able to navigate to various sections of the website, including the Forum, Post Advice, My Account, and Contact Us pages, on the Home Page.
Users shall be able to view a list of discussion threads on the Forum Page, with the option to view specific threads.
Users shall be able to create a new thread by entering a thread title and content, and submitting it on the Forum Page.
Users shall be able to view the details of a thread, including its title, content, and comments, on the View Thread Page.
Users shall be able to comment on threads by submitting a comment in the provided input area on the View Thread Page.
Users shall be able to post advice by providing a title and content on the Post Advice Page.
Users shall be able to view and update their profile information, or delete their account on the My Account Page.
Users shall be able to contact the site administrators by providing their name, email, and message on the Contact Us Page.
Users shall receive a confirmation message once they have successfully submitted a contact inquiry on the Contact Us Page.

## Language

Use html and python to develop a web application.
You should use html to generate the web template by yourself.
## Data Storage
Data will be stored in local text files.
Different types of data will be stored in separate `.txt` files.
You should define the text file by yourself in advance.
This structured data storage will facilitate easy data retrieval and management through simple file manipulations in Python, ensuring the application remains light and efficient without the need for a SQL database.


-----
# Format Example
[OUTPUT]
## general overview of the project
general overview of the project

## software functional requirements
...
...
...
[/OUTPUT]


## Instruction 
- general overview of the project: copy the system description here.
- software function requirements: based on the system description, output system's function requirements with details.

# Constraint
Format: output wrapped inside [OUTPUT][/OUTPUT] like format example, nothing else.

# Action
follow Instruction, Carefully ouput only functional requrirement based on the original system description
Aim to achieve functional requirements, only require to implement demo.
do not output ```plaintext or other ``` in the start and the end, output directly.

2025-01-12 Sunday 14:19:27 model.py : INFO  self.model.temperature-----------------0.2-------------------------------
2025-01-12 Sunday 14:19:30 _client.py : INFO  HTTP Request: POST https://api.chatanywhere.tech/chat/completions "HTTP/1.1 200 OK"
2025-01-12 Sunday 14:19:30 model.py : INFO  following invoke cost: 961 | all cost: 961
2025-01-12 Sunday 14:19:30 product_manager.py : INFO  Product Manager Pole
2025-01-12 Sunday 14:19:30 product_manager.py : INFO  [OUTPUT]
## general overview of the project
The task is to develop a comprehensive web application, 'ParentingAdviceForum'.

## software functional requirements
1. Users shall be able to log in to the ParentingAdviceForum application using their username and password on the Login Page.
2. Users shall be able to create a new account by providing a username and password on the Register Page.
3. Users shall be welcomed with a message and be able to navigate to various sections of the website, including the Forum, Post Advice, My Account, and Contact Us pages, on the Home Page.
4. Users shall be able to view a list of discussion threads on the Forum Page, with the option to view specific threads.
5. Users shall be able to create a new thread by entering a thread title and content, and submitting it on the Forum Page.
6. Users shall be able to view the details of a thread, including its title, content, and comments, on the View Thread Page.
7. Users shall be able to comment on threads by submitting a comment in the provided input area on the View Thread Page.
8. Users shall be able to post advice by providing a title and content on the Post Advice Page.
9. Users shall be able to view and update their profile information, or delete their account on the My Account Page.
10. Users shall be able to contact the site administrators by providing their name, email, and message on the Contact Us Page.
11. Users shall receive a confirmation message once they have successfully submitted a contact inquiry on the Contact Us Page.
[/OUTPUT]
2025-01-12 Sunday 14:19:30 architect.py : INFO  Architect Arnold generate System Architect......
2025-01-12 Sunday 14:19:30 architect.py : INFO  
You are a Architect, your goal is design a concise, usable, complete software system. the constraint is make sure the architecture is simple enough and use appropriate open source libraries.
Aim to achieve functional requirements, only require to implement demo.
If the original requirements have data storage requirements, you need to design a simple data storage method for the software. Do not use SQL datasets. Follow the data storage requirements in the software requirements(including data format, storage requirements, etc.).


## Context
original_requirement
# Software Description

## Objective
The task is to develop a comprehensive web application, 'ParentingAdviceForum'.


## Core Features
Users shall be able to log in to the ParentingAdviceForum application using their username and password on the Login Page.
Users shall be able to create a new account by providing a username and password on the Register Page.
Users shall be welcomed with a message and be able to navigate to various sections of the website, including the Forum, Post Advice, My Account, and Contact Us pages, on the Home Page.
Users shall be able to view a list of discussion threads on the Forum Page, with the option to view specific threads.
Users shall be able to create a new thread by entering a thread title and content, and submitting it on the Forum Page.
Users shall be able to view the details of a thread, including its title, content, and comments, on the View Thread Page.
Users shall be able to comment on threads by submitting a comment in the provided input area on the View Thread Page.
Users shall be able to post advice by providing a title and content on the Post Advice Page.
Users shall be able to view and update their profile information, or delete their account on the My Account Page.
Users shall be able to contact the site administrators by providing their name, email, and message on the Contact Us Page.
Users shall receive a confirmation message once they have successfully submitted a contact inquiry on the Contact Us Page.

## Language

Use html and python to develop a web application.
You should use html to generate the web template by yourself.
## Data Storage
Data will be stored in local text files.
Different types of data will be stored in separate `.txt` files.
You should define the text file by yourself in advance.
This structured data storage will facilitate easy data retrieval and management through simple file manipulations in Python, ensuring the application remains light and efficient without the need for a SQL database.

functional requirements
[OUTPUT]
## general overview of the project
The task is to develop a comprehensive web application, 'ParentingAdviceForum'.

## software functional requirements
1. Users shall be able to log in to the ParentingAdviceForum application using their username and password on the Login Page.
2. Users shall be able to create a new account by providing a username and password on the Register Page.
3. Users shall be welcomed with a message and be able to navigate to various sections of the website, including the Forum, Post Advice, My Account, and Contact Us pages, on the Home Page.
4. Users shall be able to view a list of discussion threads on the Forum Page, with the option to view specific threads.
5. Users shall be able to create a new thread by entering a thread title and content, and submitting it on the Forum Page.
6. Users shall be able to view the details of a thread, including its title, content, and comments, on the View Thread Page.
7. Users shall be able to comment on threads by submitting a comment in the provided input area on the View Thread Page.
8. Users shall be able to post advice by providing a title and content on the Post Advice Page.
9. Users shall be able to view and update their profile information, or delete their account on the My Account Page.
10. Users shall be able to contact the site administrators by providing their name, email, and message on the Contact Us Page.
11. Users shall receive a confirmation message once they have successfully submitted a contact inquiry on the Contact Us Page.
[/OUTPUT]
-----
## format example
[CONTENT]
"Implementation approach": "We will ...",
"UI design":"- A canvas for... with ... For Web applications, you should use html to generate the web template by yourself."
"Data Storage":"If software requires a data storage, you should follow the rules: Data will be stored in local files. Different types of data will be stored in separate files. You should define the file by yourself in advance.Do not use SQL database. Else just print Not Require!"
"File list": ["main.py","game.py","templates/login.html","users.txt"],
"Data structures and interfaces": "
classDiagram
    class Main {
        -SearchEngine search_engine
        +main() str
    }
    class SearchEngine {
        -Index index
        -Ranking ranking
        -Summary summary
        +search(query: str) str
    }
    class Index {
        -KnowledgeBase knowledge_base
        +create_index(data: dict)
        +query_index(query: str) list
    }
    class Ranking {
        +rank_results(results: list) list
    }
    class Summary {
        +summarize_results(results: list) str
    }
    class KnowledgeBase {
        +update(data: dict)
        +fetch_data(query: str) dict
    }
    Main --> SearchEngine
    SearchEngine --> Index
    SearchEngine --> Ranking
    SearchEngine --> Summary
    Index --> KnowledgeBase
",

[/CONTENT]

## nodes: "<node>: <type>  # <instruction>"
- Implementation approach: <class 'str'>  # Analyze the difficult points of the requirements, select the appropriate open-source framework. If require GUI, you must also choose a GUI framework (e.g., in Python, you can implement GUI via tkinter, Pygame, Flexx, PyGUI, etc,)
- File list: typing.List[str]  #  Only need relative paths. ALWAYS write a main.py here
- Data structures and interfaces: <class 'str'>  # Use mermaid classDiagram code syntax, including classes, method(__init__ etc.) and functions with type annotations, CLEARLY MARK the RELATIONSHIPS between classes, and comply with PEP8 standards. The data structures SHOULD BE VERY DETAILED and the API should be comprehensive with a complete design.
- UI design:<class 'str'>  # optional, if system require UI, choose a GUI framework (e.g., in Python, you can implement GUI via tkinter, Pygame, Flexx, PyGUI, etc,) and list system UI design and corresponding feature's UI design.

## constraint
Language: Please use the same language as Human INPUT.
Format: output wrapped inside [CONTENT][/CONTENT] like format example, nothing else.

# Attention
1. If a feature of software requires a GUI, you also need to carefully consider the UI components that this feature will require and its relationship to the main UI in Architecture.
2. Aim to achieve functional requirements, only require to implement a demo.
3. If project requires data storage, follow the requirement of data storage, implement a simple storage.Do not use SQL database.
4. Organize related functionalities into a single Python file to avoid creating too many files.
5. do not output ```plaintext or other ``` in the start and the end, output directly.

## action
Follow instructions of nodes and Attention, generate output and make sure it follows the format example.

2025-01-12 Sunday 14:19:30 model.py : INFO  self.model.temperature-----------------0.2-------------------------------
2025-01-12 Sunday 14:19:37 _client.py : INFO  HTTP Request: POST https://api.chatanywhere.tech/chat/completions "HTTP/1.1 200 OK"
2025-01-12 Sunday 14:19:37 model.py : INFO  following invoke cost: 2250 | all cost: 3211
2025-01-12 Sunday 14:19:37 architect.py : INFO  Architect Arnold
2025-01-12 Sunday 14:19:37 architect.py : INFO  [CONTENT]
"Implementation approach": "We will use Flask as the web framework to develop the ParentingAdviceForum application. Flask is lightweight and easy to use for building web applications. The application will handle user authentication, thread management, and advice posting using simple file-based data storage. The UI will be created using HTML templates served by Flask.",
"UI design":"- Login Page: A form for username and password input with a submit button.\n- Register Page: A form for new users to input username and password with a submit button.\n- Home Page: A welcome message and navigation links to Forum, Post Advice, My Account, and Contact Us pages.\n- Forum Page: A list of discussion threads with links to view specific threads and a form to create a new thread.\n- View Thread Page: Displays thread title, content, and comments with an input area for new comments.\n- Post Advice Page: A form for users to input advice title and content.\n- My Account Page: Displays user profile information with options to update or delete the account.\n- Contact Us Page: A form for users to submit their name, email, and message.",
"Data Storage":"Data will be stored in local text files. Different types of data will be stored in separate `.txt` files. The following files will be used:\n- users.txt: Stores user credentials (username, password).\n- threads.txt: Stores discussion threads (title, content, username).\n- comments.txt: Stores comments associated with threads (thread_id, comment, username).\n- advice.txt: Stores posted advice (title, content, username).\n- contact_inquiries.txt: Stores contact messages (name, email, message).",
"File list": ["main.py", "templates/login.html", "templates/register.html", "templates/home.html", "templates/forum.html", "templates/view_thread.html", "templates/post_advice.html", "templates/my_account.html", "templates/contact_us.html", "users.txt", "threads.txt", "comments.txt", "advice.txt", "contact_inquiries.txt"],
"Data structures and interfaces": "
classDiagram
    class Main {
        -Flask app
        +run() None
    }
    class User {
        -username: str
        -password: str
        +__init__(username: str, password: str)
        +save() None
        +delete() None
    }
    class Thread {
        -title: str
        -content: str
        -username: str
        +__init__(title: str, content: str, username: str)
        +save() None
    }
    class Comment {
        -thread_id: int
        -comment: str
        -username: str
        +__init__(thread_id: int, comment: str, username: str)
        +save() None
    }
    class Advice {
        -title: str
        -content: str
        -username: str
        +__init__(title: str, content: str, username: str)
        +save() None
    }
    class ContactInquiry {
        -name: str
        -email: str
        -message: str
        +__init__(name: str, email: str, message: str)
        +save() None
    }
    Main --> User
    Main --> Thread
    Main --> Comment
    Main --> Advice
    Main --> ContactInquiry
",
[/CONTENT]
2025-01-12 Sunday 14:19:37 architect.py : INFO  Architect writting ARCHITECT
2025-01-12 Sunday 14:19:37 project_manager.py : INFO  Project Manager Tsunoda generate Project PLAN......
2025-01-12 Sunday 14:19:37 project_manager.py : INFO  
You are a Project Manager, your goal is break down tasks according to functional requirement/architecture, generate a task plan, and analyze task dependencies to start with the prerequisite modules. the constraint is use same language as user requirement. 


## Context
functional requirement:
[OUTPUT]
## general overview of the project
The task is to develop a comprehensive web application, 'ParentingAdviceForum'.

## software functional requirements
1. Users shall be able to log in to the ParentingAdviceForum application using their username and password on the Login Page.
2. Users shall be able to create a new account by providing a username and password on the Register Page.
3. Users shall be welcomed with a message and be able to navigate to various sections of the website, including the Forum, Post Advice, My Account, and Contact Us pages, on the Home Page.
4. Users shall be able to view a list of discussion threads on the Forum Page, with the option to view specific threads.
5. Users shall be able to create a new thread by entering a thread title and content, and submitting it on the Forum Page.
6. Users shall be able to view the details of a thread, including its title, content, and comments, on the View Thread Page.
7. Users shall be able to comment on threads by submitting a comment in the provided input area on the View Thread Page.
8. Users shall be able to post advice by providing a title and content on the Post Advice Page.
9. Users shall be able to view and update their profile information, or delete their account on the My Account Page.
10. Users shall be able to contact the site administrators by providing their name, email, and message on the Contact Us Page.
11. Users shall receive a confirmation message once they have successfully submitted a contact inquiry on the Contact Us Page.
[/OUTPUT]

architecture:
[CONTENT]
"Implementation approach": "We will use Flask as the web framework to develop the ParentingAdviceForum application. Flask is lightweight and easy to use for building web applications. The application will handle user authentication, thread management, and advice posting using simple file-based data storage. The UI will be created using HTML templates served by Flask.",
"UI design":"- Login Page: A form for username and password input with a submit button.\n- Register Page: A form for new users to input username and password with a submit button.\n- Home Page: A welcome message and navigation links to Forum, Post Advice, My Account, and Contact Us pages.\n- Forum Page: A list of discussion threads with links to view specific threads and a form to create a new thread.\n- View Thread Page: Displays thread title, content, and comments with an input area for new comments.\n- Post Advice Page: A form for users to input advice title and content.\n- My Account Page: Displays user profile information with options to update or delete the account.\n- Contact Us Page: A form for users to submit their name, email, and message.",
"Data Storage":"Data will be stored in local text files. Different types of data will be stored in separate `.txt` files. The following files will be used:\n- users.txt: Stores user credentials (username, password).\n- threads.txt: Stores discussion threads (title, content, username).\n- comments.txt: Stores comments associated with threads (thread_id, comment, username).\n- advice.txt: Stores posted advice (title, content, username).\n- contact_inquiries.txt: Stores contact messages (name, email, message).",
"File list": ["main.py", "templates/login.html", "templates/register.html", "templates/home.html", "templates/forum.html", "templates/view_thread.html", "templates/post_advice.html", "templates/my_account.html", "templates/contact_us.html", "users.txt", "threads.txt", "comments.txt", "advice.txt", "contact_inquiries.txt"],
"Data structures and interfaces": "
classDiagram
    class Main {
        -Flask app
        +run() None
    }
    class User {
        -username: str
        -password: str
        +__init__(username: str, password: str)
        +save() None
        +delete() None
    }
    class Thread {
        -title: str
        -content: str
        -username: str
        +__init__(title: str, content: str, username: str)
        +save() None
    }
    class Comment {
        -thread_id: int
        -comment: str
        -username: str
        +__init__(thread_id: int, comment: str, username: str)
        +save() None
    }
    class Advice {
        -title: str
        -content: str
        -username: str
        +__init__(title: str, content: str, username: str)
        +save() None
    }
    class ContactInquiry {
        -name: str
        -email: str
        -message: str
        +__init__(name: str, email: str, message: str)
        +save() None
    }
    Main --> User
    Main --> Thread
    Main --> Comment
    Main --> Advice
    Main --> ContactInquiry
",
[/CONTENT]
-----

## format example
[CONTENT]

"Required packages": [
    "flask==1.1.2",
    "bcrypt==3.2.0"
],
"Required Other language third-party packages": [
    "No third-party dependencies required"
],
"Logic Analysis": [
    [
        "game.py",
        "Contains Game class and ... functions"
    ],
    [
        "main.py",
        "Contains main function, from game import Game"
    ]
],
"Task list": [
    "game.py",
    "main.py"
],
"Shared Knowledge": "`game.py` contains functions shared across the project.",

[/CONTENT]

## nodes: "<node>: <type>  # <instruction>"
- Required packages: typing.List[str]  # Provide required packages in requirements.txt format.
- Required Other language third-party packages: typing.List[str]  # List down the required packages for languages other than Python.
- Logic Analysis: typing.List[typing.List[str]]  # Provide a list of files with the classes/methods/functions to be implemented, including dependency analysis and imports.
- Task list: typing.List[str]  # Break down the tasks into a list of filenames, prioritized by dependency order.
- Full API spec: <class 'str'>  # Describe all APIs using OpenAPI 3.0 spec that may be used by both frontend and backend. If front-end and back-end communication is not required, leave it blank.
- Shared Knowledge: <class 'str'>  # Detail any shared knowledge, like common utility functions or configuration variables.

## constraint
Language: Please use the same language as Human INPUT.
Format: output wrapped inside [CONTENT][/CONTENT] like format example, nothing else.
If you are doing website development, please do not encrypt the account password for the login function.

## action
Follow instructions of nodes, generate output and make sure it follows the format example.

2025-01-12 Sunday 14:19:37 model.py : INFO  self.model.temperature-----------------0.2-------------------------------
2025-01-12 Sunday 14:19:39 _client.py : INFO  HTTP Request: POST https://api.chatanywhere.tech/chat/completions "HTTP/1.1 200 OK"
2025-01-12 Sunday 14:19:39 model.py : INFO  following invoke cost: 1824 | all cost: 5035
2025-01-12 Sunday 14:19:39 project_manager.py : INFO  Project Manager Tsunoda
2025-01-12 Sunday 14:19:39 project_manager.py : INFO  [CONTENT]

"Required packages": [
    "flask==1.1.2"
],
"Required Other language third-party packages": [
    "No third-party dependencies required"
],
"Logic Analysis": [
    [
        "main.py",
        "Contains the Flask app initialization and routing logic."
    ],
    [
        "templates/login.html",
        "Contains the HTML form for user login."
    ],
    [
        "templates/register.html",
        "Contains the HTML form for user registration."
    ],
    [
        "templates/home.html",
        "Contains the HTML structure for the home page with navigation."
    ],
    [
        "templates/forum.html",
        "Contains the HTML structure for displaying discussion threads."
    ],
    [
        "templates/view_thread.html",
        "Contains the HTML structure for viewing a specific thread and its comments."
    ],
    [
        "templates/post_advice.html",
        "Contains the HTML form for posting advice."
    ],
    [
        "templates/my_account.html",
        "Contains the HTML structure for user profile management."
    ],
    [
        "templates/contact_us.html",
        "Contains the HTML form for contacting site administrators."
    ]
],
"Task list": [
    "main.py",
    "templates/login.html",
    "templates/register.html",
    "templates/home.html",
    "templates/forum.html",
    "templates/view_thread.html",
    "templates/post_advice.html",
    "templates/my_account.html",
    "templates/contact_us.html"
],
"Shared Knowledge": "`main.py` contains the main application logic and routing for the web application.",

[/CONTENT]
2025-01-12 Sunday 14:19:39 project_manager.py : INFO  Project Manager writting TASK PLAN
2025-01-12 Sunday 14:19:39 programmer.py : INFO  Programmer Clorinde Coding...
2025-01-12 Sunday 14:19:39 programmer.py : INFO  
You are a professional engineer; the main goal is to write google-style, elegant, modular, easy to read and maintain code.
Output format carefully referenced "Format example".
In addition to writing code, you may also need to complete the data files in the task list (such as .txt .json .csv files). If the task list requires the implementation of data files, you need to simply design some data that meets the requirements for your completed software to facilitate the startup and testing of the software as a demo.


# Context
## Design
[CONTENT]
"Implementation approach": "We will use Flask as the web framework to develop the ParentingAdviceForum application. Flask is lightweight and easy to use for building web applications. The application will handle user authentication, thread management, and advice posting using simple file-based data storage. The UI will be created using HTML templates served by Flask.",
"UI design":"- Login Page: A form for username and password input with a submit button.\n- Register Page: A form for new users to input username and password with a submit button.\n- Home Page: A welcome message and navigation links to Forum, Post Advice, My Account, and Contact Us pages.\n- Forum Page: A list of discussion threads with links to view specific threads and a form to create a new thread.\n- View Thread Page: Displays thread title, content, and comments with an input area for new comments.\n- Post Advice Page: A form for users to input advice title and content.\n- My Account Page: Displays user profile information with options to update or delete the account.\n- Contact Us Page: A form for users to submit their name, email, and message.",
"Data Storage":"Data will be stored in local text files. Different types of data will be stored in separate `.txt` files. The following files will be used:\n- users.txt: Stores user credentials (username, password).\n- threads.txt: Stores discussion threads (title, content, username).\n- comments.txt: Stores comments associated with threads (thread_id, comment, username).\n- advice.txt: Stores posted advice (title, content, username).\n- contact_inquiries.txt: Stores contact messages (name, email, message).",
"File list": ["main.py", "templates/login.html", "templates/register.html", "templates/home.html", "templates/forum.html", "templates/view_thread.html", "templates/post_advice.html", "templates/my_account.html", "templates/contact_us.html", "users.txt", "threads.txt", "comments.txt", "advice.txt", "contact_inquiries.txt"],
"Data structures and interfaces": "
classDiagram
    class Main {
        -Flask app
        +run() None
    }
    class User {
        -username: str
        -password: str
        +__init__(username: str, password: str)
        +save() None
        +delete() None
    }
    class Thread {
        -title: str
        -content: str
        -username: str
        +__init__(title: str, content: str, username: str)
        +save() None
    }
    class Comment {
        -thread_id: int
        -comment: str
        -username: str
        +__init__(thread_id: int, comment: str, username: str)
        +save() None
    }
    class Advice {
        -title: str
        -content: str
        -username: str
        +__init__(title: str, content: str, username: str)
        +save() None
    }
    class ContactInquiry {
        -name: str
        -email: str
        -message: str
        +__init__(name: str, email: str, message: str)
        +save() None
    }
    Main --> User
    Main --> Thread
    Main --> Comment
    Main --> Advice
    Main --> ContactInquiry
",
[/CONTENT]
## Task Plan
[CONTENT]

"Required packages": [
    "flask==1.1.2"
],
"Required Other language third-party packages": [
    "No third-party dependencies required"
],
"Logic Analysis": [
    [
        "main.py",
        "Contains the Flask app initialization and routing logic."
    ],
    [
        "templates/login.html",
        "Contains the HTML form for user login."
    ],
    [
        "templates/register.html",
        "Contains the HTML form for user registration."
    ],
    [
        "templates/home.html",
        "Contains the HTML structure for the home page with navigation."
    ],
    [
        "templates/forum.html",
        "Contains the HTML structure for displaying discussion threads."
    ],
    [
        "templates/view_thread.html",
        "Contains the HTML structure for viewing a specific thread and its comments."
    ],
    [
        "templates/post_advice.html",
        "Contains the HTML form for posting advice."
    ],
    [
        "templates/my_account.html",
        "Contains the HTML structure for user profile management."
    ],
    [
        "templates/contact_us.html",
        "Contains the HTML form for contacting site administrators."
    ]
],
"Task list": [
    "main.py",
    "templates/login.html",
    "templates/register.html",
    "templates/home.html",
    "templates/forum.html",
    "templates/view_thread.html",
    "templates/post_advice.html",
    "templates/my_account.html",
    "templates/contact_us.html"
],
"Shared Knowledge": "`main.py` contains the main application logic and routing for the web application.",

[/CONTENT]

-----
# Format Example 
*** main.py
```python
...
```

*** ui.py
```python
...
```

*** a.txt
```txt
admin|admin123
user1|user123
```
-----
# Instruction: Based on the context, follow "Format example", write code.
## ATTENTION
1. Use '***' to SPLIT different CODE SECTIONS. do not forget ``` in each file, refer the the example. Output format carefully referenced "Format example".
2. Follow design: YOU MUST FOLLOW "Data structures and interfaces". DONT CHANGE ANY DESIGN. Do not use public member functions that do not exist in your design.
3. Follow task: YOU MUST write Comprehensive codes to complete task of each file in task list.
4. CAREFULLY CHECK THAT YOU DONT MISS ANY NECESSARY CLASS/FUNCTION IN THE FILE.
5. You must import the third-party libraries used in your code
6. If you use a Class not in your file, you must ensure you import it firstly.
7. Determine the order of writing the files based on your understanding of the project.
8. Write out EVERY CODE DETAIL, DON'T LEAVE TODO,PASS,PLACEHOLDER.
9. Only write code result, do not output any other content in the start or in the end.
10. If you need to generate text data, must follow below rules:
(Different groups of data are distinguished by line breaks.
Different contents of the same group of data are distinguished by |.
Make sure: The "|" character is used only to separate distinct contents within a group.
Your code of handling data must be consistent with rule in which you define the data.
11. You need to write some pre-stored data to facilitate testing.

# Website Development Rule
If you are doing website development, be sure to route the root path (/). If there is a login page, set the login page as the root route(/).
If you are doing website development, please do not encrypt the account password for the login function.
If you are doing website development, your code needs to take into account the process of loading data from the data file, so don't forget to load the data.
If you are doing Website Development, do not follow the rules of Website and Game development.
# GUI tkinter Development Rule
If you are doing GUI tkinter Development, do not follow the rules of Website and Game development.
# Game Development Rule
If the software needs to load data, please make sure the loading data code matches the data format and data file.
If you are doing Game Development, do not follow the rules of Website and Game development.

# important rule
Use '***' to SPLIT CODE SECTIONS. do not forget ``` in each file, refer the the example. Output format carefully referenced "Format example". 
Adhere strictly to the task requirements and implement them fully; do not include placeholders or "example" for code that is intended for future implementation.

2025-01-12 Sunday 14:19:39 model.py : INFO  self.model.temperature-----------------0.45-------------------------------
2025-01-12 Sunday 14:19:57 _client.py : INFO  HTTP Request: POST https://api.chatanywhere.tech/chat/completions "HTTP/1.1 200 OK"
2025-01-12 Sunday 14:19:57 model.py : INFO  following invoke cost: 4090 | all cost: 9125
2025-01-12 Sunday 14:19:57 programmer.py : INFO  
*** main.py
```python
from flask import Flask, render_template, request, redirect, url_for, session
import os

app = Flask(__name__)
app.secret_key = 'your_secret_key'

# Load data from text files
def load_users():
    users = {}
    if os.path.exists('users.txt'):
        with open('users.txt', 'r') as file:
            for line in file:
                username, password = line.strip().split('|')
                users[username] = password
    return users

def load_threads():
    threads = []
    if os.path.exists('threads.txt'):
        with open('threads.txt', 'r') as file:
            for line in file:
                title, content, username = line.strip().split('|')
                threads.append(Thread(title, content, username))
    return threads

def load_comments():
    comments = []
    if os.path.exists('comments.txt'):
        with open('comments.txt', 'r') as file:
            for line in file:
                thread_id, comment, username = line.strip().split('|')
                comments.append(Comment(int(thread_id), comment, username))
    return comments

def load_advice():
    advice_list = []
    if os.path.exists('advice.txt'):
        with open('advice.txt', 'r') as file:
            for line in file:
                title, content, username = line.strip().split('|')
                advice_list.append(Advice(title, content, username))
    return advice_list

def load_contact_inquiries():
    inquiries = []
    if os.path.exists('contact_inquiries.txt'):
        with open('contact_inquiries.txt', 'r') as file:
            for line in file:
                name, email, message = line.strip().split('|')
                inquiries.append(ContactInquiry(name, email, message))
    return inquiries

@app.route('/')
def login():
    return render_template('login.html')

@app.route('/register', methods=['GET', 'POST'])
def register():
    if request.method == 'POST':
        username = request.form['username']
        password = request.form['password']
        user = User(username, password)
        user.save()
        return redirect(url_for('login'))
    return render_template('register.html')

@app.route('/home')
def home():
    return render_template('home.html')

@app.route('/forum')
def forum():
    threads = load_threads()
    return render_template('forum.html', threads=threads)

@app.route('/view_thread/<int:thread_id>')
def view_thread(thread_id):
    threads = load_threads()
    comments = load_comments()
    thread = threads[thread_id]
    thread_comments = [c for c in comments if c.thread_id == thread_id]
    return render_template('view_thread.html', thread=thread, comments=thread_comments)

@app.route('/post_advice', methods=['GET', 'POST'])
def post_advice():
    if request.method == 'POST':
        title = request.form['title']
        content = request.form['content']
        username = session.get('username')  # Assuming user is logged in
        advice = Advice(title, content, username)
        advice.save()
        return redirect(url_for('home'))
    return render_template('post_advice.html')

@app.route('/my_account')
def my_account():
    return render_template('my_account.html')

@app.route('/contact_us', methods=['GET', 'POST'])
def contact_us():
    if request.method == 'POST':
        name = request.form['name']
        email = request.form['email']
        message = request.form['message']
        inquiry = ContactInquiry(name, email, message)
        inquiry.save()
        return redirect(url_for('home'))
    return render_template('contact_us.html')

if __name__ == '__main__':
    app.run(debug=True)
```

*** templates/login.html
```html
<!DOCTYPE html>
<html lang="en">
<head>
    <meta charset="UTF-8">
    <meta name="viewport" content="width=device-width, initial-scale=1.0">
    <title>Login</title>
</head>
<body>
    <h1>Login</h1>
    <form method="POST" action="/login">
        <label for="username">Username:</label>
        <input type="text" id="username" name="username" required>
        <label for="password">Password:</label>
        <input type="password" id="password" name="password" required>
        <button type="submit">Login</button>
    </form>
    <a href="/register">Register</a>
</body>
</html>
```

*** templates/register.html
```html
<!DOCTYPE html>
<html lang="en">
<head>
    <meta charset="UTF-8">
    <meta name="viewport" content="width=device-width, initial-scale=1.0">
    <title>Register</title>
</head>
<body>
    <h1>Register</h1>
    <form method="POST" action="/register">
        <label for="username">Username:</label>
        <input type="text" id="username" name="username" required>
        <label for="password">Password:</label>
        <input type="password" id="password" name="password" required>
        <button type="submit">Register</button>
    </form>
    <a href="/">Login</a>
</body>
</html>
```

*** templates/home.html
```html
<!DOCTYPE html>
<html lang="en">
<head>
    <meta charset="UTF-8">
    <meta name="viewport" content="width=device-width, initial-scale=1.0">
    <title>Home</title>
</head>
<body>
    <h1>Welcome to Parenting Advice Forum</h1>
    <nav>
        <a href="/forum">Forum</a>
        <a href="/post_advice">Post Advice</a>
        <a href="/my_account">My Account</a>
        <a href="/contact_us">Contact Us</a>
    </nav>
</body>
</html>
```

*** templates/forum.html
```html
<!DOCTYPE html>
<html lang="en">
<head>
    <meta charset="UTF-8">
    <meta name="viewport" content="width=device-width, initial-scale=1.0">
    <title>Forum</title>
</head>
<body>
    <h1>Discussion Threads</h1>
    <ul>
        {% for thread in threads %}
            <li><a href="{{ url_for('view_thread', thread_id=loop.index0) }}">{{ thread.title }}</a></li>
        {% endfor %}
    </ul>
    <form method="POST" action="/create_thread">
        <h2>Create New Thread</h2>
        <label for="title">Title:</label>
        <input type="text" id="title" name="title" required>
        <label for="content">Content:</label>
        <textarea id="content" name="content" required></textarea>
        <button type="submit">Create</button>
    </form>
</body>
</html>
```

*** templates/view_thread.html
```html
<!DOCTYPE html>
<html lang="en">
<head>
    <meta charset="UTF-8">
    <meta name="viewport" content="width=device-width, initial-scale=1.0">
    <title>{{ thread.title }}</title>
</head>
<body>
    <h1>{{ thread.title }}</h1>
    <p>{{ thread.content }}</p>
    <h2>Comments</h2>
    <ul>
        {% for comment in comments %}
            <li>{{ comment.comment }} - {{ comment.username }}</li>
        {% endfor %}
    </ul>
    <form method="POST" action="/add_comment">
        <label for="comment">Add Comment:</label>
        <textarea id="comment" name="comment" required></textarea>
        <button type="submit">Submit</button>
    </form>
</body>
</html>
```

*** templates/post_advice.html
```html
<!DOCTYPE html>
<html lang="en">
<head>
    <meta charset="UTF-8">
    <meta name="viewport" content="width=device-width, initial-scale=1.0">
    <title>Post Advice</title>
</head>
<body>
    <h1>Post Advice</h1>
    <form method="POST" action="/post_advice">
        <label for="title">Title:</label>
        <input type="text" id="title" name="title" required>
        <label for="content">Content:</label>
        <textarea id="content" name="content" required></textarea>
        <button type="submit">Post</button>
    </form>
</body>
</html>
```

*** templates/my_account.html
```html
<!DOCTYPE html>
<html lang="en">
<head>
    <meta charset="UTF-8">
    <meta name="viewport" content="width=device-width, initial-scale=1.0">
    <title>My Account</title>
</head>
<body>
    <h1>My Account</h1>
    <p>Username: {{ session.username }}</p>
    <a href="/delete_account">Delete Account</a>
</body>
</html>
```

*** templates/contact_us.html
```html
<!DOCTYPE html>
<html lang="en">
<head>
    <meta charset="UTF-8">
    <meta name="viewport" content="width=device-width, initial-scale=1.0">
    <title>Contact Us</title>
</head>
<body>
    <h1>Contact Us</h1>
    <form method="POST" action="/contact_us">
        <label for="name">Name:</label>
        <input type="text" id="name" name="name" required>
        <label for="email">Email:</label>
        <input type="email" id="email" name="email" required>
        <label for="message">Message:</label>
        <textarea id="message" name="message" required></textarea>
        <button type="submit">Send</button>
    </form>
</body>
</html>
```

*** users.txt
```txt
admin|admin123
user1|user123
```

*** threads.txt
```txt
Parenting Tips|Here are some tips for new parents.|admin
Dealing with Toddler Tantrums|How to manage tantrums effectively.|user1
```

*** comments.txt
```txt
0|Great tips!|user1
1|This is really helpful, thanks!|admin
```

*** advice.txt
```txt
Breastfeeding Tips|Breastfeeding can be challenging, but it's important for your baby's health.|admin
Sleep Training|Establishing a sleep routine can help your baby sleep better.|user1
```

*** contact_inquiries.txt
```txt
John Doe|john@example.com|I need help with parenting advice.
Jane Smith|jane@example.com|What are the best practices for potty training?
```
2025-01-12 Sunday 14:19:57 programmer.py : INFO  Compare Code
2025-01-12 Sunday 14:19:57 programmer.py : INFO  **[Update Codes]**

main.py updated.


```
'''

'''
--- Old
+++ New
@@ -1 +1,111 @@
-# None
+from flask import Flask, render_template, request, redirect, url_for, session
+import os
+
+app = Flask(__name__)
+app.secret_key = 'your_secret_key'
+
+# Load data from text files
+def load_users():
+    users = {}
+    if os.path.exists('users.txt'):
+        with open('users.txt', 'r') as file:
+            for line in file:
+                username, password = line.strip().split('|')
+                users[username] = password
+    return users
+
+def load_threads():
+    threads = []
+    if os.path.exists('threads.txt'):
+        with open('threads.txt', 'r') as file:
+            for line in file:
+                title, content, username = line.strip().split('|')
+                threads.append(Thread(title, content, username))
+    return threads
+
+def load_comments():
+    comments = []
+    if os.path.exists('comments.txt'):
+        with open('comments.txt', 'r') as file:
+            for line in file:
+                thread_id, comment, username = line.strip().split('|')
+                comments.append(Comment(int(thread_id), comment, username))
+    return comments
+
+def load_advice():
+    advice_list = []
+    if os.path.exists('advice.txt'):
+        with open('advice.txt', 'r') as file:
+            for line in file:
+                title, content, username = line.strip().split('|')
+                advice_list.append(Advice(title, content, username))
+    return advice_list
+
+def load_contact_inquiries():
+    inquiries = []
+    if os.path.exists('contact_inquiries.txt'):
+        with open('contact_inquiries.txt', 'r') as file:
+            for line in file:
+                name, email, message = line.strip().split('|')
+                inquiries.append(ContactInquiry(name, email, message))
+    return inquiries
+
+@app.route('/')
+def login():
+    return render_template('login.html')
+
+@app.route('/register', methods=['GET', 'POST'])
+def register():
+    if request.method == 'POST':
+        username = request.form['username']
+        password = request.form['password']
+        user = User(username, password)
+        user.save()
+        return redirect(url_for('login'))
+    return render_template('register.html')
+
+@app.route('/home')
+def home():
+    return render_template('home.html')
+
+@app.route('/forum')
+def forum():
+    threads = load_threads()
+    return render_template('forum.html', threads=threads)
+
+@app.route('/view_thread/<int:thread_id>')
+def view_thread(thread_id):
+    threads = load_threads()
+    comments = load_comments()
+    thread = threads[thread_id]
+    thread_comments = [c for c in comments if c.thread_id == thread_id]
+    return render_template('view_thread.html', thread=thread, comments=thread_comments)
+
+@app.route('/post_advice', methods=['GET', 'POST'])
+def post_advice():
+    if request.method == 'POST':
+        title = request.form['title']
+        content = request.form['content']
+        username = session.get('username')  # Assuming user is logged in
+        advice = Advice(title, content, username)
+        advice.save()
+        return redirect(url_for('home'))
+    return render_template('post_advice.html')
+
+@app.route('/my_account')
+def my_account():
+    return render_template('my_account.html')
+
+@app.route('/contact_us', methods=['GET', 'POST'])
+def contact_us():
+    if request.method == 'POST':
+        name = request.form['name']
+        email = request.form['email']
+        message = request.form['message']
+        inquiry = ContactInquiry(name, email, message)
+        inquiry.save()
+        return redirect(url_for('home'))
+    return render_template('contact_us.html')
+
+if __name__ == '__main__':
+    app.run(debug=True)
```
2025-01-12 Sunday 14:19:57 programmer.py : INFO  **[Update Codes]**

templates/login.html updated.


```
'''

'''
--- Old
+++ New
@@ -1 +1,19 @@
-# None
+<!DOCTYPE html>
+<html lang="en">
+<head>
+    <meta charset="UTF-8">
+    <meta name="viewport" content="width=device-width, initial-scale=1.0">
+    <title>Login</title>
+</head>
+<body>
+    <h1>Login</h1>
+    <form method="POST" action="/login">
+        <label for="username">Username:</label>
+        <input type="text" id="username" name="username" required>
+        <label for="password">Password:</label>
+        <input type="password" id="password" name="password" required>
+        <button type="submit">Login</button>
+    </form>
+    <a href="/register">Register</a>
+</body>
+</html>
```
2025-01-12 Sunday 14:19:57 programmer.py : INFO  **[Update Codes]**

templates/register.html updated.


```
'''

'''
--- Old
+++ New
@@ -1 +1,19 @@
-# None
+<!DOCTYPE html>
+<html lang="en">
+<head>
+    <meta charset="UTF-8">
+    <meta name="viewport" content="width=device-width, initial-scale=1.0">
+    <title>Register</title>
+</head>
+<body>
+    <h1>Register</h1>
+    <form method="POST" action="/register">
+        <label for="username">Username:</label>
+        <input type="text" id="username" name="username" required>
+        <label for="password">Password:</label>
+        <input type="password" id="password" name="password" required>
+        <button type="submit">Register</button>
+    </form>
+    <a href="/">Login</a>
+</body>
+</html>
```
2025-01-12 Sunday 14:19:57 programmer.py : INFO  **[Update Codes]**

templates/home.html updated.


```
'''

'''
--- Old
+++ New
@@ -1 +1,17 @@
-# None
+<!DOCTYPE html>
+<html lang="en">
+<head>
+    <meta charset="UTF-8">
+    <meta name="viewport" content="width=device-width, initial-scale=1.0">
+    <title>Home</title>
+</head>
+<body>
+    <h1>Welcome to Parenting Advice Forum</h1>
+    <nav>
+        <a href="/forum">Forum</a>
+        <a href="/post_advice">Post Advice</a>
+        <a href="/my_account">My Account</a>
+        <a href="/contact_us">Contact Us</a>
+    </nav>
+</body>
+</html>
```
2025-01-12 Sunday 14:19:57 programmer.py : INFO  **[Update Codes]**

templates/forum.html updated.


```
'''

'''
--- Old
+++ New
@@ -1 +1,24 @@
-# None
+<!DOCTYPE html>
+<html lang="en">
+<head>
+    <meta charset="UTF-8">
+    <meta name="viewport" content="width=device-width, initial-scale=1.0">
+    <title>Forum</title>
+</head>
+<body>
+    <h1>Discussion Threads</h1>
+    <ul>
+        {% for thread in threads %}
+            <li><a href="{{ url_for('view_thread', thread_id=loop.index0) }}">{{ thread.title }}</a></li>
+        {% endfor %}
+    </ul>
+    <form method="POST" action="/create_thread">
+        <h2>Create New Thread</h2>
+        <label for="title">Title:</label>
+        <input type="text" id="title" name="title" required>
+        <label for="content">Content:</label>
+        <textarea id="content" name="content" required></textarea>
+        <button type="submit">Create</button>
+    </form>
+</body>
+</html>
```
2025-01-12 Sunday 14:19:57 programmer.py : INFO  **[Update Codes]**

templates/view_thread.html updated.


```
'''

'''
--- Old
+++ New
@@ -1 +1,23 @@
-# None
+<!DOCTYPE html>
+<html lang="en">
+<head>
+    <meta charset="UTF-8">
+    <meta name="viewport" content="width=device-width, initial-scale=1.0">
+    <title>{{ thread.title }}</title>
+</head>
+<body>
+    <h1>{{ thread.title }}</h1>
+    <p>{{ thread.content }}</p>
+    <h2>Comments</h2>
+    <ul>
+        {% for comment in comments %}
+            <li>{{ comment.comment }} - {{ comment.username }}</li>
+        {% endfor %}
+    </ul>
+    <form method="POST" action="/add_comment">
+        <label for="comment">Add Comment:</label>
+        <textarea id="comment" name="comment" required></textarea>
+        <button type="submit">Submit</button>
+    </form>
+</body>
+</html>
```
2025-01-12 Sunday 14:19:57 programmer.py : INFO  **[Update Codes]**

templates/post_advice.html updated.


```
'''

'''
--- Old
+++ New
@@ -1 +1,18 @@
-# None
+<!DOCTYPE html>
+<html lang="en">
+<head>
+    <meta charset="UTF-8">
+    <meta name="viewport" content="width=device-width, initial-scale=1.0">
+    <title>Post Advice</title>
+</head>
+<body>
+    <h1>Post Advice</h1>
+    <form method="POST" action="/post_advice">
+        <label for="title">Title:</label>
+        <input type="text" id="title" name="title" required>
+        <label for="content">Content:</label>
+        <textarea id="content" name="content" required></textarea>
+        <button type="submit">Post</button>
+    </form>
+</body>
+</html>
```
2025-01-12 Sunday 14:19:57 programmer.py : INFO  **[Update Codes]**

templates/my_account.html updated.


```
'''

'''
--- Old
+++ New
@@ -1 +1,13 @@
-# None
+<!DOCTYPE html>
+<html lang="en">
+<head>
+    <meta charset="UTF-8">
+    <meta name="viewport" content="width=device-width, initial-scale=1.0">
+    <title>My Account</title>
+</head>
+<body>
+    <h1>My Account</h1>
+    <p>Username: {{ session.username }}</p>
+    <a href="/delete_account">Delete Account</a>
+</body>
+</html>
```
2025-01-12 Sunday 14:19:57 programmer.py : INFO  **[Update Codes]**

templates/contact_us.html updated.


```
'''

'''
--- Old
+++ New
@@ -1 +1,20 @@
-# None
+<!DOCTYPE html>
+<html lang="en">
+<head>
+    <meta charset="UTF-8">
+    <meta name="viewport" content="width=device-width, initial-scale=1.0">
+    <title>Contact Us</title>
+</head>
+<body>
+    <h1>Contact Us</h1>
+    <form method="POST" action="/contact_us">
+        <label for="name">Name:</label>
+        <input type="text" id="name" name="name" required>
+        <label for="email">Email:</label>
+        <input type="email" id="email" name="email" required>
+        <label for="message">Message:</label>
+        <textarea id="message" name="message" required></textarea>
+        <button type="submit">Send</button>
+    </form>
+</body>
+</html>
```
2025-01-12 Sunday 14:19:57 programmer.py : INFO  **[Update Codes]**

users.txt updated.


```
'''

'''
--- Old
+++ New
@@ -1 +1,2 @@
-# None
+admin|admin123
+user1|user123
```
2025-01-12 Sunday 14:19:57 programmer.py : INFO  **[Update Codes]**

threads.txt updated.


```
'''

'''
--- Old
+++ New
@@ -1 +1,2 @@
-# None
+Parenting Tips|Here are some tips for new parents.|admin
+Dealing with Toddler Tantrums|How to manage tantrums effectively.|user1
```
2025-01-12 Sunday 14:19:57 programmer.py : INFO  **[Update Codes]**

comments.txt updated.


```
'''

'''
--- Old
+++ New
@@ -1 +1,2 @@
-# None
+0|Great tips!|user1
+1|This is really helpful, thanks!|admin
```
2025-01-12 Sunday 14:19:57 programmer.py : INFO  **[Update Codes]**

advice.txt updated.


```
'''

'''
--- Old
+++ New
@@ -1 +1,2 @@
-# None
+Breastfeeding Tips|Breastfeeding can be challenging, but it's important for your baby's health.|admin
+Sleep Training|Establishing a sleep routine can help your baby sleep better.|user1
```
2025-01-12 Sunday 14:19:57 programmer.py : INFO  **[Update Codes]**

contact_inquiries.txt updated.


```
'''

'''
--- Old
+++ New
@@ -1 +1,2 @@
-# None
+John Doe|john@example.com|I need help with parenting advice.
+Jane Smith|jane@example.com|What are the best practices for potty training?
```
2025-01-12 Sunday 14:19:57 programmer.py : INFO  Programmer writting CODE: main.py
2025-01-12 Sunday 14:19:57 programmer.py : INFO  Programmer writting CODE: templates/login.html
2025-01-12 Sunday 14:19:57 programmer.py : INFO  Programmer writting CODE: templates/register.html
2025-01-12 Sunday 14:19:57 programmer.py : INFO  Programmer writting CODE: templates/home.html
2025-01-12 Sunday 14:19:57 programmer.py : INFO  Programmer writting CODE: templates/forum.html
2025-01-12 Sunday 14:19:57 programmer.py : INFO  Programmer writting CODE: templates/view_thread.html
2025-01-12 Sunday 14:19:57 programmer.py : INFO  Programmer writting CODE: templates/post_advice.html
2025-01-12 Sunday 14:19:57 programmer.py : INFO  Programmer writting CODE: templates/my_account.html
2025-01-12 Sunday 14:19:57 programmer.py : INFO  Programmer writting CODE: templates/contact_us.html
2025-01-12 Sunday 14:19:57 programmer.py : INFO  Programmer writting CODE: users.txt
2025-01-12 Sunday 14:19:57 programmer.py : INFO  Programmer writting CODE: threads.txt
2025-01-12 Sunday 14:19:57 programmer.py : INFO  Programmer writting CODE: comments.txt
2025-01-12 Sunday 14:19:57 programmer.py : INFO  Programmer writting CODE: advice.txt
2025-01-12 Sunday 14:19:57 programmer.py : INFO  Programmer writting CODE: contact_inquiries.txt
2025-01-12 Sunday 14:19:57 ceaug_main.py : INFO  Ready Auto Test # # # # # # # # # # # # D:\algorithm\agent\cese\dataset\SD-bench\codebase\ParentingAdiviceForum\
2025-01-12 Sunday 14:20:12 _client.py : INFO  HTTP Request: POST https://api.chatanywhere.tech/chat/completions "HTTP/1.1 200 OK"
2025-01-12 Sunday 14:21:22 ceaug_main.py : INFO  unit_test_result{'category': 'website', 'project_name': 'ParentingAdiviceForum', 'passed': 1, 'failed': 3, 'errors': 5, 'total': 9, 'output': 'test_comment_on_thread (testcode.TestParentingAdviceForum) ... ERROR\ntest_create_new_thread (testcode.TestParentingAdviceForum) ... ERROR\ntest_navigate_to_forum_page (testcode.TestParentingAdviceForum) ... ERROR\ntest_navigate_to_registration_page (testcode.TestParentingAdviceForum) ... ok\ntest_post_advice (testcode.TestParentingAdviceForum) ... ERROR\ntest_user_login (testcode.TestParentingAdviceForum) ... FAIL\ntest_user_registration (testcode.TestParentingAdviceForum) ... FAIL\ntest_view_home_page_after_login (testcode.TestParentingAdviceForum) ... FAIL\ntest_view_specific_thread (testcode.TestParentingAdviceForum) ... ERROR\n======================================================================\nERROR: test_comment_on_thread (testcode.TestParentingAdviceForum)\n----------------------------------------------------------------------\nTraceback (most recent call last):\n  File "D:\\algorithm\\agent\\cese\\dataset\\SD-bench\\codebase\\ParentingAdiviceForum\\code\\testcode.py", line 110, in test_comment_on_thread\n    self.driver.find_element(By.LINK_TEXT, \'Forum\').click()\n  File "D:\\Anaconda3\\envs\\Altdev\\lib\\site-packages\\selenium\\webdriver\\remote\\webdriver.py", line 770, in find_element\n    return self.execute(Command.FIND_ELEMENT, {"using": by, "value": value})["value"]\n  File "D:\\Anaconda3\\envs\\Altdev\\lib\\site-packages\\selenium\\webdriver\\remote\\webdriver.py", line 384, in execute\n    self.error_handler.check_response(response)\n  File "D:\\Anaconda3\\envs\\Altdev\\lib\\site-packages\\selenium\\webdriver\\remote\\errorhandler.py", line 232, in check_response\n    raise exception_class(message, screen, stacktrace)\nselenium.common.exceptions.NoSuchElementException: Message: no such element: Unable to locate element: {"method":"link text","selector":"Forum"}\n  (Session info: chrome=131.0.6778.265); For documentation on this error, please visit: https://www.selenium.dev/documentation/webdriver/troubleshooting/errors#no-such-element-exception\nStacktrace:\n======================================================================\nERROR: test_create_new_thread (testcode.TestParentingAdviceForum)\n----------------------------------------------------------------------\nTraceback (most recent call last):\n  File "D:\\algorithm\\agent\\cese\\dataset\\SD-bench\\codebase\\ParentingAdiviceForum\\code\\testcode.py", line 79, in test_create_new_thread\n    self.driver.find_element(By.LINK_TEXT, \'Forum\').click()\n  File "D:\\Anaconda3\\envs\\Altdev\\lib\\site-packages\\selenium\\webdriver\\remote\\webdriver.py", line 770, in find_element\n    return self.execute(Command.FIND_ELEMENT, {"using": by, "value": value})["value"]\n  File "D:\\Anaconda3\\envs\\Altdev\\lib\\site-packages\\selenium\\webdriver\\remote\\webdriver.py", line 384, in execute\n    self.error_handler.check_response(response)\n  File "D:\\Anaconda3\\envs\\Altdev\\lib\\site-packages\\selenium\\webdriver\\remote\\errorhandler.py", line 232, in check_response\n    raise exception_class(message, screen, stacktrace)\nselenium.common.exceptions.NoSuchElementException: Message: no such element: Unable to locate element: {"method":"link text","selector":"Forum"}\n  (Session info: chrome=131.0.6778.265); For documentation on this error, please visit: https://www.selenium.dev/documentation/webdriver/troubleshooting/errors#no-such-element-exception\nStacktrace:\n======================================================================\nERROR: test_navigate_to_forum_page (testcode.TestParentingAdviceForum)\n----------------------------------------------------------------------\nTraceback (most recent call last):\n  File "D:\\algorithm\\agent\\cese\\dataset\\SD-bench\\codebase\\ParentingAdiviceForum\\code\\testcode.py", line 70, in test_navigate_to_forum_page\n    self.driver.find_element(By.LINK_TEXT, \'Forum\').click()\n  File "D:\\Anaconda3\\envs\\Altdev\\lib\\site-packages\\selenium\\webdriver\\remote\\webdriver.py", line 770, in find_element\n    return self.execute(Command.FIND_ELEMENT, {"using": by, "value": value})["value"]\n  File "D:\\Anaconda3\\envs\\Altdev\\lib\\site-packages\\selenium\\webdriver\\remote\\webdriver.py", line 384, in execute\n    self.error_handler.check_response(response)\n  File "D:\\Anaconda3\\envs\\Altdev\\lib\\site-packages\\selenium\\webdriver\\remote\\errorhandler.py", line 232, in check_response\n    raise exception_class(message, screen, stacktrace)\nselenium.common.exceptions.NoSuchElementException: Message: no such element: Unable to locate element: {"method":"link text","selector":"Forum"}\n  (Session info: chrome=131.0.6778.265); For documentation on this error, please visit: https://www.selenium.dev/documentation/webdriver/troubleshooting/errors#no-such-element-exception\nStacktrace:\n======================================================================\nERROR: test_post_advice (testcode.TestParentingAdviceForum)\n----------------------------------------------------------------------\nTraceback (most recent call last):\n  File "D:\\algorithm\\agent\\cese\\dataset\\SD-bench\\codebase\\ParentingAdiviceForum\\code\\testcode.py", line 130, in test_post_advice\n    self.driver.find_element(By.LINK_TEXT, \'Post Advice\').click()\n  File "D:\\Anaconda3\\envs\\Altdev\\lib\\site-packages\\selenium\\webdriver\\remote\\webdriver.py", line 770, in find_element\n    return self.execute(Command.FIND_ELEMENT, {"using": by, "value": value})["value"]\n  File "D:\\Anaconda3\\envs\\Altdev\\lib\\site-packages\\selenium\\webdriver\\remote\\webdriver.py", line 384, in execute\n    self.error_handler.check_response(response)\n  File "D:\\Anaconda3\\envs\\Altdev\\lib\\site-packages\\selenium\\webdriver\\remote\\errorhandler.py", line 232, in check_response\n    raise exception_class(message, screen, stacktrace)\nselenium.common.exceptions.NoSuchElementException: Message: no such element: Unable to locate element: {"method":"link text","selector":"Post Advice"}\n  (Session info: chrome=131.0.6778.265); For documentation on this error, please visit: https://www.selenium.dev/documentation/webdriver/troubleshooting/errors#no-such-element-exception\nStacktrace:\n======================================================================\nERROR: test_view_specific_thread (testcode.TestParentingAdviceForum)\n----------------------------------------------------------------------\nTraceback (most recent call last):\n  File "D:\\algorithm\\agent\\cese\\dataset\\SD-bench\\codebase\\ParentingAdiviceForum\\code\\testcode.py", line 97, in test_view_specific_thread\n    self.driver.find_element(By.LINK_TEXT, \'Forum\').click()\n  File "D:\\Anaconda3\\envs\\Altdev\\lib\\site-packages\\selenium\\webdriver\\remote\\webdriver.py", line 770, in find_element\n    return self.execute(Command.FIND_ELEMENT, {"using": by, "value": value})["value"]\n  File "D:\\Anaconda3\\envs\\Altdev\\lib\\site-packages\\selenium\\webdriver\\remote\\webdriver.py", line 384, in execute\n    self.error_handler.check_response(response)\n  File "D:\\Anaconda3\\envs\\Altdev\\lib\\site-packages\\selenium\\webdriver\\remote\\errorhandler.py", line 232, in check_response\n    raise exception_class(message, screen, stacktrace)\nselenium.common.exceptions.NoSuchElementException: Message: no such element: Unable to locate element: {"method":"link text","selector":"Forum"}\n  (Session info: chrome=131.0.6778.265); For documentation on this error, please visit: https://www.selenium.dev/documentation/webdriver/troubleshooting/errors#no-such-element-exception\nStacktrace:\n======================================================================\nFAIL: test_user_login (testcode.TestParentingAdviceForum)\n----------------------------------------------------------------------\nTraceback (most recent call last):\n  File "D:\\algorithm\\agent\\cese\\dataset\\SD-bench\\codebase\\ParentingAdiviceForum\\code\\testcode.py", line 33, in test_user_login\n    self.assertIn("Home", self.driver.title)\nAssertionError: \'Home\' not found in \'404 Not Found\'\n======================================================================\nFAIL: test_user_registration (testcode.TestParentingAdviceForum)\n----------------------------------------------------------------------\nTraceback (most recent call last):\n  File "D:\\algorithm\\agent\\cese\\dataset\\SD-bench\\codebase\\ParentingAdiviceForum\\code\\testcode.py", line 58, in test_user_registration\n    self.assertIn("Login", self.driver.title)\nAssertionError: \'Login\' not found in \'500 Internal Server Error\'\n======================================================================\nFAIL: test_view_home_page_after_login (testcode.TestParentingAdviceForum)\n----------------------------------------------------------------------\nTraceback (most recent call last):\n  File "D:\\algorithm\\agent\\cese\\dataset\\SD-bench\\codebase\\ParentingAdiviceForum\\code\\testcode.py", line 65, in test_view_home_page_after_login\n    self.assertIn("Home", self.driver.title)\nAssertionError: \'Home\' not found in \'404 Not Found\'\n----------------------------------------------------------------------\nRan 9 tests in 69.561s\nFAILED (failures=3, errors=5)\n'}
2025-01-12 Sunday 14:22:04 _client.py : INFO  HTTP Request: POST https://api.chatanywhere.tech/chat/completions "HTTP/1.1 200 OK"
2025-01-12 Sunday 14:22:04 ceaug_main.py : INFO  You are a software test analyst. Please help me analyze the code of a project.
        Here is the entire codebase for a project: --- DIRECTORY: D:\algorithm\agent\cese\dataset\SD-bench\codebase\ParentingAdiviceForum\code ---
  --- FILE: advice.txt (PATH: D:\algorithm\agent\cese\dataset\SD-bench\codebase\ParentingAdiviceForum\code\advice.txt, TYPE: .txt) ---
Breastfeeding Tips|Breastfeeding can be challenging, but it's important for your baby's health.|admin
Sleep Training|Establishing a sleep routine can help your baby sleep better.|user1


  --- FILE: comments.txt (PATH: D:\algorithm\agent\cese\dataset\SD-bench\codebase\ParentingAdiviceForum\code\comments.txt, TYPE: .txt) ---
0|Great tips!|user1
1|This is really helpful, thanks!|admin


  --- FILE: contact_inquiries.txt (PATH: D:\algorithm\agent\cese\dataset\SD-bench\codebase\ParentingAdiviceForum\code\contact_inquiries.txt, TYPE: .txt) ---
John Doe|john@example.com|I need help with parenting advice.
Jane Smith|jane@example.com|What are the best practices for potty training?


  --- FILE: main.py (PATH: D:\algorithm\agent\cese\dataset\SD-bench\codebase\ParentingAdiviceForum\code\main.py, TYPE: .py) ---
from flask import Flask, render_template, request, redirect, url_for, session
import os

app = Flask(__name__)
app.secret_key = 'your_secret_key'

# Load data from text files
def load_users():
    users = {}
    if os.path.exists('users.txt'):
        with open('users.txt', 'r') as file:
            for line in file:
                username, password = line.strip().split('|')
                users[username] = password
    return users

def load_threads():
    threads = []
    if os.path.exists('threads.txt'):
        with open('threads.txt', 'r') as file:
            for line in file:
                title, content, username = line.strip().split('|')
                threads.append(Thread(title, content, username))
    return threads

def load_comments():
    comments = []
    if os.path.exists('comments.txt'):
        with open('comments.txt', 'r') as file:
            for line in file:
                thread_id, comment, username = line.strip().split('|')
                comments.append(Comment(int(thread_id), comment, username))
    return comments

def load_advice():
    advice_list = []
    if os.path.exists('advice.txt'):
        with open('advice.txt', 'r') as file:
            for line in file:
                title, content, username = line.strip().split('|')
                advice_list.append(Advice(title, content, username))
    return advice_list

def load_contact_inquiries():
    inquiries = []
    if os.path.exists('contact_inquiries.txt'):
        with open('contact_inquiries.txt', 'r') as file:
            for line in file:
                name, email, message = line.strip().split('|')
                inquiries.append(ContactInquiry(name, email, message))
    return inquiries

@app.route('/')
def login():
    return render_template('login.html')

@app.route('/register', methods=['GET', 'POST'])
def register():
    if request.method == 'POST':
        username = request.form['username']
        password = request.form['password']
        user = User(username, password)
        user.save()
        return redirect(url_for('login'))
    return render_template('register.html')

@app.route('/home')
def home():
    return render_template('home.html')

@app.route('/forum')
def forum():
    threads = load_threads()
    return render_template('forum.html', threads=threads)

@app.route('/view_thread/<int:thread_id>')
def view_thread(thread_id):
    threads = load_threads()
    comments = load_comments()
    thread = threads[thread_id]
    thread_comments = [c for c in comments if c.thread_id == thread_id]
    return render_template('view_thread.html', thread=thread, comments=thread_comments)

@app.route('/post_advice', methods=['GET', 'POST'])
def post_advice():
    if request.method == 'POST':
        title = request.form['title']
        content = request.form['content']
        username = session.get('username')  # Assuming user is logged in
        advice = Advice(title, content, username)
        advice.save()
        return redirect(url_for('home'))
    return render_template('post_advice.html')

@app.route('/my_account')
def my_account():
    return render_template('my_account.html')

@app.route('/contact_us', methods=['GET', 'POST'])
def contact_us():
    if request.method == 'POST':
        name = request.form['name']
        email = request.form['email']
        message = request.form['message']
        inquiry = ContactInquiry(name, email, message)
        inquiry.save()
        return redirect(url_for('home'))
    return render_template('contact_us.html')

if __name__ == '__main__':
    app.run(port=8310, debug=False)


  --- FILE: threads.txt (PATH: D:\algorithm\agent\cese\dataset\SD-bench\codebase\ParentingAdiviceForum\code\threads.txt, TYPE: .txt) ---
Parenting Tips|Here are some tips for new parents.|admin
Dealing with Toddler Tantrums|How to manage tantrums effectively.|user1


  --- FILE: users.txt (PATH: D:\algorithm\agent\cese\dataset\SD-bench\codebase\ParentingAdiviceForum\code\users.txt, TYPE: .txt) ---
admin|admin123
user1|user123


  --- DIRECTORY: D:\algorithm\agent\cese\dataset\SD-bench\codebase\ParentingAdiviceForum\code\templates ---
    --- FILE: contact_us.html (PATH: D:\algorithm\agent\cese\dataset\SD-bench\codebase\ParentingAdiviceForum\code\templates\contact_us.html, TYPE: .html) ---
<!DOCTYPE html>
<html lang="en">
<head>
    <meta charset="UTF-8">
    <meta name="viewport" content="width=device-width, initial-scale=1.0">
    <title>Contact Us</title>
</head>
<body>
    <h1>Contact Us</h1>
    <form method="POST" action="/contact_us">
        <label for="name">Name:</label>
        <input type="text" id="name" name="name" required>
        <label for="email">Email:</label>
        <input type="email" id="email" name="email" required>
        <label for="message">Message:</label>
        <textarea id="message" name="message" required></textarea>
        <button type="submit">Send</button>
    </form>
</body>
</html>

    --- FILE: forum.html (PATH: D:\algorithm\agent\cese\dataset\SD-bench\codebase\ParentingAdiviceForum\code\templates\forum.html, TYPE: .html) ---
<!DOCTYPE html>
<html lang="en">
<head>
    <meta charset="UTF-8">
    <meta name="viewport" content="width=device-width, initial-scale=1.0">
    <title>Forum</title>
</head>
<body>
    <h1>Discussion Threads</h1>
    <ul>
        {% for thread in threads %}
            <li><a href="{{ url_for('view_thread', thread_id=loop.index0) }}">{{ thread.title }}</a></li>
        {% endfor %}
    </ul>
    <form method="POST" action="/create_thread">
        <h2>Create New Thread</h2>
        <label for="title">Title:</label>
        <input type="text" id="title" name="title" required>
        <label for="content">Content:</label>
        <textarea id="content" name="content" required></textarea>
        <button type="submit">Create</button>
    </form>
</body>
</html>

    --- FILE: home.html (PATH: D:\algorithm\agent\cese\dataset\SD-bench\codebase\ParentingAdiviceForum\code\templates\home.html, TYPE: .html) ---
<!DOCTYPE html>
<html lang="en">
<head>
    <meta charset="UTF-8">
    <meta name="viewport" content="width=device-width, initial-scale=1.0">
    <title>Home</title>
</head>
<body>
    <h1>Welcome to Parenting Advice Forum</h1>
    <nav>
        <a href="/forum">Forum</a>
        <a href="/post_advice">Post Advice</a>
        <a href="/my_account">My Account</a>
        <a href="/contact_us">Contact Us</a>
    </nav>
</body>
</html>

    --- FILE: login.html (PATH: D:\algorithm\agent\cese\dataset\SD-bench\codebase\ParentingAdiviceForum\code\templates\login.html, TYPE: .html) ---
<!DOCTYPE html>
<html lang="en">
<head>
    <meta charset="UTF-8">
    <meta name="viewport" content="width=device-width, initial-scale=1.0">
    <title>Login</title>
</head>
<body>
    <h1>Login</h1>
    <form method="POST" action="/login">
        <label for="username">Username:</label>
        <input type="text" id="username" name="username" required>
        <label for="password">Password:</label>
        <input type="password" id="password" name="password" required>
        <button type="submit">Login</button>
    </form>
    <a href="/register">Register</a>
</body>
</html>

    --- FILE: my_account.html (PATH: D:\algorithm\agent\cese\dataset\SD-bench\codebase\ParentingAdiviceForum\code\templates\my_account.html, TYPE: .html) ---
<!DOCTYPE html>
<html lang="en">
<head>
    <meta charset="UTF-8">
    <meta name="viewport" content="width=device-width, initial-scale=1.0">
    <title>My Account</title>
</head>
<body>
    <h1>My Account</h1>
    <p>Username: {{ session.username }}</p>
    <a href="/delete_account">Delete Account</a>
</body>
</html>

    --- FILE: post_advice.html (PATH: D:\algorithm\agent\cese\dataset\SD-bench\codebase\ParentingAdiviceForum\code\templates\post_advice.html, TYPE: .html) ---
<!DOCTYPE html>
<html lang="en">
<head>
    <meta charset="UTF-8">
    <meta name="viewport" content="width=device-width, initial-scale=1.0">
    <title>Post Advice</title>
</head>
<body>
    <h1>Post Advice</h1>
    <form method="POST" action="/post_advice">
        <label for="title">Title:</label>
        <input type="text" id="title" name="title" required>
        <label for="content">Content:</label>
        <textarea id="content" name="content" required></textarea>
        <button type="submit">Post</button>
    </form>
</body>
</html>

    --- FILE: register.html (PATH: D:\algorithm\agent\cese\dataset\SD-bench\codebase\ParentingAdiviceForum\code\templates\register.html, TYPE: .html) ---
<!DOCTYPE html>
<html lang="en">
<head>
    <meta charset="UTF-8">
    <meta name="viewport" content="width=device-width, initial-scale=1.0">
    <title>Register</title>
</head>
<body>
    <h1>Register</h1>
    <form method="POST" action="/register">
        <label for="username">Username:</label>
        <input type="text" id="username" name="username" required>
        <label for="password">Password:</label>
        <input type="password" id="password" name="password" required>
        <button type="submit">Register</button>
    </form>
    <a href="/">Login</a>
</body>
</html>

    --- FILE: view_thread.html (PATH: D:\algorithm\agent\cese\dataset\SD-bench\codebase\ParentingAdiviceForum\code\templates\view_thread.html, TYPE: .html) ---
<!DOCTYPE html>
<html lang="en">
<head>
    <meta charset="UTF-8">
    <meta name="viewport" content="width=device-width, initial-scale=1.0">
    <title>{{ thread.title }}</title>
</head>
<body>
    <h1>{{ thread.title }}</h1>
    <p>{{ thread.content }}</p>
    <h2>Comments</h2>
    <ul>
        {% for comment in comments %}
            <li>{{ comment.comment }} - {{ comment.username }}</li>
        {% endfor %}
    </ul>
    <form method="POST" action="/add_comment">
        <label for="comment">Add Comment:</label>
        <textarea id="comment" name="comment" required></textarea>
        <button type="submit">Submit</button>
    </form>
</body>
</html>

.
        Here are the unit test codes for this project: import unittest
from selenium import webdriver
from selenium.webdriver.common.by import By
import time
import subprocess

class TestParentingAdviceForum(unittest.TestCase):

    def setUp(self):
        # Start the application
        self.process = subprocess.Popen(['python', 'main.py'])
        time.sleep(1)  # Give the server time to start
        self.driver = webdriver.Chrome()
        self.driver.get('http://localhost:8310/')  # Access the login page

    def tearDown(self):
        # Close the web driver session and stop the application
        self.driver.quit()
        self.process.terminate()

    def login(self, username, password):
        # Helper method to perform login
        self.driver.find_element(By.NAME, 'username').send_keys(username)
        self.driver.find_element(By.NAME, 'password').send_keys(password)
        self.driver.find_element(By.XPATH, '//button[text()="Login"]').click()
        time.sleep(1)  # Wait for the next page to load

    def test_user_login(self):
        # Functionalities 1: Test user login functionality
        self.login("admin", "admin123")

        # Verify that the Home Page has loaded
        self.assertIn("Home", self.driver.title)

    def test_navigate_to_registration_page(self):
        # Functionalities 2: Test navigation to the Registration Page
        self.driver.find_element(By.LINK_TEXT, 'Register').click()
        time.sleep(1)  # Wait for the next page to load

        # Verify that the Registration Page has loaded
        self.assertIn("Register", self.driver.title)

    def test_user_registration(self):
        # Functionalities 3: Test user registration functionality
        self.driver.find_element(By.LINK_TEXT, 'Register').click()
        time.sleep(1)  # Wait for the next page to load

        new_username = "new_user"
        new_password = "new_password"

        # Input username and password for registration
        self.driver.find_element(By.NAME, 'username').send_keys(new_username)
        self.driver.find_element(By.NAME, 'password').send_keys(new_password)
        self.driver.find_element(By.XPATH, '//button[text()="Register"]').click()
        time.sleep(1)  # Wait for the next page to load

        # Verify the user is redirected to the login page
        self.assertIn("Login", self.driver.title)

    def test_view_home_page_after_login(self):
        # Functionalities 4: Test viewing the Home Page after logging in
        self.login("admin", "admin123")

        # Verify that the Home Page has loaded
        self.assertIn("Home", self.driver.title)

    def test_navigate_to_forum_page(self):
        # Functionalities 5: Test navigation to the Forum Page
        self.login("admin", "admin123")
        self.driver.find_element(By.LINK_TEXT, 'Forum').click()
        time.sleep(1)  # Wait for the next page to load

        # Verify that the Forum Page has loaded
        self.assertIn("Forum", self.driver.title)

    def test_create_new_thread(self):
        # Functionalities 6: Test creating a new thread
        self.login("admin", "admin123")
        self.driver.find_element(By.LINK_TEXT, 'Forum').click()
        time.sleep(1)  # Wait for the next page to load

        thread_title = "New Thread Title"
        thread_content = "This is the content of the new thread."

        # Fill out the new thread form
        self.driver.find_element(By.NAME, 'title').send_keys(thread_title)
        self.driver.find_element(By.NAME, 'content').send_keys(thread_content)
        self.driver.find_element(By.XPATH, '//button[text()="Create"]').click()
        time.sleep(1)  # Wait for the thread to be created

        # Verify that the new thread is displayed on the Forum Page
        self.assertIn(thread_title, self.driver.page_source)

    def test_view_specific_thread(self):
        # Functionalities 7: Test viewing a specific thread
        self.login("admin", "admin123")
        self.driver.find_element(By.LINK_TEXT, 'Forum').click()
        time.sleep(1)  # Wait for the next page to load

        # Click on the first thread
        self.driver.find_element(By.LINK_TEXT, 'Parenting Tips').click()
        time.sleep(1)  # Wait for the thread page to load

        # Verify that the thread page displays the correct content
        self.assertIn("Parenting Tips", self.driver.page_source)

    def test_comment_on_thread(self):
        # Functionalities 8: Test commenting on a thread
        self.login("admin", "admin123")
        self.driver.find_element(By.LINK_TEXT, 'Forum').click()
        time.sleep(1)  # Wait for the next page to load

        # Click on the first thread
        self.driver.find_element(By.LINK_TEXT, 'Parenting Tips').click()
        time.sleep(1)  # Wait for the thread page to load

        comment_text = "This is a test comment."

        # Add a comment
        self.driver.find_element(By.NAME, 'comment').send_keys(comment_text)
        self.driver.find_element(By.XPATH, '//button[text()="Submit"]').click()
        time.sleep(1)  # Wait for the comment to be posted

        # Verify that the comment is displayed
        self.assertIn(comment_text, self.driver.page_source)

    def test_post_advice(self):
        # Functionalities 9: Test posting advice
        self.login("admin", "admin123")
        self.driver.find_element(By.LINK_TEXT, 'Post Advice').click()
        time.sleep(1)  # Wait for the next page to load

        advice_title = "New Advice Title"
        advice_content = "This is the content of the new advice."

        # Fill out the advice form
        self.driver.find_element(By.NAME, 'title').send_keys(advice_title)
        self.driver.find_element(By.NAME, 'content').send_keys(advice_content)
        self.driver.find_element(By.XPATH, '//button[text()="Post"]').click()
        time.sleep(1)  # Wait for the advice to be posted

        # Verify that the advice is displayed on the Home Page
        self.assertIn(advice_title, self.driver.page_source)

if __name__ == '__main__':
    unittest.main()
.
        These are all the unit test results (Only failed tests have detailed information):{'category': 'website', 'project_name': 'ParentingAdiviceForum', 'passed': 1, 'failed': 3, 'errors': 5, 'total': 9, 'output': 'test_comment_on_thread (testcode.TestParentingAdviceForum) ... ERROR\ntest_create_new_thread (testcode.TestParentingAdviceForum) ... ERROR\ntest_navigate_to_forum_page (testcode.TestParentingAdviceForum) ... ERROR\ntest_navigate_to_registration_page (testcode.TestParentingAdviceForum) ... ok\ntest_post_advice (testcode.TestParentingAdviceForum) ... ERROR\ntest_user_login (testcode.TestParentingAdviceForum) ... FAIL\ntest_user_registration (testcode.TestParentingAdviceForum) ... FAIL\ntest_view_home_page_after_login (testcode.TestParentingAdviceForum) ... FAIL\ntest_view_specific_thread (testcode.TestParentingAdviceForum) ... ERROR\n======================================================================\nERROR: test_comment_on_thread (testcode.TestParentingAdviceForum)\n----------------------------------------------------------------------\nTraceback (most recent call last):\n  File "D:\\algorithm\\agent\\cese\\dataset\\SD-bench\\codebase\\ParentingAdiviceForum\\code\\testcode.py", line 110, in test_comment_on_thread\n    self.driver.find_element(By.LINK_TEXT, \'Forum\').click()\n  File "D:\\Anaconda3\\envs\\Altdev\\lib\\site-packages\\selenium\\webdriver\\remote\\webdriver.py", line 770, in find_element\n    return self.execute(Command.FIND_ELEMENT, {"using": by, "value": value})["value"]\n  File "D:\\Anaconda3\\envs\\Altdev\\lib\\site-packages\\selenium\\webdriver\\remote\\webdriver.py", line 384, in execute\n    self.error_handler.check_response(response)\n  File "D:\\Anaconda3\\envs\\Altdev\\lib\\site-packages\\selenium\\webdriver\\remote\\errorhandler.py", line 232, in check_response\n    raise exception_class(message, screen, stacktrace)\nselenium.common.exceptions.NoSuchElementException: Message: no such element: Unable to locate element: {"method":"link text","selector":"Forum"}\n  (Session info: chrome=131.0.6778.265); For documentation on this error, please visit: https://www.selenium.dev/documentation/webdriver/troubleshooting/errors#no-such-element-exception\nStacktrace:\n======================================================================\nERROR: test_create_new_thread (testcode.TestParentingAdviceForum)\n----------------------------------------------------------------------\nTraceback (most recent call last):\n  File "D:\\algorithm\\agent\\cese\\dataset\\SD-bench\\codebase\\ParentingAdiviceForum\\code\\testcode.py", line 79, in test_create_new_thread\n    self.driver.find_element(By.LINK_TEXT, \'Forum\').click()\n  File "D:\\Anaconda3\\envs\\Altdev\\lib\\site-packages\\selenium\\webdriver\\remote\\webdriver.py", line 770, in find_element\n    return self.execute(Command.FIND_ELEMENT, {"using": by, "value": value})["value"]\n  File "D:\\Anaconda3\\envs\\Altdev\\lib\\site-packages\\selenium\\webdriver\\remote\\webdriver.py", line 384, in execute\n    self.error_handler.check_response(response)\n  File "D:\\Anaconda3\\envs\\Altdev\\lib\\site-packages\\selenium\\webdriver\\remote\\errorhandler.py", line 232, in check_response\n    raise exception_class(message, screen, stacktrace)\nselenium.common.exceptions.NoSuchElementException: Message: no such element: Unable to locate element: {"method":"link text","selector":"Forum"}\n  (Session info: chrome=131.0.6778.265); For documentation on this error, please visit: https://www.selenium.dev/documentation/webdriver/troubleshooting/errors#no-such-element-exception\nStacktrace:\n======================================================================\nERROR: test_navigate_to_forum_page (testcode.TestParentingAdviceForum)\n----------------------------------------------------------------------\nTraceback (most recent call last):\n  File "D:\\algorithm\\agent\\cese\\dataset\\SD-bench\\codebase\\ParentingAdiviceForum\\code\\testcode.py", line 70, in test_navigate_to_forum_page\n    self.driver.find_element(By.LINK_TEXT, \'Forum\').click()\n  File "D:\\Anaconda3\\envs\\Altdev\\lib\\site-packages\\selenium\\webdriver\\remote\\webdriver.py", line 770, in find_element\n    return self.execute(Command.FIND_ELEMENT, {"using": by, "value": value})["value"]\n  File "D:\\Anaconda3\\envs\\Altdev\\lib\\site-packages\\selenium\\webdriver\\remote\\webdriver.py", line 384, in execute\n    self.error_handler.check_response(response)\n  File "D:\\Anaconda3\\envs\\Altdev\\lib\\site-packages\\selenium\\webdriver\\remote\\errorhandler.py", line 232, in check_response\n    raise exception_class(message, screen, stacktrace)\nselenium.common.exceptions.NoSuchElementException: Message: no such element: Unable to locate element: {"method":"link text","selector":"Forum"}\n  (Session info: chrome=131.0.6778.265); For documentation on this error, please visit: https://www.selenium.dev/documentation/webdriver/troubleshooting/errors#no-such-element-exception\nStacktrace:\n======================================================================\nERROR: test_post_advice (testcode.TestParentingAdviceForum)\n----------------------------------------------------------------------\nTraceback (most recent call last):\n  File "D:\\algorithm\\agent\\cese\\dataset\\SD-bench\\codebase\\ParentingAdiviceForum\\code\\testcode.py", line 130, in test_post_advice\n    self.driver.find_element(By.LINK_TEXT, \'Post Advice\').click()\n  File "D:\\Anaconda3\\envs\\Altdev\\lib\\site-packages\\selenium\\webdriver\\remote\\webdriver.py", line 770, in find_element\n    return self.execute(Command.FIND_ELEMENT, {"using": by, "value": value})["value"]\n  File "D:\\Anaconda3\\envs\\Altdev\\lib\\site-packages\\selenium\\webdriver\\remote\\webdriver.py", line 384, in execute\n    self.error_handler.check_response(response)\n  File "D:\\Anaconda3\\envs\\Altdev\\lib\\site-packages\\selenium\\webdriver\\remote\\errorhandler.py", line 232, in check_response\n    raise exception_class(message, screen, stacktrace)\nselenium.common.exceptions.NoSuchElementException: Message: no such element: Unable to locate element: {"method":"link text","selector":"Post Advice"}\n  (Session info: chrome=131.0.6778.265); For documentation on this error, please visit: https://www.selenium.dev/documentation/webdriver/troubleshooting/errors#no-such-element-exception\nStacktrace:\n======================================================================\nERROR: test_view_specific_thread (testcode.TestParentingAdviceForum)\n----------------------------------------------------------------------\nTraceback (most recent call last):\n  File "D:\\algorithm\\agent\\cese\\dataset\\SD-bench\\codebase\\ParentingAdiviceForum\\code\\testcode.py", line 97, in test_view_specific_thread\n    self.driver.find_element(By.LINK_TEXT, \'Forum\').click()\n  File "D:\\Anaconda3\\envs\\Altdev\\lib\\site-packages\\selenium\\webdriver\\remote\\webdriver.py", line 770, in find_element\n    return self.execute(Command.FIND_ELEMENT, {"using": by, "value": value})["value"]\n  File "D:\\Anaconda3\\envs\\Altdev\\lib\\site-packages\\selenium\\webdriver\\remote\\webdriver.py", line 384, in execute\n    self.error_handler.check_response(response)\n  File "D:\\Anaconda3\\envs\\Altdev\\lib\\site-packages\\selenium\\webdriver\\remote\\errorhandler.py", line 232, in check_response\n    raise exception_class(message, screen, stacktrace)\nselenium.common.exceptions.NoSuchElementException: Message: no such element: Unable to locate element: {"method":"link text","selector":"Forum"}\n  (Session info: chrome=131.0.6778.265); For documentation on this error, please visit: https://www.selenium.dev/documentation/webdriver/troubleshooting/errors#no-such-element-exception\nStacktrace:\n======================================================================\nFAIL: test_user_login (testcode.TestParentingAdviceForum)\n----------------------------------------------------------------------\nTraceback (most recent call last):\n  File "D:\\algorithm\\agent\\cese\\dataset\\SD-bench\\codebase\\ParentingAdiviceForum\\code\\testcode.py", line 33, in test_user_login\n    self.assertIn("Home", self.driver.title)\nAssertionError: \'Home\' not found in \'404 Not Found\'\n======================================================================\nFAIL: test_user_registration (testcode.TestParentingAdviceForum)\n----------------------------------------------------------------------\nTraceback (most recent call last):\n  File "D:\\algorithm\\agent\\cese\\dataset\\SD-bench\\codebase\\ParentingAdiviceForum\\code\\testcode.py", line 58, in test_user_registration\n    self.assertIn("Login", self.driver.title)\nAssertionError: \'Login\' not found in \'500 Internal Server Error\'\n======================================================================\nFAIL: test_view_home_page_after_login (testcode.TestParentingAdviceForum)\n----------------------------------------------------------------------\nTraceback (most recent call last):\n  File "D:\\algorithm\\agent\\cese\\dataset\\SD-bench\\codebase\\ParentingAdiviceForum\\code\\testcode.py", line 65, in test_view_home_page_after_login\n    self.assertIn("Home", self.driver.title)\nAssertionError: \'Home\' not found in \'404 Not Found\'\n----------------------------------------------------------------------\nRan 9 tests in 69.561s\nFAILED (failures=3, errors=5)\n'}
        Please analyze the test results one by one with related code. For each failed or error unit test, step by step to identify the reasons.
        If test code like "self.fail(XXX functionality not implemented)" occurs, it suggests a problem with the project code, not the test code.
        
2025-01-12 Sunday 14:22:04 ceaug_main.py : INFO  Let's analyze the test results one by one, identifying errors and failures based on the provided codebase for the "Parenting Advice Forum" project.

### Test Results Overview
- 3 failed tests
- 5 error tests

The failed tests generally indicate issues in the project code, while the error tests typically arise from problems in locating elements on the page or unexpected responses from the server (like 404 or 500 errors). Let's examine them step by step.

### 1. Test: `test_user_login`
**Error Message:**
```
AssertionError: 'Home' not found in '404 Not Found'
```
**Related Code:**
```python
@app.route('/')
def login():
    return render_template('login.html')
```
**Analysis:**
- The error indicates that after attempting to login with correct credentials, the application returns a 404 Not Found instead of rendering the Home page.
- It seems like there's no route defined for the Home page (`/home`). The login function does not redirect the user to `/home`.
- **Fix:** Add a redirection to the home page after successful login in your login logic, which seems to be missing entirely. Implement a login route that handles authentication and redirects users successfully.

### 2. Test: `test_user_registration`
**Error Message:**
```
AssertionError: 'Login' not found in '500 Internal Server Error'
```
**Related Code:**
```python
@app.route('/register', methods=['GET', 'POST'])
def register():
    if request.method == 'POST':
        username = request.form['username']
        password = request.form['password']
        user = User(username, password)
        user.save()
        return redirect(url_for('login'))
    return render_template('register.html')
```
**Analysis:**
- A `500 Internal Server Error` suggests there's an issue with the server-side code during the registration process.
- The problem likely lies within the line `user.save()`. Since we don¡¯t have the `User` class definition, there might be an issue with how the `User` object is being handled or stored.
- **Fix:** Check the `User` class for proper save logic, handle exceptions during user registration correctly, and ensure that any required user file or database is in place.

### 3. Test: `test_view_home_page_after_login`
**Error Message:**
```
AssertionError: 'Home' not found in '404 Not Found'
```
**Analysis:**
- This is another instance where after logging in, the application does not redirect correctly to the Home page.
- This reinforces the observation from the `test_user_login` analysis where the `/home` route does not exist or is not being reached.
- **Fix:** As mentioned, implement a redirect to `/home` upon successful login.

### Error Tests

### 4. Test: `test_comment_on_thread`
**Error Message:**
```
selenium.common.exceptions.NoSuchElementException: Message: no such element: Unable to locate element: {"method":"link text","selector":"Forum"}
```
**Analysis:**
- This means that the "Forum" link is not available on the page when the test attempts to click it.
- As the login is not functioning correctly and users are not redirected to the home page, the "Forum" link might not be present.
- **Fix:** After fixing the login issue, ensure that the links are available as expected on the Home page.

### 5. Test: `test_create_new_thread`
**Error Message:**
```
selenium.common.exceptions.NoSuchElementException: Message: no such element: Unable to locate element: {"method":"link text","selector":"Forum"}
```
**Analysis:**
- Similar to the previous analysis, the Forum link is possibly missing due to the unsuccessful login flow.
- This flows directly from the prior tests. Resolving the home page issue should rectify this.

### 6. Test: `test_view_specific_thread`
**Error Message:**
```
selenium.common.exceptions.NoSuchElementException: ...
```
**Analysis:**
- Again, this indicates that the link to the Forum is not found as the pages were not set up correctly due to earlier test failures.
- Fixing the routing in the login process will likely resolve this as well.

### 7. Test: `test_post_advice`
**Error Message:**
```
selenium.common.exceptions.NoSuchElementException: ...
```
**Analysis:**
- Much like the others, it fails due to the missing link for navigating after login.
- Addressing the login and home page flow should fix the issue here too.

### General Recommendations:
1. **Login Redirect:** Ensure that after successful login, you implement a proper redirect to the `/home` page rather than just rendering the login page.
2. **Error Handling:** Add error handling around critical points such as creating users to ensure that issues are caught and logged.
3. **Debugging External Factors:** Check dependencies and configurations related to Flask and databases or file handling.
4. **Testing Fixtures:** Modify tests to ensure that the application state is reset properly before tests run, especially for tests that rely on navigation.

By addressing these key points, the code can be brought in line with expected functionality and the unit tests should pass without errors.
2025-01-12 Sunday 14:22:04 ceaug_main.py : INFO  Do you think the issue is caused by errors in the project's code or poorly written test cases? If it is a code error, please include a [CODE] at the end of your output. If not, you don't need to add anything. Thank you.
2025-01-12 Sunday 14:22:06 _client.py : INFO  HTTP Request: POST https://api.chatanywhere.tech/chat/completions "HTTP/1.1 200 OK"
2025-01-12 Sunday 14:22:06 ceaug_main.py : INFO  The issues observed in the test results are primarily caused by errors in the project's code, particularly in the routing and state management within the application. The test cases themselves appear to be structured correctly based on the expected application flow, and they are attempting to interact with the application as intended. Thus, the failures and errors are mostly attributed to the application's underlying code not meeting the expected behaviors defined in the tests.

### Summary of Issues:
1. The login route does not handle successful login redirection to the home page.
2. The registration process may encounter issues saving a user, leading to server errors.
3. The test cases are failing to locate elements that should be present on the home page, which is directly related to the issues with routing.

Given this analysis, the conclusion is that the erroneous behavior arises from issues in the project's code.

[CODE]
2025-01-12 Sunday 14:22:13 _client.py : INFO  HTTP Request: POST https://api.chatanywhere.tech/chat/completions "HTTP/1.1 200 OK"
2025-01-12 Sunday 14:22:13 ceaug_main.py : INFO  ### 1. Summarize Test Pass Cases
#### Passed Test Case:
- **test_navigate_to_registration_page** (marked as "ok")

**Corresponding Project Code:**
```python
@app.route('/register', methods=['GET', 'POST'])
def register():
    if request.method == 'POST':
        username = request.form['username']
        password = request.form['password']
        user = User(username, password)
        user.save()
        return redirect(url_for('login'))
    return render_template('register.html')
```

**Pseudocode:**
```
FUNCTION register():
    IF request method is POST:
        username = get value of 'username' from request form
        password = get value of 'password' from request form
        CREATE user object with username and password
        CALL user.save() to save user details
        REDIRECT to login page
    ENDIF
    RETURN render the 'register.html' template
END FUNCTION
```

---

### 2. Summarize Test Failed or Error Cases
#### Failed/Error Test Cases:
1. **test_user_login**
   - **Error:** `AssertionError: 'Home' not found in '404 Not Found'`
   - **Analysis:** The application does not redirect to the Home page upon successful login, resulting in a 404 error.

2. **test_user_registration**
   - **Error:** `AssertionError: 'Login' not found in '500 Internal Server Error'`
   - **Analysis:** The registration process runs into a server error, likely due to issues in saving the user.

3. **test_view_home_page_after_login**
   - **Error:** `AssertionError: 'Home' not found in '404 Not Found'`
   - **Analysis:** Similar issue as `test_user_login` where the Home page is not reached.

4. **test_comment_on_thread**
   - **Error:** `NoSuchElementException: Unable to locate element: {"method":"link text","selector":"Forum"}`
   - **Analysis:** The link to the Forum is not found, indicating problems with page navigation following login.

5. **test_create_new_thread**
   - **Error:** `NoSuchElementException: Unable to locate element: {"method":"link text","selector":"Forum"}`
   - **Analysis:** Similar to `test_comment_on_thread`, indicating that navigation fails due to missing elements.

6. **test_view_specific_thread**
   - **Error:** `NoSuchElementException: Unable to locate element: {"method":"link text","selector":"Forum"}`
   - **Analysis:** Indicates that the same navigation issues prevent accessing specific threads.

7. **test_post_advice**
   - **Error:** `NoSuchElementException: Unable to locate element: {"method":"link text","selector":"Post Advice"}`
   - **Analysis:** Indicates issues in accessing the advice posting functionality, again related to navigation.

#### Guidance for Writing Better Project Code:
1. **Implement Clear Redirects:** Ensure that every route handling critical states (like login or registration) properly redirects to the next appropriate destination, making the user experience seamless and preventing 404 errors.

2. **Error Handling in Critical Operations:** Implement robust error handling around operations that might fail (e.g., user creation, data saving). Use try/catch blocks to manage exceptions and return meaningful error messages or allow fallback operations.

3. **Route Accessibility:** Confirm that all expected routes are properly defined and accessible based on user actions. For example, after a user logs in, ensure that corresponding navigation links (like Forum) are readily available on the resultant page.

4. **Decoupled Logic for Handling State Changes:** Create functions or methods that clearly separate concerns, such as user authentication, data handling, and view rendering. This modular approach will make debugging easier and enhance the maintainability of the code.

5. **Consistent User Feedback:** Offer users consistent feedback about their actions (like successful registration or login) to guide their journey through the application, instead of leaving them on error pages or unintuitive states. 

By following these guidelines, the robustness, maintainability, and overall user experience of the application will likely improve significantly, preventing common pitfalls that were highlighted by the test failures and errors.
2025-01-12 Sunday 14:22:13 ceaug_main.py : INFO  final selected:
### 1. Summarize Test Pass Cases
#### Passed Test Case:
- **test_navigate_to_registration_page** (marked as "ok")

**Corresponding Project Code:**
```python
@app.route('/register', methods=['GET', 'POST'])
def register():
    if request.method == 'POST':
        username = request.form['username']
        password = request.form['password']
        user = User(username, password)
        user.save()
        return redirect(url_for('login'))
    return render_template('register.html')
```

**Pseudocode:**
```
FUNCTION register():
    IF request method is POST:
        username = get value of 'username' from request form
        password = get value of 'password' from request form
        CREATE user object with username and password
        CALL user.save() to save user details
        REDIRECT to login page
    ENDIF
    RETURN render the 'register.html' template
END FUNCTION
```

---

### 2. Summarize Test Failed or Error Cases
#### Failed/Error Test Cases:
1. **test_user_login**
   - **Error:** `AssertionError: 'Home' not found in '404 Not Found'`
   - **Analysis:** The application does not redirect to the Home page upon successful login, resulting in a 404 error.

2. **test_user_registration**
   - **Error:** `AssertionError: 'Login' not found in '500 Internal Server Error'`
   - **Analysis:** The registration process runs into a server error, likely due to issues in saving the user.

3. **test_view_home_page_after_login**
   - **Error:** `AssertionError: 'Home' not found in '404 Not Found'`
   - **Analysis:** Similar issue as `test_user_login` where the Home page is not reached.

4. **test_comment_on_thread**
   - **Error:** `NoSuchElementException: Unable to locate element: {"method":"link text","selector":"Forum"}`
   - **Analysis:** The link to the Forum is not found, indicating problems with page navigation following login.

5. **test_create_new_thread**
   - **Error:** `NoSuchElementException: Unable to locate element: {"method":"link text","selector":"Forum"}`
   - **Analysis:** Similar to `test_comment_on_thread`, indicating that navigation fails due to missing elements.

6. **test_view_specific_thread**
   - **Error:** `NoSuchElementException: Unable to locate element: {"method":"link text","selector":"Forum"}`
   - **Analysis:** Indicates that the same navigation issues prevent accessing specific threads.

7. **test_post_advice**
   - **Error:** `NoSuchElementException: Unable to locate element: {"method":"link text","selector":"Post Advice"}`
   - **Analysis:** Indicates issues in accessing the advice posting functionality, again related to navigation.

#### Guidance for Writing Better Project Code:
1. **Implement Clear Redirects:** Ensure that every route handling critical states (like login or registration) properly redirects to the next appropriate destination, making the user experience seamless and preventing 404 errors.

2. **Error Handling in Critical Operations:** Implement robust error handling around operations that might fail (e.g., user creation, data saving). Use try/catch blocks to manage exceptions and return meaningful error messages or allow fallback operations.

3. **Route Accessibility:** Confirm that all expected routes are properly defined and accessible based on user actions. For example, after a user logs in, ensure that corresponding navigation links (like Forum) are readily available on the resultant page.

4. **Decoupled Logic for Handling State Changes:** Create functions or methods that clearly separate concerns, such as user authentication, data handling, and view rendering. This modular approach will make debugging easier and enhance the maintainability of the code.

5. **Consistent User Feedback:** Offer users consistent feedback about their actions (like successful registration or login) to guide their journey through the application, instead of leaving them on error pages or unintuitive states. 

By following these guidelines, the robustness, maintainability, and overall user experience of the application will likely improve significantly, preventing common pitfalls that were highlighted by the test failures and errors.
2025-01-12 Sunday 14:22:13 code_tester.py : INFO  
You are a professional engineer; the main goal is to write google-style, elegant, modular, easy to read and maintain code.
Output format carefully referenced "Format example".
In addition to writing code, you may also need to complete the data files in the task list (such as .txt .json .csv files). If the task list requires the implementation of data files, you need to simply design some data that meets the requirements for your completed software to facilitate the startup and testing of the software as a demo.


# Context
CODE:
*** main.py
```python
from flask import Flask, render_template, request, redirect, url_for, session
import os

app = Flask(__name__)
app.secret_key = 'your_secret_key'

# Load data from text files
def load_users():
    users = {}
    if os.path.exists('users.txt'):
        with open('users.txt', 'r') as file:
            for line in file:
                username, password = line.strip().split('|')
                users[username] = password
    return users

def load_threads():
    threads = []
    if os.path.exists('threads.txt'):
        with open('threads.txt', 'r') as file:
            for line in file:
                title, content, username = line.strip().split('|')
                threads.append(Thread(title, content, username))
    return threads

def load_comments():
    comments = []
    if os.path.exists('comments.txt'):
        with open('comments.txt', 'r') as file:
            for line in file:
                thread_id, comment, username = line.strip().split('|')
                comments.append(Comment(int(thread_id), comment, username))
    return comments

def load_advice():
    advice_list = []
    if os.path.exists('advice.txt'):
        with open('advice.txt', 'r') as file:
            for line in file:
                title, content, username = line.strip().split('|')
                advice_list.append(Advice(title, content, username))
    return advice_list

def load_contact_inquiries():
    inquiries = []
    if os.path.exists('contact_inquiries.txt'):
        with open('contact_inquiries.txt', 'r') as file:
            for line in file:
                name, email, message = line.strip().split('|')
                inquiries.append(ContactInquiry(name, email, message))
    return inquiries

@app.route('/')
def login():
    return render_template('login.html')

@app.route('/register', methods=['GET', 'POST'])
def register():
    if request.method == 'POST':
        username = request.form['username']
        password = request.form['password']
        user = User(username, password)
        user.save()
        return redirect(url_for('login'))
    return render_template('register.html')

@app.route('/home')
def home():
    return render_template('home.html')

@app.route('/forum')
def forum():
    threads = load_threads()
    return render_template('forum.html', threads=threads)

@app.route('/view_thread/<int:thread_id>')
def view_thread(thread_id):
    threads = load_threads()
    comments = load_comments()
    thread = threads[thread_id]
    thread_comments = [c for c in comments if c.thread_id == thread_id]
    return render_template('view_thread.html', thread=thread, comments=thread_comments)

@app.route('/post_advice', methods=['GET', 'POST'])
def post_advice():
    if request.method == 'POST':
        title = request.form['title']
        content = request.form['content']
        username = session.get('username')  # Assuming user is logged in
        advice = Advice(title, content, username)
        advice.save()
        return redirect(url_for('home'))
    return render_template('post_advice.html')

@app.route('/my_account')
def my_account():
    return render_template('my_account.html')

@app.route('/contact_us', methods=['GET', 'POST'])
def contact_us():
    if request.method == 'POST':
        name = request.form['name']
        email = request.form['email']
        message = request.form['message']
        inquiry = ContactInquiry(name, email, message)
        inquiry.save()
        return redirect(url_for('home'))
    return render_template('contact_us.html')

if __name__ == '__main__':
    app.run(debug=True)
```

*** templates/login.html
```html
<!DOCTYPE html>
<html lang="en">
<head>
    <meta charset="UTF-8">
    <meta name="viewport" content="width=device-width, initial-scale=1.0">
    <title>Login</title>
</head>
<body>
    <h1>Login</h1>
    <form method="POST" action="/login">
        <label for="username">Username:</label>
        <input type="text" id="username" name="username" required>
        <label for="password">Password:</label>
        <input type="password" id="password" name="password" required>
        <button type="submit">Login</button>
    </form>
    <a href="/register">Register</a>
</body>
</html>
```

*** templates/register.html
```html
<!DOCTYPE html>
<html lang="en">
<head>
    <meta charset="UTF-8">
    <meta name="viewport" content="width=device-width, initial-scale=1.0">
    <title>Register</title>
</head>
<body>
    <h1>Register</h1>
    <form method="POST" action="/register">
        <label for="username">Username:</label>
        <input type="text" id="username" name="username" required>
        <label for="password">Password:</label>
        <input type="password" id="password" name="password" required>
        <button type="submit">Register</button>
    </form>
    <a href="/">Login</a>
</body>
</html>
```

*** templates/home.html
```html
<!DOCTYPE html>
<html lang="en">
<head>
    <meta charset="UTF-8">
    <meta name="viewport" content="width=device-width, initial-scale=1.0">
    <title>Home</title>
</head>
<body>
    <h1>Welcome to Parenting Advice Forum</h1>
    <nav>
        <a href="/forum">Forum</a>
        <a href="/post_advice">Post Advice</a>
        <a href="/my_account">My Account</a>
        <a href="/contact_us">Contact Us</a>
    </nav>
</body>
</html>
```

*** templates/forum.html
```html
<!DOCTYPE html>
<html lang="en">
<head>
    <meta charset="UTF-8">
    <meta name="viewport" content="width=device-width, initial-scale=1.0">
    <title>Forum</title>
</head>
<body>
    <h1>Discussion Threads</h1>
    <ul>
        {% for thread in threads %}
            <li><a href="{{ url_for('view_thread', thread_id=loop.index0) }}">{{ thread.title }}</a></li>
        {% endfor %}
    </ul>
    <form method="POST" action="/create_thread">
        <h2>Create New Thread</h2>
        <label for="title">Title:</label>
        <input type="text" id="title" name="title" required>
        <label for="content">Content:</label>
        <textarea id="content" name="content" required></textarea>
        <button type="submit">Create</button>
    </form>
</body>
</html>
```

*** templates/view_thread.html
```html
<!DOCTYPE html>
<html lang="en">
<head>
    <meta charset="UTF-8">
    <meta name="viewport" content="width=device-width, initial-scale=1.0">
    <title>{{ thread.title }}</title>
</head>
<body>
    <h1>{{ thread.title }}</h1>
    <p>{{ thread.content }}</p>
    <h2>Comments</h2>
    <ul>
        {% for comment in comments %}
            <li>{{ comment.comment }} - {{ comment.username }}</li>
        {% endfor %}
    </ul>
    <form method="POST" action="/add_comment">
        <label for="comment">Add Comment:</label>
        <textarea id="comment" name="comment" required></textarea>
        <button type="submit">Submit</button>
    </form>
</body>
</html>
```

*** templates/post_advice.html
```html
<!DOCTYPE html>
<html lang="en">
<head>
    <meta charset="UTF-8">
    <meta name="viewport" content="width=device-width, initial-scale=1.0">
    <title>Post Advice</title>
</head>
<body>
    <h1>Post Advice</h1>
    <form method="POST" action="/post_advice">
        <label for="title">Title:</label>
        <input type="text" id="title" name="title" required>
        <label for="content">Content:</label>
        <textarea id="content" name="content" required></textarea>
        <button type="submit">Post</button>
    </form>
</body>
</html>
```

*** templates/my_account.html
```html
<!DOCTYPE html>
<html lang="en">
<head>
    <meta charset="UTF-8">
    <meta name="viewport" content="width=device-width, initial-scale=1.0">
    <title>My Account</title>
</head>
<body>
    <h1>My Account</h1>
    <p>Username: {{ session.username }}</p>
    <a href="/delete_account">Delete Account</a>
</body>
</html>
```

*** templates/contact_us.html
```html
<!DOCTYPE html>
<html lang="en">
<head>
    <meta charset="UTF-8">
    <meta name="viewport" content="width=device-width, initial-scale=1.0">
    <title>Contact Us</title>
</head>
<body>
    <h1>Contact Us</h1>
    <form method="POST" action="/contact_us">
        <label for="name">Name:</label>
        <input type="text" id="name" name="name" required>
        <label for="email">Email:</label>
        <input type="email" id="email" name="email" required>
        <label for="message">Message:</label>
        <textarea id="message" name="message" required></textarea>
        <button type="submit">Send</button>
    </form>
</body>
</html>
```

*** users.txt
```txt
admin|admin123
user1|user123
```

*** threads.txt
```txt
Parenting Tips|Here are some tips for new parents.|admin
Dealing with Toddler Tantrums|How to manage tantrums effectively.|user1
```

*** comments.txt
```txt
0|Great tips!|user1
1|This is really helpful, thanks!|admin
```

*** advice.txt
```txt
Breastfeeding Tips|Breastfeeding can be challenging, but it's important for your baby's health.|admin
Sleep Training|Establishing a sleep routine can help your baby sleep better.|user1
```

*** contact_inquiries.txt
```txt
John Doe|john@example.com|I need help with parenting advice.
Jane Smith|jane@example.com|What are the best practices for potty training?
```

UNIT TEST FEEDBACK:
### 1. Summarize Test Pass Cases
#### Passed Test Case:
- **test_navigate_to_registration_page** (marked as "ok")

**Corresponding Project Code:**
```python
@app.route('/register', methods=['GET', 'POST'])
def register():
    if request.method == 'POST':
        username = request.form['username']
        password = request.form['password']
        user = User(username, password)
        user.save()
        return redirect(url_for('login'))
    return render_template('register.html')
```

**Pseudocode:**
```
FUNCTION register():
    IF request method is POST:
        username = get value of 'username' from request form
        password = get value of 'password' from request form
        CREATE user object with username and password
        CALL user.save() to save user details
        REDIRECT to login page
    ENDIF
    RETURN render the 'register.html' template
END FUNCTION
```

---

### 2. Summarize Test Failed or Error Cases
#### Failed/Error Test Cases:
1. **test_user_login**
   - **Error:** `AssertionError: 'Home' not found in '404 Not Found'`
   - **Analysis:** The application does not redirect to the Home page upon successful login, resulting in a 404 error.

2. **test_user_registration**
   - **Error:** `AssertionError: 'Login' not found in '500 Internal Server Error'`
   - **Analysis:** The registration process runs into a server error, likely due to issues in saving the user.

3. **test_view_home_page_after_login**
   - **Error:** `AssertionError: 'Home' not found in '404 Not Found'`
   - **Analysis:** Similar issue as `test_user_login` where the Home page is not reached.

4. **test_comment_on_thread**
   - **Error:** `NoSuchElementException: Unable to locate element: {"method":"link text","selector":"Forum"}`
   - **Analysis:** The link to the Forum is not found, indicating problems with page navigation following login.

5. **test_create_new_thread**
   - **Error:** `NoSuchElementException: Unable to locate element: {"method":"link text","selector":"Forum"}`
   - **Analysis:** Similar to `test_comment_on_thread`, indicating that navigation fails due to missing elements.

6. **test_view_specific_thread**
   - **Error:** `NoSuchElementException: Unable to locate element: {"method":"link text","selector":"Forum"}`
   - **Analysis:** Indicates that the same navigation issues prevent accessing specific threads.

7. **test_post_advice**
   - **Error:** `NoSuchElementException: Unable to locate element: {"method":"link text","selector":"Post Advice"}`
   - **Analysis:** Indicates issues in accessing the advice posting functionality, again related to navigation.

#### Guidance for Writing Better Project Code:
1. **Implement Clear Redirects:** Ensure that every route handling critical states (like login or registration) properly redirects to the next appropriate destination, making the user experience seamless and preventing 404 errors.

2. **Error Handling in Critical Operations:** Implement robust error handling around operations that might fail (e.g., user creation, data saving). Use try/catch blocks to manage exceptions and return meaningful error messages or allow fallback operations.

3. **Route Accessibility:** Confirm that all expected routes are properly defined and accessible based on user actions. For example, after a user logs in, ensure that corresponding navigation links (like Forum) are readily available on the resultant page.

4. **Decoupled Logic for Handling State Changes:** Create functions or methods that clearly separate concerns, such as user authentication, data handling, and view rendering. This modular approach will make debugging easier and enhance the maintainability of the code.

5. **Consistent User Feedback:** Offer users consistent feedback about their actions (like successful registration or login) to guide their journey through the application, instead of leaving them on error pages or unintuitive states. 

By following these guidelines, the robustness, maintainability, and overall user experience of the application will likely improve significantly, preventing common pitfalls that were highlighted by the test failures and errors.
-----
# Format Example 
*** main.py
```python
...
```

*** ui.py
```python
...
```
-----
# Instruction: Based on the CODE and UNIT TEST FEEDBACK:, follow "Format example", fix code.

# ATTENTION
1. Use '***' to SPLIT different CODE SECTIONS. do not forget ``` in each file, refer the the example. Output format carefully referenced "Format example".
3. CAREFULLY CHECK THAT YOU DONT MISS ANY NECESSARY CLASS/FUNCTION IN THE FILE.
4. You must import the third-party libraries used in your code

6. Determine the order of writing the files based on your understanding of the project.
7. Write out EVERY CODE DETAIL, DON'T LEAVE TODO,PASS,PLACEHOLDER.
8. Only write code result, do not output any other content in the start or in the end.
9. If you need to generate text data, follow the rules outlined in "<When Storing Data>" below.
 <When storing data>:
Different groups of data are distinguished by line breaks.
Different contents of the same group of data are distinguished by |.
Within any single content that contains multiple sub-entries, those sub-entries are separated by commas ,.
Example:
admin1|pass123|entry1,entry2,entry3  
admin2|pass123|entry1
Make sure:
The | character is used only to separate distinct contents within a group.
Commas , are used exclusively to separate multiple sub-entries within a single content.

# Website Development Rule
If you are doing website development, be sure to route the root path (/). If there is a login page, set the login page as the root route(/).
If you are doing website development, please do not encrypt the account password for the login function.
If you are doing website development, your code needs to take into account the process of loading data from the data file, so don't forget to load the data.
If you are doing Website Development, do not follow the rules of Website and Game development.

# important rule
Use '***' to SPLIT CODE SECTIONS. do not forget ``` in each file, refer the the example. Output format carefully referenced "Format example". 
Adhere strictly to the task requirements and implement them fully; do not include placeholders or "example" for code that is intended for future implementation.

2025-01-12 Sunday 14:22:13 model.py : INFO  self.model.temperature-----------------0.45-------------------------------
2025-01-12 Sunday 14:22:32 _client.py : INFO  HTTP Request: POST https://api.chatanywhere.tech/chat/completions "HTTP/1.1 200 OK"
2025-01-12 Sunday 14:22:32 model.py : INFO  following invoke cost: 6521 | all cost: 15646
2025-01-12 Sunday 14:22:32 code_tester.py : INFO  Tester | Fixed code based on the test :
*** main.py
```python
from flask import Flask, render_template, request, redirect, url_for, session
import os

app = Flask(__name__)
app.secret_key = 'your_secret_key'

# User class to handle user-related operations
class User:
    def __init__(self, username, password):
        self.username = username
        self.password = password

    def save(self):
        with open('users.txt', 'a') as file:
            file.write(f'{self.username}|{self.password}\n')

# Thread class to represent forum threads
class Thread:
    def __init__(self, title, content, username):
        self.title = title
        self.content = content
        self.username = username

    def save(self):
        with open('threads.txt', 'a') as file:
            file.write(f'{self.title}|{self.content}|{self.username}\n')

# Comment class to represent comments on threads
class Comment:
    def __init__(self, thread_id, comment, username):
        self.thread_id = thread_id
        self.comment = comment
        self.username = username

    def save(self):
        with open('comments.txt', 'a') as file:
            file.write(f'{self.thread_id}|{self.comment}|{self.username}\n')

# Advice class to represent advice posts
class Advice:
    def __init__(self, title, content, username):
        self.title = title
        self.content = content
        self.username = username

    def save(self):
        with open('advice.txt', 'a') as file:
            file.write(f'{self.title}|{self.content}|{self.username}\n')

# ContactInquiry class to represent contact inquiries
class ContactInquiry:
    def __init__(self, name, email, message):
        self.name = name
        self.email = email
        self.message = message

    def save(self):
        with open('contact_inquiries.txt', 'a') as file:
            file.write(f'{self.name}|{self.email}|{self.message}\n')

# Load data from text files
def load_users():
    users = {}
    if os.path.exists('users.txt'):
        with open('users.txt', 'r') as file:
            for line in file:
                username, password = line.strip().split('|')
                users[username] = password
    return users

def load_threads():
    threads = []
    if os.path.exists('threads.txt'):
        with open('threads.txt', 'r') as file:
            for line in file:
                title, content, username = line.strip().split('|')
                threads.append(Thread(title, content, username))
    return threads

def load_comments():
    comments = []
    if os.path.exists('comments.txt'):
        with open('comments.txt', 'r') as file:
            for line in file:
                thread_id, comment, username = line.strip().split('|')
                comments.append(Comment(int(thread_id), comment, username))
    return comments

def load_advice():
    advice_list = []
    if os.path.exists('advice.txt'):
        with open('advice.txt', 'r') as file:
            for line in file:
                title, content, username = line.strip().split('|')
                advice_list.append(Advice(title, content, username))
    return advice_list

def load_contact_inquiries():
    inquiries = []
    if os.path.exists('contact_inquiries.txt'):
        with open('contact_inquiries.txt', 'r') as file:
            for line in file:
                name, email, message = line.strip().split('|')
                inquiries.append(ContactInquiry(name, email, message))
    return inquiries

@app.route('/')
def login():
    return render_template('login.html')

@app.route('/register', methods=['GET', 'POST'])
def register():
    if request.method == 'POST':
        username = request.form['username']
        password = request.form['password']
        user = User(username, password)
        user.save()
        return redirect(url_for('login'))
    return render_template('register.html')

@app.route('/home')
def home():
    return render_template('home.html')

@app.route('/forum')
def forum():
    threads = load_threads()
    return render_template('forum.html', threads=threads)

@app.route('/view_thread/<int:thread_id>')
def view_thread(thread_id):
    threads = load_threads()
    comments = load_comments()
    if thread_id < len(threads):
        thread = threads[thread_id]
        thread_comments = [c for c in comments if c.thread_id == thread_id]
        return render_template('view_thread.html', thread=thread, comments=thread_comments)
    return redirect(url_for('forum'))

@app.route('/post_advice', methods=['GET', 'POST'])
def post_advice():
    if request.method == 'POST':
        title = request.form['title']
        content = request.form['content']
        username = session.get('username')  # Assuming user is logged in
        advice = Advice(title, content, username)
        advice.save()
        return redirect(url_for('home'))
    return render_template('post_advice.html')

@app.route('/my_account')
def my_account():
    return render_template('my_account.html')

@app.route('/contact_us', methods=['GET', 'POST'])
def contact_us():
    if request.method == 'POST':
        name = request.form['name']
        email = request.form['email']
        message = request.form['message']
        inquiry = ContactInquiry(name, email, message)
        inquiry.save()
        return redirect(url_for('home'))
    return render_template('contact_us.html')

if __name__ == '__main__':
    app.run(debug=True)
```

*** templates/login.html
```html
<!DOCTYPE html>
<html lang="en">
<head>
    <meta charset="UTF-8">
    <meta name="viewport" content="width=device-width, initial-scale=1.0">
    <title>Login</title>
</head>
<body>
    <h1>Login</h1>
    <form method="POST" action="/login">
        <label for="username">Username:</label>
        <input type="text" id="username" name="username" required>
        <label for="password">Password:</label>
        <input type="password" id="password" name="password" required>
        <button type="submit">Login</button>
    </form>
    <a href="/register">Register</a>
</body>
</html>
```

*** templates/register.html
```html
<!DOCTYPE html>
<html lang="en">
<head>
    <meta charset="UTF-8">
    <meta name="viewport" content="width=device-width, initial-scale=1.0">
    <title>Register</title>
</head>
<body>
    <h1>Register</h1>
    <form method="POST" action="/register">
        <label for="username">Username:</label>
        <input type="text" id="username" name="username" required>
        <label for="password">Password:</label>
        <input type="password" id="password" name="password" required>
        <button type="submit">Register</button>
    </form>
    <a href="/">Login</a>
</body>
</html>
```

*** templates/home.html
```html
<!DOCTYPE html>
<html lang="en">
<head>
    <meta charset="UTF-8">
    <meta name="viewport" content="width=device-width, initial-scale=1.0">
    <title>Home</title>
</head>
<body>
    <h1>Welcome to Parenting Advice Forum</h1>
    <nav>
        <a href="/forum">Forum</a>
        <a href="/post_advice">Post Advice</a>
        <a href="/my_account">My Account</a>
        <a href="/contact_us">Contact Us</a>
    </nav>
</body>
</html>
```

*** templates/forum.html
```html
<!DOCTYPE html>
<html lang="en">
<head>
    <meta charset="UTF-8">
    <meta name="viewport" content="width=device-width, initial-scale=1.0">
    <title>Forum</title>
</head>
<body>
    <h1>Discussion Threads</h1>
    <ul>
        {% for thread in threads %}
            <li><a href="{{ url_for('view_thread', thread_id=loop.index0) }}">{{ thread.title }}</a></li>
        {% endfor %}
    </ul>
    <form method="POST" action="/create_thread">
        <h2>Create New Thread</h2>
        <label for="title">Title:</label>
        <input type="text" id="title" name="title" required>
        <label for="content">Content:</label>
        <textarea id="content" name="content" required></textarea>
        <button type="submit">Create</button>
    </form>
</body>
</html>
```

*** templates/view_thread.html
```html
<!DOCTYPE html>
<html lang="en">
<head>
    <meta charset="UTF-8">
    <meta name="viewport" content="width=device-width, initial-scale=1.0">
    <title>{{ thread.title }}</title>
</head>
<body>
    <h1>{{ thread.title }}</h1>
    <p>{{ thread.content }}</p>
    <h2>Comments</h2>
    <ul>
        {% for comment in comments %}
            <li>{{ comment.comment }} - {{ comment.username }}</li>
        {% endfor %}
    </ul>
    <form method="POST" action="/add_comment">
        <label for="comment">Add Comment:</label>
        <textarea id="comment" name="comment" required></textarea>
        <button type="submit">Submit</button>
    </form>
</body>
</html>
```

*** templates/post_advice.html
```html
<!DOCTYPE html>
<html lang="en">
<head>
    <meta charset="UTF-8">
    <meta name="viewport" content="width=device-width, initial-scale=1.0">
    <title>Post Advice</title>
</head>
<body>
    <h1>Post Advice</h1>
    <form method="POST" action="/post_advice">
        <label for="title">Title:</label>
        <input type="text" id="title" name="title" required>
        <label for="content">Content:</label>
        <textarea id="content" name="content" required></textarea>
        <button type="submit">Post</button>
    </form>
</body>
</html>
```

*** templates/my_account.html
```html
<!DOCTYPE html>
<html lang="en">
<head>
    <meta charset="UTF-8">
    <meta name="viewport" content="width=device-width, initial-scale=1.0">
    <title>My Account</title>
</head>
<body>
    <h1>My Account</h1>
    <p>Username: {{ session.username }}</p>
    <a href="/delete_account">Delete Account</a>
</body>
</html>
```

*** templates/contact_us.html
```html
<!DOCTYPE html>
<html lang="en">
<head>
    <meta charset="UTF-8">
    <meta name="viewport" content="width=device-width, initial-scale=1.0">
    <title>Contact Us</title>
</head>
<body>
    <h1>Contact Us</h1>
    <form method="POST" action="/contact_us">
        <label for="name">Name:</label>
        <input type="text" id="name" name="name" required>
        <label for="email">Email:</label>
        <input type="email" id="email" name="email" required>
        <label for="message">Message:</label>
        <textarea id="message" name="message" required></textarea>
        <button type="submit">Send</button>
    </form>
</body>
</html>
```

*** users.txt
```txt
admin|admin123
user1|user123
```

*** threads.txt
```txt
Parenting Tips|Here are some tips for new parents.|admin
Dealing with Toddler Tantrums|How to manage tantrums effectively.|user1
```

*** comments.txt
```txt
0|Great tips!|user1
1|This is really helpful, thanks!|admin
```

*** advice.txt
```txt
Breastfeeding Tips|Breastfeeding can be challenging, but it's important for your baby's health.|admin
Sleep Training|Establishing a sleep routine can help your baby sleep better.|user1
```

*** contact_inquiries.txt
```txt
John Doe|john@example.com|I need help with parenting advice.
Jane Smith|jane@example.com|What are the best practices for potty training?
```
2025-01-12 Sunday 14:22:32 programmer.py : INFO  **[Update Codes]**

main.py updated.


```
'''

'''
--- Old
+++ New
@@ -3,6 +3,60 @@
 
 app = Flask(__name__)
 app.secret_key = 'your_secret_key'
+
+# User class to handle user-related operations
+class User:
+    def __init__(self, username, password):
+        self.username = username
+        self.password = password
+
+    def save(self):
+        with open('users.txt', 'a') as file:
+            file.write(f'{self.username}|{self.password}\n')
+
+# Thread class to represent forum threads
+class Thread:
+    def __init__(self, title, content, username):
+        self.title = title
+        self.content = content
+        self.username = username
+
+    def save(self):
+        with open('threads.txt', 'a') as file:
+            file.write(f'{self.title}|{self.content}|{self.username}\n')
+
+# Comment class to represent comments on threads
+class Comment:
+    def __init__(self, thread_id, comment, username):
+        self.thread_id = thread_id
+        self.comment = comment
+        self.username = username
+
+    def save(self):
+        with open('comments.txt', 'a') as file:
+            file.write(f'{self.thread_id}|{self.comment}|{self.username}\n')
+
+# Advice class to represent advice posts
+class Advice:
+    def __init__(self, title, content, username):
+        self.title = title
+        self.content = content
+        self.username = username
+
+    def save(self):
+        with open('advice.txt', 'a') as file:
+            file.write(f'{self.title}|{self.content}|{self.username}\n')
+
+# ContactInquiry class to represent contact inquiries
+class ContactInquiry:
+    def __init__(self, name, email, message):
+        self.name = name
+        self.email = email
+        self.message = message
+
+    def save(self):
+        with open('contact_inquiries.txt', 'a') as file:
+            file.write(f'{self.name}|{self.email}|{self.message}\n')
 
 # Load data from text files
 def load_users():
@@ -77,9 +131,11 @@
 def view_thread(thread_id):
     threads = load_threads()
     comments = load_comments()
-    thread = threads[thread_id]
-    thread_comments = [c for c in comments if c.thread_id == thread_id]
-    return render_template('view_thread.html', thread=thread, comments=thread_comments)
+    if thread_id < len(threads):
+        thread = threads[thread_id]
+        thread_comments = [c for c in comments if c.thread_id == thread_id]
+        return render_template('view_thread.html', thread=thread, comments=thread_comments)
+    return redirect(url_for('forum'))
 
 @app.route('/post_advice', methods=['GET', 'POST'])
 def post_advice():
```
2025-01-12 Sunday 14:22:32 programmer.py : INFO  **[Update Codes]**

templates/login.html updated.


```
'''

'''

```
2025-01-12 Sunday 14:22:32 programmer.py : INFO  **[Update Codes]**

templates/register.html updated.


```
'''

'''

```
2025-01-12 Sunday 14:22:32 programmer.py : INFO  **[Update Codes]**

templates/home.html updated.


```
'''

'''

```
2025-01-12 Sunday 14:22:32 programmer.py : INFO  **[Update Codes]**

templates/forum.html updated.


```
'''

'''

```
2025-01-12 Sunday 14:22:32 programmer.py : INFO  **[Update Codes]**

templates/view_thread.html updated.


```
'''

'''

```
2025-01-12 Sunday 14:22:32 programmer.py : INFO  **[Update Codes]**

templates/post_advice.html updated.


```
'''

'''

```
2025-01-12 Sunday 14:22:32 programmer.py : INFO  **[Update Codes]**

templates/my_account.html updated.


```
'''

'''

```
2025-01-12 Sunday 14:22:32 programmer.py : INFO  **[Update Codes]**

templates/contact_us.html updated.


```
'''

'''

```
2025-01-12 Sunday 14:22:32 programmer.py : INFO  **[Update Codes]**

users.txt updated.


```
'''

'''

```
2025-01-12 Sunday 14:22:32 programmer.py : INFO  **[Update Codes]**

threads.txt updated.


```
'''

'''

```
2025-01-12 Sunday 14:22:32 programmer.py : INFO  **[Update Codes]**

comments.txt updated.


```
'''

'''

```
2025-01-12 Sunday 14:22:32 programmer.py : INFO  **[Update Codes]**

advice.txt updated.


```
'''

'''

```
2025-01-12 Sunday 14:22:32 programmer.py : INFO  **[Update Codes]**

contact_inquiries.txt updated.


```
'''

'''

```
2025-01-12 Sunday 14:22:32 programmer.py : INFO  Programmer writting CODE: main.py
2025-01-12 Sunday 14:22:32 programmer.py : INFO  Programmer writting CODE: templates/login.html
2025-01-12 Sunday 14:22:32 programmer.py : INFO  Programmer writting CODE: templates/register.html
2025-01-12 Sunday 14:22:32 programmer.py : INFO  Programmer writting CODE: templates/home.html
2025-01-12 Sunday 14:22:32 programmer.py : INFO  Programmer writting CODE: templates/forum.html
2025-01-12 Sunday 14:22:32 programmer.py : INFO  Programmer writting CODE: templates/view_thread.html
2025-01-12 Sunday 14:22:32 programmer.py : INFO  Programmer writting CODE: templates/post_advice.html
2025-01-12 Sunday 14:22:32 programmer.py : INFO  Programmer writting CODE: templates/my_account.html
2025-01-12 Sunday 14:22:32 programmer.py : INFO  Programmer writting CODE: templates/contact_us.html
2025-01-12 Sunday 14:22:32 programmer.py : INFO  Programmer writting CODE: users.txt
2025-01-12 Sunday 14:22:32 programmer.py : INFO  Programmer writting CODE: threads.txt
2025-01-12 Sunday 14:22:32 programmer.py : INFO  Programmer writting CODE: comments.txt
2025-01-12 Sunday 14:22:32 programmer.py : INFO  Programmer writting CODE: advice.txt
2025-01-12 Sunday 14:22:32 programmer.py : INFO  Programmer writting CODE: contact_inquiries.txt
2025-01-12 Sunday 14:22:32 ceaug_main.py : INFO  Ready Auto Test # # # # # # # # # # # # D:\algorithm\agent\cese\dataset\SD-bench\codebase\ParentingAdiviceForum\
2025-01-12 Sunday 14:23:43 ceaug_main.py : INFO  unit_test_result{'category': 'website', 'project_name': 'ParentingAdiviceForum', 'passed': 2, 'failed': 2, 'errors': 5, 'total': 9, 'output': 'test_comment_on_thread (testcode.TestParentingAdviceForum) ... ERROR\ntest_create_new_thread (testcode.TestParentingAdviceForum) ... ERROR\ntest_navigate_to_forum_page (testcode.TestParentingAdviceForum) ... ERROR\ntest_navigate_to_registration_page (testcode.TestParentingAdviceForum) ... ok\ntest_post_advice (testcode.TestParentingAdviceForum) ... ERROR\ntest_user_login (testcode.TestParentingAdviceForum) ... FAIL\ntest_user_registration (testcode.TestParentingAdviceForum) ... ok\ntest_view_home_page_after_login (testcode.TestParentingAdviceForum) ... FAIL\ntest_view_specific_thread (testcode.TestParentingAdviceForum) ... ERROR\n======================================================================\nERROR: test_comment_on_thread (testcode.TestParentingAdviceForum)\n----------------------------------------------------------------------\nTraceback (most recent call last):\n  File "D:\\algorithm\\agent\\cese\\dataset\\SD-bench\\codebase\\ParentingAdiviceForum\\code\\testcode.py", line 110, in test_comment_on_thread\n    self.driver.find_element(By.LINK_TEXT, \'Forum\').click()\n  File "D:\\Anaconda3\\envs\\Altdev\\lib\\site-packages\\selenium\\webdriver\\remote\\webdriver.py", line 770, in find_element\n    return self.execute(Command.FIND_ELEMENT, {"using": by, "value": value})["value"]\n  File "D:\\Anaconda3\\envs\\Altdev\\lib\\site-packages\\selenium\\webdriver\\remote\\webdriver.py", line 384, in execute\n    self.error_handler.check_response(response)\n  File "D:\\Anaconda3\\envs\\Altdev\\lib\\site-packages\\selenium\\webdriver\\remote\\errorhandler.py", line 232, in check_response\n    raise exception_class(message, screen, stacktrace)\nselenium.common.exceptions.NoSuchElementException: Message: no such element: Unable to locate element: {"method":"link text","selector":"Forum"}\n  (Session info: chrome=131.0.6778.265); For documentation on this error, please visit: https://www.selenium.dev/documentation/webdriver/troubleshooting/errors#no-such-element-exception\nStacktrace:\n======================================================================\nERROR: test_create_new_thread (testcode.TestParentingAdviceForum)\n----------------------------------------------------------------------\nTraceback (most recent call last):\n  File "D:\\algorithm\\agent\\cese\\dataset\\SD-bench\\codebase\\ParentingAdiviceForum\\code\\testcode.py", line 79, in test_create_new_thread\n    self.driver.find_element(By.LINK_TEXT, \'Forum\').click()\n  File "D:\\Anaconda3\\envs\\Altdev\\lib\\site-packages\\selenium\\webdriver\\remote\\webdriver.py", line 770, in find_element\n    return self.execute(Command.FIND_ELEMENT, {"using": by, "value": value})["value"]\n  File "D:\\Anaconda3\\envs\\Altdev\\lib\\site-packages\\selenium\\webdriver\\remote\\webdriver.py", line 384, in execute\n    self.error_handler.check_response(response)\n  File "D:\\Anaconda3\\envs\\Altdev\\lib\\site-packages\\selenium\\webdriver\\remote\\errorhandler.py", line 232, in check_response\n    raise exception_class(message, screen, stacktrace)\nselenium.common.exceptions.NoSuchElementException: Message: no such element: Unable to locate element: {"method":"link text","selector":"Forum"}\n  (Session info: chrome=131.0.6778.265); For documentation on this error, please visit: https://www.selenium.dev/documentation/webdriver/troubleshooting/errors#no-such-element-exception\nStacktrace:\n======================================================================\nERROR: test_navigate_to_forum_page (testcode.TestParentingAdviceForum)\n----------------------------------------------------------------------\nTraceback (most recent call last):\n  File "D:\\algorithm\\agent\\cese\\dataset\\SD-bench\\codebase\\ParentingAdiviceForum\\code\\testcode.py", line 70, in test_navigate_to_forum_page\n    self.driver.find_element(By.LINK_TEXT, \'Forum\').click()\n  File "D:\\Anaconda3\\envs\\Altdev\\lib\\site-packages\\selenium\\webdriver\\remote\\webdriver.py", line 770, in find_element\n    return self.execute(Command.FIND_ELEMENT, {"using": by, "value": value})["value"]\n  File "D:\\Anaconda3\\envs\\Altdev\\lib\\site-packages\\selenium\\webdriver\\remote\\webdriver.py", line 384, in execute\n    self.error_handler.check_response(response)\n  File "D:\\Anaconda3\\envs\\Altdev\\lib\\site-packages\\selenium\\webdriver\\remote\\errorhandler.py", line 232, in check_response\n    raise exception_class(message, screen, stacktrace)\nselenium.common.exceptions.NoSuchElementException: Message: no such element: Unable to locate element: {"method":"link text","selector":"Forum"}\n  (Session info: chrome=131.0.6778.265); For documentation on this error, please visit: https://www.selenium.dev/documentation/webdriver/troubleshooting/errors#no-such-element-exception\nStacktrace:\n======================================================================\nERROR: test_post_advice (testcode.TestParentingAdviceForum)\n----------------------------------------------------------------------\nTraceback (most recent call last):\n  File "D:\\algorithm\\agent\\cese\\dataset\\SD-bench\\codebase\\ParentingAdiviceForum\\code\\testcode.py", line 130, in test_post_advice\n    self.driver.find_element(By.LINK_TEXT, \'Post Advice\').click()\n  File "D:\\Anaconda3\\envs\\Altdev\\lib\\site-packages\\selenium\\webdriver\\remote\\webdriver.py", line 770, in find_element\n    return self.execute(Command.FIND_ELEMENT, {"using": by, "value": value})["value"]\n  File "D:\\Anaconda3\\envs\\Altdev\\lib\\site-packages\\selenium\\webdriver\\remote\\webdriver.py", line 384, in execute\n    self.error_handler.check_response(response)\n  File "D:\\Anaconda3\\envs\\Altdev\\lib\\site-packages\\selenium\\webdriver\\remote\\errorhandler.py", line 232, in check_response\n    raise exception_class(message, screen, stacktrace)\nselenium.common.exceptions.NoSuchElementException: Message: no such element: Unable to locate element: {"method":"link text","selector":"Post Advice"}\n  (Session info: chrome=131.0.6778.265); For documentation on this error, please visit: https://www.selenium.dev/documentation/webdriver/troubleshooting/errors#no-such-element-exception\nStacktrace:\n======================================================================\nERROR: test_view_specific_thread (testcode.TestParentingAdviceForum)\n----------------------------------------------------------------------\nTraceback (most recent call last):\n  File "D:\\algorithm\\agent\\cese\\dataset\\SD-bench\\codebase\\ParentingAdiviceForum\\code\\testcode.py", line 97, in test_view_specific_thread\n    self.driver.find_element(By.LINK_TEXT, \'Forum\').click()\n  File "D:\\Anaconda3\\envs\\Altdev\\lib\\site-packages\\selenium\\webdriver\\remote\\webdriver.py", line 770, in find_element\n    return self.execute(Command.FIND_ELEMENT, {"using": by, "value": value})["value"]\n  File "D:\\Anaconda3\\envs\\Altdev\\lib\\site-packages\\selenium\\webdriver\\remote\\webdriver.py", line 384, in execute\n    self.error_handler.check_response(response)\n  File "D:\\Anaconda3\\envs\\Altdev\\lib\\site-packages\\selenium\\webdriver\\remote\\errorhandler.py", line 232, in check_response\n    raise exception_class(message, screen, stacktrace)\nselenium.common.exceptions.NoSuchElementException: Message: no such element: Unable to locate element: {"method":"link text","selector":"Forum"}\n  (Session info: chrome=131.0.6778.265); For documentation on this error, please visit: https://www.selenium.dev/documentation/webdriver/troubleshooting/errors#no-such-element-exception\nStacktrace:\n======================================================================\nFAIL: test_user_login (testcode.TestParentingAdviceForum)\n----------------------------------------------------------------------\nTraceback (most recent call last):\n  File "D:\\algorithm\\agent\\cese\\dataset\\SD-bench\\codebase\\ParentingAdiviceForum\\code\\testcode.py", line 33, in test_user_login\n    self.assertIn("Home", self.driver.title)\nAssertionError: \'Home\' not found in \'404 Not Found\'\n======================================================================\nFAIL: test_view_home_page_after_login (testcode.TestParentingAdviceForum)\n----------------------------------------------------------------------\nTraceback (most recent call last):\n  File "D:\\algorithm\\agent\\cese\\dataset\\SD-bench\\codebase\\ParentingAdiviceForum\\code\\testcode.py", line 65, in test_view_home_page_after_login\n    self.assertIn("Home", self.driver.title)\nAssertionError: \'Home\' not found in \'404 Not Found\'\n----------------------------------------------------------------------\nRan 9 tests in 70.087s\nFAILED (failures=2, errors=5)\n'}
2025-01-12 Sunday 14:24:25 _client.py : INFO  HTTP Request: POST https://api.chatanywhere.tech/chat/completions "HTTP/1.1 200 OK"
2025-01-12 Sunday 14:24:25 ceaug_main.py : INFO  You are a software test analyst. Please help me analyze the code of a project.
        Here is the entire codebase for a project: --- DIRECTORY: D:\algorithm\agent\cese\dataset\SD-bench\codebase\ParentingAdiviceForum\code ---
  --- FILE: advice.txt (PATH: D:\algorithm\agent\cese\dataset\SD-bench\codebase\ParentingAdiviceForum\code\advice.txt, TYPE: .txt) ---
Breastfeeding Tips|Breastfeeding can be challenging, but it's important for your baby's health.|admin
Sleep Training|Establishing a sleep routine can help your baby sleep better.|user1


  --- FILE: comments.txt (PATH: D:\algorithm\agent\cese\dataset\SD-bench\codebase\ParentingAdiviceForum\code\comments.txt, TYPE: .txt) ---
0|Great tips!|user1
1|This is really helpful, thanks!|admin


  --- FILE: contact_inquiries.txt (PATH: D:\algorithm\agent\cese\dataset\SD-bench\codebase\ParentingAdiviceForum\code\contact_inquiries.txt, TYPE: .txt) ---
John Doe|john@example.com|I need help with parenting advice.
Jane Smith|jane@example.com|What are the best practices for potty training?


  --- FILE: main.py (PATH: D:\algorithm\agent\cese\dataset\SD-bench\codebase\ParentingAdiviceForum\code\main.py, TYPE: .py) ---
from flask import Flask, render_template, request, redirect, url_for, session
import os

app = Flask(__name__)
app.secret_key = 'your_secret_key'

# User class to handle user-related operations
class User:
    def __init__(self, username, password):
        self.username = username
        self.password = password

    def save(self):
        with open('users.txt', 'a') as file:
            file.write(f'{self.username}|{self.password}\n')

# Thread class to represent forum threads
class Thread:
    def __init__(self, title, content, username):
        self.title = title
        self.content = content
        self.username = username

    def save(self):
        with open('threads.txt', 'a') as file:
            file.write(f'{self.title}|{self.content}|{self.username}\n')

# Comment class to represent comments on threads
class Comment:
    def __init__(self, thread_id, comment, username):
        self.thread_id = thread_id
        self.comment = comment
        self.username = username

    def save(self):
        with open('comments.txt', 'a') as file:
            file.write(f'{self.thread_id}|{self.comment}|{self.username}\n')

# Advice class to represent advice posts
class Advice:
    def __init__(self, title, content, username):
        self.title = title
        self.content = content
        self.username = username

    def save(self):
        with open('advice.txt', 'a') as file:
            file.write(f'{self.title}|{self.content}|{self.username}\n')

# ContactInquiry class to represent contact inquiries
class ContactInquiry:
    def __init__(self, name, email, message):
        self.name = name
        self.email = email
        self.message = message

    def save(self):
        with open('contact_inquiries.txt', 'a') as file:
            file.write(f'{self.name}|{self.email}|{self.message}\n')

# Load data from text files
def load_users():
    users = {}
    if os.path.exists('users.txt'):
        with open('users.txt', 'r') as file:
            for line in file:
                username, password = line.strip().split('|')
                users[username] = password
    return users

def load_threads():
    threads = []
    if os.path.exists('threads.txt'):
        with open('threads.txt', 'r') as file:
            for line in file:
                title, content, username = line.strip().split('|')
                threads.append(Thread(title, content, username))
    return threads

def load_comments():
    comments = []
    if os.path.exists('comments.txt'):
        with open('comments.txt', 'r') as file:
            for line in file:
                thread_id, comment, username = line.strip().split('|')
                comments.append(Comment(int(thread_id), comment, username))
    return comments

def load_advice():
    advice_list = []
    if os.path.exists('advice.txt'):
        with open('advice.txt', 'r') as file:
            for line in file:
                title, content, username = line.strip().split('|')
                advice_list.append(Advice(title, content, username))
    return advice_list

def load_contact_inquiries():
    inquiries = []
    if os.path.exists('contact_inquiries.txt'):
        with open('contact_inquiries.txt', 'r') as file:
            for line in file:
                name, email, message = line.strip().split('|')
                inquiries.append(ContactInquiry(name, email, message))
    return inquiries

@app.route('/')
def login():
    return render_template('login.html')

@app.route('/register', methods=['GET', 'POST'])
def register():
    if request.method == 'POST':
        username = request.form['username']
        password = request.form['password']
        user = User(username, password)
        user.save()
        return redirect(url_for('login'))
    return render_template('register.html')

@app.route('/home')
def home():
    return render_template('home.html')

@app.route('/forum')
def forum():
    threads = load_threads()
    return render_template('forum.html', threads=threads)

@app.route('/view_thread/<int:thread_id>')
def view_thread(thread_id):
    threads = load_threads()
    comments = load_comments()
    if thread_id < len(threads):
        thread = threads[thread_id]
        thread_comments = [c for c in comments if c.thread_id == thread_id]
        return render_template('view_thread.html', thread=thread, comments=thread_comments)
    return redirect(url_for('forum'))

@app.route('/post_advice', methods=['GET', 'POST'])
def post_advice():
    if request.method == 'POST':
        title = request.form['title']
        content = request.form['content']
        username = session.get('username')  # Assuming user is logged in
        advice = Advice(title, content, username)
        advice.save()
        return redirect(url_for('home'))
    return render_template('post_advice.html')

@app.route('/my_account')
def my_account():
    return render_template('my_account.html')

@app.route('/contact_us', methods=['GET', 'POST'])
def contact_us():
    if request.method == 'POST':
        name = request.form['name']
        email = request.form['email']
        message = request.form['message']
        inquiry = ContactInquiry(name, email, message)
        inquiry.save()
        return redirect(url_for('home'))
    return render_template('contact_us.html')

if __name__ == '__main__':
    app.run(port=8310, debug=False)


  --- FILE: testcode.py (PATH: D:\algorithm\agent\cese\dataset\SD-bench\codebase\ParentingAdiviceForum\code\testcode.py, TYPE: .py) ---
import unittest
from selenium import webdriver
from selenium.webdriver.common.by import By
import time
import subprocess

class TestParentingAdviceForum(unittest.TestCase):

    def setUp(self):
        # Start the application
        self.process = subprocess.Popen(['python', 'main.py'])
        time.sleep(1)  # Give the server time to start
        self.driver = webdriver.Chrome()
        self.driver.get('http://localhost:8310/')  # Access the login page

    def tearDown(self):
        # Close the web driver session and stop the application
        self.driver.quit()
        self.process.terminate()

    def login(self, username, password):
        # Helper method to perform login
        self.driver.find_element(By.NAME, 'username').send_keys(username)
        self.driver.find_element(By.NAME, 'password').send_keys(password)
        self.driver.find_element(By.XPATH, '//button[text()="Login"]').click()
        time.sleep(1)  # Wait for the next page to load

    def test_user_login(self):
        # Functionalities 1: Test user login functionality
        self.login("admin", "admin123")

        # Verify that the Home Page has loaded
        self.assertIn("Home", self.driver.title)

    def test_navigate_to_registration_page(self):
        # Functionalities 2: Test navigation to the Registration Page
        self.driver.find_element(By.LINK_TEXT, 'Register').click()
        time.sleep(1)  # Wait for the next page to load

        # Verify that the Registration Page has loaded
        self.assertIn("Register", self.driver.title)

    def test_user_registration(self):
        # Functionalities 3: Test user registration functionality
        self.driver.find_element(By.LINK_TEXT, 'Register').click()
        time.sleep(1)  # Wait for the next page to load

        new_username = "new_user"
        new_password = "new_password"

        # Input username and password for registration
        self.driver.find_element(By.NAME, 'username').send_keys(new_username)
        self.driver.find_element(By.NAME, 'password').send_keys(new_password)
        self.driver.find_element(By.XPATH, '//button[text()="Register"]').click()
        time.sleep(1)  # Wait for the next page to load

        # Verify the user is redirected to the login page
        self.assertIn("Login", self.driver.title)

    def test_view_home_page_after_login(self):
        # Functionalities 4: Test viewing the Home Page after logging in
        self.login("admin", "admin123")

        # Verify that the Home Page has loaded
        self.assertIn("Home", self.driver.title)

    def test_navigate_to_forum_page(self):
        # Functionalities 5: Test navigation to the Forum Page
        self.login("admin", "admin123")
        self.driver.find_element(By.LINK_TEXT, 'Forum').click()
        time.sleep(1)  # Wait for the next page to load

        # Verify that the Forum Page has loaded
        self.assertIn("Forum", self.driver.title)

    def test_create_new_thread(self):
        # Functionalities 6: Test creating a new thread
        self.login("admin", "admin123")
        self.driver.find_element(By.LINK_TEXT, 'Forum').click()
        time.sleep(1)  # Wait for the next page to load

        thread_title = "New Thread Title"
        thread_content = "This is the content of the new thread."

        # Fill out the new thread form
        self.driver.find_element(By.NAME, 'title').send_keys(thread_title)
        self.driver.find_element(By.NAME, 'content').send_keys(thread_content)
        self.driver.find_element(By.XPATH, '//button[text()="Create"]').click()
        time.sleep(1)  # Wait for the thread to be created

        # Verify that the new thread is displayed on the Forum Page
        self.assertIn(thread_title, self.driver.page_source)

    def test_view_specific_thread(self):
        # Functionalities 7: Test viewing a specific thread
        self.login("admin", "admin123")
        self.driver.find_element(By.LINK_TEXT, 'Forum').click()
        time.sleep(1)  # Wait for the next page to load

        # Click on the first thread
        self.driver.find_element(By.LINK_TEXT, 'Parenting Tips').click()
        time.sleep(1)  # Wait for the thread page to load

        # Verify that the thread page displays the correct content
        self.assertIn("Parenting Tips", self.driver.page_source)

    def test_comment_on_thread(self):
        # Functionalities 8: Test commenting on a thread
        self.login("admin", "admin123")
        self.driver.find_element(By.LINK_TEXT, 'Forum').click()
        time.sleep(1)  # Wait for the next page to load

        # Click on the first thread
        self.driver.find_element(By.LINK_TEXT, 'Parenting Tips').click()
        time.sleep(1)  # Wait for the thread page to load

        comment_text = "This is a test comment."

        # Add a comment
        self.driver.find_element(By.NAME, 'comment').send_keys(comment_text)
        self.driver.find_element(By.XPATH, '//button[text()="Submit"]').click()
        time.sleep(1)  # Wait for the comment to be posted

        # Verify that the comment is displayed
        self.assertIn(comment_text, self.driver.page_source)

    def test_post_advice(self):
        # Functionalities 9: Test posting advice
        self.login("admin", "admin123")
        self.driver.find_element(By.LINK_TEXT, 'Post Advice').click()
        time.sleep(1)  # Wait for the next page to load

        advice_title = "New Advice Title"
        advice_content = "This is the content of the new advice."

        # Fill out the advice form
        self.driver.find_element(By.NAME, 'title').send_keys(advice_title)
        self.driver.find_element(By.NAME, 'content').send_keys(advice_content)
        self.driver.find_element(By.XPATH, '//button[text()="Post"]').click()
        time.sleep(1)  # Wait for the advice to be posted

        # Verify that the advice is displayed on the Home Page
        self.assertIn(advice_title, self.driver.page_source)

if __name__ == '__main__':
    unittest.main()


  --- FILE: threads.txt (PATH: D:\algorithm\agent\cese\dataset\SD-bench\codebase\ParentingAdiviceForum\code\threads.txt, TYPE: .txt) ---
Parenting Tips|Here are some tips for new parents.|admin
Dealing with Toddler Tantrums|How to manage tantrums effectively.|user1


  --- FILE: users.txt (PATH: D:\algorithm\agent\cese\dataset\SD-bench\codebase\ParentingAdiviceForum\code\users.txt, TYPE: .txt) ---
admin|admin123
user1|user123


  --- DIRECTORY: D:\algorithm\agent\cese\dataset\SD-bench\codebase\ParentingAdiviceForum\code\templates ---
    --- FILE: contact_us.html (PATH: D:\algorithm\agent\cese\dataset\SD-bench\codebase\ParentingAdiviceForum\code\templates\contact_us.html, TYPE: .html) ---
<!DOCTYPE html>
<html lang="en">
<head>
    <meta charset="UTF-8">
    <meta name="viewport" content="width=device-width, initial-scale=1.0">
    <title>Contact Us</title>
</head>
<body>
    <h1>Contact Us</h1>
    <form method="POST" action="/contact_us">
        <label for="name">Name:</label>
        <input type="text" id="name" name="name" required>
        <label for="email">Email:</label>
        <input type="email" id="email" name="email" required>
        <label for="message">Message:</label>
        <textarea id="message" name="message" required></textarea>
        <button type="submit">Send</button>
    </form>
</body>
</html>

    --- FILE: forum.html (PATH: D:\algorithm\agent\cese\dataset\SD-bench\codebase\ParentingAdiviceForum\code\templates\forum.html, TYPE: .html) ---
<!DOCTYPE html>
<html lang="en">
<head>
    <meta charset="UTF-8">
    <meta name="viewport" content="width=device-width, initial-scale=1.0">
    <title>Forum</title>
</head>
<body>
    <h1>Discussion Threads</h1>
    <ul>
        {% for thread in threads %}
            <li><a href="{{ url_for('view_thread', thread_id=loop.index0) }}">{{ thread.title }}</a></li>
        {% endfor %}
    </ul>
    <form method="POST" action="/create_thread">
        <h2>Create New Thread</h2>
        <label for="title">Title:</label>
        <input type="text" id="title" name="title" required>
        <label for="content">Content:</label>
        <textarea id="content" name="content" required></textarea>
        <button type="submit">Create</button>
    </form>
</body>
</html>

    --- FILE: home.html (PATH: D:\algorithm\agent\cese\dataset\SD-bench\codebase\ParentingAdiviceForum\code\templates\home.html, TYPE: .html) ---
<!DOCTYPE html>
<html lang="en">
<head>
    <meta charset="UTF-8">
    <meta name="viewport" content="width=device-width, initial-scale=1.0">
    <title>Home</title>
</head>
<body>
    <h1>Welcome to Parenting Advice Forum</h1>
    <nav>
        <a href="/forum">Forum</a>
        <a href="/post_advice">Post Advice</a>
        <a href="/my_account">My Account</a>
        <a href="/contact_us">Contact Us</a>
    </nav>
</body>
</html>

    --- FILE: login.html (PATH: D:\algorithm\agent\cese\dataset\SD-bench\codebase\ParentingAdiviceForum\code\templates\login.html, TYPE: .html) ---
<!DOCTYPE html>
<html lang="en">
<head>
    <meta charset="UTF-8">
    <meta name="viewport" content="width=device-width, initial-scale=1.0">
    <title>Login</title>
</head>
<body>
    <h1>Login</h1>
    <form method="POST" action="/login">
        <label for="username">Username:</label>
        <input type="text" id="username" name="username" required>
        <label for="password">Password:</label>
        <input type="password" id="password" name="password" required>
        <button type="submit">Login</button>
    </form>
    <a href="/register">Register</a>
</body>
</html>

    --- FILE: my_account.html (PATH: D:\algorithm\agent\cese\dataset\SD-bench\codebase\ParentingAdiviceForum\code\templates\my_account.html, TYPE: .html) ---
<!DOCTYPE html>
<html lang="en">
<head>
    <meta charset="UTF-8">
    <meta name="viewport" content="width=device-width, initial-scale=1.0">
    <title>My Account</title>
</head>
<body>
    <h1>My Account</h1>
    <p>Username: {{ session.username }}</p>
    <a href="/delete_account">Delete Account</a>
</body>
</html>

    --- FILE: post_advice.html (PATH: D:\algorithm\agent\cese\dataset\SD-bench\codebase\ParentingAdiviceForum\code\templates\post_advice.html, TYPE: .html) ---
<!DOCTYPE html>
<html lang="en">
<head>
    <meta charset="UTF-8">
    <meta name="viewport" content="width=device-width, initial-scale=1.0">
    <title>Post Advice</title>
</head>
<body>
    <h1>Post Advice</h1>
    <form method="POST" action="/post_advice">
        <label for="title">Title:</label>
        <input type="text" id="title" name="title" required>
        <label for="content">Content:</label>
        <textarea id="content" name="content" required></textarea>
        <button type="submit">Post</button>
    </form>
</body>
</html>

    --- FILE: register.html (PATH: D:\algorithm\agent\cese\dataset\SD-bench\codebase\ParentingAdiviceForum\code\templates\register.html, TYPE: .html) ---
<!DOCTYPE html>
<html lang="en">
<head>
    <meta charset="UTF-8">
    <meta name="viewport" content="width=device-width, initial-scale=1.0">
    <title>Register</title>
</head>
<body>
    <h1>Register</h1>
    <form method="POST" action="/register">
        <label for="username">Username:</label>
        <input type="text" id="username" name="username" required>
        <label for="password">Password:</label>
        <input type="password" id="password" name="password" required>
        <button type="submit">Register</button>
    </form>
    <a href="/">Login</a>
</body>
</html>

    --- FILE: view_thread.html (PATH: D:\algorithm\agent\cese\dataset\SD-bench\codebase\ParentingAdiviceForum\code\templates\view_thread.html, TYPE: .html) ---
<!DOCTYPE html>
<html lang="en">
<head>
    <meta charset="UTF-8">
    <meta name="viewport" content="width=device-width, initial-scale=1.0">
    <title>{{ thread.title }}</title>
</head>
<body>
    <h1>{{ thread.title }}</h1>
    <p>{{ thread.content }}</p>
    <h2>Comments</h2>
    <ul>
        {% for comment in comments %}
            <li>{{ comment.comment }} - {{ comment.username }}</li>
        {% endfor %}
    </ul>
    <form method="POST" action="/add_comment">
        <label for="comment">Add Comment:</label>
        <textarea id="comment" name="comment" required></textarea>
        <button type="submit">Submit</button>
    </form>
</body>
</html>

  --- DIRECTORY: D:\algorithm\agent\cese\dataset\SD-bench\codebase\ParentingAdiviceForum\code\__pycache__ ---
.
        Here are the unit test codes for this project: import unittest from selenium import webdriver from selenium.webdriver.common.by import By import time import subprocess class TestParentingAdviceForum(unittest.TestCase):     def setUp(self):         # Start the application         self.process = subprocess.Popen(['python', 'main.py'])         time.sleep(1)  # Give the server time to start         self.driver = webdriver.Chrome()         self.driver.get('http://localhost:8310/')  # Access the login page     def tearDown(self):         # Close the web driver session and stop the application         self.driver.quit()         self.process.terminate()     def login(self, username, password):         # Helper method to perform login         self.driver.find_element(By.NAME, 'username').send_keys(username)         self.driver.find_element(By.NAME, 'password').send_keys(password)         self.driver.find_element(By.XPATH, '//button[text()="Login"]').click()         time.sleep(1)  # Wait for the next page to load     def test_user_login(self):         # Functionalities 1: Test user login functionality         self.login("admin", "admin123")         # Verify that the Home Page has loaded         self.assertIn("Home", self.driver.title)     def test_navigate_to_registration_page(self):         # Functionalities 2: Test navigation to the Registration Page         self.driver.find_element(By.LINK_TEXT, 'Register').click()         time.sleep(1)  # Wait for the next page to load         # Verify that the Registration Page has loaded         self.assertIn("Register", self.driver.title)     def test_user_registration(self):         # Functionalities 3: Test user registration functionality         self.driver.find_element(By.LINK_TEXT, 'Register').click()         time.sleep(1)  # Wait for the next page to load         new_username = "new_user"         new_password = "new_password"         # Input username and password for registration         self.driver.find_element(By.NAME, 'username').send_keys(new_username)         self.driver.find_element(By.NAME, 'password').send_keys(new_password)         self.driver.find_element(By.XPATH, '//button[text()="Register"]').click()         time.sleep(1)  # Wait for the next page to load         # Verify the user is redirected to the login page         self.assertIn("Login", self.driver.title)     def test_view_home_page_after_login(self):         # Functionalities 4: Test viewing the Home Page after logging in         self.login("admin", "admin123")         # Verify that the Home Page has loaded         self.assertIn("Home", self.driver.title)     def test_navigate_to_forum_page(self):         # Functionalities 5: Test navigation to the Forum Page         self.login("admin", "admin123")         self.driver.find_element(By.LINK_TEXT, 'Forum').click()         time.sleep(1)  # Wait for the next page to load         # Verify that the Forum Page has loaded         self.assertIn("Forum", self.driver.title)     def test_create_new_thread(self):         # Functionalities 6: Test creating a new thread         self.login("admin", "admin123")         self.driver.find_element(By.LINK_TEXT, 'Forum').click()         time.sleep(1)  # Wait for the next page to load         thread_title = "New Thread Title"         thread_content = "This is the content of the new thread."         # Fill out the new thread form         self.driver.find_element(By.NAME, 'title').send_keys(thread_title)         self.driver.find_element(By.NAME, 'content').send_keys(thread_content)         self.driver.find_element(By.XPATH, '//button[text()="Create"]').click()         time.sleep(1)  # Wait for the thread to be created         # Verify that the new thread is displayed on the Forum Page         self.assertIn(thread_title, self.driver.page_source)     def test_view_specific_thread(self):         # Functionalities 7: Test viewing a specific thread         self.login("admin", "admin123")         self.driver.find_element(By.LINK_TEXT, 'Forum').click()         time.sleep(1)  # Wait for the next page to load         # Click on the first thread         self.driver.find_element(By.LINK_TEXT, 'Parenting Tips').click()         time.sleep(1)  # Wait for the thread page to load         # Verify that the thread page displays the correct content         self.assertIn("Parenting Tips", self.driver.page_source)     def test_comment_on_thread(self):         # Functionalities 8: Test commenting on a thread         self.login("admin", "admin123")         self.driver.find_element(By.LINK_TEXT, 'Forum').click()         time.sleep(1)  # Wait for the next page to load         # Click on the first thread         self.driver.find_element(By.LINK_TEXT, 'Parenting Tips').click()         time.sleep(1)  # Wait for the thread page to load         comment_text = "This is a test comment."         # Add a comment         self.driver.find_element(By.NAME, 'comment').send_keys(comment_text)         self.driver.find_element(By.XPATH, '//button[text()="Submit"]').click()         time.sleep(1)  # Wait for the comment to be posted         # Verify that the comment is displayed         self.assertIn(comment_text, self.driver.page_source)     def test_post_advice(self):         # Functionalities 9: Test posting advice         self.login("admin", "admin123")         self.driver.find_element(By.LINK_TEXT, 'Post Advice').click()         time.sleep(1)  # Wait for the next page to load         advice_title = "New Advice Title"         advice_content = "This is the content of the new advice."         # Fill out the advice form         self.driver.find_element(By.NAME, 'title').send_keys(advice_title)         self.driver.find_element(By.NAME, 'content').send_keys(advice_content)         self.driver.find_element(By.XPATH, '//button[text()="Post"]').click()         time.sleep(1)  # Wait for the advice to be posted         # Verify that the advice is displayed on the Home Page         self.assertIn(advice_title, self.driver.page_source) if __name__ == '__main__':     unittest.main() .
        These are all the unit test results (Only failed tests have detailed information):{'category': 'website', 'project_name': 'ParentingAdiviceForum', 'passed': 2, 'failed': 2, 'errors': 5, 'total': 9, 'output': 'test_comment_on_thread (testcode.TestParentingAdviceForum) ... ERROR\ntest_create_new_thread (testcode.TestParentingAdviceForum) ... ERROR\ntest_navigate_to_forum_page (testcode.TestParentingAdviceForum) ... ERROR\ntest_navigate_to_registration_page (testcode.TestParentingAdviceForum) ... ok\ntest_post_advice (testcode.TestParentingAdviceForum) ... ERROR\ntest_user_login (testcode.TestParentingAdviceForum) ... FAIL\ntest_user_registration (testcode.TestParentingAdviceForum) ... ok\ntest_view_home_page_after_login (testcode.TestParentingAdviceForum) ... FAIL\ntest_view_specific_thread (testcode.TestParentingAdviceForum) ... ERROR\n======================================================================\nERROR: test_comment_on_thread (testcode.TestParentingAdviceForum)\n----------------------------------------------------------------------\nTraceback (most recent call last):\n  File "D:\\algorithm\\agent\\cese\\dataset\\SD-bench\\codebase\\ParentingAdiviceForum\\code\\testcode.py", line 110, in test_comment_on_thread\n    self.driver.find_element(By.LINK_TEXT, \'Forum\').click()\n  File "D:\\Anaconda3\\envs\\Altdev\\lib\\site-packages\\selenium\\webdriver\\remote\\webdriver.py", line 770, in find_element\n    return self.execute(Command.FIND_ELEMENT, {"using": by, "value": value})["value"]\n  File "D:\\Anaconda3\\envs\\Altdev\\lib\\site-packages\\selenium\\webdriver\\remote\\webdriver.py", line 384, in execute\n    self.error_handler.check_response(response)\n  File "D:\\Anaconda3\\envs\\Altdev\\lib\\site-packages\\selenium\\webdriver\\remote\\errorhandler.py", line 232, in check_response\n    raise exception_class(message, screen, stacktrace)\nselenium.common.exceptions.NoSuchElementException: Message: no such element: Unable to locate element: {"method":"link text","selector":"Forum"}\n  (Session info: chrome=131.0.6778.265); For documentation on this error, please visit: https://www.selenium.dev/documentation/webdriver/troubleshooting/errors#no-such-element-exception\nStacktrace:\n======================================================================\nERROR: test_create_new_thread (testcode.TestParentingAdviceForum)\n----------------------------------------------------------------------\nTraceback (most recent call last):\n  File "D:\\algorithm\\agent\\cese\\dataset\\SD-bench\\codebase\\ParentingAdiviceForum\\code\\testcode.py", line 79, in test_create_new_thread\n    self.driver.find_element(By.LINK_TEXT, \'Forum\').click()\n  File "D:\\Anaconda3\\envs\\Altdev\\lib\\site-packages\\selenium\\webdriver\\remote\\webdriver.py", line 770, in find_element\n    return self.execute(Command.FIND_ELEMENT, {"using": by, "value": value})["value"]\n  File "D:\\Anaconda3\\envs\\Altdev\\lib\\site-packages\\selenium\\webdriver\\remote\\webdriver.py", line 384, in execute\n    self.error_handler.check_response(response)\n  File "D:\\Anaconda3\\envs\\Altdev\\lib\\site-packages\\selenium\\webdriver\\remote\\errorhandler.py", line 232, in check_response\n    raise exception_class(message, screen, stacktrace)\nselenium.common.exceptions.NoSuchElementException: Message: no such element: Unable to locate element: {"method":"link text","selector":"Forum"}\n  (Session info: chrome=131.0.6778.265); For documentation on this error, please visit: https://www.selenium.dev/documentation/webdriver/troubleshooting/errors#no-such-element-exception\nStacktrace:\n======================================================================\nERROR: test_navigate_to_forum_page (testcode.TestParentingAdviceForum)\n----------------------------------------------------------------------\nTraceback (most recent call last):\n  File "D:\\algorithm\\agent\\cese\\dataset\\SD-bench\\codebase\\ParentingAdiviceForum\\code\\testcode.py", line 70, in test_navigate_to_forum_page\n    self.driver.find_element(By.LINK_TEXT, \'Forum\').click()\n  File "D:\\Anaconda3\\envs\\Altdev\\lib\\site-packages\\selenium\\webdriver\\remote\\webdriver.py", line 770, in find_element\n    return self.execute(Command.FIND_ELEMENT, {"using": by, "value": value})["value"]\n  File "D:\\Anaconda3\\envs\\Altdev\\lib\\site-packages\\selenium\\webdriver\\remote\\webdriver.py", line 384, in execute\n    self.error_handler.check_response(response)\n  File "D:\\Anaconda3\\envs\\Altdev\\lib\\site-packages\\selenium\\webdriver\\remote\\errorhandler.py", line 232, in check_response\n    raise exception_class(message, screen, stacktrace)\nselenium.common.exceptions.NoSuchElementException: Message: no such element: Unable to locate element: {"method":"link text","selector":"Forum"}\n  (Session info: chrome=131.0.6778.265); For documentation on this error, please visit: https://www.selenium.dev/documentation/webdriver/troubleshooting/errors#no-such-element-exception\nStacktrace:\n======================================================================\nERROR: test_post_advice (testcode.TestParentingAdviceForum)\n----------------------------------------------------------------------\nTraceback (most recent call last):\n  File "D:\\algorithm\\agent\\cese\\dataset\\SD-bench\\codebase\\ParentingAdiviceForum\\code\\testcode.py", line 130, in test_post_advice\n    self.driver.find_element(By.LINK_TEXT, \'Post Advice\').click()\n  File "D:\\Anaconda3\\envs\\Altdev\\lib\\site-packages\\selenium\\webdriver\\remote\\webdriver.py", line 770, in find_element\n    return self.execute(Command.FIND_ELEMENT, {"using": by, "value": value})["value"]\n  File "D:\\Anaconda3\\envs\\Altdev\\lib\\site-packages\\selenium\\webdriver\\remote\\webdriver.py", line 384, in execute\n    self.error_handler.check_response(response)\n  File "D:\\Anaconda3\\envs\\Altdev\\lib\\site-packages\\selenium\\webdriver\\remote\\errorhandler.py", line 232, in check_response\n    raise exception_class(message, screen, stacktrace)\nselenium.common.exceptions.NoSuchElementException: Message: no such element: Unable to locate element: {"method":"link text","selector":"Post Advice"}\n  (Session info: chrome=131.0.6778.265); For documentation on this error, please visit: https://www.selenium.dev/documentation/webdriver/troubleshooting/errors#no-such-element-exception\nStacktrace:\n======================================================================\nERROR: test_view_specific_thread (testcode.TestParentingAdviceForum)\n----------------------------------------------------------------------\nTraceback (most recent call last):\n  File "D:\\algorithm\\agent\\cese\\dataset\\SD-bench\\codebase\\ParentingAdiviceForum\\code\\testcode.py", line 97, in test_view_specific_thread\n    self.driver.find_element(By.LINK_TEXT, \'Forum\').click()\n  File "D:\\Anaconda3\\envs\\Altdev\\lib\\site-packages\\selenium\\webdriver\\remote\\webdriver.py", line 770, in find_element\n    return self.execute(Command.FIND_ELEMENT, {"using": by, "value": value})["value"]\n  File "D:\\Anaconda3\\envs\\Altdev\\lib\\site-packages\\selenium\\webdriver\\remote\\webdriver.py", line 384, in execute\n    self.error_handler.check_response(response)\n  File "D:\\Anaconda3\\envs\\Altdev\\lib\\site-packages\\selenium\\webdriver\\remote\\errorhandler.py", line 232, in check_response\n    raise exception_class(message, screen, stacktrace)\nselenium.common.exceptions.NoSuchElementException: Message: no such element: Unable to locate element: {"method":"link text","selector":"Forum"}\n  (Session info: chrome=131.0.6778.265); For documentation on this error, please visit: https://www.selenium.dev/documentation/webdriver/troubleshooting/errors#no-such-element-exception\nStacktrace:\n======================================================================\nFAIL: test_user_login (testcode.TestParentingAdviceForum)\n----------------------------------------------------------------------\nTraceback (most recent call last):\n  File "D:\\algorithm\\agent\\cese\\dataset\\SD-bench\\codebase\\ParentingAdiviceForum\\code\\testcode.py", line 33, in test_user_login\n    self.assertIn("Home", self.driver.title)\nAssertionError: \'Home\' not found in \'404 Not Found\'\n======================================================================\nFAIL: test_view_home_page_after_login (testcode.TestParentingAdviceForum)\n----------------------------------------------------------------------\nTraceback (most recent call last):\n  File "D:\\algorithm\\agent\\cese\\dataset\\SD-bench\\codebase\\ParentingAdiviceForum\\code\\testcode.py", line 65, in test_view_home_page_after_login\n    self.assertIn("Home", self.driver.title)\nAssertionError: \'Home\' not found in \'404 Not Found\'\n----------------------------------------------------------------------\nRan 9 tests in 70.087s\nFAILED (failures=2, errors=5)\n'}
        Please analyze the test results one by one with related code. For each failed or error unit test, step by step to identify the reasons.
        If test code like "self.fail(XXX functionality not implemented)" occurs, it suggests a problem with the project code, not the test code.
        
2025-01-12 Sunday 14:24:25 ceaug_main.py : INFO  Sure! Let's analyze the test results for the `ParentingAdviceForum` project codebase step by step. 

### Summary of Test Results
- **Total Tests:** 9
- **Passed:** 2
- **Failed:** 2
- **Errors:** 5

### Failed Tests:
1. **`test_user_login`** - Fail due to assertion failure.
2. **`test_view_home_page_after_login`** - Fail due to assertion failure.

### Error Tests:
1. **`test_comment_on_thread`**
2. **`test_create_new_thread`**
3. **`test_navigate_to_forum_page`**
4. **`test_post_advice`**
5. **`test_view_specific_thread`**

---

## Detailed Analysis

### 1. `test_user_login`
**Error Summary:**
```python
AssertionError: 'Home' not found in '404 Not Found'
```
- **Reason:** This test fails because, after attempting to log in, the application is not sending the user to the Home page and instead returns a 404 error.
- **Code Check:** Verify that the login route handling and session management are correctly implemented in `main.py`. Ensure that the `login` route properly authenticates and redirects users to the Home page when the credentials are valid.
  
### 2. `test_view_home_page_after_login`
**Error Summary:**
```python
AssertionError: 'Home' not found in '404 Not Found'
```
- **Reason:** Similar to the previous test, this test fails due to the application returning a 404 error instead of allowing access to the Home page after login.
- **Code Check:** Ensure that the session variable for the username is correctly set during login and that the `home()` route is configured to check for valid sessions before rendering.

### 3. `test_comment_on_thread`
**Error Summary:**
```plaintext
selenium.common.exceptions.NoSuchElementException: Unable to locate element: {"method":"link text","selector":"Forum"}
```
- **Reason:** Selenium is unable to find the Forum link, which indicates that the elements may not be rendered properly due to the previous issue (404 error). 
- **Code Check:** Check if the Forum link is included in the rendered HTML. The test failure related to page navigation may stem from routing and session issues.

### 4. `test_create_new_thread`
**Error Summary:**
```plaintext
selenium.common.exceptions.NoSuchElementException: Unable to locate element: {"method":"link text","selector":"Forum"}
```
- **Reason:** Same as above; the `Forum` link could not be found because of the application error (404). Ensure the link is present after login.
  
### 5. `test_navigate_to_forum_page`
**Error Summary:**
```plaintext
selenium.common.exceptions.NoSuchElementException: Unable to locate element: {"method":"link text","selector":"Forum"}
```
- **Reason:** The test cannot access the `Forum` page due to the previous page's failure (404 error).
- **Code Check:** Confirm that the HTML template (`home.html`) contains the link to the `Forum` page and that routing is properly set up in Flask.

### 6. `test_post_advice`
**Error Summary:**
```plaintext
selenium.common.exceptions.NoSuchElementException: Unable to locate element: {"method":"link text","selector":"Post Advice"}
```
- **Reason:** The `Post Advice` link cannot be found for similar reasons; the application is likely still showing a 404 due to prior errors and not properly rendering the pages.
  
### 7. `test_view_specific_thread`
**Error Summary:**
```plaintext
selenium.common.exceptions.NoSuchElementException: Unable to locate element: {"method":"link text","selector":"Forum"}
```
- **Reason:** Again, the inability to find the `Forum` link indicates that navigation is broken due to earlier issues.
  
---

## Recommendations
1. **Check Login Handling:**
   - Review the login implementation within the Flask application.
   - Verify that valid sessions are created and that users are properly redirected to the Home page.

2. **Session Management:**
   - Make sure the application correctly maintains user sessions after login.
   - You may need to debug the session handling to ensure the expected state is set in the application.

3. **Attention to Routes:**
   - Validate that all routes return valid HTML pages and check if they are correctly defined in the Flask application.

4. **Run Tests Sequentially:**
   - As unit tests rely on state, ensure each test sequence flows correctly (a user must be logged in before accessing resources).

5. **Incorporate Error Handling:**
   - Implement checks within the test code to validate if pages are accessible before proceeding to interact with elements.

By addressing the identified issues, the application should begin to pass the tests effectively.
2025-01-12 Sunday 14:24:25 ceaug_main.py : INFO  Do you think the issue is caused by errors in the project's code or poorly written test cases? If it is a code error, please include a [CODE] at the end of your output. If not, you don't need to add anything. Thank you.
2025-01-12 Sunday 14:24:27 _client.py : INFO  HTTP Request: POST https://api.chatanywhere.tech/chat/completions "HTTP/1.1 200 OK"
2025-01-12 Sunday 14:24:35 ceaug_main.py : INFO  Based on the analysis, the primary issues leading to the test failures and errors are related to problems in the project's code, specifically in session management and routing. The test cases seem to be properly structured to test the functionality, but due to the application's failure to handle user login and redirect correctly, the tests are unable to execute as intended.

Therefore, the issues can be attributed to errors in the project's code.

[CODE]
2025-01-12 Sunday 14:24:44 _client.py : INFO  HTTP Request: POST https://api.chatanywhere.tech/chat/completions "HTTP/1.1 200 OK"
2025-01-12 Sunday 14:24:44 ceaug_main.py : INFO  ## 1. Summarize Test Pass Cases

### Passed Test Cases
- **`test_navigate_to_registration_page`** (ok)
  - **Project Code Associated:**
    ```python
    @app.route('/register', methods=['GET', 'POST'])
    def register():
        if request.method == 'POST':
            username = request.form['username']
            password = request.form['password']
            user = User(username, password)  # Create new User instance
            user.save()                      # Save user to file
            return redirect(url_for('login'))  # Redirect to login
        return render_template('register.html')  # Render registration page
    ```

  - **Pseudocode:**
    ```
    FUNCTION register()
        IF request_method IS POST THEN
            SET username = request.form['username']
            SET password = request.form['password']
            CREATE user instance with username and password
            CALL save() on user instance to write data to file
            REDIRECT to login page
        ENDIF
        RENDER registration HTML template
    END FUNCTION
    ```

- **`test_user_registration`** (ok)
  - **Project Code Associated:**
    ```python
    @app.route('/register', methods=['GET', 'POST'])
    def register():
        if request.method == 'POST':
            username = request.form['username']
            password = request.form['password']
            user = User(username, password)
            user.save()
            return redirect(url_for('login'))
        return render_template('register.html')
    ```

  - **Pseudocode:**
    ```
    FUNCTION register()
        IF request_method IS POST THEN
            GET username from form data
            GET password from form data
            CREATE user instance with username and password
            CALL save() on user instance
            REDIRECT to login page
        ENDIF
        RENDER registration template
    END FUNCTION
    ```

---

## 2. Summarize Test Failed or Error Cases

### Failed or Error Test Cases

- **`test_user_login`**
  - **Error:** AssertionError: 'Home' not found in '404 Not Found'
  - **Analysis:** The test fails as the application returns a 404 error instead of redirecting to the Home page after a successful login.

- **`test_view_home_page_after_login`**
  - **Error:** AssertionError: 'Home' not found in '404 Not Found'
  - **Analysis:** Similar to the previous test, the application fails to properly redirect to the Home page, resulting in a 404 error.

- **`test_comment_on_thread`**
  - **Error:** NoSuchElementException: Unable to locate element: {"method":"link text","selector":"Forum"}
  - **Analysis:** Selenium fails to locate the Forum link because the previous application state resulted in a 404, preventing the access to needed elements.

- **`test_create_new_thread`**
  - **Error:** NoSuchElementException: Unable to locate element: {"method":"link text","selector":"Forum"}
  - **Analysis:** Unable to navigate to the Forum page due to issues stemming from login failures, indicating navigation is broken.

- **`test_navigate_to_forum_page`**
  - **Error:** NoSuchElementException: Unable to locate element: {"method":"link text","selector":"Forum"}
  - **Analysis:** The Forum link is inaccessible likely due to the failed session or routing after login.

- **`test_post_advice`**
  - **Error:** NoSuchElementException: Unable to locate element: {"method":"link text","selector":"Post Advice"}
  - **Analysis:** Unable to locate the Post Advice link because previous steps fail to correctly render the HTML page.

- **`test_view_specific_thread`**
  - **Error:** NoSuchElementException: Unable to locate element: {"method":"link text","selector":"Forum"}
  - **Analysis:** The inability to find the Forum link indicates that navigation is broken due to prior issues arising from user session handling.

### Guidance for Better Project Code
1. **Implement Robust Session Management:**
   - Ensure that session variables are consistently managed and validated throughout the application to maintain user state and prevent unauthorized unauthorized access to resources.

2. **Enhance Routing Logic:**
   - Thoroughly define and handle all routes to ensure correct redirects upon successful logins and actions. Validate the application flow to guarantee users are properly directed after each interaction.

3. **Perform Thorough Error Handling:**
   - Implement error handling for each route that checks whether necessary conditions are met before proceeding (e.g., checking if a user is logged in before accessing restricted pages).

4. **Automate HTML Element Verification:**
   - Add checks to validate that critical HTML elements are present before navigation and interaction, reducing the likelihood of encountering issues during runtime.

5. **Design with User Flows in Mind:**
   - When developing features, always consider the user journey through the application to ensure that transitions between pages and actions are seamless and well-defined.
2025-01-12 Sunday 14:24:44 ceaug_main.py : INFO  final selected:
## 1. Summarize Test Pass Cases

### Passed Test Cases
- **`test_navigate_to_registration_page`** (ok)
  - **Project Code Associated:**
    ```python
    @app.route('/register', methods=['GET', 'POST'])
    def register():
        if request.method == 'POST':
            username = request.form['username']
            password = request.form['password']
            user = User(username, password)  # Create new User instance
            user.save()                      # Save user to file
            return redirect(url_for('login'))  # Redirect to login
        return render_template('register.html')  # Render registration page
    ```

  - **Pseudocode:**
    ```
    FUNCTION register()
        IF request_method IS POST THEN
            SET username = request.form['username']
            SET password = request.form['password']
            CREATE user instance with username and password
            CALL save() on user instance to write data to file
            REDIRECT to login page
        ENDIF
        RENDER registration HTML template
    END FUNCTION
    ```

- **`test_user_registration`** (ok)
  - **Project Code Associated:**
    ```python
    @app.route('/register', methods=['GET', 'POST'])
    def register():
        if request.method == 'POST':
            username = request.form['username']
            password = request.form['password']
            user = User(username, password)
            user.save()
            return redirect(url_for('login'))
        return render_template('register.html')
    ```

  - **Pseudocode:**
    ```
    FUNCTION register()
        IF request_method IS POST THEN
            GET username from form data
            GET password from form data
            CREATE user instance with username and password
            CALL save() on user instance
            REDIRECT to login page
        ENDIF
        RENDER registration template
    END FUNCTION
    ```

---

## 2. Summarize Test Failed or Error Cases

### Failed or Error Test Cases

- **`test_user_login`**
  - **Error:** AssertionError: 'Home' not found in '404 Not Found'
  - **Analysis:** The test fails as the application returns a 404 error instead of redirecting to the Home page after a successful login.

- **`test_view_home_page_after_login`**
  - **Error:** AssertionError: 'Home' not found in '404 Not Found'
  - **Analysis:** Similar to the previous test, the application fails to properly redirect to the Home page, resulting in a 404 error.

- **`test_comment_on_thread`**
  - **Error:** NoSuchElementException: Unable to locate element: {"method":"link text","selector":"Forum"}
  - **Analysis:** Selenium fails to locate the Forum link because the previous application state resulted in a 404, preventing the access to needed elements.

- **`test_create_new_thread`**
  - **Error:** NoSuchElementException: Unable to locate element: {"method":"link text","selector":"Forum"}
  - **Analysis:** Unable to navigate to the Forum page due to issues stemming from login failures, indicating navigation is broken.

- **`test_navigate_to_forum_page`**
  - **Error:** NoSuchElementException: Unable to locate element: {"method":"link text","selector":"Forum"}
  - **Analysis:** The Forum link is inaccessible likely due to the failed session or routing after login.

- **`test_post_advice`**
  - **Error:** NoSuchElementException: Unable to locate element: {"method":"link text","selector":"Post Advice"}
  - **Analysis:** Unable to locate the Post Advice link because previous steps fail to correctly render the HTML page.

- **`test_view_specific_thread`**
  - **Error:** NoSuchElementException: Unable to locate element: {"method":"link text","selector":"Forum"}
  - **Analysis:** The inability to find the Forum link indicates that navigation is broken due to prior issues arising from user session handling.

### Guidance for Better Project Code
1. **Implement Robust Session Management:**
   - Ensure that session variables are consistently managed and validated throughout the application to maintain user state and prevent unauthorized unauthorized access to resources.

2. **Enhance Routing Logic:**
   - Thoroughly define and handle all routes to ensure correct redirects upon successful logins and actions. Validate the application flow to guarantee users are properly directed after each interaction.

3. **Perform Thorough Error Handling:**
   - Implement error handling for each route that checks whether necessary conditions are met before proceeding (e.g., checking if a user is logged in before accessing restricted pages).

4. **Automate HTML Element Verification:**
   - Add checks to validate that critical HTML elements are present before navigation and interaction, reducing the likelihood of encountering issues during runtime.

5. **Design with User Flows in Mind:**
   - When developing features, always consider the user journey through the application to ensure that transitions between pages and actions are seamless and well-defined.
2025-01-12 Sunday 14:24:44 code_tester.py : INFO  
You are a professional engineer; the main goal is to write google-style, elegant, modular, easy to read and maintain code.
Output format carefully referenced "Format example".
In addition to writing code, you may also need to complete the data files in the task list (such as .txt .json .csv files). If the task list requires the implementation of data files, you need to simply design some data that meets the requirements for your completed software to facilitate the startup and testing of the software as a demo.


# Context
CODE:
*** main.py
```python
from flask import Flask, render_template, request, redirect, url_for, session
import os

app = Flask(__name__)
app.secret_key = 'your_secret_key'

# User class to handle user-related operations
class User:
    def __init__(self, username, password):
        self.username = username
        self.password = password

    def save(self):
        with open('users.txt', 'a') as file:
            file.write(f'{self.username}|{self.password}\n')

# Thread class to represent forum threads
class Thread:
    def __init__(self, title, content, username):
        self.title = title
        self.content = content
        self.username = username

    def save(self):
        with open('threads.txt', 'a') as file:
            file.write(f'{self.title}|{self.content}|{self.username}\n')

# Comment class to represent comments on threads
class Comment:
    def __init__(self, thread_id, comment, username):
        self.thread_id = thread_id
        self.comment = comment
        self.username = username

    def save(self):
        with open('comments.txt', 'a') as file:
            file.write(f'{self.thread_id}|{self.comment}|{self.username}\n')

# Advice class to represent advice posts
class Advice:
    def __init__(self, title, content, username):
        self.title = title
        self.content = content
        self.username = username

    def save(self):
        with open('advice.txt', 'a') as file:
            file.write(f'{self.title}|{self.content}|{self.username}\n')

# ContactInquiry class to represent contact inquiries
class ContactInquiry:
    def __init__(self, name, email, message):
        self.name = name
        self.email = email
        self.message = message

    def save(self):
        with open('contact_inquiries.txt', 'a') as file:
            file.write(f'{self.name}|{self.email}|{self.message}\n')

# Load data from text files
def load_users():
    users = {}
    if os.path.exists('users.txt'):
        with open('users.txt', 'r') as file:
            for line in file:
                username, password = line.strip().split('|')
                users[username] = password
    return users

def load_threads():
    threads = []
    if os.path.exists('threads.txt'):
        with open('threads.txt', 'r') as file:
            for line in file:
                title, content, username = line.strip().split('|')
                threads.append(Thread(title, content, username))
    return threads

def load_comments():
    comments = []
    if os.path.exists('comments.txt'):
        with open('comments.txt', 'r') as file:
            for line in file:
                thread_id, comment, username = line.strip().split('|')
                comments.append(Comment(int(thread_id), comment, username))
    return comments

def load_advice():
    advice_list = []
    if os.path.exists('advice.txt'):
        with open('advice.txt', 'r') as file:
            for line in file:
                title, content, username = line.strip().split('|')
                advice_list.append(Advice(title, content, username))
    return advice_list

def load_contact_inquiries():
    inquiries = []
    if os.path.exists('contact_inquiries.txt'):
        with open('contact_inquiries.txt', 'r') as file:
            for line in file:
                name, email, message = line.strip().split('|')
                inquiries.append(ContactInquiry(name, email, message))
    return inquiries

@app.route('/')
def login():
    return render_template('login.html')

@app.route('/register', methods=['GET', 'POST'])
def register():
    if request.method == 'POST':
        username = request.form['username']
        password = request.form['password']
        user = User(username, password)
        user.save()
        return redirect(url_for('login'))
    return render_template('register.html')

@app.route('/home')
def home():
    return render_template('home.html')

@app.route('/forum')
def forum():
    threads = load_threads()
    return render_template('forum.html', threads=threads)

@app.route('/view_thread/<int:thread_id>')
def view_thread(thread_id):
    threads = load_threads()
    comments = load_comments()
    if thread_id < len(threads):
        thread = threads[thread_id]
        thread_comments = [c for c in comments if c.thread_id == thread_id]
        return render_template('view_thread.html', thread=thread, comments=thread_comments)
    return redirect(url_for('forum'))

@app.route('/post_advice', methods=['GET', 'POST'])
def post_advice():
    if request.method == 'POST':
        title = request.form['title']
        content = request.form['content']
        username = session.get('username')  # Assuming user is logged in
        advice = Advice(title, content, username)
        advice.save()
        return redirect(url_for('home'))
    return render_template('post_advice.html')

@app.route('/my_account')
def my_account():
    return render_template('my_account.html')

@app.route('/contact_us', methods=['GET', 'POST'])
def contact_us():
    if request.method == 'POST':
        name = request.form['name']
        email = request.form['email']
        message = request.form['message']
        inquiry = ContactInquiry(name, email, message)
        inquiry.save()
        return redirect(url_for('home'))
    return render_template('contact_us.html')

if __name__ == '__main__':
    app.run(debug=True)
```

*** templates/login.html
```html
<!DOCTYPE html>
<html lang="en">
<head>
    <meta charset="UTF-8">
    <meta name="viewport" content="width=device-width, initial-scale=1.0">
    <title>Login</title>
</head>
<body>
    <h1>Login</h1>
    <form method="POST" action="/login">
        <label for="username">Username:</label>
        <input type="text" id="username" name="username" required>
        <label for="password">Password:</label>
        <input type="password" id="password" name="password" required>
        <button type="submit">Login</button>
    </form>
    <a href="/register">Register</a>
</body>
</html>
```

*** templates/register.html
```html
<!DOCTYPE html>
<html lang="en">
<head>
    <meta charset="UTF-8">
    <meta name="viewport" content="width=device-width, initial-scale=1.0">
    <title>Register</title>
</head>
<body>
    <h1>Register</h1>
    <form method="POST" action="/register">
        <label for="username">Username:</label>
        <input type="text" id="username" name="username" required>
        <label for="password">Password:</label>
        <input type="password" id="password" name="password" required>
        <button type="submit">Register</button>
    </form>
    <a href="/">Login</a>
</body>
</html>
```

*** templates/home.html
```html
<!DOCTYPE html>
<html lang="en">
<head>
    <meta charset="UTF-8">
    <meta name="viewport" content="width=device-width, initial-scale=1.0">
    <title>Home</title>
</head>
<body>
    <h1>Welcome to Parenting Advice Forum</h1>
    <nav>
        <a href="/forum">Forum</a>
        <a href="/post_advice">Post Advice</a>
        <a href="/my_account">My Account</a>
        <a href="/contact_us">Contact Us</a>
    </nav>
</body>
</html>
```

*** templates/forum.html
```html
<!DOCTYPE html>
<html lang="en">
<head>
    <meta charset="UTF-8">
    <meta name="viewport" content="width=device-width, initial-scale=1.0">
    <title>Forum</title>
</head>
<body>
    <h1>Discussion Threads</h1>
    <ul>
        {% for thread in threads %}
            <li><a href="{{ url_for('view_thread', thread_id=loop.index0) }}">{{ thread.title }}</a></li>
        {% endfor %}
    </ul>
    <form method="POST" action="/create_thread">
        <h2>Create New Thread</h2>
        <label for="title">Title:</label>
        <input type="text" id="title" name="title" required>
        <label for="content">Content:</label>
        <textarea id="content" name="content" required></textarea>
        <button type="submit">Create</button>
    </form>
</body>
</html>
```

*** templates/view_thread.html
```html
<!DOCTYPE html>
<html lang="en">
<head>
    <meta charset="UTF-8">
    <meta name="viewport" content="width=device-width, initial-scale=1.0">
    <title>{{ thread.title }}</title>
</head>
<body>
    <h1>{{ thread.title }}</h1>
    <p>{{ thread.content }}</p>
    <h2>Comments</h2>
    <ul>
        {% for comment in comments %}
            <li>{{ comment.comment }} - {{ comment.username }}</li>
        {% endfor %}
    </ul>
    <form method="POST" action="/add_comment">
        <label for="comment">Add Comment:</label>
        <textarea id="comment" name="comment" required></textarea>
        <button type="submit">Submit</button>
    </form>
</body>
</html>
```

*** templates/post_advice.html
```html
<!DOCTYPE html>
<html lang="en">
<head>
    <meta charset="UTF-8">
    <meta name="viewport" content="width=device-width, initial-scale=1.0">
    <title>Post Advice</title>
</head>
<body>
    <h1>Post Advice</h1>
    <form method="POST" action="/post_advice">
        <label for="title">Title:</label>
        <input type="text" id="title" name="title" required>
        <label for="content">Content:</label>
        <textarea id="content" name="content" required></textarea>
        <button type="submit">Post</button>
    </form>
</body>
</html>
```

*** templates/my_account.html
```html
<!DOCTYPE html>
<html lang="en">
<head>
    <meta charset="UTF-8">
    <meta name="viewport" content="width=device-width, initial-scale=1.0">
    <title>My Account</title>
</head>
<body>
    <h1>My Account</h1>
    <p>Username: {{ session.username }}</p>
    <a href="/delete_account">Delete Account</a>
</body>
</html>
```

*** templates/contact_us.html
```html
<!DOCTYPE html>
<html lang="en">
<head>
    <meta charset="UTF-8">
    <meta name="viewport" content="width=device-width, initial-scale=1.0">
    <title>Contact Us</title>
</head>
<body>
    <h1>Contact Us</h1>
    <form method="POST" action="/contact_us">
        <label for="name">Name:</label>
        <input type="text" id="name" name="name" required>
        <label for="email">Email:</label>
        <input type="email" id="email" name="email" required>
        <label for="message">Message:</label>
        <textarea id="message" name="message" required></textarea>
        <button type="submit">Send</button>
    </form>
</body>
</html>
```

*** users.txt
```txt
admin|admin123
user1|user123
```

*** threads.txt
```txt
Parenting Tips|Here are some tips for new parents.|admin
Dealing with Toddler Tantrums|How to manage tantrums effectively.|user1
```

*** comments.txt
```txt
0|Great tips!|user1
1|This is really helpful, thanks!|admin
```

*** advice.txt
```txt
Breastfeeding Tips|Breastfeeding can be challenging, but it's important for your baby's health.|admin
Sleep Training|Establishing a sleep routine can help your baby sleep better.|user1
```

*** contact_inquiries.txt
```txt
John Doe|john@example.com|I need help with parenting advice.
Jane Smith|jane@example.com|What are the best practices for potty training?
```

UNIT TEST FEEDBACK:
## 1. Summarize Test Pass Cases

### Passed Test Cases
- **`test_navigate_to_registration_page`** (ok)
  - **Project Code Associated:**
    ```python
    @app.route('/register', methods=['GET', 'POST'])
    def register():
        if request.method == 'POST':
            username = request.form['username']
            password = request.form['password']
            user = User(username, password)  # Create new User instance
            user.save()                      # Save user to file
            return redirect(url_for('login'))  # Redirect to login
        return render_template('register.html')  # Render registration page
    ```

  - **Pseudocode:**
    ```
    FUNCTION register()
        IF request_method IS POST THEN
            SET username = request.form['username']
            SET password = request.form['password']
            CREATE user instance with username and password
            CALL save() on user instance to write data to file
            REDIRECT to login page
        ENDIF
        RENDER registration HTML template
    END FUNCTION
    ```

- **`test_user_registration`** (ok)
  - **Project Code Associated:**
    ```python
    @app.route('/register', methods=['GET', 'POST'])
    def register():
        if request.method == 'POST':
            username = request.form['username']
            password = request.form['password']
            user = User(username, password)
            user.save()
            return redirect(url_for('login'))
        return render_template('register.html')
    ```

  - **Pseudocode:**
    ```
    FUNCTION register()
        IF request_method IS POST THEN
            GET username from form data
            GET password from form data
            CREATE user instance with username and password
            CALL save() on user instance
            REDIRECT to login page
        ENDIF
        RENDER registration template
    END FUNCTION
    ```

---

## 2. Summarize Test Failed or Error Cases

### Failed or Error Test Cases

- **`test_user_login`**
  - **Error:** AssertionError: 'Home' not found in '404 Not Found'
  - **Analysis:** The test fails as the application returns a 404 error instead of redirecting to the Home page after a successful login.

- **`test_view_home_page_after_login`**
  - **Error:** AssertionError: 'Home' not found in '404 Not Found'
  - **Analysis:** Similar to the previous test, the application fails to properly redirect to the Home page, resulting in a 404 error.

- **`test_comment_on_thread`**
  - **Error:** NoSuchElementException: Unable to locate element: {"method":"link text","selector":"Forum"}
  - **Analysis:** Selenium fails to locate the Forum link because the previous application state resulted in a 404, preventing the access to needed elements.

- **`test_create_new_thread`**
  - **Error:** NoSuchElementException: Unable to locate element: {"method":"link text","selector":"Forum"}
  - **Analysis:** Unable to navigate to the Forum page due to issues stemming from login failures, indicating navigation is broken.

- **`test_navigate_to_forum_page`**
  - **Error:** NoSuchElementException: Unable to locate element: {"method":"link text","selector":"Forum"}
  - **Analysis:** The Forum link is inaccessible likely due to the failed session or routing after login.

- **`test_post_advice`**
  - **Error:** NoSuchElementException: Unable to locate element: {"method":"link text","selector":"Post Advice"}
  - **Analysis:** Unable to locate the Post Advice link because previous steps fail to correctly render the HTML page.

- **`test_view_specific_thread`**
  - **Error:** NoSuchElementException: Unable to locate element: {"method":"link text","selector":"Forum"}
  - **Analysis:** The inability to find the Forum link indicates that navigation is broken due to prior issues arising from user session handling.

### Guidance for Better Project Code
1. **Implement Robust Session Management:**
   - Ensure that session variables are consistently managed and validated throughout the application to maintain user state and prevent unauthorized unauthorized access to resources.

2. **Enhance Routing Logic:**
   - Thoroughly define and handle all routes to ensure correct redirects upon successful logins and actions. Validate the application flow to guarantee users are properly directed after each interaction.

3. **Perform Thorough Error Handling:**
   - Implement error handling for each route that checks whether necessary conditions are met before proceeding (e.g., checking if a user is logged in before accessing restricted pages).

4. **Automate HTML Element Verification:**
   - Add checks to validate that critical HTML elements are present before navigation and interaction, reducing the likelihood of encountering issues during runtime.

5. **Design with User Flows in Mind:**
   - When developing features, always consider the user journey through the application to ensure that transitions between pages and actions are seamless and well-defined.
-----
# Format Example 
*** main.py
```python
...
```

*** ui.py
```python
...
```
-----
# Instruction: Based on the CODE and UNIT TEST FEEDBACK:, follow "Format example", fix code.

# ATTENTION
1. Use '***' to SPLIT different CODE SECTIONS. do not forget ``` in each file, refer the the example. Output format carefully referenced "Format example".
3. CAREFULLY CHECK THAT YOU DONT MISS ANY NECESSARY CLASS/FUNCTION IN THE FILE.
4. You must import the third-party libraries used in your code

6. Determine the order of writing the files based on your understanding of the project.
7. Write out EVERY CODE DETAIL, DON'T LEAVE TODO,PASS,PLACEHOLDER.
8. Only write code result, do not output any other content in the start or in the end.
9. If you need to generate text data, follow the rules outlined in "<When Storing Data>" below.
 <When storing data>:
Different groups of data are distinguished by line breaks.
Different contents of the same group of data are distinguished by |.
Within any single content that contains multiple sub-entries, those sub-entries are separated by commas ,.
Example:
admin1|pass123|entry1,entry2,entry3  
admin2|pass123|entry1
Make sure:
The | character is used only to separate distinct contents within a group.
Commas , are used exclusively to separate multiple sub-entries within a single content.

# Website Development Rule
If you are doing website development, be sure to route the root path (/). If there is a login page, set the login page as the root route(/).
If you are doing website development, please do not encrypt the account password for the login function.
If you are doing website development, your code needs to take into account the process of loading data from the data file, so don't forget to load the data.
If you are doing Website Development, do not follow the rules of Website and Game development.

# important rule
Use '***' to SPLIT CODE SECTIONS. do not forget ``` in each file, refer the the example. Output format carefully referenced "Format example". 
Adhere strictly to the task requirements and implement them fully; do not include placeholders or "example" for code that is intended for future implementation.

2025-01-12 Sunday 14:24:44 model.py : INFO  self.model.temperature-----------------0.45-------------------------------
2025-01-12 Sunday 14:25:05 _client.py : INFO  HTTP Request: POST https://api.chatanywhere.tech/chat/completions "HTTP/1.1 200 OK"
2025-01-12 Sunday 14:25:05 model.py : INFO  following invoke cost: 7134 | all cost: 22780
2025-01-12 Sunday 14:25:05 code_tester.py : INFO  Tester | Fixed code based on the test :
*** main.py
```python
from flask import Flask, render_template, request, redirect, url_for, session
import os

app = Flask(__name__)
app.secret_key = 'your_secret_key'

# User class to handle user-related operations
class User:
    def __init__(self, username, password):
        self.username = username
        self.password = password

    def save(self):
        with open('users.txt', 'a') as file:
            file.write(f'{self.username}|{self.password}\n')

# Thread class to represent forum threads
class Thread:
    def __init__(self, title, content, username):
        self.title = title
        self.content = content
        self.username = username

    def save(self):
        with open('threads.txt', 'a') as file:
            file.write(f'{self.title}|{self.content}|{self.username}\n')

# Comment class to represent comments on threads
class Comment:
    def __init__(self, thread_id, comment, username):
        self.thread_id = thread_id
        self.comment = comment
        self.username = username

    def save(self):
        with open('comments.txt', 'a') as file:
            file.write(f'{self.thread_id}|{self.comment}|{self.username}\n')

# Advice class to represent advice posts
class Advice:
    def __init__(self, title, content, username):
        self.title = title
        self.content = content
        self.username = username

    def save(self):
        with open('advice.txt', 'a') as file:
            file.write(f'{self.title}|{self.content}|{self.username}\n')

# ContactInquiry class to represent contact inquiries
class ContactInquiry:
    def __init__(self, name, email, message):
        self.name = name
        self.email = email
        self.message = message

    def save(self):
        with open('contact_inquiries.txt', 'a') as file:
            file.write(f'{self.name}|{self.email}|{self.message}\n')

# Load data from text files
def load_users():
    users = {}
    if os.path.exists('users.txt'):
        with open('users.txt', 'r') as file:
            for line in file:
                username, password = line.strip().split('|')
                users[username] = password
    return users

def load_threads():
    threads = []
    if os.path.exists('threads.txt'):
        with open('threads.txt', 'r') as file:
            for line in file:
                title, content, username = line.strip().split('|')
                threads.append(Thread(title, content, username))
    return threads

def load_comments():
    comments = []
    if os.path.exists('comments.txt'):
        with open('comments.txt', 'r') as file:
            for line in file:
                thread_id, comment, username = line.strip().split('|')
                comments.append(Comment(int(thread_id), comment, username))
    return comments

def load_advice():
    advice_list = []
    if os.path.exists('advice.txt'):
        with open('advice.txt', 'r') as file:
            for line in file:
                title, content, username = line.strip().split('|')
                advice_list.append(Advice(title, content, username))
    return advice_list

def load_contact_inquiries():
    inquiries = []
    if os.path.exists('contact_inquiries.txt'):
        with open('contact_inquiries.txt', 'r') as file:
            for line in file:
                name, email, message = line.strip().split('|')
                inquiries.append(ContactInquiry(name, email, message))
    return inquiries

@app.route('/')
def login():
    return render_template('login.html')

@app.route('/register', methods=['GET', 'POST'])
def register():
    if request.method == 'POST':
        username = request.form['username']
        password = request.form['password']
        user = User(username, password)
        user.save()
        return redirect(url_for('login'))
    return render_template('register.html')

@app.route('/home')
def home():
    if 'username' in session:
        return render_template('home.html')
    return redirect(url_for('login'))

@app.route('/forum')
def forum():
    threads = load_threads()
    return render_template('forum.html', threads=threads)

@app.route('/view_thread/<int:thread_id>')
def view_thread(thread_id):
    threads = load_threads()
    comments = load_comments()
    if thread_id < len(threads):
        thread = threads[thread_id]
        thread_comments = [c for c in comments if c.thread_id == thread_id]
        return render_template('view_thread.html', thread=thread, comments=thread_comments)
    return redirect(url_for('forum'))

@app.route('/post_advice', methods=['GET', 'POST'])
def post_advice():
    if request.method == 'POST':
        title = request.form['title']
        content = request.form['content']
        username = session.get('username')  # Assuming user is logged in
        advice = Advice(title, content, username)
        advice.save()
        return redirect(url_for('home'))
    return render_template('post_advice.html')

@app.route('/my_account')
def my_account():
    if 'username' in session:
        return render_template('my_account.html')
    return redirect(url_for('login'))

@app.route('/contact_us', methods=['GET', 'POST'])
def contact_us():
    if request.method == 'POST':
        name = request.form['name']
        email = request.form['email']
        message = request.form['message']
        inquiry = ContactInquiry(name, email, message)
        inquiry.save()
        return redirect(url_for('home'))
    return render_template('contact_us.html')

if __name__ == '__main__':
    app.run(debug=True)
```

*** templates/login.html
```html
<!DOCTYPE html>
<html lang="en">
<head>
    <meta charset="UTF-8">
    <meta name="viewport" content="width=device-width, initial-scale=1.0">
    <title>Login</title>
</head>
<body>
    <h1>Login</h1>
    <form method="POST" action="/login">
        <label for="username">Username:</label>
        <input type="text" id="username" name="username" required>
        <label for="password">Password:</label>
        <input type="password" id="password" name="password" required>
        <button type="submit">Login</button>
    </form>
    <a href="/register">Register</a>
</body>
</html>
```

*** templates/register.html
```html
<!DOCTYPE html>
<html lang="en">
<head>
    <meta charset="UTF-8">
    <meta name="viewport" content="width=device-width, initial-scale=1.0">
    <title>Register</title>
</head>
<body>
    <h1>Register</h1>
    <form method="POST" action="/register">
        <label for="username">Username:</label>
        <input type="text" id="username" name="username" required>
        <label for="password">Password:</label>
        <input type="password" id="password" name="password" required>
        <button type="submit">Register</button>
    </form>
    <a href="/">Login</a>
</body>
</html>
```

*** templates/home.html
```html
<!DOCTYPE html>
<html lang="en">
<head>
    <meta charset="UTF-8">
    <meta name="viewport" content="width=device-width, initial-scale=1.0">
    <title>Home</title>
</head>
<body>
    <h1>Welcome to Parenting Advice Forum</h1>
    <nav>
        <a href="/forum">Forum</a>
        <a href="/post_advice">Post Advice</a>
        <a href="/my_account">My Account</a>
        <a href="/contact_us">Contact Us</a>
    </nav>
</body>
</html>
```

*** templates/forum.html
```html
<!DOCTYPE html>
<html lang="en">
<head>
    <meta charset="UTF-8">
    <meta name="viewport" content="width=device-width, initial-scale=1.0">
    <title>Forum</title>
</head>
<body>
    <h1>Discussion Threads</h1>
    <ul>
        {% for thread in threads %}
            <li><a href="{{ url_for('view_thread', thread_id=loop.index0) }}">{{ thread.title }}</a></li>
        {% endfor %}
    </ul>
    <form method="POST" action="/create_thread">
        <h2>Create New Thread</h2>
        <label for="title">Title:</label>
        <input type="text" id="title" name="title" required>
        <label for="content">Content:</label>
        <textarea id="content" name="content" required></textarea>
        <button type="submit">Create</button>
    </form>
</body>
</html>
```

*** templates/view_thread.html
```html
<!DOCTYPE html>
<html lang="en">
<head>
    <meta charset="UTF-8">
    <meta name="viewport" content="width=device-width, initial-scale=1.0">
    <title>{{ thread.title }}</title>
</head>
<body>
    <h1>{{ thread.title }}</h1>
    <p>{{ thread.content }}</p>
    <h2>Comments</h2>
    <ul>
        {% for comment in comments %}
            <li>{{ comment.comment }} - {{ comment.username }}</li>
        {% endfor %}
    </ul>
    <form method="POST" action="/add_comment">
        <label for="comment">Add Comment:</label>
        <textarea id="comment" name="comment" required></textarea>
        <button type="submit">Submit</button>
    </form>
</body>
</html>
```

*** templates/post_advice.html
```html
<!DOCTYPE html>
<html lang="en">
<head>
    <meta charset="UTF-8">
    <meta name="viewport" content="width=device-width, initial-scale=1.0">
    <title>Post Advice</title>
</head>
<body>
    <h1>Post Advice</h1>
    <form method="POST" action="/post_advice">
        <label for="title">Title:</label>
        <input type="text" id="title" name="title" required>
        <label for="content">Content:</label>
        <textarea id="content" name="content" required></textarea>
        <button type="submit">Post</button>
    </form>
</body>
</html>
```

*** templates/my_account.html
```html
<!DOCTYPE html>
<html lang="en">
<head>
    <meta charset="UTF-8">
    <meta name="viewport" content="width=device-width, initial-scale=1.0">
    <title>My Account</title>
</head>
<body>
    <h1>My Account</h1>
    <p>Username: {{ session.username }}</p>
    <a href="/delete_account">Delete Account</a>
</body>
</html>
```

*** templates/contact_us.html
```html
<!DOCTYPE html>
<html lang="en">
<head>
    <meta charset="UTF-8">
    <meta name="viewport" content="width=device-width, initial-scale=1.0">
    <title>Contact Us</title>
</head>
<body>
    <h1>Contact Us</h1>
    <form method="POST" action="/contact_us">
        <label for="name">Name:</label>
        <input type="text" id="name" name="name" required>
        <label for="email">Email:</label>
        <input type="email" id="email" name="email" required>
        <label for="message">Message:</label>
        <textarea id="message" name="message" required></textarea>
        <button type="submit">Send</button>
    </form>
</body>
</html>
```

*** users.txt
```txt
admin|admin123
user1|user123
```

*** threads.txt
```txt
Parenting Tips|Here are some tips for new parents.|admin
Dealing with Toddler Tantrums|How to manage tantrums effectively.|user1
```

*** comments.txt
```txt
0|Great tips!|user1
1|This is really helpful, thanks!|admin
```

*** advice.txt
```txt
Breastfeeding Tips|Breastfeeding can be challenging, but it's important for your baby's health.|admin
Sleep Training|Establishing a sleep routine can help your baby sleep better.|user1
```

*** contact_inquiries.txt
```txt
John Doe|john@example.com|I need help with parenting advice.
Jane Smith|jane@example.com|What are the best practices for potty training?
```
2025-01-12 Sunday 14:25:05 programmer.py : INFO  **[Update Codes]**

main.py updated.


```
'''

'''
--- Old
+++ New
@@ -120,7 +120,9 @@
 
 @app.route('/home')
 def home():
-    return render_template('home.html')
+    if 'username' in session:
+        return render_template('home.html')
+    return redirect(url_for('login'))
 
 @app.route('/forum')
 def forum():
@@ -150,7 +152,9 @@
 
 @app.route('/my_account')
 def my_account():
-    return render_template('my_account.html')
+    if 'username' in session:
+        return render_template('my_account.html')
+    return redirect(url_for('login'))
 
 @app.route('/contact_us', methods=['GET', 'POST'])
 def contact_us():
```
2025-01-12 Sunday 14:25:05 programmer.py : INFO  **[Update Codes]**

templates/login.html updated.


```
'''

'''

```
2025-01-12 Sunday 14:25:05 programmer.py : INFO  **[Update Codes]**

templates/register.html updated.


```
'''

'''

```
2025-01-12 Sunday 14:25:05 programmer.py : INFO  **[Update Codes]**

templates/home.html updated.


```
'''

'''

```
2025-01-12 Sunday 14:25:05 programmer.py : INFO  **[Update Codes]**

templates/forum.html updated.


```
'''

'''

```
2025-01-12 Sunday 14:25:05 programmer.py : INFO  **[Update Codes]**

templates/view_thread.html updated.


```
'''

'''

```
2025-01-12 Sunday 14:25:05 programmer.py : INFO  **[Update Codes]**

templates/post_advice.html updated.


```
'''

'''

```
2025-01-12 Sunday 14:25:05 programmer.py : INFO  **[Update Codes]**

templates/my_account.html updated.


```
'''

'''

```
2025-01-12 Sunday 14:25:05 programmer.py : INFO  **[Update Codes]**

templates/contact_us.html updated.


```
'''

'''

```
2025-01-12 Sunday 14:25:05 programmer.py : INFO  **[Update Codes]**

users.txt updated.


```
'''

'''

```
2025-01-12 Sunday 14:25:05 programmer.py : INFO  **[Update Codes]**

threads.txt updated.


```
'''

'''

```
2025-01-12 Sunday 14:25:05 programmer.py : INFO  **[Update Codes]**

comments.txt updated.


```
'''

'''

```
2025-01-12 Sunday 14:25:05 programmer.py : INFO  **[Update Codes]**

advice.txt updated.


```
'''

'''

```
2025-01-12 Sunday 14:25:05 programmer.py : INFO  **[Update Codes]**

contact_inquiries.txt updated.


```
'''

'''

```
2025-01-12 Sunday 14:25:05 programmer.py : INFO  Programmer writting CODE: main.py
2025-01-12 Sunday 14:25:05 programmer.py : INFO  Programmer writting CODE: templates/login.html
2025-01-12 Sunday 14:25:05 programmer.py : INFO  Programmer writting CODE: templates/register.html
2025-01-12 Sunday 14:25:05 programmer.py : INFO  Programmer writting CODE: templates/home.html
2025-01-12 Sunday 14:25:05 programmer.py : INFO  Programmer writting CODE: templates/forum.html
2025-01-12 Sunday 14:25:05 programmer.py : INFO  Programmer writting CODE: templates/view_thread.html
2025-01-12 Sunday 14:25:05 programmer.py : INFO  Programmer writting CODE: templates/post_advice.html
2025-01-12 Sunday 14:25:05 programmer.py : INFO  Programmer writting CODE: templates/my_account.html
2025-01-12 Sunday 14:25:05 programmer.py : INFO  Programmer writting CODE: templates/contact_us.html
2025-01-12 Sunday 14:25:05 programmer.py : INFO  Programmer writting CODE: users.txt
2025-01-12 Sunday 14:25:05 programmer.py : INFO  Programmer writting CODE: threads.txt
2025-01-12 Sunday 14:25:05 programmer.py : INFO  Programmer writting CODE: comments.txt
2025-01-12 Sunday 14:25:05 programmer.py : INFO  Programmer writting CODE: advice.txt
2025-01-12 Sunday 14:25:05 programmer.py : INFO  Programmer writting CODE: contact_inquiries.txt
2025-01-12 Sunday 14:25:05 start_by_file.py : INFO  
-----------------
Team Name: SES midnigt wanderer
Team Roles: ['Product Manager', 'Architect', 'Project Manager']
Project Name: ParentingAdiviceForum
-----------------
ALL COST FOR PROJECT IS: 22780
-------------------
Execute time: 339.43 Seconds
-----------------
