2025-01-03 Friday 17:28:40 team.py : INFO  Setting Project Dir to D:/Project/CE/CE/project/website/RecipeHub_20250103172840/
2025-01-03 Friday 17:28:42 product_manager.py : INFO  Product Manager Pole Writing PRD...
2025-01-03 Friday 17:28:42 product_manager.py : INFO  
You are an excellent Software Requirements Analyst, and your task is to analyze an initial project description, 
generate the functional requirements section of the Software Requirements Specification (SRS) document (non-functional requirements are not required).
Aim to achieve functional requirements, only require to implement demo.
Note that general overview of the project just copy the content of system description.
Note that software functional requirements just follow the Core Features part of System description. Do not over think.


# Context
## system description
# Software Description

## Objective
The RecipeHub web application is designed to provide users with a platform to create, distribute, and manage their recipes through a user-friendly interface.

## Core Features

Users shall be able to log in by entering a username and password on the Login Page.
Users shall be able to navigate to the Registration Page from the Login Page by clicking the Register button.
Users shall be able to register by entering a username and password on the Registration Page.
Users shall be able to view a welcome message and navigate to the Recipe Submission, Recipe Browsing, and User Profile Pages from the Home Page.
Users shall be able to submit a new recipe by entering a title, ingredients, and instructions on the Recipe Submission Page.
Users shall be able to see a success or error message upon submitting a recipe on the Recipe Submission Page.
Users shall be able to search for recipes by entering keywords on the Recipe Browsing Page.
Users shall be able to view the details of a recipe from the recipe list on the Recipe Browsing Page.
Users shall be able to navigate back to the Home Page from the Recipe Browsing Page using the Back to Home button.
Users shall be able to view their profile and list of submitted recipes on the User Profile Page.
Users shall be able to delete their account from the User Profile Page and return to the Login Page.
Users shall be able to view the full details of a recipe, including ingredients and instructions, on the Recipe Details Page.
Users shall be able to navigate back to the Home Page from the Recipe Details Page using the Back to Home button.

## Language

Use html and python to develop a web application.
You should use html to generate the web template by yourself.
## Data Storage
Data will be stored in local text files.
Different types of data will be stored in separate `.txt` files.
You should define the text file by yourself in advance.
This structured data storage will facilitate easy data retrieval and management through simple file manipulations in Python, ensuring the application remains light and efficient without the need for a SQL database.

-----
# Format Example
[OUTPUT]
## general overview of the project
general overview of the project

## software functional requirements
...
...
...
[/OUTPUT]


## Instruction 
- general overview of the project: copy the system description here.
- software function requirements: based on the system description, output system's function requirements with details.

# Constraint
Format: output wrapped inside [OUTPUT][/OUTPUT] like format example, nothing else.

# Action
follow Instruction, Carefully ouput only functional requrirement based on the original system description
Aim to achieve functional requirements, only require to implement demo.
do not output ```plaintext or other ``` in the start and the end, output directly.

2025-01-03 Friday 17:28:46 _client.py : INFO  HTTP Request: POST https://api.chatanywhere.tech/chat/completions "HTTP/1.1 200 OK"
2025-01-03 Friday 17:28:46 model.py : INFO  following invoke cost: 1014 | all cost: 1014
2025-01-03 Friday 17:28:46 product_manager.py : INFO  Product Manager Pole
2025-01-03 Friday 17:28:46 product_manager.py : INFO  [OUTPUT]
## general overview of the project
The RecipeHub web application is designed to provide users with a platform to create, distribute, and manage their recipes through a user-friendly interface.

## software functional requirements
1. Users shall be able to log in by entering a username and password on the Login Page.
2. Users shall be able to navigate to the Registration Page from the Login Page by clicking the Register button.
3. Users shall be able to register by entering a username and password on the Registration Page.
4. Users shall be able to view a welcome message and navigate to the Recipe Submission, Recipe Browsing, and User Profile Pages from the Home Page.
5. Users shall be able to submit a new recipe by entering a title, ingredients, and instructions on the Recipe Submission Page.
6. Users shall be able to see a success or error message upon submitting a recipe on the Recipe Submission Page.
7. Users shall be able to search for recipes by entering keywords on the Recipe Browsing Page.
8. Users shall be able to view the details of a recipe from the recipe list on the Recipe Browsing Page.
9. Users shall be able to navigate back to the Home Page from the Recipe Browsing Page using the Back to Home button.
10. Users shall be able to view their profile and list of submitted recipes on the User Profile Page.
11. Users shall be able to delete their account from the User Profile Page and return to the Login Page.
12. Users shall be able to view the full details of a recipe, including ingredients and instructions, on the Recipe Details Page.
13. Users shall be able to navigate back to the Home Page from the Recipe Details Page using the Back to Home button.
[/OUTPUT]
2025-01-03 Friday 17:28:46 architect.py : INFO  Architect Arnold generate System Architect......
2025-01-03 Friday 17:28:46 architect.py : INFO  
You are a Architect, your goal is design a concise, usable, complete software system. the constraint is make sure the architecture is simple enough and use appropriate open source libraries.
Aim to achieve functional requirements, only require to implement demo.
If the original requirements have data storage requirements, you need to design a simple data storage method for the software. Do not use SQL datasets. Follow the data storage requirements in the software requirements(including data format, storage requirements, etc.).


## Context
original_requirement
# Software Description

## Objective
The RecipeHub web application is designed to provide users with a platform to create, distribute, and manage their recipes through a user-friendly interface.

## Core Features

Users shall be able to log in by entering a username and password on the Login Page.
Users shall be able to navigate to the Registration Page from the Login Page by clicking the Register button.
Users shall be able to register by entering a username and password on the Registration Page.
Users shall be able to view a welcome message and navigate to the Recipe Submission, Recipe Browsing, and User Profile Pages from the Home Page.
Users shall be able to submit a new recipe by entering a title, ingredients, and instructions on the Recipe Submission Page.
Users shall be able to see a success or error message upon submitting a recipe on the Recipe Submission Page.
Users shall be able to search for recipes by entering keywords on the Recipe Browsing Page.
Users shall be able to view the details of a recipe from the recipe list on the Recipe Browsing Page.
Users shall be able to navigate back to the Home Page from the Recipe Browsing Page using the Back to Home button.
Users shall be able to view their profile and list of submitted recipes on the User Profile Page.
Users shall be able to delete their account from the User Profile Page and return to the Login Page.
Users shall be able to view the full details of a recipe, including ingredients and instructions, on the Recipe Details Page.
Users shall be able to navigate back to the Home Page from the Recipe Details Page using the Back to Home button.

## Language

Use html and python to develop a web application.
You should use html to generate the web template by yourself.
## Data Storage
Data will be stored in local text files.
Different types of data will be stored in separate `.txt` files.
You should define the text file by yourself in advance.
This structured data storage will facilitate easy data retrieval and management through simple file manipulations in Python, ensuring the application remains light and efficient without the need for a SQL database.
functional requirements
[OUTPUT]
## general overview of the project
The RecipeHub web application is designed to provide users with a platform to create, distribute, and manage their recipes through a user-friendly interface.

## software functional requirements
1. Users shall be able to log in by entering a username and password on the Login Page.
2. Users shall be able to navigate to the Registration Page from the Login Page by clicking the Register button.
3. Users shall be able to register by entering a username and password on the Registration Page.
4. Users shall be able to view a welcome message and navigate to the Recipe Submission, Recipe Browsing, and User Profile Pages from the Home Page.
5. Users shall be able to submit a new recipe by entering a title, ingredients, and instructions on the Recipe Submission Page.
6. Users shall be able to see a success or error message upon submitting a recipe on the Recipe Submission Page.
7. Users shall be able to search for recipes by entering keywords on the Recipe Browsing Page.
8. Users shall be able to view the details of a recipe from the recipe list on the Recipe Browsing Page.
9. Users shall be able to navigate back to the Home Page from the Recipe Browsing Page using the Back to Home button.
10. Users shall be able to view their profile and list of submitted recipes on the User Profile Page.
11. Users shall be able to delete their account from the User Profile Page and return to the Login Page.
12. Users shall be able to view the full details of a recipe, including ingredients and instructions, on the Recipe Details Page.
13. Users shall be able to navigate back to the Home Page from the Recipe Details Page using the Back to Home button.
[/OUTPUT]
-----
## format example
[CONTENT]
"Implementation approach": "We will ...",
"UI design":"- A canvas for... with ... For Web applications, you should use html to generate the web template by yourself."
"Data Storage":"If software requires a data storage, you should follow the rules: Data will be stored in local files. Different types of data will be stored in separate files. You should define the file by yourself in advance.Do not use SQL database. Else just print Not Require!"
"File list": ["main.py","game.py","templates/login.html","users.txt"],
"Data structures and interfaces": "
classDiagram
    class Main {
        -SearchEngine search_engine
        +main() str
    }
    class SearchEngine {
        -Index index
        -Ranking ranking
        -Summary summary
        +search(query: str) str
    }
    class Index {
        -KnowledgeBase knowledge_base
        +create_index(data: dict)
        +query_index(query: str) list
    }
    class Ranking {
        +rank_results(results: list) list
    }
    class Summary {
        +summarize_results(results: list) str
    }
    class KnowledgeBase {
        +update(data: dict)
        +fetch_data(query: str) dict
    }
    Main --> SearchEngine
    SearchEngine --> Index
    SearchEngine --> Ranking
    SearchEngine --> Summary
    Index --> KnowledgeBase
",

[/CONTENT]

## nodes: "<node>: <type>  # <instruction>"
- Implementation approach: <class 'str'>  # Analyze the difficult points of the requirements, select the appropriate open-source framework. If require GUI, you must also choose a GUI framework (e.g., in Python, you can implement GUI via tkinter, Pygame, Flexx, PyGUI, etc,)
- File list: typing.List[str]  #  Only need relative paths. ALWAYS write a main.py here
- Data structures and interfaces: <class 'str'>  # Use mermaid classDiagram code syntax, including classes, method(__init__ etc.) and functions with type annotations, CLEARLY MARK the RELATIONSHIPS between classes, and comply with PEP8 standards. The data structures SHOULD BE VERY DETAILED and the API should be comprehensive with a complete design.
- UI design:<class 'str'>  # optional, if system require UI, choose a GUI framework (e.g., in Python, you can implement GUI via tkinter, Pygame, Flexx, PyGUI, etc,) and list system UI design and corresponding feature's UI design.

## constraint
Language: Please use the same language as Human INPUT.
Format: output wrapped inside [CONTENT][/CONTENT] like format example, nothing else.

# Attention
1. If a feature of software requires a GUI, you also need to carefully consider the UI components that this feature will require and its relationship to the main UI in Architecture.
2. Aim to achieve functional requirements, only require to implement a demo.
3. If project requires data storage, follow the requirement of data storage, implement a simple storage.Do not use SQL database.
4. Organize related functionalities into a single Python file to avoid creating too many files.
5. do not output ```plaintext or other ``` in the start and the end, output directly.

## action
Follow instructions of nodes and Attention, generate output and make sure it follows the format example.

2025-01-03 Friday 17:28:50 _client.py : INFO  HTTP Request: POST https://api.chatanywhere.tech/chat/completions "HTTP/1.1 200 OK"
2025-01-03 Friday 17:28:50 model.py : INFO  following invoke cost: 2069 | all cost: 3083
2025-01-03 Friday 17:28:50 architect.py : INFO  Architect Arnold
2025-01-03 Friday 17:28:50 architect.py : INFO  [CONTENT]
"Implementation approach": "We will use Flask as the web framework for the RecipeHub application, which allows for easy routing and template rendering. The application will be structured to handle user registration, login, recipe submission, and browsing functionalities. For the front-end, we will use HTML to create the necessary templates for the UI. The data will be stored in local text files, ensuring a lightweight and efficient application without the need for a SQL database.",
"UI design":"- The application will have a Login Page for user authentication, a Registration Page for new users, a Home Page with navigation options, a Recipe Submission Page for users to submit their recipes, a Recipe Browsing Page for searching and viewing recipes, and a User Profile Page for managing user information and submitted recipes.",
"Data Storage":"Data will be stored in local text files. Different types of data will be stored in separate files. The following files will be used: 'users.txt' for storing user credentials, 'recipes.txt' for storing submitted recipes, and 'sessions.txt' for managing user sessions. Each file will have a specific format to facilitate easy data retrieval and management.",
"File list": ["main.py", "templates/login.html", "templates/register.html", "templates/home.html", "templates/recipe_submission.html", "templates/recipe_browsing.html", "templates/user_profile.html", "recipes.txt", "users.txt", "sessions.txt"],
"Data structures and interfaces": "
classDiagram
    class Main {
        -Flask app
        +main() str
    }
    class User {
        -username: str
        -password: str
        +register(username: str, password: str) bool
        +login(username: str, password: str) bool
        +delete_account(username: str) bool
    }
    class Recipe {
        -title: str
        -ingredients: str
        -instructions: str
        +submit_recipe(title: str, ingredients: str, instructions: str) bool
        +fetch_recipes() list
        +fetch_recipe_details(title: str) dict
    }
    class Session {
        -session_data: dict
        +create_session(username: str) bool
        +destroy_session(username: str) bool
    }
    Main --> User
    Main --> Recipe
    Main --> Session
",
[/CONTENT]
2025-01-03 Friday 17:28:50 architect.py : INFO  Architect writting ARCHITECT
2025-01-03 Friday 17:28:50 project_manager.py : INFO  Project Manager Tsunoda generate Project PLAN......
2025-01-03 Friday 17:28:50 project_manager.py : INFO  
You are a Project Manager, your goal is break down tasks according to functional requirement/architecture, generate a task plan, and analyze task dependencies to start with the prerequisite modules. the constraint is use same language as user requirement. 


## Context
functional requirement:
[OUTPUT]
## general overview of the project
The RecipeHub web application is designed to provide users with a platform to create, distribute, and manage their recipes through a user-friendly interface.

## software functional requirements
1. Users shall be able to log in by entering a username and password on the Login Page.
2. Users shall be able to navigate to the Registration Page from the Login Page by clicking the Register button.
3. Users shall be able to register by entering a username and password on the Registration Page.
4. Users shall be able to view a welcome message and navigate to the Recipe Submission, Recipe Browsing, and User Profile Pages from the Home Page.
5. Users shall be able to submit a new recipe by entering a title, ingredients, and instructions on the Recipe Submission Page.
6. Users shall be able to see a success or error message upon submitting a recipe on the Recipe Submission Page.
7. Users shall be able to search for recipes by entering keywords on the Recipe Browsing Page.
8. Users shall be able to view the details of a recipe from the recipe list on the Recipe Browsing Page.
9. Users shall be able to navigate back to the Home Page from the Recipe Browsing Page using the Back to Home button.
10. Users shall be able to view their profile and list of submitted recipes on the User Profile Page.
11. Users shall be able to delete their account from the User Profile Page and return to the Login Page.
12. Users shall be able to view the full details of a recipe, including ingredients and instructions, on the Recipe Details Page.
13. Users shall be able to navigate back to the Home Page from the Recipe Details Page using the Back to Home button.
[/OUTPUT]

architecture:
[CONTENT]
"Implementation approach": "We will use Flask as the web framework for the RecipeHub application, which allows for easy routing and template rendering. The application will be structured to handle user registration, login, recipe submission, and browsing functionalities. For the front-end, we will use HTML to create the necessary templates for the UI. The data will be stored in local text files, ensuring a lightweight and efficient application without the need for a SQL database.",
"UI design":"- The application will have a Login Page for user authentication, a Registration Page for new users, a Home Page with navigation options, a Recipe Submission Page for users to submit their recipes, a Recipe Browsing Page for searching and viewing recipes, and a User Profile Page for managing user information and submitted recipes.",
"Data Storage":"Data will be stored in local text files. Different types of data will be stored in separate files. The following files will be used: 'users.txt' for storing user credentials, 'recipes.txt' for storing submitted recipes, and 'sessions.txt' for managing user sessions. Each file will have a specific format to facilitate easy data retrieval and management.",
"File list": ["main.py", "templates/login.html", "templates/register.html", "templates/home.html", "templates/recipe_submission.html", "templates/recipe_browsing.html", "templates/user_profile.html", "recipes.txt", "users.txt", "sessions.txt"],
"Data structures and interfaces": "
classDiagram
    class Main {
        -Flask app
        +main() str
    }
    class User {
        -username: str
        -password: str
        +register(username: str, password: str) bool
        +login(username: str, password: str) bool
        +delete_account(username: str) bool
    }
    class Recipe {
        -title: str
        -ingredients: str
        -instructions: str
        +submit_recipe(title: str, ingredients: str, instructions: str) bool
        +fetch_recipes() list
        +fetch_recipe_details(title: str) dict
    }
    class Session {
        -session_data: dict
        +create_session(username: str) bool
        +destroy_session(username: str) bool
    }
    Main --> User
    Main --> Recipe
    Main --> Session
",
[/CONTENT]
-----

## format example
{
"Required packages": [
    "flask==1.1.2",
    "bcrypt==3.2.0"
],
"Required Other language third-party packages": [
    "No third-party dependencies required"
],
"Logic Analysis": [
    [
        "game.py",
        "The main file of the game, responsible for initializing the game window.... Contains Game class and ... functions"
    ],
    [
        "main.py",
        "Contains main function and the main frame, import Game, Logic..."
    ]
],
"Task list": 
{
    'T0':'|Initialize the game window.|related files:["game.py"]',
    'T1':'|complete the moving logic |related files:[main.py,game.py]',
    'T2':'|complete the scoring logic |related files:[main.py]',
    'T3':'|complete the storage |related files:[main.py,game.py]',
    ...
},
"Shared Knowledge": "`game.py` contains functions shared across the project.",
}

## nodes: "<node>: <type>  # <instruction>"
- Required packages: typing.List[str]  # Provide required packages in requirements.txt format.
- Required Other language third-party packages: typing.List[str]  # List down the required packages for languages other than Python.
- Logic Analysis: typing.List[typing.List[str]]  # Provide a list of files with the classes/methods/functions to be implemented, including dependency analysis and imports.
- Task list: typing.Dict[str]  # Break down the project development into many subtasks(in a dictionary format), each sub-task completes a portion of closely related requirements:
(1)its name(T0,T1...)
(2)the functionalities that need to be completed for this task.
(3)related files.
use | to seperate thesse part as example. must no circles in the dependency tasks. related files must from file list in architecture.
You can break down the work into several tasks to tackle more challenging functionalities.
The decomposed tasks only include development-related tasks; higher-level work such as testing, security, and maintenance is not required for now.
- Full API spec: <class 'str'>  # Describe all APIs using OpenAPI 3.0 spec that may be used by both frontend and backend. If front-end and back-end communication is not required, leave it blank.
- Shared Knowledge: <class 'str'>  # Detail any shared knowledge, like common utility functions or configuration variables.

## constraint
Language: Please use the same language as Human INPUT.
Format: output like format example, nothing else.
If you are doing website development, please do not encrypt the account password for the login function.
Related and simple tasks should be combined into one task to reduce the overall number of tasks(no more than 7) during you making "Task List".

## action
Follow instructions of nodes, generate output and make sure it follows the format example.

2025-01-03 Friday 17:28:55 _client.py : INFO  HTTP Request: POST https://api.chatanywhere.tech/chat/completions "HTTP/1.1 200 OK"
2025-01-03 Friday 17:28:55 model.py : INFO  following invoke cost: 1974 | all cost: 5057
2025-01-03 Friday 17:28:55 project_manager.py : INFO  Project Manager Tsunoda
2025-01-03 Friday 17:28:55 project_manager.py : INFO  {
"Required packages": [
    "flask==1.1.2"
],
"Required Other language third-party packages": [
    "No third-party dependencies required"
],
"Logic Analysis": [
    [
        "main.py",
        "The main file of the application, responsible for initializing the Flask app and routing. Contains main function and handles user sessions."
    ],
    [
        "templates/login.html",
        "HTML template for the Login Page, includes form for username and password."
    ],
    [
        "templates/register.html",
        "HTML template for the Registration Page, includes form for new user registration."
    ],
    [
        "templates/home.html",
        "HTML template for the Home Page, includes navigation options for users."
    ],
    [
        "templates/recipe_submission.html",
        "HTML template for the Recipe Submission Page, includes form for submitting recipes."
    ],
    [
        "templates/recipe_browsing.html",
        "HTML template for the Recipe Browsing Page, includes search functionality and recipe list."
    ],
    [
        "templates/user_profile.html",
        "HTML template for the User Profile Page, includes user information and submitted recipes."
    ]
],
"Task list": 
{
    'T0':'|Set up Flask application and routing.|related files:["main.py"]',
    'T1':'|Implement user registration functionality and create Registration Page.|related files:["main.py", "templates/register.html"]',
    'T2':'|Implement user login functionality and create Login Page.|related files:["main.py", "templates/login.html"]',
    'T3':'|Create Home Page with navigation options and welcome message.|related files:["main.py", "templates/home.html"]',
    'T4':'|Implement recipe submission functionality and create Recipe Submission Page.|related files:["main.py", "templates/recipe_submission.html"]',
    'T5':'|Implement recipe browsing functionality and create Recipe Browsing Page.|related files:["main.py", "templates/recipe_browsing.html"]',
    'T6':'|Implement user profile management and create User Profile Page.|related files:["main.py", "templates/user_profile.html"]'
},
"Full API spec": "",
"Shared Knowledge": "`main.py` contains the main application logic and routing for the RecipeHub application."
}
2025-01-03 Friday 17:28:55 project_manager.py : INFO  Project Manager writting TASK PLAN
2025-01-03 Friday 17:28:55 programmer.py : INFO  Programmer Clorinde Coding...
2025-01-03 Friday 17:28:55 programmer.py : INFO  
You are a professional engineer; the main goal is to write google-style, elegant, modular, easy to read and maintain code.
Output format carefully referenced "Format example".
In addition to writing code, you may also need to complete the data files in the task list (such as .txt .json .csv files). If the task list requires the implementation of data files, you need to simply design some data that meets the requirements for your completed software to facilitate the startup and testing of the software as a demo.


# Context
## Design
[CONTENT]
"Implementation approach": "We will use Flask as the web framework for the RecipeHub application, which allows for easy routing and template rendering. The application will be structured to handle user registration, login, recipe submission, and browsing functionalities. For the front-end, we will use HTML to create the necessary templates for the UI. The data will be stored in local text files, ensuring a lightweight and efficient application without the need for a SQL database.",
"UI design":"- The application will have a Login Page for user authentication, a Registration Page for new users, a Home Page with navigation options, a Recipe Submission Page for users to submit their recipes, a Recipe Browsing Page for searching and viewing recipes, and a User Profile Page for managing user information and submitted recipes.",
"Data Storage":"Data will be stored in local text files. Different types of data will be stored in separate files. The following files will be used: 'users.txt' for storing user credentials, 'recipes.txt' for storing submitted recipes, and 'sessions.txt' for managing user sessions. Each file will have a specific format to facilitate easy data retrieval and management.",
"File list": ["main.py", "templates/login.html", "templates/register.html", "templates/home.html", "templates/recipe_submission.html", "templates/recipe_browsing.html", "templates/user_profile.html", "recipes.txt", "users.txt", "sessions.txt"],
"Data structures and interfaces": "
classDiagram
    class Main {
        -Flask app
        +main() str
    }
    class User {
        -username: str
        -password: str
        +register(username: str, password: str) bool
        +login(username: str, password: str) bool
        +delete_account(username: str) bool
    }
    class Recipe {
        -title: str
        -ingredients: str
        -instructions: str
        +submit_recipe(title: str, ingredients: str, instructions: str) bool
        +fetch_recipes() list
        +fetch_recipe_details(title: str) dict
    }
    class Session {
        -session_data: dict
        +create_session(username: str) bool
        +destroy_session(username: str) bool
    }
    Main --> User
    Main --> Recipe
    Main --> Session
",
[/CONTENT]
## Whole Task Plan
{
"Required packages": [
    "flask==1.1.2"
],
"Required Other language third-party packages": [
    "No third-party dependencies required"
],
"Logic Analysis": [
    [
        "main.py",
        "The main file of the application, responsible for initializing the Flask app and routing. Contains main function and handles user sessions."
    ],
    [
        "templates/login.html",
        "HTML template for the Login Page, includes form for username and password."
    ],
    [
        "templates/register.html",
        "HTML template for the Registration Page, includes form for new user registration."
    ],
    [
        "templates/home.html",
        "HTML template for the Home Page, includes navigation options for users."
    ],
    [
        "templates/recipe_submission.html",
        "HTML template for the Recipe Submission Page, includes form for submitting recipes."
    ],
    [
        "templates/recipe_browsing.html",
        "HTML template for the Recipe Browsing Page, includes search functionality and recipe list."
    ],
    [
        "templates/user_profile.html",
        "HTML template for the User Profile Page, includes user information and submitted recipes."
    ]
],
"Task list": 
{
    'T0':'|Set up Flask application and routing.|related files:["main.py"]',
    'T1':'|Implement user registration functionality and create Registration Page.|related files:["main.py", "templates/register.html"]',
    'T2':'|Implement user login functionality and create Login Page.|related files:["main.py", "templates/login.html"]',
    'T3':'|Create Home Page with navigation options and welcome message.|related files:["main.py", "templates/home.html"]',
    'T4':'|Implement recipe submission functionality and create Recipe Submission Page.|related files:["main.py", "templates/recipe_submission.html"]',
    'T5':'|Implement recipe browsing functionality and create Recipe Browsing Page.|related files:["main.py", "templates/recipe_browsing.html"]',
    'T6':'|Implement user profile management and create User Profile Page.|related files:["main.py", "templates/user_profile.html"]'
},
"Full API spec": "",
"Shared Knowledge": "`main.py` contains the main application logic and routing for the RecipeHub application."
}

-----
# Format Example 
*** main.py
```python
...
```

*** ui.py
```python
...
```
-----

# Instruction: Based on the context, follow "Format example", write or revise code to complete task described in "coding sub-task".
## ATTENTION
1. Use '***' to SPLIT different CODE SECTIONS. do not forget ``` in each file, refer the the example. Output format carefully referenced "Format example".
2. Follow design: YOU MUST FOLLOW "Data structures and interfaces". DONT CHANGE ANY DESIGN. Do not use public member functions that do not exist in your design.
3. CAREFULLY CHECK THAT YOU DONT MISS ANY NECESSARY CLASS/FUNCTION IN THE FILE.
4. You must import the third-party libraries used in your code
5. If you import a Class, you must import it firstly.
6. Determine the order of writing the files based on your understanding of the project.
7. Write out EVERY CODE DETAIL, DON'T LEAVE TODO,PASS,PLACEHOLDER.
8. Only write code result, do not output any other content in the start or in the end.
9. If you need to generate text data, follow the rules outlined in "<When Storing Data>" below.
 <When storing data>:
Different groups of data are distinguished by line breaks.
Different contents of the same group of data are distinguished by |.
Within any single content that contains multiple sub-entries, those sub-entries are separated by commas ,.
Example:
admin1|pass123|entry1,entry2,entry3  
admin2|pass123|entry1
Make sure:
The | character is used only to separate distinct contents within a group.
Commas , are used exclusively to separate multiple sub-entries within a single content.

# Website Development Rule
If you are doing website development, be sure to route the root path (/). If there is a login page, set the login page as the root route(/).
If you are doing website development, please do not encrypt the account password for the login function.
If you are doing website development, your code needs to take into account the process of loading data from the data file, so don't forget to load the data.
If you are doing Website Development, do not follow the rules of Website and Game development.
# GUI tkinter Development Rule
If you are doing GUI tkinter Development, do not follow the rules of Website and Game development.
# Game Development Rule
If the software needs to load data, please make sure the loading data code matches the data format and data file.
If you are doing Game Development, do not follow the rules of Website and Game development.

# important rule
Use '***' to SPLIT CODE SECTIONS. do not forget ``` in each file, refer the the example. Output format carefully referenced "Format example". 
Adhere strictly to the task requirements and implement them fully; do not include placeholders or "example" for code that is intended for future implementation.

2025-01-03 Friday 17:29:09 _client.py : INFO  HTTP Request: POST https://api.chatanywhere.tech/chat/completions "HTTP/1.1 200 OK"
2025-01-03 Friday 17:29:09 model.py : INFO  following invoke cost: 3515 | all cost: 8572
2025-01-03 Friday 17:29:09 programmer.py : INFO  
*** main.py
```python
from flask import Flask, render_template, request, redirect, session
from user import User
from recipe import Recipe
from session import Session

app = Flask(__name__)
app.secret_key = 'your_secret_key'

# Load users and recipes from files
def load_users():
    users = {}
    with open('users.txt', 'r') as file:
        for line in file:
            username, password, entries = line.strip().split('|')
            users[username] = {'password': password, 'entries': entries.split(',')}
    return users

def load_recipes():
    recipes = []
    with open('recipes.txt', 'r') as file:
        for line in file:
            title, ingredients, instructions = line.strip().split('|')
            recipes.append({'title': title, 'ingredients': ingredients, 'instructions': instructions})
    return recipes

users = load_users()
recipes = load_recipes()

@app.route('/')
def login():
    return render_template('login.html')

@app.route('/register', methods=['GET', 'POST'])
def register():
    if request.method == 'POST':
        username = request.form['username']
        password = request.form['password']
        user = User()
        if user.register(username, password):
            return redirect('/')
    return render_template('register.html')

@app.route('/home')
def home():
    return render_template('home.html')

@app.route('/submit_recipe', methods=['GET', 'POST'])
def submit_recipe():
    if request.method == 'POST':
        title = request.form['title']
        ingredients = request.form['ingredients']
        instructions = request.form['instructions']
        recipe = Recipe()
        recipe.submit_recipe(title, ingredients, instructions)
        return redirect('/home')
    return render_template('recipe_submission.html')

@app.route('/browse_recipes')
def browse_recipes():
    return render_template('recipe_browsing.html', recipes=recipes)

@app.route('/user_profile')
def user_profile():
    return render_template('user_profile.html')

if __name__ == '__main__':
    app.run(debug=True)
```

*** user.py
```python
class User:
    def __init__(self):
        self.username = ""
        self.password = ""

    def register(self, username: str, password: str) -> bool:
        with open('users.txt', 'a') as file:
            file.write(f"{username}|{password}|\n")
        return True

    def login(self, username: str, password: str) -> bool:
        return username in users and users[username]['password'] == password

    def delete_account(self, username: str) -> bool:
        if username in users:
            del users[username]
            self.save_users()
            return True
        return False

    def save_users(self):
        with open('users.txt', 'w') as file:
            for username, data in users.items():
                file.write(f"{username}|{data['password']}|{','.join(data['entries'])}\n")
```

*** recipe.py
```python
class Recipe:
    def __init__(self):
        self.title = ""
        self.ingredients = ""
        self.instructions = ""

    def submit_recipe(self, title: str, ingredients: str, instructions: str) -> bool:
        with open('recipes.txt', 'a') as file:
            file.write(f"{title}|{ingredients}|{instructions}\n")
        return True

    def fetch_recipes(self) -> list:
        return recipes

    def fetch_recipe_details(self, title: str) -> dict:
        for recipe in recipes:
            if recipe['title'] == title:
                return recipe
        return {}
```

*** session.py
```python
class Session:
    def __init__(self):
        self.session_data = {}

    def create_session(self, username: str) -> bool:
        self.session_data[username] = True
        return True

    def destroy_session(self, username: str) -> bool:
        if username in self.session_data:
            del self.session_data[username]
            return True
        return False
```

*** users.txt
```
admin|adminpass|recipe1,recipe2
user1|user1pass|recipe3
```

*** recipes.txt
```
Pasta|Pasta, Tomato Sauce|Boil pasta and add sauce
Salad|Lettuce, Tomato, Cucumber|Mix all ingredients
```

*** sessions.txt
```
```

*** templates/login.html
```html
<!DOCTYPE html>
<html lang="en">
<head>
    <meta charset="UTF-8">
    <meta name="viewport" content="width=device-width, initial-scale=1.0">
    <title>Login</title>
</head>
<body>
    <h1>Login</h1>
    <form method="POST" action="/login">
        <label for="username">Username:</label>
        <input type="text" id="username" name="username" required>
        <label for="password">Password:</label>
        <input type="password" id="password" name="password" required>
        <button type="submit">Login</button>
    </form>
    <a href="/register">Register</a>
</body>
</html>
```

*** templates/register.html
```html
<!DOCTYPE html>
<html lang="en">
<head>
    <meta charset="UTF-8">
    <meta name="viewport" content="width=device-width, initial-scale=1.0">
    <title>Register</title>
</head>
<body>
    <h1>Register</h1>
    <form method="POST" action="/register">
        <label for="username">Username:</label>
        <input type="text" id="username" name="username" required>
        <label for="password">Password:</label>
        <input type="password" id="password" name="password" required>
        <button type="submit">Register</button>
    </form>
</body>
</html>
```

*** templates/home.html
```html
<!DOCTYPE html>
<html lang="en">
<head>
    <meta charset="UTF-8">
    <meta name="viewport" content="width=device-width, initial-scale=1.0">
    <title>Home</title>
</head>
<body>
    <h1>Welcome to RecipeHub</h1>
    <nav>
        <a href="/submit_recipe">Submit Recipe</a>
        <a href="/browse_recipes">Browse Recipes</a>
        <a href="/user_profile">User Profile</a>
    </nav>
</body>
</html>
```

*** templates/recipe_submission.html
```html
<!DOCTYPE html>
<html lang="en">
<head>
    <meta charset="UTF-8">
    <meta name="viewport" content="width=device-width, initial-scale=1.0">
    <title>Submit Recipe</title>
</head>
<body>
    <h1>Submit Recipe</h1>
    <form method="POST" action="/submit_recipe">
        <label for="title">Recipe Title:</label>
        <input type="text" id="title" name="title" required>
        <label for="ingredients">Ingredients:</label>
        <textarea id="ingredients" name="ingredients" required></textarea>
        <label for="instructions">Instructions:</label>
        <textarea id="instructions" name="instructions" required></textarea>
        <button type="submit">Submit</button>
    </form>
</body>
</html>
```

*** templates/recipe_browsing.html
```html
<!DOCTYPE html>
<html lang="en">
<head>
    <meta charset="UTF-8">
    <meta name="viewport" content="width=device-width, initial-scale=1.0">
    <title>Browse Recipes</title>
</head>
<body>
    <h1>Browse Recipes</h1>
    <ul>
        {% for recipe in recipes %}
            <li>{{ recipe.title }} - {{ recipe.ingredients }}</li>
        {% endfor %}
    </ul>
</body>
</html>
```

*** templates/user_profile.html
```html
<!DOCTYPE html>
<html lang="en">
<head>
    <meta charset="UTF-8">
    <meta name="viewport" content="width=device-width, initial-scale=1.0">
    <title>User Profile</title>
</head>
<body>
    <h1>User Profile</h1>
    <p>Username: {{ session['username'] }}</p>
    <h2>Submitted Recipes</h2>
    <ul>
        <!-- This will be populated with user's submitted recipes -->
    </ul>
</body>
</html>
```
2025-01-03 Friday 17:29:09 programmer.py : INFO  Programmer writting CODE: main.py
2025-01-03 Friday 17:29:09 programmer.py : INFO  Programmer writting CODE: user.py
2025-01-03 Friday 17:29:09 programmer.py : INFO  Programmer writting CODE: recipe.py
2025-01-03 Friday 17:29:09 programmer.py : INFO  Programmer writting CODE: session.py
2025-01-03 Friday 17:29:09 programmer.py : INFO  Programmer writting CODE: users.txt
2025-01-03 Friday 17:29:09 programmer.py : INFO  Programmer writting CODE: recipes.txt
2025-01-03 Friday 17:29:09 programmer.py : INFO  Programmer writting CODE: sessions.txt
2025-01-03 Friday 17:29:09 programmer.py : INFO  Programmer writting CODE: templates/login.html
2025-01-03 Friday 17:29:09 programmer.py : INFO  Programmer writting CODE: templates/register.html
2025-01-03 Friday 17:29:09 programmer.py : INFO  Programmer writting CODE: templates/home.html
2025-01-03 Friday 17:29:09 programmer.py : INFO  Programmer writting CODE: templates/recipe_submission.html
2025-01-03 Friday 17:29:09 programmer.py : INFO  Programmer writting CODE: templates/recipe_browsing.html
2025-01-03 Friday 17:29:09 programmer.py : INFO  Programmer writting CODE: templates/user_profile.html
2025-01-03 Friday 17:29:09 ceaug_main.py : INFO  Ready Auto Test # # # # # # # # # # # # D:/Project/CE/CE/project/website/RecipeHub_20250103172840/
2025-01-03 Friday 17:29:22 _client.py : INFO  HTTP Request: POST https://api.chatanywhere.tech/chat/completions "HTTP/1.1 200 OK"
2025-01-03 Friday 17:30:35 ceaug_main.py : INFO  unit_test_result{'category': 'website', 'project_name': 'RecipeHub_20250103172840', 'passed': 2, 'failed': 4, 'errors': 4, 'total': 10, 'output': 'FEF.EEFE.F\n======================================================================\nERROR: test_navigation_from_browsing_to_home (testcode.TestRecipeHubApp.test_navigation_from_browsing_to_home)\n----------------------------------------------------------------------\nTraceback (most recent call last):\n  File "D:\\Project\\CE\\CE\\project\\website\\RecipeHub_20250103172840\\code\\testcode.py", line 88, in test_navigation_from_browsing_to_home\n    self.driver.find_element(By.LINK_TEXT, \'Browse Recipes\').click()\n    ^^^^^^^^^^^^^^^^^^^^^^^^^^^^^^^^^^^^^^^^^^^^^^^^^^^^^^^^\n  File "C:\\Users\\25929\\.conda\\envs\\mfg\\Lib\\site-packages\\selenium\\webdriver\\remote\\webdriver.py", line 770, in find_element\n    return self.execute(Command.FIND_ELEMENT, {"using": by, "value": value})["value"]\n           ^^^^^^^^^^^^^^^^^^^^^^^^^^^^^^^^^^^^^^^^^^^^^^^^^^^^^^^^^^^^^^^^^\n  File "C:\\Users\\25929\\.conda\\envs\\mfg\\Lib\\site-packages\\selenium\\webdriver\\remote\\webdriver.py", line 384, in execute\n    self.error_handler.check_response(response)\n  File "C:\\Users\\25929\\.conda\\envs\\mfg\\Lib\\site-packages\\selenium\\webdriver\\remote\\errorhandler.py", line 232, in check_response\n    raise exception_class(message, screen, stacktrace)\nselenium.common.exceptions.NoSuchElementException: Message: no such element: Unable to locate element: {"method":"link text","selector":"Browse Recipes"}\n  (Session info: chrome=131.0.6778.205); For documentation on this error, please visit: https://www.selenium.dev/documentation/webdriver/troubleshooting/errors#no-such-element-exception\nStacktrace:\n======================================================================\nERROR: test_recipe_browsing (testcode.TestRecipeHubApp.test_recipe_browsing)\n----------------------------------------------------------------------\nTraceback (most recent call last):\n  File "D:\\Project\\CE\\CE\\project\\website\\RecipeHub_20250103172840\\code\\testcode.py", line 76, in test_recipe_browsing\n    self.driver.find_element(By.LINK_TEXT, \'Browse Recipes\').click()\n    ^^^^^^^^^^^^^^^^^^^^^^^^^^^^^^^^^^^^^^^^^^^^^^^^^^^^^^^^\n  File "C:\\Users\\25929\\.conda\\envs\\mfg\\Lib\\site-packages\\selenium\\webdriver\\remote\\webdriver.py", line 770, in find_element\n    return self.execute(Command.FIND_ELEMENT, {"using": by, "value": value})["value"]\n           ^^^^^^^^^^^^^^^^^^^^^^^^^^^^^^^^^^^^^^^^^^^^^^^^^^^^^^^^^^^^^^^^^\n  File "C:\\Users\\25929\\.conda\\envs\\mfg\\Lib\\site-packages\\selenium\\webdriver\\remote\\webdriver.py", line 384, in execute\n    self.error_handler.check_response(response)\n  File "C:\\Users\\25929\\.conda\\envs\\mfg\\Lib\\site-packages\\selenium\\webdriver\\remote\\errorhandler.py", line 232, in check_response\n    raise exception_class(message, screen, stacktrace)\nselenium.common.exceptions.NoSuchElementException: Message: no such element: Unable to locate element: {"method":"link text","selector":"Browse Recipes"}\n  (Session info: chrome=131.0.6778.205); For documentation on this error, please visit: https://www.selenium.dev/documentation/webdriver/troubleshooting/errors#no-such-element-exception\nStacktrace:\n======================================================================\nERROR: test_recipe_submission (testcode.TestRecipeHubApp.test_recipe_submission)\n----------------------------------------------------------------------\nTraceback (most recent call last):\n  File "D:\\Project\\CE\\CE\\project\\website\\RecipeHub_20250103172840\\code\\testcode.py", line 62, in test_recipe_submission\n    self.driver.find_element(By.LINK_TEXT, \'Submit Recipe\').click()\n    ^^^^^^^^^^^^^^^^^^^^^^^^^^^^^^^^^^^^^^^^^^^^^^^^^^^^^^^\n  File "C:\\Users\\25929\\.conda\\envs\\mfg\\Lib\\site-packages\\selenium\\webdriver\\remote\\webdriver.py", line 770, in find_element\n    return self.execute(Command.FIND_ELEMENT, {"using": by, "value": value})["value"]\n           ^^^^^^^^^^^^^^^^^^^^^^^^^^^^^^^^^^^^^^^^^^^^^^^^^^^^^^^^^^^^^^^^^\n  File "C:\\Users\\25929\\.conda\\envs\\mfg\\Lib\\site-packages\\selenium\\webdriver\\remote\\webdriver.py", line 384, in execute\n    self.error_handler.check_response(response)\n  File "C:\\Users\\25929\\.conda\\envs\\mfg\\Lib\\site-packages\\selenium\\webdriver\\remote\\errorhandler.py", line 232, in check_response\n    raise exception_class(message, screen, stacktrace)\nselenium.common.exceptions.NoSuchElementException: Message: no such element: Unable to locate element: {"method":"link text","selector":"Submit Recipe"}\n  (Session info: chrome=131.0.6778.205); For documentation on this error, please visit: https://www.selenium.dev/documentation/webdriver/troubleshooting/errors#no-such-element-exception\nStacktrace:\n======================================================================\nERROR: test_user_profile_page (testcode.TestRecipeHubApp.test_user_profile_page)\n----------------------------------------------------------------------\nTraceback (most recent call last):\n  File "D:\\Project\\CE\\CE\\project\\website\\RecipeHub_20250103172840\\code\\testcode.py", line 98, in test_user_profile_page\n    self.driver.find_element(By.LINK_TEXT, \'User Profile\').click()\n    ^^^^^^^^^^^^^^^^^^^^^^^^^^^^^^^^^^^^^^^^^^^^^^^^^^^^^^\n  File "C:\\Users\\25929\\.conda\\envs\\mfg\\Lib\\site-packages\\selenium\\webdriver\\remote\\webdriver.py", line 770, in find_element\n    return self.execute(Command.FIND_ELEMENT, {"using": by, "value": value})["value"]\n           ^^^^^^^^^^^^^^^^^^^^^^^^^^^^^^^^^^^^^^^^^^^^^^^^^^^^^^^^^^^^^^^^^\n  File "C:\\Users\\25929\\.conda\\envs\\mfg\\Lib\\site-packages\\selenium\\webdriver\\remote\\webdriver.py", line 384, in execute\n    self.error_handler.check_response(response)\n  File "C:\\Users\\25929\\.conda\\envs\\mfg\\Lib\\site-packages\\selenium\\webdriver\\remote\\errorhandler.py", line 232, in check_response\n    raise exception_class(message, screen, stacktrace)\nselenium.common.exceptions.NoSuchElementException: Message: no such element: Unable to locate element: {"method":"link text","selector":"User Profile"}\n  (Session info: chrome=131.0.6778.205); For documentation on this error, please visit: https://www.selenium.dev/documentation/webdriver/troubleshooting/errors#no-such-element-exception\nStacktrace:\n======================================================================\nFAIL: test_account_deletion (testcode.TestRecipeHubApp.test_account_deletion)\n----------------------------------------------------------------------\nTraceback (most recent call last):\n  File "D:\\Project\\CE\\CE\\project\\website\\RecipeHub_20250103172840\\code\\testcode.py", line 105, in test_account_deletion\n    self.fail("Not implemented")\nAssertionError: Not implemented\n======================================================================\nFAIL: test_navigation_from_recipe_details_to_home (testcode.TestRecipeHubApp.test_navigation_from_recipe_details_to_home)\n----------------------------------------------------------------------\nTraceback (most recent call last):\n  File "D:\\Project\\CE\\CE\\project\\website\\RecipeHub_20250103172840\\code\\testcode.py", line 109, in test_navigation_from_recipe_details_to_home\n    self.fail("Not implemented")\nAssertionError: Not implemented\n======================================================================\nFAIL: test_user_login (testcode.TestRecipeHubApp.test_user_login)\n----------------------------------------------------------------------\nTraceback (most recent call last):\n  File "D:\\Project\\CE\\CE\\project\\website\\RecipeHub_20250103172840\\code\\testcode.py", line 31, in test_user_login\n    self.assertIn("Home", self.driver.title)\nAssertionError: \'Home\' not found in \'404 Not Found\'\n======================================================================\nFAIL: test_view_recipe_details (testcode.TestRecipeHubApp.test_view_recipe_details)\n----------------------------------------------------------------------\nTraceback (most recent call last):\n  File "D:\\Project\\CE\\CE\\project\\website\\RecipeHub_20250103172840\\code\\testcode.py", line 83, in test_view_recipe_details\n    self.fail("Not implemented")\nAssertionError: Not implemented\n----------------------------------------------------------------------\nRan 10 tests in 72.237s\nFAILED (failures=4, errors=4)'}
2025-01-03 Friday 17:31:33 _client.py : INFO  HTTP Request: POST https://api.chatanywhere.tech/chat/completions "HTTP/1.1 200 OK"
2025-01-03 Friday 17:31:33 ceaug_main.py : INFO  You are a software test analyst. Please help me analyze the code of a project.
        Here is the entire codebase for a project: --- DIRECTORY: D:/Project/CE/CE/project/website/RecipeHub_20250103172840/code ---
  --- FILE: main.py (PATH: D:/Project/CE/CE/project/website/RecipeHub_20250103172840/code\main.py, TYPE: .py) ---
from flask import Flask, render_template, request, redirect, session
from user import User
from recipe import Recipe
from session import Session

app = Flask(__name__)
app.secret_key = 'your_secret_key'

# Load users and recipes from files
def load_users():
    users = {}
    with open('users.txt', 'r') as file:
        for line in file:
            username, password, entries = line.strip().split('|')
            users[username] = {'password': password, 'entries': entries.split(',')}
    return users

def load_recipes():
    recipes = []
    with open('recipes.txt', 'r') as file:
        for line in file:
            title, ingredients, instructions = line.strip().split('|')
            recipes.append({'title': title, 'ingredients': ingredients, 'instructions': instructions})
    return recipes

users = load_users()
recipes = load_recipes()

@app.route('/')
def login():
    return render_template('login.html')

@app.route('/register', methods=['GET', 'POST'])
def register():
    if request.method == 'POST':
        username = request.form['username']
        password = request.form['password']
        user = User()
        if user.register(username, password):
            return redirect('/')
    return render_template('register.html')

@app.route('/home')
def home():
    return render_template('home.html')

@app.route('/submit_recipe', methods=['GET', 'POST'])
def submit_recipe():
    if request.method == 'POST':
        title = request.form['title']
        ingredients = request.form['ingredients']
        instructions = request.form['instructions']
        recipe = Recipe()
        recipe.submit_recipe(title, ingredients, instructions)
        return redirect('/home')
    return render_template('recipe_submission.html')

@app.route('/browse_recipes')
def browse_recipes():
    return render_template('recipe_browsing.html', recipes=recipes)

@app.route('/user_profile')
def user_profile():
    return render_template('user_profile.html')

if __name__ == '__main__':
    app.run(port=8174, debug=False)


  --- FILE: recipe.py (PATH: D:/Project/CE/CE/project/website/RecipeHub_20250103172840/code\recipe.py, TYPE: .py) ---
class Recipe:
    def __init__(self):
        self.title = ""
        self.ingredients = ""
        self.instructions = ""

    def submit_recipe(self, title: str, ingredients: str, instructions: str) -> bool:
        with open('recipes.txt', 'a') as file:
            file.write(f"{title}|{ingredients}|{instructions}\n")
        return True

    def fetch_recipes(self) -> list:
        return recipes

    def fetch_recipe_details(self, title: str) -> dict:
        for recipe in recipes:
            if recipe['title'] == title:
                return recipe
        return {}

  --- FILE: recipes.txt (PATH: D:/Project/CE/CE/project/website/RecipeHub_20250103172840/code\recipes.txt, TYPE: .txt) ---
Pasta|Pasta, Tomato Sauce|Boil pasta and add sauce
Salad|Lettuce, Tomato, Cucumber|Mix all ingredients


  --- FILE: session.py (PATH: D:/Project/CE/CE/project/website/RecipeHub_20250103172840/code\session.py, TYPE: .py) ---
class Session:
    def __init__(self):
        self.session_data = {}

    def create_session(self, username: str) -> bool:
        self.session_data[username] = True
        return True

    def destroy_session(self, username: str) -> bool:
        if username in self.session_data:
            del self.session_data[username]
            return True
        return False

  --- FILE: sessions.txt (PATH: D:/Project/CE/CE/project/website/RecipeHub_20250103172840/code\sessions.txt, TYPE: .txt) ---


  --- FILE: user.py (PATH: D:/Project/CE/CE/project/website/RecipeHub_20250103172840/code\user.py, TYPE: .py) ---
class User:
    def __init__(self):
        self.username = ""
        self.password = ""

    def register(self, username: str, password: str) -> bool:
        with open('users.txt', 'a') as file:
            file.write(f"{username}|{password}|\n")
        return True

    def login(self, username: str, password: str) -> bool:
        return username in users and users[username]['password'] == password

    def delete_account(self, username: str) -> bool:
        if username in users:
            del users[username]
            self.save_users()
            return True
        return False

    def save_users(self):
        with open('users.txt', 'w') as file:
            for username, data in users.items():
                file.write(f"{username}|{data['password']}|{','.join(data['entries'])}\n")

  --- FILE: users.txt (PATH: D:/Project/CE/CE/project/website/RecipeHub_20250103172840/code\users.txt, TYPE: .txt) ---
admin|adminpass|recipe1,recipe2
user1|user1pass|recipe3


  --- DIRECTORY: D:/Project/CE/CE/project/website/RecipeHub_20250103172840/code\templates ---
    --- FILE: home.html (PATH: D:/Project/CE/CE/project/website/RecipeHub_20250103172840/code\templates\home.html, TYPE: .html) ---
<!DOCTYPE html>
<html lang="en">
<head>
    <meta charset="UTF-8">
    <meta name="viewport" content="width=device-width, initial-scale=1.0">
    <title>Home</title>
</head>
<body>
    <h1>Welcome to RecipeHub</h1>
    <nav>
        <a href="/submit_recipe">Submit Recipe</a>
        <a href="/browse_recipes">Browse Recipes</a>
        <a href="/user_profile">User Profile</a>
    </nav>
</body>
</html>

    --- FILE: login.html (PATH: D:/Project/CE/CE/project/website/RecipeHub_20250103172840/code\templates\login.html, TYPE: .html) ---
<!DOCTYPE html>
<html lang="en">
<head>
    <meta charset="UTF-8">
    <meta name="viewport" content="width=device-width, initial-scale=1.0">
    <title>Login</title>
</head>
<body>
    <h1>Login</h1>
    <form method="POST" action="/login">
        <label for="username">Username:</label>
        <input type="text" id="username" name="username" required>
        <label for="password">Password:</label>
        <input type="password" id="password" name="password" required>
        <button type="submit">Login</button>
    </form>
    <a href="/register">Register</a>
</body>
</html>

    --- FILE: recipe_browsing.html (PATH: D:/Project/CE/CE/project/website/RecipeHub_20250103172840/code\templates\recipe_browsing.html, TYPE: .html) ---
<!DOCTYPE html>
<html lang="en">
<head>
    <meta charset="UTF-8">
    <meta name="viewport" content="width=device-width, initial-scale=1.0">
    <title>Browse Recipes</title>
</head>
<body>
    <h1>Browse Recipes</h1>
    <ul>
        {% for recipe in recipes %}
            <li>{{ recipe.title }} - {{ recipe.ingredients }}</li>
        {% endfor %}
    </ul>
</body>
</html>

    --- FILE: recipe_submission.html (PATH: D:/Project/CE/CE/project/website/RecipeHub_20250103172840/code\templates\recipe_submission.html, TYPE: .html) ---
<!DOCTYPE html>
<html lang="en">
<head>
    <meta charset="UTF-8">
    <meta name="viewport" content="width=device-width, initial-scale=1.0">
    <title>Submit Recipe</title>
</head>
<body>
    <h1>Submit Recipe</h1>
    <form method="POST" action="/submit_recipe">
        <label for="title">Recipe Title:</label>
        <input type="text" id="title" name="title" required>
        <label for="ingredients">Ingredients:</label>
        <textarea id="ingredients" name="ingredients" required></textarea>
        <label for="instructions">Instructions:</label>
        <textarea id="instructions" name="instructions" required></textarea>
        <button type="submit">Submit</button>
    </form>
</body>
</html>

    --- FILE: register.html (PATH: D:/Project/CE/CE/project/website/RecipeHub_20250103172840/code\templates\register.html, TYPE: .html) ---
<!DOCTYPE html>
<html lang="en">
<head>
    <meta charset="UTF-8">
    <meta name="viewport" content="width=device-width, initial-scale=1.0">
    <title>Register</title>
</head>
<body>
    <h1>Register</h1>
    <form method="POST" action="/register">
        <label for="username">Username:</label>
        <input type="text" id="username" name="username" required>
        <label for="password">Password:</label>
        <input type="password" id="password" name="password" required>
        <button type="submit">Register</button>
    </form>
</body>
</html>

    --- FILE: user_profile.html (PATH: D:/Project/CE/CE/project/website/RecipeHub_20250103172840/code\templates\user_profile.html, TYPE: .html) ---
<!DOCTYPE html>
<html lang="en">
<head>
    <meta charset="UTF-8">
    <meta name="viewport" content="width=device-width, initial-scale=1.0">
    <title>User Profile</title>
</head>
<body>
    <h1>User Profile</h1>
    <p>Username: {{ session['username'] }}</p>
    <h2>Submitted Recipes</h2>
    <ul>
        <!-- This will be populated with user's submitted recipes -->
    </ul>
</body>
</html>

.
        Here are the unit test codes for this project: import unittest
from selenium import webdriver
from selenium.webdriver.common.by import By
import time
import subprocess

class TestRecipeHubApp(unittest.TestCase):

    def setUp(self):
        # Start the web application
        self.process = subprocess.Popen(['python', 'main.py'])
        time.sleep(2)  # Wait for the web app to fully start
        self.driver = webdriver.Chrome()
        self.driver.get('http://localhost:8174')

    def tearDown(self):
        # Close the web driver session
        self.driver.quit()
        self.process.terminate()

    def login(self, username, password):
        # Helper method to perform login
        self.driver.find_element(By.ID, 'username').send_keys(username)
        self.driver.find_element(By.ID, 'password').send_keys(password)
        self.driver.find_element(By.XPATH, '//button[text()="Login"]').click()
        time.sleep(1)  # Wait for the next page to load

    def test_user_login(self):
        # Functionalities 1: Test user login functionality
        self.login("admin", "adminpass")
        self.assertIn("Home", self.driver.title)

    def test_user_registration(self):
        # Functionalities 2: Test user registration functionality
        self.driver.find_element(By.LINK_TEXT, 'Register').click()
        time.sleep(1)  # Wait for the next page to load

        new_username = "new_user"
        new_password = "new_password"

        self.driver.find_element(By.NAME, 'username').send_keys(new_username)
        self.driver.find_element(By.NAME, 'password').send_keys(new_password)
        self.driver.find_element(By.XPATH, '//button[text()="Register"]').click()
        time.sleep(1)  # Wait for the next page to load

        self.assertIn("Login", self.driver.title)

    def test_navigation_to_registration_page(self):
        # Functionalities 3: Test navigation to the Registration Page
        self.driver.find_element(By.LINK_TEXT, 'Register').click()
        time.sleep(1)  # Wait for the next page to load
        self.assertIn("Register", self.driver.title)

        # Test navigation back to the Login Page
        self.driver.back()
        time.sleep(1)
        self.assertIn("Login", self.driver.title)

    def test_recipe_submission(self):
        # Functionalities 4: Test recipe submission
        self.login("admin", "adminpass")
        self.driver.find_element(By.LINK_TEXT, 'Submit Recipe').click()
        time.sleep(1)

        self.driver.find_element(By.NAME, 'title').send_keys("Test Recipe")
        self.driver.find_element(By.NAME, 'ingredients').send_keys("Test Ingredients")
        self.driver.find_element(By.NAME, 'instructions').send_keys("Test Instructions")
        self.driver.find_element(By.XPATH, '//button[text()="Submit"]').click()
        time.sleep(1)

        self.assertIn("Home", self.driver.title)

    def test_recipe_browsing(self):
        # Functionalities 5: Test recipe browsing
        self.login("admin", "adminpass")
        self.driver.find_element(By.LINK_TEXT, 'Browse Recipes').click()
        time.sleep(1)

        self.assertIn("Browse Recipes", self.driver.title)

    def test_view_recipe_details(self):
        # Functionalities 6: Test viewing recipe details
        self.fail("Not implemented")

    def test_navigation_from_browsing_to_home(self):
        # Functionalities 7: Test navigation from Recipe Browsing to Home Page
        self.login("admin", "adminpass")
        self.driver.find_element(By.LINK_TEXT, 'Browse Recipes').click()
        time.sleep(1)

        self.driver.back()
        time.sleep(1)
        self.assertIn("Home", self.driver.title)

    def test_user_profile_page(self):
        # Functionalities 8: Test accessing the User Profile Page
        self.login("admin", "adminpass")
        self.driver.find_element(By.LINK_TEXT, 'User Profile').click()
        time.sleep(1)

        self.assertIn("User Profile", self.driver.title)

    def test_account_deletion(self):
        # Functionalities 9: Test account deletion
        self.fail("Not implemented")

    def test_navigation_from_recipe_details_to_home(self):
        # Functionalities 10: Test navigation from Recipe Details to Home Page
        self.fail("Not implemented")

if __name__ == '__main__':
    unittest.main()
.
        These are all the unit test results (Only failed tests have detailed information):{'category': 'website', 'project_name': 'RecipeHub_20250103172840', 'passed': 2, 'failed': 4, 'errors': 4, 'total': 10, 'output': 'FEF.EEFE.F\n======================================================================\nERROR: test_navigation_from_browsing_to_home (testcode.TestRecipeHubApp.test_navigation_from_browsing_to_home)\n----------------------------------------------------------------------\nTraceback (most recent call last):\n  File "D:\\Project\\CE\\CE\\project\\website\\RecipeHub_20250103172840\\code\\testcode.py", line 88, in test_navigation_from_browsing_to_home\n    self.driver.find_element(By.LINK_TEXT, \'Browse Recipes\').click()\n    ^^^^^^^^^^^^^^^^^^^^^^^^^^^^^^^^^^^^^^^^^^^^^^^^^^^^^^^^\n  File "C:\\Users\\25929\\.conda\\envs\\mfg\\Lib\\site-packages\\selenium\\webdriver\\remote\\webdriver.py", line 770, in find_element\n    return self.execute(Command.FIND_ELEMENT, {"using": by, "value": value})["value"]\n           ^^^^^^^^^^^^^^^^^^^^^^^^^^^^^^^^^^^^^^^^^^^^^^^^^^^^^^^^^^^^^^^^^\n  File "C:\\Users\\25929\\.conda\\envs\\mfg\\Lib\\site-packages\\selenium\\webdriver\\remote\\webdriver.py", line 384, in execute\n    self.error_handler.check_response(response)\n  File "C:\\Users\\25929\\.conda\\envs\\mfg\\Lib\\site-packages\\selenium\\webdriver\\remote\\errorhandler.py", line 232, in check_response\n    raise exception_class(message, screen, stacktrace)\nselenium.common.exceptions.NoSuchElementException: Message: no such element: Unable to locate element: {"method":"link text","selector":"Browse Recipes"}\n  (Session info: chrome=131.0.6778.205); For documentation on this error, please visit: https://www.selenium.dev/documentation/webdriver/troubleshooting/errors#no-such-element-exception\nStacktrace:\n======================================================================\nERROR: test_recipe_browsing (testcode.TestRecipeHubApp.test_recipe_browsing)\n----------------------------------------------------------------------\nTraceback (most recent call last):\n  File "D:\\Project\\CE\\CE\\project\\website\\RecipeHub_20250103172840\\code\\testcode.py", line 76, in test_recipe_browsing\n    self.driver.find_element(By.LINK_TEXT, \'Browse Recipes\').click()\n    ^^^^^^^^^^^^^^^^^^^^^^^^^^^^^^^^^^^^^^^^^^^^^^^^^^^^^^^^\n  File "C:\\Users\\25929\\.conda\\envs\\mfg\\Lib\\site-packages\\selenium\\webdriver\\remote\\webdriver.py", line 770, in find_element\n    return self.execute(Command.FIND_ELEMENT, {"using": by, "value": value})["value"]\n           ^^^^^^^^^^^^^^^^^^^^^^^^^^^^^^^^^^^^^^^^^^^^^^^^^^^^^^^^^^^^^^^^^\n  File "C:\\Users\\25929\\.conda\\envs\\mfg\\Lib\\site-packages\\selenium\\webdriver\\remote\\webdriver.py", line 384, in execute\n    self.error_handler.check_response(response)\n  File "C:\\Users\\25929\\.conda\\envs\\mfg\\Lib\\site-packages\\selenium\\webdriver\\remote\\errorhandler.py", line 232, in check_response\n    raise exception_class(message, screen, stacktrace)\nselenium.common.exceptions.NoSuchElementException: Message: no such element: Unable to locate element: {"method":"link text","selector":"Browse Recipes"}\n  (Session info: chrome=131.0.6778.205); For documentation on this error, please visit: https://www.selenium.dev/documentation/webdriver/troubleshooting/errors#no-such-element-exception\nStacktrace:\n======================================================================\nERROR: test_recipe_submission (testcode.TestRecipeHubApp.test_recipe_submission)\n----------------------------------------------------------------------\nTraceback (most recent call last):\n  File "D:\\Project\\CE\\CE\\project\\website\\RecipeHub_20250103172840\\code\\testcode.py", line 62, in test_recipe_submission\n    self.driver.find_element(By.LINK_TEXT, \'Submit Recipe\').click()\n    ^^^^^^^^^^^^^^^^^^^^^^^^^^^^^^^^^^^^^^^^^^^^^^^^^^^^^^^\n  File "C:\\Users\\25929\\.conda\\envs\\mfg\\Lib\\site-packages\\selenium\\webdriver\\remote\\webdriver.py", line 770, in find_element\n    return self.execute(Command.FIND_ELEMENT, {"using": by, "value": value})["value"]\n           ^^^^^^^^^^^^^^^^^^^^^^^^^^^^^^^^^^^^^^^^^^^^^^^^^^^^^^^^^^^^^^^^^\n  File "C:\\Users\\25929\\.conda\\envs\\mfg\\Lib\\site-packages\\selenium\\webdriver\\remote\\webdriver.py", line 384, in execute\n    self.error_handler.check_response(response)\n  File "C:\\Users\\25929\\.conda\\envs\\mfg\\Lib\\site-packages\\selenium\\webdriver\\remote\\errorhandler.py", line 232, in check_response\n    raise exception_class(message, screen, stacktrace)\nselenium.common.exceptions.NoSuchElementException: Message: no such element: Unable to locate element: {"method":"link text","selector":"Submit Recipe"}\n  (Session info: chrome=131.0.6778.205); For documentation on this error, please visit: https://www.selenium.dev/documentation/webdriver/troubleshooting/errors#no-such-element-exception\nStacktrace:\n======================================================================\nERROR: test_user_profile_page (testcode.TestRecipeHubApp.test_user_profile_page)\n----------------------------------------------------------------------\nTraceback (most recent call last):\n  File "D:\\Project\\CE\\CE\\project\\website\\RecipeHub_20250103172840\\code\\testcode.py", line 98, in test_user_profile_page\n    self.driver.find_element(By.LINK_TEXT, \'User Profile\').click()\n    ^^^^^^^^^^^^^^^^^^^^^^^^^^^^^^^^^^^^^^^^^^^^^^^^^^^^^^\n  File "C:\\Users\\25929\\.conda\\envs\\mfg\\Lib\\site-packages\\selenium\\webdriver\\remote\\webdriver.py", line 770, in find_element\n    return self.execute(Command.FIND_ELEMENT, {"using": by, "value": value})["value"]\n           ^^^^^^^^^^^^^^^^^^^^^^^^^^^^^^^^^^^^^^^^^^^^^^^^^^^^^^^^^^^^^^^^^\n  File "C:\\Users\\25929\\.conda\\envs\\mfg\\Lib\\site-packages\\selenium\\webdriver\\remote\\webdriver.py", line 384, in execute\n    self.error_handler.check_response(response)\n  File "C:\\Users\\25929\\.conda\\envs\\mfg\\Lib\\site-packages\\selenium\\webdriver\\remote\\errorhandler.py", line 232, in check_response\n    raise exception_class(message, screen, stacktrace)\nselenium.common.exceptions.NoSuchElementException: Message: no such element: Unable to locate element: {"method":"link text","selector":"User Profile"}\n  (Session info: chrome=131.0.6778.205); For documentation on this error, please visit: https://www.selenium.dev/documentation/webdriver/troubleshooting/errors#no-such-element-exception\nStacktrace:\n======================================================================\nFAIL: test_account_deletion (testcode.TestRecipeHubApp.test_account_deletion)\n----------------------------------------------------------------------\nTraceback (most recent call last):\n  File "D:\\Project\\CE\\CE\\project\\website\\RecipeHub_20250103172840\\code\\testcode.py", line 105, in test_account_deletion\n    self.fail("Not implemented")\nAssertionError: Not implemented\n======================================================================\nFAIL: test_navigation_from_recipe_details_to_home (testcode.TestRecipeHubApp.test_navigation_from_recipe_details_to_home)\n----------------------------------------------------------------------\nTraceback (most recent call last):\n  File "D:\\Project\\CE\\CE\\project\\website\\RecipeHub_20250103172840\\code\\testcode.py", line 109, in test_navigation_from_recipe_details_to_home\n    self.fail("Not implemented")\nAssertionError: Not implemented\n======================================================================\nFAIL: test_user_login (testcode.TestRecipeHubApp.test_user_login)\n----------------------------------------------------------------------\nTraceback (most recent call last):\n  File "D:\\Project\\CE\\CE\\project\\website\\RecipeHub_20250103172840\\code\\testcode.py", line 31, in test_user_login\n    self.assertIn("Home", self.driver.title)\nAssertionError: \'Home\' not found in \'404 Not Found\'\n======================================================================\nFAIL: test_view_recipe_details (testcode.TestRecipeHubApp.test_view_recipe_details)\n----------------------------------------------------------------------\nTraceback (most recent call last):\n  File "D:\\Project\\CE\\CE\\project\\website\\RecipeHub_20250103172840\\code\\testcode.py", line 83, in test_view_recipe_details\n    self.fail("Not implemented")\nAssertionError: Not implemented\n----------------------------------------------------------------------\nRan 10 tests in 72.237s\nFAILED (failures=4, errors=4)'}
        
        Please analyze the test results one by one. For each unit test result, analyze step by step to identify the reasons for the test failure.
2025-01-03 Friday 17:31:33 ceaug_main.py : INFO  Sure! Let's analyze each unit test result step by step, focusing on why the tests failed and what can be done to fix the issues.

### 1. Test: `test_user_login`

- **Failure Reason**: `AssertionError: 'Home' not found in '404 Not Found'`
- **Analysis**:
  - The test tries to log in using the admin credentials ("admin", "adminpass"). However, it encounters a "404 Not Found" error when attempting to access the home page after a successful login.
  - This suggests that after a successful login, the application might not be directing the user to the `/home` route correctly.
  
- **Fix Suggestions**:
  - Verify the login logic in the `main.py` file. Ensure that after successful login, there is a redirection to the `/home` route. Look for missing routes or an issue with the login function.

### 2. Test: `test_recipe_submission`

- **Failure Reason**: `selenium.common.exceptions.NoSuchElementException: Unable to locate element: {"method":"link text","selector":"Submit Recipe"}`
- **Analysis**:
  - This test fails when trying to click on the "Submit Recipe" link after logging in. This means that the link is not found on the page.
  - The possible reason for this could be that the login is not successful, leading to a situation where the home page is not rendered correctly or is missing the navigation menu options.
  
- **Fix Suggestions**:
  - Investigate the response from the server during the login process to confirm that the user is being authenticated properly.
  - Ensure that the link for "Submit Recipe" is included correctly in the `home.html` template after login.

### 3. Test: `test_recipe_browsing`

- **Failure Reason**: `selenium.common.exceptions.NoSuchElementException: Unable to locate element: {"method":"link text","selector":"Browse Recipes"}`
- **Analysis**:
  - Similar to the previous test, this one fails because it cannot find the "Browse Recipes" link. This could be attributed to the failure of the login process.
  
- **Fix Suggestions**:
  - Check if the home page correctly displays the navigation links after login and ensure the application logic correctly handles logged-in users.

### 4. Test: `test_user_profile_page`

- **Failure Reason**: `selenium.common.exceptions.NoSuchElementException: Unable to locate element: {"method":"link text","selector":"User Profile"}`
- **Analysis**:
  - Again, the test fails to find the "User Profile" link. This points towards the same root cause as above tests: after login, the application does not display the expected links.
  
- **Fix Suggestions**:
  - Similar to previous tests, verify the rendering of the home page and its navigation links post-login, ensuring that the user state is handled correctly.

### 5. Test: `test_account_deletion`

- **Failure Reason**: `AssertionError: Not implemented`
- **Analysis**:
  - This test case is marked as "not implemented," hence it fails immediately upon executing the assertion.
  
- **Fix Suggestions**:
  - Implement the logic for account deletion in this test, perhaps by adding a method that simulates the user requesting to delete their account and confirming the deletion.

### 6. Test: `test_navigation_from_recipe_details_to_home`

- **Failure Reason**: `AssertionError: Not implemented`
- **Analysis**:
  - Similar to the previous test, this test case has not been implemented, resulting in an immediate failure.
  
- **Fix Suggestions**:
  - Implement the test to check the scenario of navigating back to the home page from a recipe detail page.

### 7. Test: `test_view_recipe_details`

- **Failure Reason**: `AssertionError: Not implemented`
- **Analysis**:
  - This test is also not implemented, resulting in an immediate failure.
  
- **Fix Suggestions**:
  - Implement this test to check the behavior of viewing a recipe¡¯s details.

### Summary of Recommendations

1. Verify the login functionality to ensure users are redirected appropriately.
2. Ensure the home page renders navigation links correctly for logged-in users.
3. Implement the unimplemented tests (`test_account_deletion`, `test_navigation_from_recipe_details_to_home`, `test_view_recipe_details`).
4. After making the changes, rerun the tests to confirm that the issues are resolved. 

By addressing these specific areas, you should be able to significantly improve the overall functionality and reliability of the application.
2025-01-03 Friday 17:31:33 ceaug_main.py : INFO  Do you think the issue is caused by errors in the project's code or poorly written test cases? If it is a code error, please include a [CODE] at the end of your output. If not, you don't need to add anything. Thank you.
2025-01-03 Friday 17:31:35 _client.py : INFO  HTTP Request: POST https://api.chatanywhere.tech/chat/completions "HTTP/1.1 200 OK"
2025-01-03 Friday 17:31:35 ceaug_main.py : INFO  The majority of the issues observed in the test results seem to stem from errors in the project's code rather than poorly written test cases. Specifically, the test failures principally arise from the application's routing and user session management. The tests themselves appear to be correctly implemented; they are attempting to navigate through the application based on its expected behavior.

Given that the tests are unable to find elements on the pages after a login attempt suggests that there are likely existing bugs or unhandled scenarios in the application code preventing the correct rendering of pages or routes being accessed. Therefore, the main focus should be on fixing the issues in the code.

[CODE]
2025-01-03 Friday 17:31:55 _client.py : INFO  HTTP Request: POST https://api.chatanywhere.tech/chat/completions "HTTP/1.1 200 OK"
2025-01-03 Friday 17:31:55 ceaug_main.py : INFO  ### Summary of Issues Identified from Unit Test Results

1. **Login Redirection**: The application does not redirect users correctly to the home page after a successful login, indicating potential issues in the routing or session management logic within the codebase.

2. **Missing Navigation Links**: Upon logging in, the expected navigation links (e.g., "Submit Recipe," "Browse Recipes," "User Profile") are not being rendered, suggesting that the code does not properly handle user sessions or the state when rendering the home page.

3. **Unimplemented Tests**: Several tests related to account deletion, recipe details viewing, and navigating back from recipe details to home are not implemented. This indicates a lack of handling for these functionalities within the application.

### Guidance for Improvement

1. **Routing and Session Management**:
   - Ensure that the application has a clear flow for redirecting after login. When a user successfully logs in, confirm the use of redirection to the appropriate home route with session verification.
   - Pseudocode:
     ```python
     if user.login_successful:
         redirect_to('/home')
     ```

2. **Dynamic Content Rendering**:
   - Implement checks to validate user authentication status when rendering pages, especially for logged-in user views. Ensure all navigation links and content are displayed properly based on the user session.
   - Pseudocode:
     ```python
     if session.user_authenticated:
         display_navigation_links(['Submit Recipe', 'Browse Recipes', 'User Profile'])
     else:
         display_links(['Login', 'Register'])
     ```

3. **Comprehensive Coverage of Functionality**:
   - Define and implement all essential functionalities and their respective tests early in the development process. Ensure that missing functionalities, like account deletion and viewing recipe details, are fully coded and covered by tests.
   - Pseudocode for account deletion:
     ```python
     def delete_account(username):
         if user_exists(username):
             remove_user(username)
             redirect_to('/login')
     ```

4. **Test-Driven Development (TDD) Approach**:
   - Adopt a TDD approach by writing tests for new features before implementation. This will ensure that all scenarios are considered and help catch issues early in the development cycle.
   - Pseudocode:
     ```python
     test_account_deletion(user):
         login(user)
         attempt_delete_account(user)
         assert account_is_deleted(user)
     ```

By addressing the issues highlighted by the unit tests and following the improvement guidance, the development process can become more structured and efficient, leading to a more robust application.
2025-01-03 Friday 17:31:55 ceaug_main.py : INFO  final selected:
### Summary of Issues Identified from Unit Test Results

1. **Login Redirection**: The application does not redirect users correctly to the home page after a successful login, indicating potential issues in the routing or session management logic within the codebase.

2. **Missing Navigation Links**: Upon logging in, the expected navigation links (e.g., "Submit Recipe," "Browse Recipes," "User Profile") are not being rendered, suggesting that the code does not properly handle user sessions or the state when rendering the home page.

3. **Unimplemented Tests**: Several tests related to account deletion, recipe details viewing, and navigating back from recipe details to home are not implemented. This indicates a lack of handling for these functionalities within the application.

### Guidance for Improvement

1. **Routing and Session Management**:
   - Ensure that the application has a clear flow for redirecting after login. When a user successfully logs in, confirm the use of redirection to the appropriate home route with session verification.
   - Pseudocode:
     ```python
     if user.login_successful:
         redirect_to('/home')
     ```

2. **Dynamic Content Rendering**:
   - Implement checks to validate user authentication status when rendering pages, especially for logged-in user views. Ensure all navigation links and content are displayed properly based on the user session.
   - Pseudocode:
     ```python
     if session.user_authenticated:
         display_navigation_links(['Submit Recipe', 'Browse Recipes', 'User Profile'])
     else:
         display_links(['Login', 'Register'])
     ```

3. **Comprehensive Coverage of Functionality**:
   - Define and implement all essential functionalities and their respective tests early in the development process. Ensure that missing functionalities, like account deletion and viewing recipe details, are fully coded and covered by tests.
   - Pseudocode for account deletion:
     ```python
     def delete_account(username):
         if user_exists(username):
             remove_user(username)
             redirect_to('/login')
     ```

4. **Test-Driven Development (TDD) Approach**:
   - Adopt a TDD approach by writing tests for new features before implementation. This will ensure that all scenarios are considered and help catch issues early in the development cycle.
   - Pseudocode:
     ```python
     test_account_deletion(user):
         login(user)
         attempt_delete_account(user)
         assert account_is_deleted(user)
     ```

By addressing the issues highlighted by the unit tests and following the improvement guidance, the development process can become more structured and efficient, leading to a more robust application.
2025-01-03 Friday 17:31:55 c_programmer.py : INFO  C_Programmer Clorinde Coding...
2025-01-03 Friday 17:31:55 c_programmer.py : INFO  
You are a professional engineer; the main goal is to write google-style, elegant, modular, easy to read and maintain code.
Output format carefully referenced "Format example".
In addition to writing code, you may also need to complete the data files in the task list (such as .txt .json .csv files). If the task list requires the implementation of data files, you need to simply design some data that meets the requirements for your completed software to facilitate the startup and testing of the software as a demo.


# Context

## Design
[CONTENT]
"Implementation approach": "We will use Flask as the web framework for the RecipeHub application, which allows for easy routing and template rendering. The application will be structured to handle user registration, login, recipe submission, and browsing functionalities. For the front-end, we will use HTML to create the necessary templates for the UI. The data will be stored in local text files, ensuring a lightweight and efficient application without the need for a SQL database.",
"UI design":"- The application will have a Login Page for user authentication, a Registration Page for new users, a Home Page with navigation options, a Recipe Submission Page for users to submit their recipes, a Recipe Browsing Page for searching and viewing recipes, and a User Profile Page for managing user information and submitted recipes.",
"Data Storage":"Data will be stored in local text files. Different types of data will be stored in separate files. The following files will be used: 'users.txt' for storing user credentials, 'recipes.txt' for storing submitted recipes, and 'sessions.txt' for managing user sessions. Each file will have a specific format to facilitate easy data retrieval and management.",
"File list": ["main.py", "templates/login.html", "templates/register.html", "templates/home.html", "templates/recipe_submission.html", "templates/recipe_browsing.html", "templates/user_profile.html", "recipes.txt", "users.txt", "sessions.txt"],
"Data structures and interfaces": "
classDiagram
    class Main {
        -Flask app
        +main() str
    }
    class User {
        -username: str
        -password: str
        +register(username: str, password: str) bool
        +login(username: str, password: str) bool
        +delete_account(username: str) bool
    }
    class Recipe {
        -title: str
        -ingredients: str
        -instructions: str
        +submit_recipe(title: str, ingredients: str, instructions: str) bool
        +fetch_recipes() list
        +fetch_recipe_details(title: str) dict
    }
    class Session {
        -session_data: dict
        +create_session(username: str) bool
        +destroy_session(username: str) bool
    }
    Main --> User
    Main --> Recipe
    Main --> Session
",
[/CONTENT]
## Whole Task Plan
{
"Required packages": [
    "flask==1.1.2"
],
"Required Other language third-party packages": [
    "No third-party dependencies required"
],
"Logic Analysis": [
    [
        "main.py",
        "The main file of the application, responsible for initializing the Flask app and routing. Contains main function and handles user sessions."
    ],
    [
        "templates/login.html",
        "HTML template for the Login Page, includes form for username and password."
    ],
    [
        "templates/register.html",
        "HTML template for the Registration Page, includes form for new user registration."
    ],
    [
        "templates/home.html",
        "HTML template for the Home Page, includes navigation options for users."
    ],
    [
        "templates/recipe_submission.html",
        "HTML template for the Recipe Submission Page, includes form for submitting recipes."
    ],
    [
        "templates/recipe_browsing.html",
        "HTML template for the Recipe Browsing Page, includes search functionality and recipe list."
    ],
    [
        "templates/user_profile.html",
        "HTML template for the User Profile Page, includes user information and submitted recipes."
    ]
],
"Task list": 
{
    'T0':'|Set up Flask application and routing.|related files:["main.py"]',
    'T1':'|Implement user registration functionality and create Registration Page.|related files:["main.py", "templates/register.html"]',
    'T2':'|Implement user login functionality and create Login Page.|related files:["main.py", "templates/login.html"]',
    'T3':'|Create Home Page with navigation options and welcome message.|related files:["main.py", "templates/home.html"]',
    'T4':'|Implement recipe submission functionality and create Recipe Submission Page.|related files:["main.py", "templates/recipe_submission.html"]',
    'T5':'|Implement recipe browsing functionality and create Recipe Browsing Page.|related files:["main.py", "templates/recipe_browsing.html"]',
    'T6':'|Implement user profile management and create User Profile Page.|related files:["main.py", "templates/user_profile.html"]'
},
"Full API spec": "",
"Shared Knowledge": "`main.py` contains the main application logic and routing for the RecipeHub application."
}

## Counter Example Error Case Reference.
Here are some lessons and reflections gained from the flawed implementation of the project:
(-1.0, '### Summary of Issues Identified from Unit Test Results\n\n1. **Login Redirection**: The application does not redirect users correctly to the home page after a successful login, indicating potential issues in the routing or session management logic within the codebase.\n\n2. **Missing Navigation Links**: Upon logging in, the expected navigation links (e.g., "Submit Recipe," "Browse Recipes," "User Profile") are not being rendered, suggesting that the code does not properly handle user sessions or the state when rendering the home page.\n\n3. **Unimplemented Tests**: Several tests related to account deletion, recipe details viewing, and navigating back from recipe details to home are not implemented. This indicates a lack of handling for these functionalities within the application.\n\n### Guidance for Improvement\n\n1. **Routing and Session Management**:\n   - Ensure that the application has a clear flow for redirecting after login. When a user successfully logs in, confirm the use of redirection to the appropriate home route with session verification.\n   - Pseudocode:\n     ```python\n     if user.login_successful:\n         redirect_to(\'/home\')\n     ```\n\n2. **Dynamic Content Rendering**:\n   - Implement checks to validate user authentication status when rendering pages, especially for logged-in user views. Ensure all navigation links and content are displayed properly based on the user session.\n   - Pseudocode:\n     ```python\n     if session.user_authenticated:\n         display_navigation_links([\'Submit Recipe\', \'Browse Recipes\', \'User Profile\'])\n     else:\n         display_links([\'Login\', \'Register\'])\n     ```\n\n3. **Comprehensive Coverage of Functionality**:\n   - Define and implement all essential functionalities and their respective tests early in the development process. Ensure that missing functionalities, like account deletion and viewing recipe details, are fully coded and covered by tests.\n   - Pseudocode for account deletion:\n     ```python\n     def delete_account(username):\n         if user_exists(username):\n             remove_user(username)\n             redirect_to(\'/login\')\n     ```\n\n4. **Test-Driven Development (TDD) Approach**:\n   - Adopt a TDD approach by writing tests for new features before implementation. This will ensure that all scenarios are considered and help catch issues early in the development cycle.\n   - Pseudocode:\n     ```python\n     test_account_deletion(user):\n         login(user)\n         attempt_delete_account(user)\n         assert account_is_deleted(user)\n     ```\n\nBy addressing the issues highlighted by the unit tests and following the improvement guidance, the development process can become more structured and efficient, leading to a more robust application.')

-----
# Format Example 
*** main.py
```python
...
```

*** ui.py
```python
...
```
-----
# Instruction: Based on the context, follow "Format example", write or revise code to complete task described in "coding sub-task".
## ATTENTION
1. Use '***' to SPLIT different CODE SECTIONS. do not forget ``` in each file, refer the the example. Output format carefully referenced "Format example".
2. Follow design: YOU MUST FOLLOW "Data structures and interfaces". DONT CHANGE ANY DESIGN. Do not use public member functions that do not exist in your design.
3. CAREFULLY CHECK THAT YOU DONT MISS ANY NECESSARY CLASS/FUNCTION IN THE FILE.
4. You must import the third-party libraries used in your code
5. If you import a Class, you must import it firstly.
6. Determine the order of writing the files based on your understanding of the project.
7. Write out EVERY CODE DETAIL, DON'T LEAVE TODO,PASS,PLACEHOLDER.
8. Only write code result, do not output any other content in the start or in the end.
9. If you need to generate text data, follow the rules outlined in "<When Storing Data>" below.
 <When storing data>:
Different groups of data are distinguished by line breaks.
Different contents of the same group of data are distinguished by |.
Within any single content that contains multiple sub-entries, those sub-entries are separated by commas ,.
Example:
admin1|pass123|entry1,entry2,entry3  
admin2|pass123|entry1
Make sure:
The | character is used only to separate distinct contents within a group.
Commas , are used exclusively to separate multiple sub-entries within a single content.

# Website Development Rule
If you are doing website development, be sure to route the root path (/). If there is a login page, set the login page as the root route(/).
If you are doing website development, please do not encrypt the account password for the login function.
If you are doing website development, your code needs to take into account the process of loading data from the data file, so don't forget to load the data.
If you are doing Website Development, do not follow the rules of Website and Game development.
If you are using Flask in production, set the debug mode to False.
# GUI tkinter Development Rule
If you are doing GUI tkinter Development, do not follow the rules of Website and Game development.
# Game Development Rule
If the software needs to load data, please make sure the loading data code matches the data format and data file.
If you are doing Game Development, do not follow the rules of Website and Game development.

# important rule
Use '***' to SPLIT CODE SECTIONS. do not forget ``` in each file, refer the the example. Output format carefully referenced "Format example". 
Adhere strictly to the task requirements and implement them fully; do not include placeholders or "example" for code that is intended for future implementation.

# Counter Example Error Case Reference guideline
An example of a counter case for the entire project is provided in "Counter Example Error Case Reference". This counter case includes some errors that require attention. When completing the code, please pay extra attention to the current task and the points highlighted in the counter case, avoiding these errors to produce better code.

2025-01-03 Friday 17:32:19 _client.py : INFO  HTTP Request: POST https://api.chatanywhere.tech/chat/completions "HTTP/1.1 200 OK"
2025-01-03 Friday 17:32:19 model.py : INFO  following invoke cost: 3430 | all cost: 12002
2025-01-03 Friday 17:32:19 c_programmer.py : INFO  
*** main.py
```python
from flask import Flask, render_template, request, redirect, session
from user import User
from recipe import Recipe
from session import Session

app = Flask(__name__)
app.secret_key = 'your_secret_key'

# Load data from files
def load_users():
    users = {}
    with open('users.txt', 'r') as file:
        for line in file:
            username, password, entries = line.strip().split('|')
            users[username] = {'password': password, 'entries': entries.split(',')}
    return users

def load_recipes():
    recipes = []
    with open('recipes.txt', 'r') as file:
        for line in file:
            title, ingredients, instructions = line.strip().split('|')
            recipes.append({'title': title, 'ingredients': ingredients, 'instructions': instructions})
    return recipes

users = load_users()
recipes = load_recipes()

@app.route('/')
def login():
    return render_template('login.html')

@app.route('/register', methods=['GET', 'POST'])
def register():
    if request.method == 'POST':
        username = request.form['username']
        password = request.form['password']
        user = User()
        if user.register(username, password):
            return redirect('/login')
    return render_template('register.html')

@app.route('/home')
def home():
    return render_template('home.html', recipes=recipes)

@app.route('/submit_recipe', methods=['GET', 'POST'])
def submit_recipe():
    if request.method == 'POST':
        title = request.form['title']
        ingredients = request.form['ingredients']
        instructions = request.form['instructions']
        recipe = Recipe()
        recipe.submit_recipe(title, ingredients, instructions)
        return redirect('/home')
    return render_template('recipe_submission.html')

@app.route('/browse_recipes')
def browse_recipes():
    return render_template('recipe_browsing.html', recipes=recipes)

@app.route('/user_profile')
def user_profile():
    return render_template('user_profile.html', user=session.get('username'))

if __name__ == '__main__':
    app.run(debug=False)
```

*** user.py
```python
class User:
    def __init__(self):
        self.users = {}

    def register(self, username: str, password: str) -> bool:
        if username not in self.users:
            self.users[username] = {'password': password, 'entries': []}
            self.save_user_data(username, password)
            return True
        return False

    def login(self, username: str, password: str) -> bool:
        if username in self.users and self.users[username]['password'] == password:
            return True
        return False

    def delete_account(self, username: str) -> bool:
        if username in self.users:
            del self.users[username]
            self.save_all_users()
            return True
        return False

    def save_user_data(self, username: str, password: str):
        with open('users.txt', 'a') as file:
            file.write(f"{username}|{password}|\n")

    def save_all_users(self):
        with open('users.txt', 'w') as file:
            for username, data in self.users.items():
                file.write(f"{username}|{data['password']}|{','.join(data['entries'])}\n")
```

*** recipe.py
```python
class Recipe:
    def __init__(self):
        self.recipes = []

    def submit_recipe(self, title: str, ingredients: str, instructions: str) -> bool:
        self.recipes.append({'title': title, 'ingredients': ingredients, 'instructions': instructions})
        self.save_recipe_data(title, ingredients, instructions)
        return True

    def fetch_recipes(self) -> list:
        return self.recipes

    def fetch_recipe_details(self, title: str) -> dict:
        for recipe in self.recipes:
            if recipe['title'] == title:
                return recipe
        return {}

    def save_recipe_data(self, title: str, ingredients: str, instructions: str):
        with open('recipes.txt', 'a') as file:
            file.write(f"{title}|{ingredients}|{instructions}\n")
```

*** session.py
```python
class Session:
    def __init__(self):
        self.session_data = {}

    def create_session(self, username: str) -> bool:
        self.session_data[username] = True
        return True

    def destroy_session(self, username: str) -> bool:
        if username in self.session_data:
            del self.session_data[username]
            return True
        return False
```

*** users.txt
```
admin|pass123|entry1,entry2,entry3
user1|pass456|entry1
```

*** recipes.txt
```
Pasta|pasta, tomato sauce|Boil pasta and add sauce.
Salad|lettuce, tomato, cucumber|Mix all ingredients.
```

*** sessions.txt
```
```

