2025-01-17 Friday 16:28:07 team.py : INFO  Setting Project Dir to D:/Project/CE/CE/project/gui/KnowledgeTracker/
2025-01-17 Friday 16:28:09 product_manager.py : INFO  Product Manager Pole Writing PRD...
2025-01-17 Friday 16:28:09 product_manager.py : INFO  
You are an excellent Software Requirements Analyst, and your task is to analyze an initial project description, 
generate the functional requirements section of the Software Requirements Specification (SRS) document (non-functional requirements are not required).
Aim to achieve functional requirements, only require to implement demo.
Note that general overview of the project just copy the content of system description.
Note that software functional requirements just follow the Core Features part of System description. Do not over think.


# Context
## system description
# Software Description

### Objective

The Knowledge Tracker software is designed to help users track and organize their scientific knowledge. The software allows users to input, categorize, and store various pieces of scientific information, such as theories, concepts, and experiments. It provides features for easy retrieval, organization, and updating of knowledge, helping users maintain their learning and research.

### Core Features

1. Users shall be able to input and categorize scientific knowledge such as theories, concepts, and experiments.  
2. The application needs to provide users with easy access and retrieval of knowledge.  
3. Users shall be able to update and add new knowledge over time.  

### Language

Use Python to develop an application. You can use the Tkinter library to build graphical user interfaces.

### Data Storage

Data will be stored in local text files.

-----
# Format Example
[OUTPUT]
## general overview of the project
general overview of the project

## software functional requirements
...
...
...
[/OUTPUT]


## Instruction 
- general overview of the project: copy the system description here.
- software function requirements: based on the system description, output system's function requirements with details.

# Constraint
Format: output wrapped inside [OUTPUT][/OUTPUT] like format example, nothing else.

# Action
follow Instruction, Carefully ouput only functional requrirement based on the original system description
Aim to achieve functional requirements, only require to implement demo.
do not output ```plaintext or other ``` in the start and the end, output directly.

2025-01-17 Friday 16:28:09 model.py : INFO  self.model.temperature-----------------0.2-------------------------------
2025-01-17 Friday 16:28:11 _client.py : INFO  HTTP Request: POST https://api.chatanywhere.tech/chat/completions "HTTP/1.1 200 OK"
2025-01-17 Friday 16:28:11 model.py : INFO  following invoke cost: 599 | all cost: 599
2025-01-17 Friday 16:28:11 product_manager.py : INFO  Product Manager Pole
2025-01-17 Friday 16:28:11 product_manager.py : INFO  [OUTPUT]
## general overview of the project
The Knowledge Tracker software is designed to help users track and organize their scientific knowledge. The software allows users to input, categorize, and store various pieces of scientific information, such as theories, concepts, and experiments. It provides features for easy retrieval, organization, and updating of knowledge, helping users maintain their learning and research.

## software functional requirements
1. The system shall allow users to input scientific knowledge, including theories, concepts, and experiments.
2. The system shall provide users with a user-friendly interface to categorize the inputted scientific knowledge.
3. The system shall enable users to easily access and retrieve stored scientific knowledge.
4. The system shall allow users to update existing scientific knowledge.
5. The system shall provide functionality for users to add new scientific knowledge over time.
6. The system shall store all scientific knowledge in local text files for data persistence.
[/OUTPUT]
2025-01-17 Friday 16:28:11 product_manager.py : INFO  Product Manager Pole extracting PRD......
2025-01-17 Friday 16:28:11 architect.py : INFO  Architect Arnold generate Architect variable temperature
2025-01-17 Friday 16:28:11 architect.py : INFO  
You are a Architect, your goal is design a concise, usable, complete software system. the constraint is make sure the architecture is simple enough and use appropriate open source libraries.
Aim to achieve functional requirements, only require to implement demo.
If the original requirements have data storage requirements, you need to design a simple data storage method for the software. Do not use SQL datasets. Follow the data storage requirements in the software requirements(including data format, storage requirements, etc.).


## Context
original_requirement
# Software Description

### Objective

The Knowledge Tracker software is designed to help users track and organize their scientific knowledge. The software allows users to input, categorize, and store various pieces of scientific information, such as theories, concepts, and experiments. It provides features for easy retrieval, organization, and updating of knowledge, helping users maintain their learning and research.

### Core Features

1. Users shall be able to input and categorize scientific knowledge such as theories, concepts, and experiments.  
2. The application needs to provide users with easy access and retrieval of knowledge.  
3. Users shall be able to update and add new knowledge over time.  

### Language

Use Python to develop an application. You can use the Tkinter library to build graphical user interfaces.

### Data Storage

Data will be stored in local text files.
functional requirements
[OUTPUT] ## general overview of the project The Knowledge Tracker software is designed to help users track and organize their scientific knowledge. The software allows users to input, categorize, and store various pieces of scientific information, such as theories, concepts, and experiments. It provides features for easy retrieval, organization, and updating of knowledge, helping users maintain their learning and research. ## software functional requirements 1. The system shall allow users to input scientific knowledge, including theories, concepts, and experiments. 2. The system shall provide users with a user-friendly interface to categorize the inputted scientific knowledge. 3. The system shall enable users to easily access and retrieve stored scientific knowledge. 4. The system shall allow users to update existing scientific knowledge. 5. The system shall provide functionality for users to add new scientific knowledge over time. 6. The system shall store all scientific knowledge in local text files for data persistence. [/OUTPUT]
-----
## format example
[CONTENT]
"Implementation approach": "We will ...",
"UI design":"- A canvas for... with ... For Web applications, you should use html to generate the web template by yourself."
"Data Storage":"If software requires a data storage, you should follow the rules: Data will be stored in local files. Different types of data will be stored in separate files. You should define the file by yourself in advance.Do not use SQL database. Else just print Not Require!"
"File list": ["main.py","game.py","templates/login.html","users.txt"],
"Data structures and interfaces": "
classDiagram
    class Main {
        -SearchEngine search_engine
        +main() str
    }
    class SearchEngine {
        -Index index
        -Ranking ranking
        -Summary summary
        +search(query: str) str
    }
    class Index {
        -KnowledgeBase knowledge_base
        +create_index(data: dict)
        +query_index(query: str) list
    }
    class Ranking {
        +rank_results(results: list) list
    }
    class Summary {
        +summarize_results(results: list) str
    }
    class KnowledgeBase {
        +update(data: dict)
        +fetch_data(query: str) dict
    }
    Main --> SearchEngine
    SearchEngine --> Index
    SearchEngine --> Ranking
    SearchEngine --> Summary
    Index --> KnowledgeBase
",

[/CONTENT]

## nodes: "<node>: <type>  # <instruction>"
- Implementation approach: <class 'str'>  # Analyze the difficult points of the requirements, select the appropriate open-source framework. If require GUI, you must also choose a GUI framework (e.g., in Python, you can implement GUI via tkinter, Pygame, Flexx, PyGUI, etc,)
- File list: typing.List[str]  #  Only need relative paths. ALWAYS write a main.py here
- Data structures and interfaces: <class 'str'>  # Use mermaid classDiagram code syntax, including classes, method(__init__ etc.) and functions with type annotations, CLEARLY MARK the RELATIONSHIPS between classes, and comply with PEP8 standards. The data structures SHOULD BE VERY DETAILED and the API should be comprehensive with a complete design.
- UI design:<class 'str'>  # optional, if system require UI, choose a GUI framework (e.g., in Python, you can implement GUI via tkinter, Pygame, Flexx, PyGUI, etc,) and list system UI design and corresponding feature's UI design.

## constraint
Language: Please use the same language as Human INPUT.
Format: output wrapped inside [CONTENT][/CONTENT] like format example, nothing else.
If you are doing website development, do not encrypt the account password for the login function.

# Attention
1. If a feature of software requires a GUI, you also need to carefully consider the UI components that this feature will require and its relationship to the main UI in Architecture.
2. Aim to achieve functional requirements, only require to implement a demo.
3. If project requires data storage, follow the requirement of data storage, implement a simple storage.Do not use SQL database.
4. Organize related functionalities into a single Python file to avoid creating too many files.
5. do not output ```plaintext or other ``` in the start and the end, output directly.

## action
Follow instructions of nodes and Attention, generate output and make sure it follows the format example.

2025-01-17 Friday 16:28:11 model.py : INFO  self.model.temperature-----------------0.45-------------------------------
2025-01-17 Friday 16:28:14 _client.py : INFO  HTTP Request: POST https://api.chatanywhere.tech/chat/completions "HTTP/1.1 200 OK"
2025-01-17 Friday 16:28:14 model.py : INFO  following invoke cost: 1467 | all cost: 2066
2025-01-17 Friday 16:28:14 architect.py : INFO  Architect Arnold
2025-01-17 Friday 16:28:14 architect.py : INFO  [CONTENT]
"Implementation approach": "We will use Python with the Tkinter library to create a graphical user interface for the Knowledge Tracker software. The application will allow users to input, categorize, and retrieve scientific knowledge stored in local text files. We will implement classes to manage knowledge storage and retrieval, ensuring a simple and effective architecture.",
"UI design":"- A main window with buttons for adding, updating, and retrieving knowledge. - An input field for entering scientific knowledge. - A dropdown menu for categorizing knowledge. - A text area for displaying retrieved knowledge.",
"Data Storage":"All scientific knowledge will be stored in a local text file named 'knowledge.txt'. Each entry will be stored in a structured format, such as JSON, to allow for easy retrieval and updates. The file will be read and written to whenever knowledge is added, updated, or retrieved.",
"File list": ["main.py", "knowledge.txt"],
"Data structures and interfaces": "
classDiagram
    class Main {
        -KnowledgeManager knowledge_manager
        +main() str
    }
    class KnowledgeManager {
        -file_path: str
        +__init__(file_path: str)
        +add_knowledge(entry: dict)
        +update_knowledge(entry: dict)
        +retrieve_knowledge() list
    }
    Main --> KnowledgeManager
",
[/CONTENT]
2025-01-17 Friday 16:28:14 architect.py : INFO  Architect writting ARCHITECT
2025-01-17 Friday 16:28:14 project_manager.py : INFO  Project Manager Tsunoda generate Project PLAN variable temperature
2025-01-17 Friday 16:28:14 project_manager.py : INFO  
You are a Project Manager, your goal is break down tasks according to functional requirement/architecture, generate a task plan, and analyze task dependencies to start with the prerequisite modules. the constraint is use same language as user requirement. 


## Context
functional requirement:
[OUTPUT] ## general overview of the project The Knowledge Tracker software is designed to help users track and organize their scientific knowledge. The software allows users to input, categorize, and store various pieces of scientific information, such as theories, concepts, and experiments. It provides features for easy retrieval, organization, and updating of knowledge, helping users maintain their learning and research. ## software functional requirements 1. The system shall allow users to input scientific knowledge, including theories, concepts, and experiments. 2. The system shall provide users with a user-friendly interface to categorize the inputted scientific knowledge. 3. The system shall enable users to easily access and retrieve stored scientific knowledge. 4. The system shall allow users to update existing scientific knowledge. 5. The system shall provide functionality for users to add new scientific knowledge over time. 6. The system shall store all scientific knowledge in local text files for data persistence. [/OUTPUT]

architecture:
[CONTENT]
"Implementation approach": "We will use Python with the Tkinter library to create a graphical user interface for the Knowledge Tracker software. The application will allow users to input, categorize, and retrieve scientific knowledge stored in local text files. We will implement classes to manage knowledge storage and retrieval, ensuring a simple and effective architecture.",
"UI design":"- A main window with buttons for adding, updating, and retrieving knowledge. - An input field for entering scientific knowledge. - A dropdown menu for categorizing knowledge. - A text area for displaying retrieved knowledge.",
"Data Storage":"All scientific knowledge will be stored in a local text file named 'knowledge.txt'. Each entry will be stored in a structured format, such as JSON, to allow for easy retrieval and updates. The file will be read and written to whenever knowledge is added, updated, or retrieved.",
"File list": ["main.py", "knowledge.txt"],
"Data structures and interfaces": "
classDiagram
    class Main {
        -KnowledgeManager knowledge_manager
        +main() str
    }
    class KnowledgeManager {
        -file_path: str
        +__init__(file_path: str)
        +add_knowledge(entry: dict)
        +update_knowledge(entry: dict)
        +retrieve_knowledge() list
    }
    Main --> KnowledgeManager
",
[/CONTENT]
-----

## format example
[CONTENT]

"Required packages": [
    "flask==1.1.2",
    "bcrypt==3.2.0"
],
"Required Other language third-party packages": [
    "No third-party dependencies required"
],
"Logic Analysis": [
    [
        "game.py",
        "Contains Game class and ... functions"
    ],
    [
        "main.py",
        "Contains main function, from game import Game"
    ]
],
"Task list": [
    "game.py",
    "main.py"
],
"Shared Knowledge": "`game.py` contains functions shared across the project.",

[/CONTENT]

## nodes: "<node>: <type>  # <instruction>"
- Required packages: typing.List[str]  # Provide required packages in requirements.txt format.
- Required Other language third-party packages: typing.List[str]  # List down the required packages for languages other than Python.
- Logic Analysis: typing.List[typing.List[str]]  # Provide a list of files with the classes/methods/functions to be implemented, including dependency analysis and imports.
- Task list: typing.List[str]  # Break down the tasks into a list of filenames, prioritized by dependency order.
- Full API spec: <class 'str'>  # Describe all APIs using OpenAPI 3.0 spec that may be used by both frontend and backend. If front-end and back-end communication is not required, leave it blank.
- Shared Knowledge: <class 'str'>  # Detail any shared knowledge, like common utility functions or configuration variables.

## constraint
Language: Please use the same language as Human INPUT.
Format: output wrapped inside [CONTENT][/CONTENT] like format example, nothing else.
If you are doing website development, please do not encrypt the account password for the login function.

## action
Follow instructions of nodes, generate output and make sure it follows the format example.

2025-01-17 Friday 16:28:14 model.py : INFO  self.model.temperature-----------------0.45-------------------------------
2025-01-17 Friday 16:28:17 _client.py : INFO  HTTP Request: POST https://api.chatanywhere.tech/chat/completions "HTTP/1.1 200 OK"
2025-01-17 Friday 16:28:17 model.py : INFO  following invoke cost: 1066 | all cost: 3132
2025-01-17 Friday 16:28:17 project_manager.py : INFO  Project Manager Tsunoda
2025-01-17 Friday 16:28:17 project_manager.py : INFO  [CONTENT]

"Required packages": [
    "tkinter",
    "json"
],
"Required Other language third-party packages": [
    "No third-party dependencies required"
],
"Logic Analysis": [
    [
        "main.py",
        "Contains the Main class and the main function to initiate the application."
    ],
    [
        "knowledge_manager.py",
        "Contains the KnowledgeManager class responsible for adding, updating, and retrieving knowledge."
    ]
],
"Task list": [
    "knowledge_manager.py",
    "main.py"
],
"Full API spec": "",
"Shared Knowledge": "`knowledge_manager.py` contains the logic for managing scientific knowledge, which is essential for the main application flow.",

[/CONTENT]
2025-01-17 Friday 16:28:17 project_manager.py : INFO  Project Manager writting TASK PLAN
2025-01-17 Friday 16:28:17 programmer.py : INFO  Programmer Clorinde Coding...
2025-01-17 Friday 16:28:17 programmer.py : INFO  
You are a professional engineer; the main goal is to write google-style, elegant, modular, easy to read and maintain code.
Output format carefully referenced "Format example".
In addition to writing code, you may also need to complete the data files in the task list (such as .txt .json .csv files). If the task list requires the implementation of data files, you need to simply design some data that meets the requirements for your completed software to facilitate the startup and testing of the software as a demo.


# Context
## Design
[CONTENT]
"Implementation approach": "We will use Python with the Tkinter library to create a graphical user interface for the Knowledge Tracker software. The application will allow users to input, categorize, and retrieve scientific knowledge stored in local text files. We will implement classes to manage knowledge storage and retrieval, ensuring a simple and effective architecture.",
"UI design":"- A main window with buttons for adding, updating, and retrieving knowledge. - An input field for entering scientific knowledge. - A dropdown menu for categorizing knowledge. - A text area for displaying retrieved knowledge.",
"Data Storage":"All scientific knowledge will be stored in a local text file named 'knowledge.txt'. Each entry will be stored in a structured format, such as JSON, to allow for easy retrieval and updates. The file will be read and written to whenever knowledge is added, updated, or retrieved.",
"File list": ["main.py", "knowledge.txt"],
"Data structures and interfaces": "
classDiagram
    class Main {
        -KnowledgeManager knowledge_manager
        +main() str
    }
    class KnowledgeManager {
        -file_path: str
        +__init__(file_path: str)
        +add_knowledge(entry: dict)
        +update_knowledge(entry: dict)
        +retrieve_knowledge() list
    }
    Main --> KnowledgeManager
",
[/CONTENT]
## Task Plan
[CONTENT]

"Required packages": [
    "tkinter",
    "json"
],
"Required Other language third-party packages": [
    "No third-party dependencies required"
],
"Logic Analysis": [
    [
        "main.py",
        "Contains the Main class and the main function to initiate the application."
    ],
    [
        "knowledge_manager.py",
        "Contains the KnowledgeManager class responsible for adding, updating, and retrieving knowledge."
    ]
],
"Task list": [
    "knowledge_manager.py",
    "main.py"
],
"Full API spec": "",
"Shared Knowledge": "`knowledge_manager.py` contains the logic for managing scientific knowledge, which is essential for the main application flow.",

[/CONTENT]

-----
# Format Example 
*** main.py
```python
...
```

*** ui.py
```python
...
```

*** a.txt
```txt
admin|admin123
user1|user123
```
-----
# Instruction: Based on the context, follow "Format example", write code.
## ATTENTION
1. Use '***' to SPLIT different CODE SECTIONS. do not forget ``` in each file, refer the the example. Output format carefully referenced "Format example".
2. Follow design: YOU MUST FOLLOW "Data structures and interfaces". DONT CHANGE ANY DESIGN. Do not use public member functions that do not exist in your design.
3. Follow task: YOU MUST write Comprehensive codes to complete task of each file in task list.
4. CAREFULLY CHECK THAT YOU DONT MISS ANY NECESSARY CLASS/FUNCTION IN THE FILE.
5. You must import the third-party libraries used in your code
6. If you use a Class not in your file, you must ensure you import it firstly.
7. Determine the order of writing the files based on your understanding of the project.
8. Write out EVERY CODE DETAIL, DON'T LEAVE TODO,PASS,PLACEHOLDER.
9. Only write code result, do not output any other content in the start or in the end.
10. If you need to generate text data, must follow below rules:
(Different groups of data are distinguished by line breaks.
Different contents of the same group of data are distinguished by |.
Make sure: The "|" character is used only to separate distinct contents within a group.
Your code of handling data must be consistent with rule in which you define the data.)
if you still use json, you must change the file extension to .json.
11. You need to write some pre-stored data to facilitate testing.

# Website Development Rule
If you are doing website development, be sure to route the root path (/). If there is a login page, set the login page as the root route(/).
If you are doing website development, please do not encrypt the account password for the login function.
If you are doing website development, your code needs to take into account the process of loading data from the data file, so don't forget to load the data.
If you are doing Website Development, do not follow the rules of Website and Game development.

# GUI tkinter Development Rule
If you are doing GUI tkinter Development, do not follow the rules of Website and Game development.
# Game Development Rule
If the software needs to load data, please make sure the loading data code matches the data format and data file.
If you are doing Game Development, do not follow the rules of Website and Game development.

# important rule
Use '***' to SPLIT CODE SECTIONS. do not forget ``` in each file, refer the the example. Output format carefully referenced "Format example". 
Adhere strictly to the task requirements and implement them fully; do not include placeholders or "example" for code that is intended for future implementation.

2025-01-17 Friday 16:28:17 model.py : INFO  self.model.temperature-----------------0.45-------------------------------
2025-01-17 Friday 16:28:27 _client.py : INFO  HTTP Request: POST https://api.chatanywhere.tech/chat/completions "HTTP/1.1 200 OK"
2025-01-17 Friday 16:28:27 model.py : INFO  following invoke cost: 1953 | all cost: 5085
2025-01-17 Friday 16:28:27 programmer.py : INFO  
*** knowledge_manager.py
```python
import json
import os

class KnowledgeManager:
    def __init__(self, file_path: str):
        self.file_path = file_path
        self.knowledge_data = self.load_knowledge()

    def load_knowledge(self) -> list:
        if os.path.exists(self.file_path):
            with open(self.file_path, 'r') as file:
                return json.load(file)
        return []

    def add_knowledge(self, entry: dict):
        self.knowledge_data.append(entry)
        self.save_knowledge()

    def update_knowledge(self, entry: dict):
        for i, item in enumerate(self.knowledge_data):
            if item['id'] == entry['id']:
                self.knowledge_data[i] = entry
                break
        self.save_knowledge()

    def retrieve_knowledge(self) -> list:
        return self.knowledge_data

    def save_knowledge(self):
        with open(self.file_path, 'w') as file:
            json.dump(self.knowledge_data, file, indent=4)
```

*** main.py
```python
import tkinter as tk
from tkinter import messagebox, ttk
from knowledge_manager import KnowledgeManager

class Main:
    def __init__(self):
        self.knowledge_manager = KnowledgeManager('knowledge.json')
        self.root = tk.Tk()
        self.root.title("Knowledge Tracker")
        self.create_widgets()

    def create_widgets(self):
        self.input_field = tk.Entry(self.root, width=50)
        self.input_field.pack(pady=10)

        self.category_var = tk.StringVar()
        self.category_dropdown = ttk.Combobox(self.root, textvariable=self.category_var)
        self.category_dropdown['values'] = ('Physics', 'Chemistry', 'Biology')
        self.category_dropdown.pack(pady=10)

        self.add_button = tk.Button(self.root, text="Add Knowledge", command=self.add_knowledge)
        self.add_button.pack(pady=5)

        self.update_button = tk.Button(self.root, text="Update Knowledge", command=self.update_knowledge)
        self.update_button.pack(pady=5)

        self.retrieve_button = tk.Button(self.root, text="Retrieve Knowledge", command=self.retrieve_knowledge)
        self.retrieve_button.pack(pady=5)

        self.text_area = tk.Text(self.root, height=15, width=70)
        self.text_area.pack(pady=10)

    def add_knowledge(self):
        entry = {
            'id': len(self.knowledge_manager.retrieve_knowledge()) + 1,
            'content': self.input_field.get(),
            'category': self.category_var.get()
        }
        self.knowledge_manager.add_knowledge(entry)
        messagebox.showinfo("Info", "Knowledge added successfully!")
        self.input_field.delete(0, tk.END)

    def update_knowledge(self):
        entry = {
            'id': int(self.input_field.get().split()[0]),  # Assuming the first word is the ID
            'content': " ".join(self.input_field.get().split()[1:]),
            'category': self.category_var.get()
        }
        self.knowledge_manager.update_knowledge(entry)
        messagebox.showinfo("Info", "Knowledge updated successfully!")
        self.input_field.delete(0, tk.END)

    def retrieve_knowledge(self):
        knowledge_list = self.knowledge_manager.retrieve_knowledge()
        self.text_area.delete(1.0, tk.END)
        for entry in knowledge_list:
            self.text_area.insert(tk.END, f"ID: {entry['id']}, Content: {entry['content']}, Category: {entry['category']}\n")

    def main(self):
        self.root.mainloop()

if __name__ == "__main__":
    app = Main()
    app.main()
```

*** knowledge.json
```json
[]
```
2025-01-17 Friday 16:28:27 programmer.py : INFO  Compare Code
2025-01-17 Friday 16:28:27 programmer.py : INFO  **[Update Codes]**

knowledge_manager.py updated.


```
'''

'''
--- Old
+++ New
@@ -1 +1,31 @@
-# None
+import json
+import os
+
+class KnowledgeManager:
+    def __init__(self, file_path: str):
+        self.file_path = file_path
+        self.knowledge_data = self.load_knowledge()
+
+    def load_knowledge(self) -> list:
+        if os.path.exists(self.file_path):
+            with open(self.file_path, 'r') as file:
+                return json.load(file)
+        return []
+
+    def add_knowledge(self, entry: dict):
+        self.knowledge_data.append(entry)
+        self.save_knowledge()
+
+    def update_knowledge(self, entry: dict):
+        for i, item in enumerate(self.knowledge_data):
+            if item['id'] == entry['id']:
+                self.knowledge_data[i] = entry
+                break
+        self.save_knowledge()
+
+    def retrieve_knowledge(self) -> list:
+        return self.knowledge_data
+
+    def save_knowledge(self):
+        with open(self.file_path, 'w') as file:
+            json.dump(self.knowledge_data, file, indent=4)
```
2025-01-17 Friday 16:28:27 programmer.py : INFO  **[Update Codes]**

main.py updated.


```
'''

'''
--- Old
+++ New
@@ -1 +1,64 @@
-# None
+import tkinter as tk
+from tkinter import messagebox, ttk
+from knowledge_manager import KnowledgeManager
+
+class Main:
+    def __init__(self):
+        self.knowledge_manager = KnowledgeManager('knowledge.json')
+        self.root = tk.Tk()
+        self.root.title("Knowledge Tracker")
+        self.create_widgets()
+
+    def create_widgets(self):
+        self.input_field = tk.Entry(self.root, width=50)
+        self.input_field.pack(pady=10)
+
+        self.category_var = tk.StringVar()
+        self.category_dropdown = ttk.Combobox(self.root, textvariable=self.category_var)
+        self.category_dropdown['values'] = ('Physics', 'Chemistry', 'Biology')
+        self.category_dropdown.pack(pady=10)
+
+        self.add_button = tk.Button(self.root, text="Add Knowledge", command=self.add_knowledge)
+        self.add_button.pack(pady=5)
+
+        self.update_button = tk.Button(self.root, text="Update Knowledge", command=self.update_knowledge)
+        self.update_button.pack(pady=5)
+
+        self.retrieve_button = tk.Button(self.root, text="Retrieve Knowledge", command=self.retrieve_knowledge)
+        self.retrieve_button.pack(pady=5)
+
+        self.text_area = tk.Text(self.root, height=15, width=70)
+        self.text_area.pack(pady=10)
+
+    def add_knowledge(self):
+        entry = {
+            'id': len(self.knowledge_manager.retrieve_knowledge()) + 1,
+            'content': self.input_field.get(),
+            'category': self.category_var.get()
+        }
+        self.knowledge_manager.add_knowledge(entry)
+        messagebox.showinfo("Info", "Knowledge added successfully!")
+        self.input_field.delete(0, tk.END)
+
+    def update_knowledge(self):
+        entry = {
+            'id': int(self.input_field.get().split()[0]),  # Assuming the first word is the ID
+            'content': " ".join(self.input_field.get().split()[1:]),
+            'category': self.category_var.get()
+        }
+        self.knowledge_manager.update_knowledge(entry)
+        messagebox.showinfo("Info", "Knowledge updated successfully!")
+        self.input_field.delete(0, tk.END)
+
+    def retrieve_knowledge(self):
+        knowledge_list = self.knowledge_manager.retrieve_knowledge()
+        self.text_area.delete(1.0, tk.END)
+        for entry in knowledge_list:
+            self.text_area.insert(tk.END, f"ID: {entry['id']}, Content: {entry['content']}, Category: {entry['category']}\n")
+
+    def main(self):
+        self.root.mainloop()
+
+if __name__ == "__main__":
+    app = Main()
+    app.main()
```
2025-01-17 Friday 16:28:27 programmer.py : INFO  **[Update Codes]**

knowledge.json updated.


```
'''

'''
--- Old
+++ New
@@ -1 +1 @@
-# None
+[]
```
2025-01-17 Friday 16:28:27 programmer.py : INFO  Programmer writting CODE: knowledge_manager.py
2025-01-17 Friday 16:28:27 programmer.py : INFO  Programmer writting CODE: main.py
2025-01-17 Friday 16:28:27 programmer.py : INFO  Programmer writting CODE: knowledge.json
2025-01-17 Friday 16:28:27 product_manager.py : INFO  Product Manager Pole extracting PRD......
2025-01-17 Friday 16:28:27 architect.py : INFO  Architect Arnold generate Architect variable temperature
2025-01-17 Friday 16:28:27 architect.py : INFO  
You are a Architect, your goal is design a concise, usable, complete software system. the constraint is make sure the architecture is simple enough and use appropriate open source libraries.
Aim to achieve functional requirements, only require to implement demo.
If the original requirements have data storage requirements, you need to design a simple data storage method for the software. Do not use SQL datasets. Follow the data storage requirements in the software requirements(including data format, storage requirements, etc.).


## Context
original_requirement
# Software Description

### Objective

The Knowledge Tracker software is designed to help users track and organize their scientific knowledge. The software allows users to input, categorize, and store various pieces of scientific information, such as theories, concepts, and experiments. It provides features for easy retrieval, organization, and updating of knowledge, helping users maintain their learning and research.

### Core Features

1. Users shall be able to input and categorize scientific knowledge such as theories, concepts, and experiments.  
2. The application needs to provide users with easy access and retrieval of knowledge.  
3. Users shall be able to update and add new knowledge over time.  

### Language

Use Python to develop an application. You can use the Tkinter library to build graphical user interfaces.

### Data Storage

Data will be stored in local text files.
functional requirements
[OUTPUT] ## general overview of the project The Knowledge Tracker software is designed to help users track and organize their scientific knowledge. The software allows users to input, categorize, and store various pieces of scientific information, such as theories, concepts, and experiments. It provides features for easy retrieval, organization, and updating of knowledge, helping users maintain their learning and research. ## software functional requirements 1. The system shall allow users to input scientific knowledge, including theories, concepts, and experiments. 2. The system shall provide users with a user-friendly interface to categorize the inputted scientific knowledge. 3. The system shall enable users to easily access and retrieve stored scientific knowledge. 4. The system shall allow users to update existing scientific knowledge. 5. The system shall provide functionality for users to add new scientific knowledge over time. 6. The system shall store all scientific knowledge in local text files for data persistence. [/OUTPUT]
-----
## format example
[CONTENT]
"Implementation approach": "We will ...",
"UI design":"- A canvas for... with ... For Web applications, you should use html to generate the web template by yourself."
"Data Storage":"If software requires a data storage, you should follow the rules: Data will be stored in local files. Different types of data will be stored in separate files. You should define the file by yourself in advance.Do not use SQL database. Else just print Not Require!"
"File list": ["main.py","game.py","templates/login.html","users.txt"],
"Data structures and interfaces": "
classDiagram
    class Main {
        -SearchEngine search_engine
        +main() str
    }
    class SearchEngine {
        -Index index
        -Ranking ranking
        -Summary summary
        +search(query: str) str
    }
    class Index {
        -KnowledgeBase knowledge_base
        +create_index(data: dict)
        +query_index(query: str) list
    }
    class Ranking {
        +rank_results(results: list) list
    }
    class Summary {
        +summarize_results(results: list) str
    }
    class KnowledgeBase {
        +update(data: dict)
        +fetch_data(query: str) dict
    }
    Main --> SearchEngine
    SearchEngine --> Index
    SearchEngine --> Ranking
    SearchEngine --> Summary
    Index --> KnowledgeBase
",

[/CONTENT]

## nodes: "<node>: <type>  # <instruction>"
- Implementation approach: <class 'str'>  # Analyze the difficult points of the requirements, select the appropriate open-source framework. If require GUI, you must also choose a GUI framework (e.g., in Python, you can implement GUI via tkinter, Pygame, Flexx, PyGUI, etc,)
- File list: typing.List[str]  #  Only need relative paths. ALWAYS write a main.py here
- Data structures and interfaces: <class 'str'>  # Use mermaid classDiagram code syntax, including classes, method(__init__ etc.) and functions with type annotations, CLEARLY MARK the RELATIONSHIPS between classes, and comply with PEP8 standards. The data structures SHOULD BE VERY DETAILED and the API should be comprehensive with a complete design.
- UI design:<class 'str'>  # optional, if system require UI, choose a GUI framework (e.g., in Python, you can implement GUI via tkinter, Pygame, Flexx, PyGUI, etc,) and list system UI design and corresponding feature's UI design.

## constraint
Language: Please use the same language as Human INPUT.
Format: output wrapped inside [CONTENT][/CONTENT] like format example, nothing else.
If you are doing website development, do not encrypt the account password for the login function.

# Attention
1. If a feature of software requires a GUI, you also need to carefully consider the UI components that this feature will require and its relationship to the main UI in Architecture.
2. Aim to achieve functional requirements, only require to implement a demo.
3. If project requires data storage, follow the requirement of data storage, implement a simple storage.Do not use SQL database.
4. Organize related functionalities into a single Python file to avoid creating too many files.
5. do not output ```plaintext or other ``` in the start and the end, output directly.

## action
Follow instructions of nodes and Attention, generate output and make sure it follows the format example.

2025-01-17 Friday 16:28:27 model.py : INFO  self.model.temperature-----------------0.45-------------------------------
2025-01-17 Friday 16:28:30 _client.py : INFO  HTTP Request: POST https://api.chatanywhere.tech/chat/completions "HTTP/1.1 200 OK"
2025-01-17 Friday 16:28:30 model.py : INFO  following invoke cost: 1541 | all cost: 6626
2025-01-17 Friday 16:28:30 architect.py : INFO  Architect Arnold
2025-01-17 Friday 16:28:30 architect.py : INFO  [CONTENT]
"Implementation approach": "We will use Python with the Tkinter library to create a graphical user interface for the Knowledge Tracker application. The application will allow users to input, categorize, and manage scientific knowledge, which will be stored in local text files for persistence. The main challenges include ensuring a user-friendly interface and efficient data management through file operations.",
"UI design": "- Main Window: A canvas for displaying the input fields and buttons for adding, updating, and retrieving knowledge.\n- Input Section: Text fields for entering the title, category, and content of the scientific knowledge.\n- Buttons: 'Add Knowledge', 'Update Knowledge', 'Retrieve Knowledge' to perform respective actions.\n- Display Area: A section to show the retrieved knowledge.",
"Data Storage": "Data will be stored in local text files. Each type of scientific knowledge (theories, concepts, experiments) will be stored in separate files: 'theories.txt', 'concepts.txt', 'experiments.txt'. Each entry will be stored in a simple text format, one entry per line.",
"File list": ["main.py", "theories.txt", "concepts.txt", "experiments.txt"],
"Data structures and interfaces": "
classDiagram
    class Main {
        -KnowledgeManager knowledge_manager
        +main() -> None
    }
    class KnowledgeManager {
        -file_paths: dict
        +add_knowledge(category: str, title: str, content: str) -> None
        +update_knowledge(category: str, title: str, new_content: str) -> None
        +retrieve_knowledge(category: str) -> list
    }
    Main --> KnowledgeManager
",
[/CONTENT]
2025-01-17 Friday 16:28:30 architect.py : INFO  already a architect, replace it
2025-01-17 Friday 16:28:30 architect.py : INFO  Architect writting ARCHITECT
2025-01-17 Friday 16:28:30 project_manager.py : INFO  Project Manager Tsunoda generate Project PLAN variable temperature
2025-01-17 Friday 16:28:30 project_manager.py : INFO  
You are a Project Manager, your goal is break down tasks according to functional requirement/architecture, generate a task plan, and analyze task dependencies to start with the prerequisite modules. the constraint is use same language as user requirement. 


## Context
functional requirement:
[OUTPUT] ## general overview of the project The Knowledge Tracker software is designed to help users track and organize their scientific knowledge. The software allows users to input, categorize, and store various pieces of scientific information, such as theories, concepts, and experiments. It provides features for easy retrieval, organization, and updating of knowledge, helping users maintain their learning and research. ## software functional requirements 1. The system shall allow users to input scientific knowledge, including theories, concepts, and experiments. 2. The system shall provide users with a user-friendly interface to categorize the inputted scientific knowledge. 3. The system shall enable users to easily access and retrieve stored scientific knowledge. 4. The system shall allow users to update existing scientific knowledge. 5. The system shall provide functionality for users to add new scientific knowledge over time. 6. The system shall store all scientific knowledge in local text files for data persistence. [/OUTPUT]

architecture:
[CONTENT]
"Implementation approach": "We will use Python with the Tkinter library to create a graphical user interface for the Knowledge Tracker application. The application will allow users to input, categorize, and manage scientific knowledge, which will be stored in local text files for persistence. The main challenges include ensuring a user-friendly interface and efficient data management through file operations.",
"UI design": "- Main Window: A canvas for displaying the input fields and buttons for adding, updating, and retrieving knowledge.\n- Input Section: Text fields for entering the title, category, and content of the scientific knowledge.\n- Buttons: 'Add Knowledge', 'Update Knowledge', 'Retrieve Knowledge' to perform respective actions.\n- Display Area: A section to show the retrieved knowledge.",
"Data Storage": "Data will be stored in local text files. Each type of scientific knowledge (theories, concepts, experiments) will be stored in separate files: 'theories.txt', 'concepts.txt', 'experiments.txt'. Each entry will be stored in a simple text format, one entry per line.",
"File list": ["main.py", "theories.txt", "concepts.txt", "experiments.txt"],
"Data structures and interfaces": "
classDiagram
    class Main {
        -KnowledgeManager knowledge_manager
        +main() -> None
    }
    class KnowledgeManager {
        -file_paths: dict
        +add_knowledge(category: str, title: str, content: str) -> None
        +update_knowledge(category: str, title: str, new_content: str) -> None
        +retrieve_knowledge(category: str) -> list
    }
    Main --> KnowledgeManager
",
[/CONTENT]
-----

## format example
[CONTENT]

"Required packages": [
    "flask==1.1.2",
    "bcrypt==3.2.0"
],
"Required Other language third-party packages": [
    "No third-party dependencies required"
],
"Logic Analysis": [
    [
        "game.py",
        "Contains Game class and ... functions"
    ],
    [
        "main.py",
        "Contains main function, from game import Game"
    ]
],
"Task list": [
    "game.py",
    "main.py"
],
"Shared Knowledge": "`game.py` contains functions shared across the project.",

[/CONTENT]

## nodes: "<node>: <type>  # <instruction>"
- Required packages: typing.List[str]  # Provide required packages in requirements.txt format.
- Required Other language third-party packages: typing.List[str]  # List down the required packages for languages other than Python.
- Logic Analysis: typing.List[typing.List[str]]  # Provide a list of files with the classes/methods/functions to be implemented, including dependency analysis and imports.
- Task list: typing.List[str]  # Break down the tasks into a list of filenames, prioritized by dependency order.
- Full API spec: <class 'str'>  # Describe all APIs using OpenAPI 3.0 spec that may be used by both frontend and backend. If front-end and back-end communication is not required, leave it blank.
- Shared Knowledge: <class 'str'>  # Detail any shared knowledge, like common utility functions or configuration variables.

## constraint
Language: Please use the same language as Human INPUT.
Format: output wrapped inside [CONTENT][/CONTENT] like format example, nothing else.
If you are doing website development, please do not encrypt the account password for the login function.

## action
Follow instructions of nodes, generate output and make sure it follows the format example.

2025-01-17 Friday 16:28:30 model.py : INFO  self.model.temperature-----------------0.45-------------------------------
2025-01-17 Friday 16:28:32 _client.py : INFO  HTTP Request: POST https://api.chatanywhere.tech/chat/completions "HTTP/1.1 200 OK"
2025-01-17 Friday 16:28:32 model.py : INFO  following invoke cost: 1132 | all cost: 7758
2025-01-17 Friday 16:28:32 project_manager.py : INFO  Project Manager Tsunoda
2025-01-17 Friday 16:28:32 project_manager.py : INFO  [CONTENT]

"Required packages": [
    "tkinter",
    "os"
],
"Required Other language third-party packages": [
    "No third-party dependencies required"
],
"Logic Analysis": [
    [
        "main.py",
        "Contains Main class and main function to initialize the application."
    ],
    [
        "knowledge_manager.py",
        "Contains KnowledgeManager class with methods to add, update, and retrieve knowledge."
    ]
],
"Task list": [
    "knowledge_manager.py",
    "main.py"
],
"Shared Knowledge": "`knowledge_manager.py` contains the logic for managing scientific knowledge, which is essential for the main application functionality.",

[/CONTENT]
2025-01-17 Friday 16:28:32 project_manager.py : INFO  already a task plan, replace it
2025-01-17 Friday 16:28:32 project_manager.py : INFO  Project Manager writting TASK PLAN
2025-01-17 Friday 16:28:32 programmer.py : INFO  Programmer Clorinde Coding...
2025-01-17 Friday 16:28:32 programmer.py : INFO  
You are a professional engineer; the main goal is to write google-style, elegant, modular, easy to read and maintain code.
Output format carefully referenced "Format example".
In addition to writing code, you may also need to complete the data files in the task list (such as .txt .json .csv files). If the task list requires the implementation of data files, you need to simply design some data that meets the requirements for your completed software to facilitate the startup and testing of the software as a demo.


# Context
## Design
[CONTENT]
"Implementation approach": "We will use Python with the Tkinter library to create a graphical user interface for the Knowledge Tracker application. The application will allow users to input, categorize, and manage scientific knowledge, which will be stored in local text files for persistence. The main challenges include ensuring a user-friendly interface and efficient data management through file operations.",
"UI design": "- Main Window: A canvas for displaying the input fields and buttons for adding, updating, and retrieving knowledge.\n- Input Section: Text fields for entering the title, category, and content of the scientific knowledge.\n- Buttons: 'Add Knowledge', 'Update Knowledge', 'Retrieve Knowledge' to perform respective actions.\n- Display Area: A section to show the retrieved knowledge.",
"Data Storage": "Data will be stored in local text files. Each type of scientific knowledge (theories, concepts, experiments) will be stored in separate files: 'theories.txt', 'concepts.txt', 'experiments.txt'. Each entry will be stored in a simple text format, one entry per line.",
"File list": ["main.py", "theories.txt", "concepts.txt", "experiments.txt"],
"Data structures and interfaces": "
classDiagram
    class Main {
        -KnowledgeManager knowledge_manager
        +main() -> None
    }
    class KnowledgeManager {
        -file_paths: dict
        +add_knowledge(category: str, title: str, content: str) -> None
        +update_knowledge(category: str, title: str, new_content: str) -> None
        +retrieve_knowledge(category: str) -> list
    }
    Main --> KnowledgeManager
",
[/CONTENT]
## Task Plan
[CONTENT]

"Required packages": [
    "tkinter",
    "os"
],
"Required Other language third-party packages": [
    "No third-party dependencies required"
],
"Logic Analysis": [
    [
        "main.py",
        "Contains Main class and main function to initialize the application."
    ],
    [
        "knowledge_manager.py",
        "Contains KnowledgeManager class with methods to add, update, and retrieve knowledge."
    ]
],
"Task list": [
    "knowledge_manager.py",
    "main.py"
],
"Shared Knowledge": "`knowledge_manager.py` contains the logic for managing scientific knowledge, which is essential for the main application functionality.",

[/CONTENT]

-----
# Format Example 
*** main.py
```python
...
```

*** ui.py
```python
...
```

*** a.txt
```txt
admin|admin123
user1|user123
```
-----
# Instruction: Based on the context, follow "Format example", write code.
## ATTENTION
1. Use '***' to SPLIT different CODE SECTIONS. do not forget ``` in each file, refer the the example. Output format carefully referenced "Format example".
2. Follow design: YOU MUST FOLLOW "Data structures and interfaces". DONT CHANGE ANY DESIGN. Do not use public member functions that do not exist in your design.
3. Follow task: YOU MUST write Comprehensive codes to complete task of each file in task list.
4. CAREFULLY CHECK THAT YOU DONT MISS ANY NECESSARY CLASS/FUNCTION IN THE FILE.
5. You must import the third-party libraries used in your code
6. If you use a Class not in your file, you must ensure you import it firstly.
7. Determine the order of writing the files based on your understanding of the project.
8. Write out EVERY CODE DETAIL, DON'T LEAVE TODO,PASS,PLACEHOLDER.
9. Only write code result, do not output any other content in the start or in the end.
10. If you need to generate text data, must follow below rules:
(Different groups of data are distinguished by line breaks.
Different contents of the same group of data are distinguished by |.
Make sure: The "|" character is used only to separate distinct contents within a group.
Your code of handling data must be consistent with rule in which you define the data.)
if you still use json, you must change the file extension to .json.
11. You need to write some pre-stored data to facilitate testing.

# Website Development Rule
If you are doing website development, be sure to route the root path (/). If there is a login page, set the login page as the root route(/).
If you are doing website development, please do not encrypt the account password for the login function.
If you are doing website development, your code needs to take into account the process of loading data from the data file, so don't forget to load the data.
If you are doing Website Development, do not follow the rules of Website and Game development.

# GUI tkinter Development Rule
If you are doing GUI tkinter Development, do not follow the rules of Website and Game development.
# Game Development Rule
If the software needs to load data, please make sure the loading data code matches the data format and data file.
If you are doing Game Development, do not follow the rules of Website and Game development.

# important rule
Use '***' to SPLIT CODE SECTIONS. do not forget ``` in each file, refer the the example. Output format carefully referenced "Format example". 
Adhere strictly to the task requirements and implement them fully; do not include placeholders or "example" for code that is intended for future implementation.

2025-01-17 Friday 16:28:32 model.py : INFO  self.model.temperature-----------------0.45-------------------------------
2025-01-17 Friday 16:28:42 _client.py : INFO  HTTP Request: POST https://api.chatanywhere.tech/chat/completions "HTTP/1.1 200 OK"
2025-01-17 Friday 16:28:42 model.py : INFO  following invoke cost: 2273 | all cost: 10031
2025-01-17 Friday 16:28:42 programmer.py : INFO  
*** knowledge_manager.py
```python
import os

class KnowledgeManager:
    def __init__(self):
        self.file_paths = {
            "theories": "theories.txt",
            "concepts": "concepts.txt",
            "experiments": "experiments.txt"
        }

    def add_knowledge(self, category: str, title: str, content: str) -> None:
        if category not in self.file_paths:
            raise ValueError("Invalid category")
        
        with open(self.file_paths[category], 'a') as file:
            file.write(f"{title}|{content}\n")

    def update_knowledge(self, category: str, title: str, new_content: str) -> None:
        if category not in self.file_paths:
            raise ValueError("Invalid category")
        
        entries = self.retrieve_knowledge(category)
        updated = False
        
        with open(self.file_paths[category], 'w') as file:
            for entry in entries:
                if entry.startswith(title):
                    file.write(f"{title}|{new_content}\n")
                    updated = True
                else:
                    file.write(entry + "\n")
        
        if not updated:
            raise ValueError("Title not found for update")

    def retrieve_knowledge(self, category: str) -> list:
        if category not in self.file_paths:
            raise ValueError("Invalid category")
        
        if not os.path.exists(self.file_paths[category]):
            return []
        
        with open(self.file_paths[category], 'r') as file:
            return [line.strip() for line in file.readlines()]
```

*** main.py
```python
import tkinter as tk
from tkinter import messagebox
from knowledge_manager import KnowledgeManager

class Main:
    def __init__(self):
        self.knowledge_manager = KnowledgeManager()
        self.root = tk.Tk()
        self.root.title("Knowledge Tracker")
        
        self.create_widgets()
        self.root.mainloop()

    def create_widgets(self):
        self.category_label = tk.Label(self.root, text="Category:")
        self.category_label.pack()
        
        self.category_entry = tk.Entry(self.root)
        self.category_entry.pack()
        
        self.title_label = tk.Label(self.root, text="Title:")
        self.title_label.pack()
        
        self.title_entry = tk.Entry(self.root)
        self.title_entry.pack()
        
        self.content_label = tk.Label(self.root, text="Content:")
        self.content_label.pack()
        
        self.content_entry = tk.Entry(self.root)
        self.content_entry.pack()
        
        self.add_button = tk.Button(self.root, text="Add Knowledge", command=self.add_knowledge)
        self.add_button.pack()
        
        self.update_button = tk.Button(self.root, text="Update Knowledge", command=self.update_knowledge)
        self.update_button.pack()
        
        self.retrieve_button = tk.Button(self.root, text="Retrieve Knowledge", command=self.retrieve_knowledge)
        self.retrieve_button.pack()
        
        self.display_area = tk.Text(self.root, height=10, width=50)
        self.display_area.pack()

    def add_knowledge(self):
        category = self.category_entry.get()
        title = self.title_entry.get()
        content = self.content_entry.get()
        
        try:
            self.knowledge_manager.add_knowledge(category, title, content)
            messagebox.showinfo("Success", "Knowledge added successfully!")
        except ValueError as e:
            messagebox.showerror("Error", str(e))

    def update_knowledge(self):
        category = self.category_entry.get()
        title = self.title_entry.get()
        new_content = self.content_entry.get()
        
        try:
            self.knowledge_manager.update_knowledge(category, title, new_content)
            messagebox.showinfo("Success", "Knowledge updated successfully!")
        except ValueError as e:
            messagebox.showerror("Error", str(e))

    def retrieve_knowledge(self):
        category = self.category_entry.get()
        
        try:
            knowledge_list = self.knowledge_manager.retrieve_knowledge(category)
            self.display_area.delete(1.0, tk.END)
            for entry in knowledge_list:
                self.display_area.insert(tk.END, entry + "\n")
        except ValueError as e:
            messagebox.showerror("Error", str(e))

if __name__ == "__main__":
    Main()
```

*** theories.txt
```txt
Theory of Relativity|Einstein's theory describing the relationship between space and time.
Quantum Mechanics|A fundamental theory in physics describing the physical properties of nature at the scale of atoms and subatomic particles.
```

*** concepts.txt
```txt
Photosynthesis|The process by which green plants and some other organisms use sunlight to synthesize foods with the help of chlorophyll.
Evolution|The process through which species of organisms undergo change over time through natural selection.
```

*** experiments.txt
```txt
Mendel's Peas|An experiment conducted by Gregor Mendel that established the laws of inheritance.
Double-Slit Experiment|An experiment demonstrating that light and matter can display characteristics of both classically defined waves and particles.
```
2025-01-17 Friday 16:28:42 programmer.py : INFO  Compare Code
2025-01-17 Friday 16:28:42 programmer.py : INFO  **[Update Codes]**

knowledge_manager.py updated.


```
'''

'''
--- Old
+++ New
@@ -1 +1,44 @@
-# None
+import os
+
+class KnowledgeManager:
+    def __init__(self):
+        self.file_paths = {
+            "theories": "theories.txt",
+            "concepts": "concepts.txt",
+            "experiments": "experiments.txt"
+        }
+
+    def add_knowledge(self, category: str, title: str, content: str) -> None:
+        if category not in self.file_paths:
+            raise ValueError("Invalid category")
+        
+        with open(self.file_paths[category], 'a') as file:
+            file.write(f"{title}|{content}\n")
+
+    def update_knowledge(self, category: str, title: str, new_content: str) -> None:
+        if category not in self.file_paths:
+            raise ValueError("Invalid category")
+        
+        entries = self.retrieve_knowledge(category)
+        updated = False
+        
+        with open(self.file_paths[category], 'w') as file:
+            for entry in entries:
+                if entry.startswith(title):
+                    file.write(f"{title}|{new_content}\n")
+                    updated = True
+                else:
+                    file.write(entry + "\n")
+        
+        if not updated:
+            raise ValueError("Title not found for update")
+
+    def retrieve_knowledge(self, category: str) -> list:
+        if category not in self.file_paths:
+            raise ValueError("Invalid category")
+        
+        if not os.path.exists(self.file_paths[category]):
+            return []
+        
+        with open(self.file_paths[category], 'r') as file:
+            return [line.strip() for line in file.readlines()]
```
2025-01-17 Friday 16:28:42 programmer.py : INFO  **[Update Codes]**

main.py updated.


```
'''

'''
--- Old
+++ New
@@ -1 +1,79 @@
-# None
+import tkinter as tk
+from tkinter import messagebox
+from knowledge_manager import KnowledgeManager
+
+class Main:
+    def __init__(self):
+        self.knowledge_manager = KnowledgeManager()
+        self.root = tk.Tk()
+        self.root.title("Knowledge Tracker")
+        
+        self.create_widgets()
+        self.root.mainloop()
+
+    def create_widgets(self):
+        self.category_label = tk.Label(self.root, text="Category:")
+        self.category_label.pack()
+        
+        self.category_entry = tk.Entry(self.root)
+        self.category_entry.pack()
+        
+        self.title_label = tk.Label(self.root, text="Title:")
+        self.title_label.pack()
+        
+        self.title_entry = tk.Entry(self.root)
+        self.title_entry.pack()
+        
+        self.content_label = tk.Label(self.root, text="Content:")
+        self.content_label.pack()
+        
+        self.content_entry = tk.Entry(self.root)
+        self.content_entry.pack()
+        
+        self.add_button = tk.Button(self.root, text="Add Knowledge", command=self.add_knowledge)
+        self.add_button.pack()
+        
+        self.update_button = tk.Button(self.root, text="Update Knowledge", command=self.update_knowledge)
+        self.update_button.pack()
+        
+        self.retrieve_button = tk.Button(self.root, text="Retrieve Knowledge", command=self.retrieve_knowledge)
+        self.retrieve_button.pack()
+        
+        self.display_area = tk.Text(self.root, height=10, width=50)
+        self.display_area.pack()
+
+    def add_knowledge(self):
+        category = self.category_entry.get()
+        title = self.title_entry.get()
+        content = self.content_entry.get()
+        
+        try:
+            self.knowledge_manager.add_knowledge(category, title, content)
+            messagebox.showinfo("Success", "Knowledge added successfully!")
+        except ValueError as e:
+            messagebox.showerror("Error", str(e))
+
+    def update_knowledge(self):
+        category = self.category_entry.get()
+        title = self.title_entry.get()
+        new_content = self.content_entry.get()
+        
+        try:
+            self.knowledge_manager.update_knowledge(category, title, new_content)
+            messagebox.showinfo("Success", "Knowledge updated successfully!")
+        except ValueError as e:
+            messagebox.showerror("Error", str(e))
+
+    def retrieve_knowledge(self):
+        category = self.category_entry.get()
+        
+        try:
+            knowledge_list = self.knowledge_manager.retrieve_knowledge(category)
+            self.display_area.delete(1.0, tk.END)
+            for entry in knowledge_list:
+                self.display_area.insert(tk.END, entry + "\n")
+        except ValueError as e:
+            messagebox.showerror("Error", str(e))
+
+if __name__ == "__main__":
+    Main()
```
2025-01-17 Friday 16:28:42 programmer.py : INFO  **[Update Codes]**

theories.txt updated.


```
'''

'''
--- Old
+++ New
@@ -1 +1,2 @@
-# None
+Theory of Relativity|Einstein's theory describing the relationship between space and time.
+Quantum Mechanics|A fundamental theory in physics describing the physical properties of nature at the scale of atoms and subatomic particles.
```
2025-01-17 Friday 16:28:42 programmer.py : INFO  **[Update Codes]**

concepts.txt updated.


```
'''

'''
--- Old
+++ New
@@ -1 +1,2 @@
-# None
+Photosynthesis|The process by which green plants and some other organisms use sunlight to synthesize foods with the help of chlorophyll.
+Evolution|The process through which species of organisms undergo change over time through natural selection.
```
2025-01-17 Friday 16:28:42 programmer.py : INFO  **[Update Codes]**

experiments.txt updated.


```
'''

'''
--- Old
+++ New
@@ -1 +1,2 @@
-# None
+Mendel's Peas|An experiment conducted by Gregor Mendel that established the laws of inheritance.
+Double-Slit Experiment|An experiment demonstrating that light and matter can display characteristics of both classically defined waves and particles.
```
2025-01-17 Friday 16:28:42 programmer.py : INFO  Programmer writting CODE: knowledge_manager.py
2025-01-17 Friday 16:28:42 programmer.py : INFO  Programmer writting CODE: main.py
2025-01-17 Friday 16:28:42 programmer.py : INFO  Programmer writting CODE: theories.txt
2025-01-17 Friday 16:28:42 programmer.py : INFO  Programmer writting CODE: concepts.txt
2025-01-17 Friday 16:28:42 programmer.py : INFO  Programmer writting CODE: experiments.txt
2025-01-17 Friday 16:28:42 product_manager.py : INFO  Product Manager Pole extracting PRD......
2025-01-17 Friday 16:28:42 architect.py : INFO  Architect Arnold generate Architect variable temperature
2025-01-17 Friday 16:28:42 architect.py : INFO  
You are a Architect, your goal is design a concise, usable, complete software system. the constraint is make sure the architecture is simple enough and use appropriate open source libraries.
Aim to achieve functional requirements, only require to implement demo.
If the original requirements have data storage requirements, you need to design a simple data storage method for the software. Do not use SQL datasets. Follow the data storage requirements in the software requirements(including data format, storage requirements, etc.).


## Context
original_requirement
# Software Description

### Objective

The Knowledge Tracker software is designed to help users track and organize their scientific knowledge. The software allows users to input, categorize, and store various pieces of scientific information, such as theories, concepts, and experiments. It provides features for easy retrieval, organization, and updating of knowledge, helping users maintain their learning and research.

### Core Features

1. Users shall be able to input and categorize scientific knowledge such as theories, concepts, and experiments.  
2. The application needs to provide users with easy access and retrieval of knowledge.  
3. Users shall be able to update and add new knowledge over time.  

### Language

Use Python to develop an application. You can use the Tkinter library to build graphical user interfaces.

### Data Storage

Data will be stored in local text files.
functional requirements
[OUTPUT] ## general overview of the project The Knowledge Tracker software is designed to help users track and organize their scientific knowledge. The software allows users to input, categorize, and store various pieces of scientific information, such as theories, concepts, and experiments. It provides features for easy retrieval, organization, and updating of knowledge, helping users maintain their learning and research. ## software functional requirements 1. The system shall allow users to input scientific knowledge, including theories, concepts, and experiments. 2. The system shall provide users with a user-friendly interface to categorize the inputted scientific knowledge. 3. The system shall enable users to easily access and retrieve stored scientific knowledge. 4. The system shall allow users to update existing scientific knowledge. 5. The system shall provide functionality for users to add new scientific knowledge over time. 6. The system shall store all scientific knowledge in local text files for data persistence. [/OUTPUT]
-----
## format example
[CONTENT]
"Implementation approach": "We will ...",
"UI design":"- A canvas for... with ... For Web applications, you should use html to generate the web template by yourself."
"Data Storage":"If software requires a data storage, you should follow the rules: Data will be stored in local files. Different types of data will be stored in separate files. You should define the file by yourself in advance.Do not use SQL database. Else just print Not Require!"
"File list": ["main.py","game.py","templates/login.html","users.txt"],
"Data structures and interfaces": "
classDiagram
    class Main {
        -SearchEngine search_engine
        +main() str
    }
    class SearchEngine {
        -Index index
        -Ranking ranking
        -Summary summary
        +search(query: str) str
    }
    class Index {
        -KnowledgeBase knowledge_base
        +create_index(data: dict)
        +query_index(query: str) list
    }
    class Ranking {
        +rank_results(results: list) list
    }
    class Summary {
        +summarize_results(results: list) str
    }
    class KnowledgeBase {
        +update(data: dict)
        +fetch_data(query: str) dict
    }
    Main --> SearchEngine
    SearchEngine --> Index
    SearchEngine --> Ranking
    SearchEngine --> Summary
    Index --> KnowledgeBase
",

[/CONTENT]

## nodes: "<node>: <type>  # <instruction>"
- Implementation approach: <class 'str'>  # Analyze the difficult points of the requirements, select the appropriate open-source framework. If require GUI, you must also choose a GUI framework (e.g., in Python, you can implement GUI via tkinter, Pygame, Flexx, PyGUI, etc,)
- File list: typing.List[str]  #  Only need relative paths. ALWAYS write a main.py here
- Data structures and interfaces: <class 'str'>  # Use mermaid classDiagram code syntax, including classes, method(__init__ etc.) and functions with type annotations, CLEARLY MARK the RELATIONSHIPS between classes, and comply with PEP8 standards. The data structures SHOULD BE VERY DETAILED and the API should be comprehensive with a complete design.
- UI design:<class 'str'>  # optional, if system require UI, choose a GUI framework (e.g., in Python, you can implement GUI via tkinter, Pygame, Flexx, PyGUI, etc,) and list system UI design and corresponding feature's UI design.

## constraint
Language: Please use the same language as Human INPUT.
Format: output wrapped inside [CONTENT][/CONTENT] like format example, nothing else.
If you are doing website development, do not encrypt the account password for the login function.

# Attention
1. If a feature of software requires a GUI, you also need to carefully consider the UI components that this feature will require and its relationship to the main UI in Architecture.
2. Aim to achieve functional requirements, only require to implement a demo.
3. If project requires data storage, follow the requirement of data storage, implement a simple storage.Do not use SQL database.
4. Organize related functionalities into a single Python file to avoid creating too many files.
5. do not output ```plaintext or other ``` in the start and the end, output directly.

## action
Follow instructions of nodes and Attention, generate output and make sure it follows the format example.

2025-01-17 Friday 16:28:42 model.py : INFO  self.model.temperature-----------------0.45-------------------------------
2025-01-17 Friday 16:28:46 _client.py : INFO  HTTP Request: POST https://api.chatanywhere.tech/chat/completions "HTTP/1.1 200 OK"
2025-01-17 Friday 16:28:46 model.py : INFO  following invoke cost: 1548 | all cost: 11579
2025-01-17 Friday 16:28:46 architect.py : INFO  Architect Arnold
2025-01-17 Friday 16:28:46 architect.py : INFO  [CONTENT]
"Implementation approach": "We will create a simple desktop application using Python and Tkinter to provide a user-friendly interface for inputting, categorizing, and retrieving scientific knowledge. The application will utilize local text files for data storage, ensuring that all data is persisted without the need for a SQL database.",
"UI design":"- The main window will contain an input area for entering scientific knowledge, a dropdown menu for categorizing the knowledge, a button to save the input, and a listbox to display stored knowledge. Users can select an item in the listbox to view or update it. We will also include a button to delete selected knowledge.",
"Data Storage":"Data will be stored in local text files. We will have one file named 'knowledge.txt' to store all scientific entries in a structured format (e.g., JSON) for easy retrieval and updating.",
"File list": ["main.py", "knowledge.txt"],
"Data structures and interfaces": "
classDiagram
    class Main {
        -KnowledgeManager knowledge_manager
        +main() str
    }
    class KnowledgeManager {
        -file_path: str
        +__init__(file_path: str)
        +save_knowledge(knowledge: dict)
        +load_knowledge() list
        +update_knowledge(index: int, knowledge: dict)
        +delete_knowledge(index: int)
    }
    class Knowledge {
        -title: str
        -category: str
        -content: str
        +__init__(title: str, category: str, content: str)
        +to_dict() dict
        +from_dict(data: dict) Knowledge
    }
    Main --> KnowledgeManager
    KnowledgeManager --> Knowledge
",
[/CONTENT]
2025-01-17 Friday 16:28:46 architect.py : INFO  already a architect, replace it
2025-01-17 Friday 16:28:46 architect.py : INFO  Architect writting ARCHITECT
2025-01-17 Friday 16:28:46 project_manager.py : INFO  Project Manager Tsunoda generate Project PLAN variable temperature
2025-01-17 Friday 16:28:46 project_manager.py : INFO  
You are a Project Manager, your goal is break down tasks according to functional requirement/architecture, generate a task plan, and analyze task dependencies to start with the prerequisite modules. the constraint is use same language as user requirement. 


## Context
functional requirement:
[OUTPUT] ## general overview of the project The Knowledge Tracker software is designed to help users track and organize their scientific knowledge. The software allows users to input, categorize, and store various pieces of scientific information, such as theories, concepts, and experiments. It provides features for easy retrieval, organization, and updating of knowledge, helping users maintain their learning and research. ## software functional requirements 1. The system shall allow users to input scientific knowledge, including theories, concepts, and experiments. 2. The system shall provide users with a user-friendly interface to categorize the inputted scientific knowledge. 3. The system shall enable users to easily access and retrieve stored scientific knowledge. 4. The system shall allow users to update existing scientific knowledge. 5. The system shall provide functionality for users to add new scientific knowledge over time. 6. The system shall store all scientific knowledge in local text files for data persistence. [/OUTPUT]

architecture:
[CONTENT]
"Implementation approach": "We will create a simple desktop application using Python and Tkinter to provide a user-friendly interface for inputting, categorizing, and retrieving scientific knowledge. The application will utilize local text files for data storage, ensuring that all data is persisted without the need for a SQL database.",
"UI design":"- The main window will contain an input area for entering scientific knowledge, a dropdown menu for categorizing the knowledge, a button to save the input, and a listbox to display stored knowledge. Users can select an item in the listbox to view or update it. We will also include a button to delete selected knowledge.",
"Data Storage":"Data will be stored in local text files. We will have one file named 'knowledge.txt' to store all scientific entries in a structured format (e.g., JSON) for easy retrieval and updating.",
"File list": ["main.py", "knowledge.txt"],
"Data structures and interfaces": "
classDiagram
    class Main {
        -KnowledgeManager knowledge_manager
        +main() str
    }
    class KnowledgeManager {
        -file_path: str
        +__init__(file_path: str)
        +save_knowledge(knowledge: dict)
        +load_knowledge() list
        +update_knowledge(index: int, knowledge: dict)
        +delete_knowledge(index: int)
    }
    class Knowledge {
        -title: str
        -category: str
        -content: str
        +__init__(title: str, category: str, content: str)
        +to_dict() dict
        +from_dict(data: dict) Knowledge
    }
    Main --> KnowledgeManager
    KnowledgeManager --> Knowledge
",
[/CONTENT]
-----

## format example
[CONTENT]

"Required packages": [
    "flask==1.1.2",
    "bcrypt==3.2.0"
],
"Required Other language third-party packages": [
    "No third-party dependencies required"
],
"Logic Analysis": [
    [
        "game.py",
        "Contains Game class and ... functions"
    ],
    [
        "main.py",
        "Contains main function, from game import Game"
    ]
],
"Task list": [
    "game.py",
    "main.py"
],
"Shared Knowledge": "`game.py` contains functions shared across the project.",

[/CONTENT]

## nodes: "<node>: <type>  # <instruction>"
- Required packages: typing.List[str]  # Provide required packages in requirements.txt format.
- Required Other language third-party packages: typing.List[str]  # List down the required packages for languages other than Python.
- Logic Analysis: typing.List[typing.List[str]]  # Provide a list of files with the classes/methods/functions to be implemented, including dependency analysis and imports.
- Task list: typing.List[str]  # Break down the tasks into a list of filenames, prioritized by dependency order.
- Full API spec: <class 'str'>  # Describe all APIs using OpenAPI 3.0 spec that may be used by both frontend and backend. If front-end and back-end communication is not required, leave it blank.
- Shared Knowledge: <class 'str'>  # Detail any shared knowledge, like common utility functions or configuration variables.

## constraint
Language: Please use the same language as Human INPUT.
Format: output wrapped inside [CONTENT][/CONTENT] like format example, nothing else.
If you are doing website development, please do not encrypt the account password for the login function.

## action
Follow instructions of nodes, generate output and make sure it follows the format example.

2025-01-17 Friday 16:28:46 model.py : INFO  self.model.temperature-----------------0.45-------------------------------
2025-01-17 Friday 16:28:48 _client.py : INFO  HTTP Request: POST https://api.chatanywhere.tech/chat/completions "HTTP/1.1 200 OK"
2025-01-17 Friday 16:28:48 model.py : INFO  following invoke cost: 1167 | all cost: 12746
2025-01-17 Friday 16:28:48 project_manager.py : INFO  Project Manager Tsunoda
2025-01-17 Friday 16:28:48 project_manager.py : INFO  [CONTENT]

"Required packages": [
    "tkinter",
    "json"
],
"Required Other language third-party packages": [
    "No third-party dependencies required"
],
"Logic Analysis": [
    [
        "main.py",
        "Contains the Main class and the main function to start the application"
    ],
    [
        "knowledge_manager.py",
        "Contains the KnowledgeManager class for managing knowledge storage and retrieval"
    ],
    [
        "knowledge.py",
        "Contains the Knowledge class for defining knowledge structure"
    ]
],
"Task list": [
    "knowledge.py",
    "knowledge_manager.py",
    "main.py"
],
"Shared Knowledge": "`knowledge.py` defines the structure of knowledge entries, which is used by `knowledge_manager.py` and `main.py`.",

[/CONTENT]
2025-01-17 Friday 16:28:48 project_manager.py : INFO  already a task plan, replace it
2025-01-17 Friday 16:28:48 project_manager.py : INFO  Project Manager writting TASK PLAN
2025-01-17 Friday 16:28:48 programmer.py : INFO  Programmer Clorinde Coding...
2025-01-17 Friday 16:28:48 programmer.py : INFO  
You are a professional engineer; the main goal is to write google-style, elegant, modular, easy to read and maintain code.
Output format carefully referenced "Format example".
In addition to writing code, you may also need to complete the data files in the task list (such as .txt .json .csv files). If the task list requires the implementation of data files, you need to simply design some data that meets the requirements for your completed software to facilitate the startup and testing of the software as a demo.


# Context
## Design
[CONTENT]
"Implementation approach": "We will create a simple desktop application using Python and Tkinter to provide a user-friendly interface for inputting, categorizing, and retrieving scientific knowledge. The application will utilize local text files for data storage, ensuring that all data is persisted without the need for a SQL database.",
"UI design":"- The main window will contain an input area for entering scientific knowledge, a dropdown menu for categorizing the knowledge, a button to save the input, and a listbox to display stored knowledge. Users can select an item in the listbox to view or update it. We will also include a button to delete selected knowledge.",
"Data Storage":"Data will be stored in local text files. We will have one file named 'knowledge.txt' to store all scientific entries in a structured format (e.g., JSON) for easy retrieval and updating.",
"File list": ["main.py", "knowledge.txt"],
"Data structures and interfaces": "
classDiagram
    class Main {
        -KnowledgeManager knowledge_manager
        +main() str
    }
    class KnowledgeManager {
        -file_path: str
        +__init__(file_path: str)
        +save_knowledge(knowledge: dict)
        +load_knowledge() list
        +update_knowledge(index: int, knowledge: dict)
        +delete_knowledge(index: int)
    }
    class Knowledge {
        -title: str
        -category: str
        -content: str
        +__init__(title: str, category: str, content: str)
        +to_dict() dict
        +from_dict(data: dict) Knowledge
    }
    Main --> KnowledgeManager
    KnowledgeManager --> Knowledge
",
[/CONTENT]
## Task Plan
[CONTENT]

"Required packages": [
    "tkinter",
    "json"
],
"Required Other language third-party packages": [
    "No third-party dependencies required"
],
"Logic Analysis": [
    [
        "main.py",
        "Contains the Main class and the main function to start the application"
    ],
    [
        "knowledge_manager.py",
        "Contains the KnowledgeManager class for managing knowledge storage and retrieval"
    ],
    [
        "knowledge.py",
        "Contains the Knowledge class for defining knowledge structure"
    ]
],
"Task list": [
    "knowledge.py",
    "knowledge_manager.py",
    "main.py"
],
"Shared Knowledge": "`knowledge.py` defines the structure of knowledge entries, which is used by `knowledge_manager.py` and `main.py`.",

[/CONTENT]

-----
# Format Example 
*** main.py
```python
...
```

*** ui.py
```python
...
```

*** a.txt
```txt
admin|admin123
user1|user123
```
-----
# Instruction: Based on the context, follow "Format example", write code.
## ATTENTION
1. Use '***' to SPLIT different CODE SECTIONS. do not forget ``` in each file, refer the the example. Output format carefully referenced "Format example".
2. Follow design: YOU MUST FOLLOW "Data structures and interfaces". DONT CHANGE ANY DESIGN. Do not use public member functions that do not exist in your design.
3. Follow task: YOU MUST write Comprehensive codes to complete task of each file in task list.
4. CAREFULLY CHECK THAT YOU DONT MISS ANY NECESSARY CLASS/FUNCTION IN THE FILE.
5. You must import the third-party libraries used in your code
6. If you use a Class not in your file, you must ensure you import it firstly.
7. Determine the order of writing the files based on your understanding of the project.
8. Write out EVERY CODE DETAIL, DON'T LEAVE TODO,PASS,PLACEHOLDER.
9. Only write code result, do not output any other content in the start or in the end.
10. If you need to generate text data, must follow below rules:
(Different groups of data are distinguished by line breaks.
Different contents of the same group of data are distinguished by |.
Make sure: The "|" character is used only to separate distinct contents within a group.
Your code of handling data must be consistent with rule in which you define the data.)
if you still use json, you must change the file extension to .json.
11. You need to write some pre-stored data to facilitate testing.

# Website Development Rule
If you are doing website development, be sure to route the root path (/). If there is a login page, set the login page as the root route(/).
If you are doing website development, please do not encrypt the account password for the login function.
If you are doing website development, your code needs to take into account the process of loading data from the data file, so don't forget to load the data.
If you are doing Website Development, do not follow the rules of Website and Game development.

# GUI tkinter Development Rule
If you are doing GUI tkinter Development, do not follow the rules of Website and Game development.
# Game Development Rule
If the software needs to load data, please make sure the loading data code matches the data format and data file.
If you are doing Game Development, do not follow the rules of Website and Game development.

# important rule
Use '***' to SPLIT CODE SECTIONS. do not forget ``` in each file, refer the the example. Output format carefully referenced "Format example". 
Adhere strictly to the task requirements and implement them fully; do not include placeholders or "example" for code that is intended for future implementation.

2025-01-17 Friday 16:28:48 model.py : INFO  self.model.temperature-----------------0.45-------------------------------
2025-01-17 Friday 16:28:57 _client.py : INFO  HTTP Request: POST https://api.chatanywhere.tech/chat/completions "HTTP/1.1 200 OK"
2025-01-17 Friday 16:28:57 model.py : INFO  following invoke cost: 2394 | all cost: 15140
2025-01-17 Friday 16:28:57 programmer.py : INFO  
*** knowledge.py
```python
class Knowledge:
    def __init__(self, title: str, category: str, content: str):
        self.title = title
        self.category = category
        self.content = content

    def to_dict(self) -> dict:
        return {
            "title": self.title,
            "category": self.category,
            "content": self.content
        }

    @classmethod
    def from_dict(cls, data: dict) -> 'Knowledge':
        return cls(
            title=data.get("title", ""),
            category=data.get("category", ""),
            content=data.get("content", "")
        )
```

*** knowledge_manager.py
```python
import json
from knowledge import Knowledge

class KnowledgeManager:
    def __init__(self, file_path: str):
        self.file_path = file_path
        self.knowledge_list = self.load_knowledge()

    def save_knowledge(self, knowledge: dict):
        self.knowledge_list.append(Knowledge.from_dict(knowledge))
        self._save_to_file()

    def load_knowledge(self) -> list:
        try:
            with open(self.file_path, 'r') as file:
                data = json.load(file)
                return [Knowledge.from_dict(item) for item in data]
        except (FileNotFoundError, json.JSONDecodeError):
            return []

    def update_knowledge(self, index: int, knowledge: dict):
        if 0 <= index < len(self.knowledge_list):
            self.knowledge_list[index] = Knowledge.from_dict(knowledge)
            self._save_to_file()

    def delete_knowledge(self, index: int):
        if 0 <= index < len(self.knowledge_list):
            del self.knowledge_list[index]
            self._save_to_file()

    def _save_to_file(self):
        with open(self.file_path, 'w') as file:
            json.dump([k.to_dict() for k in self.knowledge_list], file)
```

*** main.py
```python
import tkinter as tk
from tkinter import messagebox, simpledialog, Listbox
from knowledge_manager import KnowledgeManager

class Main:
    def __init__(self):
        self.knowledge_manager = KnowledgeManager('knowledge.json')
        self.root = tk.Tk()
        self.root.title("Scientific Knowledge Manager")

        self.title_entry = tk.Entry(self.root)
        self.title_entry.pack()

        self.category_entry = tk.Entry(self.root)
        self.category_entry.pack()

        self.content_entry = tk.Text(self.root, height=10, width=50)
        self.content_entry.pack()

        self.save_button = tk.Button(self.root, text="Save Knowledge", command=self.save_knowledge)
        self.save_button.pack()

        self.knowledge_listbox = Listbox(self.root)
        self.knowledge_listbox.pack()
        self.knowledge_listbox.bind('<<ListboxSelect>>', self.on_select)

        self.delete_button = tk.Button(self.root, text="Delete Selected", command=self.delete_selected)
        self.delete_button.pack()

        self.load_knowledge()

    def save_knowledge(self):
        title = self.title_entry.get()
        category = self.category_entry.get()
        content = self.content_entry.get("1.0", tk.END).strip()

        if title and category and content:
            knowledge = {
                "title": title,
                "category": category,
                "content": content
            }
            self.knowledge_manager.save_knowledge(knowledge)
            self.load_knowledge()
            self.clear_entries()
        else:
            messagebox.showwarning("Input Error", "Please fill in all fields.")

    def load_knowledge(self):
        self.knowledge_listbox.delete(0, tk.END)
        for knowledge in self.knowledge_manager.knowledge_list:
            self.knowledge_listbox.insert(tk.END, knowledge.title)

    def on_select(self, event):
        selected_index = self.knowledge_listbox.curselection()
        if selected_index:
            index = selected_index[0]
            knowledge = self.knowledge_manager.knowledge_list[index]
            self.title_entry.delete(0, tk.END)
            self.title_entry.insert(0, knowledge.title)
            self.category_entry.delete(0, tk.END)
            self.category_entry.insert(0, knowledge.category)
            self.content_entry.delete("1.0", tk.END)
            self.content_entry.insert("1.0", knowledge.content)

    def delete_selected(self):
        selected_index = self.knowledge_listbox.curselection()
        if selected_index:
            index = selected_index[0]
            self.knowledge_manager.delete_knowledge(index)
            self.load_knowledge()
            self.clear_entries()

    def clear_entries(self):
        self.title_entry.delete(0, tk.END)
        self.category_entry.delete(0, tk.END)
        self.content_entry.delete("1.0", tk.END)

    def main(self):
        self.root.mainloop()

if __name__ == "__main__":
    app = Main()
    app.main()
```

*** knowledge.json
```json
[
    {
        "title": "Photosynthesis",
        "category": "Biology",
        "content": "Photosynthesis is the process by which green plants and some other organisms use sunlight to synthesize foods with the help of chlorophyll."
    },
    {
        "title": "Newton's Laws",
        "category": "Physics",
        "content": "Newton's laws of motion are three physical laws that together form the foundation for classical mechanics."
    }
]
```
2025-01-17 Friday 16:28:57 programmer.py : INFO  Compare Code
2025-01-17 Friday 16:28:57 programmer.py : INFO  **[Update Codes]**

knowledge.py updated.


```
'''

'''
--- Old
+++ New
@@ -1 +1,20 @@
-# None
+class Knowledge:
+    def __init__(self, title: str, category: str, content: str):
+        self.title = title
+        self.category = category
+        self.content = content
+
+    def to_dict(self) -> dict:
+        return {
+            "title": self.title,
+            "category": self.category,
+            "content": self.content
+        }
+
+    @classmethod
+    def from_dict(cls, data: dict) -> 'Knowledge':
+        return cls(
+            title=data.get("title", ""),
+            category=data.get("category", ""),
+            content=data.get("content", "")
+        )
```
2025-01-17 Friday 16:28:57 programmer.py : INFO  **[Update Codes]**

knowledge_manager.py updated.


```
'''

'''
--- Old
+++ New
@@ -1 +1,33 @@
-# None
+import json
+from knowledge import Knowledge
+
+class KnowledgeManager:
+    def __init__(self, file_path: str):
+        self.file_path = file_path
+        self.knowledge_list = self.load_knowledge()
+
+    def save_knowledge(self, knowledge: dict):
+        self.knowledge_list.append(Knowledge.from_dict(knowledge))
+        self._save_to_file()
+
+    def load_knowledge(self) -> list:
+        try:
+            with open(self.file_path, 'r') as file:
+                data = json.load(file)
+                return [Knowledge.from_dict(item) for item in data]
+        except (FileNotFoundError, json.JSONDecodeError):
+            return []
+
+    def update_knowledge(self, index: int, knowledge: dict):
+        if 0 <= index < len(self.knowledge_list):
+            self.knowledge_list[index] = Knowledge.from_dict(knowledge)
+            self._save_to_file()
+
+    def delete_knowledge(self, index: int):
+        if 0 <= index < len(self.knowledge_list):
+            del self.knowledge_list[index]
+            self._save_to_file()
+
+    def _save_to_file(self):
+        with open(self.file_path, 'w') as file:
+            json.dump([k.to_dict() for k in self.knowledge_list], file)
```
2025-01-17 Friday 16:28:57 programmer.py : INFO  **[Update Codes]**

main.py updated.


```
'''

'''
--- Old
+++ New
@@ -1 +1,84 @@
-# None
+import tkinter as tk
+from tkinter import messagebox, simpledialog, Listbox
+from knowledge_manager import KnowledgeManager
+
+class Main:
+    def __init__(self):
+        self.knowledge_manager = KnowledgeManager('knowledge.json')
+        self.root = tk.Tk()
+        self.root.title("Scientific Knowledge Manager")
+
+        self.title_entry = tk.Entry(self.root)
+        self.title_entry.pack()
+
+        self.category_entry = tk.Entry(self.root)
+        self.category_entry.pack()
+
+        self.content_entry = tk.Text(self.root, height=10, width=50)
+        self.content_entry.pack()
+
+        self.save_button = tk.Button(self.root, text="Save Knowledge", command=self.save_knowledge)
+        self.save_button.pack()
+
+        self.knowledge_listbox = Listbox(self.root)
+        self.knowledge_listbox.pack()
+        self.knowledge_listbox.bind('<<ListboxSelect>>', self.on_select)
+
+        self.delete_button = tk.Button(self.root, text="Delete Selected", command=self.delete_selected)
+        self.delete_button.pack()
+
+        self.load_knowledge()
+
+    def save_knowledge(self):
+        title = self.title_entry.get()
+        category = self.category_entry.get()
+        content = self.content_entry.get("1.0", tk.END).strip()
+
+        if title and category and content:
+            knowledge = {
+                "title": title,
+                "category": category,
+                "content": content
+            }
+            self.knowledge_manager.save_knowledge(knowledge)
+            self.load_knowledge()
+            self.clear_entries()
+        else:
+            messagebox.showwarning("Input Error", "Please fill in all fields.")
+
+    def load_knowledge(self):
+        self.knowledge_listbox.delete(0, tk.END)
+        for knowledge in self.knowledge_manager.knowledge_list:
+            self.knowledge_listbox.insert(tk.END, knowledge.title)
+
+    def on_select(self, event):
+        selected_index = self.knowledge_listbox.curselection()
+        if selected_index:
+            index = selected_index[0]
+            knowledge = self.knowledge_manager.knowledge_list[index]
+            self.title_entry.delete(0, tk.END)
+            self.title_entry.insert(0, knowledge.title)
+            self.category_entry.delete(0, tk.END)
+            self.category_entry.insert(0, knowledge.category)
+            self.content_entry.delete("1.0", tk.END)
+            self.content_entry.insert("1.0", knowledge.content)
+
+    def delete_selected(self):
+        selected_index = self.knowledge_listbox.curselection()
+        if selected_index:
+            index = selected_index[0]
+            self.knowledge_manager.delete_knowledge(index)
+            self.load_knowledge()
+            self.clear_entries()
+
+    def clear_entries(self):
+        self.title_entry.delete(0, tk.END)
+        self.category_entry.delete(0, tk.END)
+        self.content_entry.delete("1.0", tk.END)
+
+    def main(self):
+        self.root.mainloop()
+
+if __name__ == "__main__":
+    app = Main()
+    app.main()
```
2025-01-17 Friday 16:28:57 programmer.py : INFO  **[Update Codes]**

knowledge.json updated.


```
'''

'''
--- Old
+++ New
@@ -1 +1,12 @@
-# None
+[
+    {
+        "title": "Photosynthesis",
+        "category": "Biology",
+        "content": "Photosynthesis is the process by which green plants and some other organisms use sunlight to synthesize foods with the help of chlorophyll."
+    },
+    {
+        "title": "Newton's Laws",
+        "category": "Physics",
+        "content": "Newton's laws of motion are three physical laws that together form the foundation for classical mechanics."
+    }
+]
```
2025-01-17 Friday 16:28:57 programmer.py : INFO  Programmer writting CODE: knowledge.py
2025-01-17 Friday 16:28:57 programmer.py : INFO  Programmer writting CODE: knowledge_manager.py
2025-01-17 Friday 16:28:57 programmer.py : INFO  Programmer writting CODE: main.py
2025-01-17 Friday 16:28:57 programmer.py : INFO  Programmer writting CODE: knowledge.json
2025-01-17 Friday 16:28:57 product_manager.py : INFO  Product Manager Pole extracting PRD......
2025-01-17 Friday 16:28:57 architect.py : INFO  Architect Arnold generate Architect variable temperature
2025-01-17 Friday 16:28:57 architect.py : INFO  
You are a Architect, your goal is design a concise, usable, complete software system. the constraint is make sure the architecture is simple enough and use appropriate open source libraries.
Aim to achieve functional requirements, only require to implement demo.
If the original requirements have data storage requirements, you need to design a simple data storage method for the software. Do not use SQL datasets. Follow the data storage requirements in the software requirements(including data format, storage requirements, etc.).


## Context
original_requirement
# Software Description

### Objective

The Knowledge Tracker software is designed to help users track and organize their scientific knowledge. The software allows users to input, categorize, and store various pieces of scientific information, such as theories, concepts, and experiments. It provides features for easy retrieval, organization, and updating of knowledge, helping users maintain their learning and research.

### Core Features

1. Users shall be able to input and categorize scientific knowledge such as theories, concepts, and experiments.  
2. The application needs to provide users with easy access and retrieval of knowledge.  
3. Users shall be able to update and add new knowledge over time.  

### Language

Use Python to develop an application. You can use the Tkinter library to build graphical user interfaces.

### Data Storage

Data will be stored in local text files.
functional requirements
[OUTPUT] ## general overview of the project The Knowledge Tracker software is designed to help users track and organize their scientific knowledge. The software allows users to input, categorize, and store various pieces of scientific information, such as theories, concepts, and experiments. It provides features for easy retrieval, organization, and updating of knowledge, helping users maintain their learning and research. ## software functional requirements 1. The system shall allow users to input scientific knowledge, including theories, concepts, and experiments. 2. The system shall provide users with a user-friendly interface to categorize the inputted scientific knowledge. 3. The system shall enable users to easily access and retrieve stored scientific knowledge. 4. The system shall allow users to update existing scientific knowledge. 5. The system shall provide functionality for users to add new scientific knowledge over time. 6. The system shall store all scientific knowledge in local text files for data persistence. [/OUTPUT]
-----
## format example
[CONTENT]
"Implementation approach": "We will ...",
"UI design":"- A canvas for... with ... For Web applications, you should use html to generate the web template by yourself."
"Data Storage":"If software requires a data storage, you should follow the rules: Data will be stored in local files. Different types of data will be stored in separate files. You should define the file by yourself in advance.Do not use SQL database. Else just print Not Require!"
"File list": ["main.py","game.py","templates/login.html","users.txt"],
"Data structures and interfaces": "
classDiagram
    class Main {
        -SearchEngine search_engine
        +main() str
    }
    class SearchEngine {
        -Index index
        -Ranking ranking
        -Summary summary
        +search(query: str) str
    }
    class Index {
        -KnowledgeBase knowledge_base
        +create_index(data: dict)
        +query_index(query: str) list
    }
    class Ranking {
        +rank_results(results: list) list
    }
    class Summary {
        +summarize_results(results: list) str
    }
    class KnowledgeBase {
        +update(data: dict)
        +fetch_data(query: str) dict
    }
    Main --> SearchEngine
    SearchEngine --> Index
    SearchEngine --> Ranking
    SearchEngine --> Summary
    Index --> KnowledgeBase
",

[/CONTENT]

## nodes: "<node>: <type>  # <instruction>"
- Implementation approach: <class 'str'>  # Analyze the difficult points of the requirements, select the appropriate open-source framework. If require GUI, you must also choose a GUI framework (e.g., in Python, you can implement GUI via tkinter, Pygame, Flexx, PyGUI, etc,)
- File list: typing.List[str]  #  Only need relative paths. ALWAYS write a main.py here
- Data structures and interfaces: <class 'str'>  # Use mermaid classDiagram code syntax, including classes, method(__init__ etc.) and functions with type annotations, CLEARLY MARK the RELATIONSHIPS between classes, and comply with PEP8 standards. The data structures SHOULD BE VERY DETAILED and the API should be comprehensive with a complete design.
- UI design:<class 'str'>  # optional, if system require UI, choose a GUI framework (e.g., in Python, you can implement GUI via tkinter, Pygame, Flexx, PyGUI, etc,) and list system UI design and corresponding feature's UI design.

## constraint
Language: Please use the same language as Human INPUT.
Format: output wrapped inside [CONTENT][/CONTENT] like format example, nothing else.
If you are doing website development, do not encrypt the account password for the login function.

# Attention
1. If a feature of software requires a GUI, you also need to carefully consider the UI components that this feature will require and its relationship to the main UI in Architecture.
2. Aim to achieve functional requirements, only require to implement a demo.
3. If project requires data storage, follow the requirement of data storage, implement a simple storage.Do not use SQL database.
4. Organize related functionalities into a single Python file to avoid creating too many files.
5. do not output ```plaintext or other ``` in the start and the end, output directly.

## action
Follow instructions of nodes and Attention, generate output and make sure it follows the format example.

2025-01-17 Friday 16:28:57 model.py : INFO  self.model.temperature-----------------0.45-------------------------------
2025-01-17 Friday 16:29:00 _client.py : INFO  HTTP Request: POST https://api.chatanywhere.tech/chat/completions "HTTP/1.1 200 OK"
2025-01-17 Friday 16:29:00 model.py : INFO  following invoke cost: 1496 | all cost: 16636
2025-01-17 Friday 16:29:00 architect.py : INFO  Architect Arnold
2025-01-17 Friday 16:29:00 architect.py : INFO  [CONTENT]
"Implementation approach": "We will use Python with the Tkinter library to create a graphical user interface. The application will allow users to input, categorize, and manage scientific knowledge. Data will be stored in local text files, with each type of knowledge stored in separate files for easy retrieval and updates.",
"UI design":"- Main window with buttons for 'Add Knowledge', 'View Knowledge', and 'Update Knowledge'.\n- A text input area for entering scientific knowledge, with dropdowns for selecting categories (theories, concepts, experiments).\n- A list view to display stored knowledge for easy access.",
"Data Storage":"Data will be stored in local text files. We will have separate text files for each category of knowledge: 'theories.txt', 'concepts.txt', and 'experiments.txt'. Each line in the files will represent a separate entry of knowledge.",
"File list": ["main.py", "theories.txt", "concepts.txt", "experiments.txt"],
"Data structures and interfaces": "
classDiagram
    class Main {
        -KnowledgeManager knowledge_manager
        +main() str
    }
    class KnowledgeManager {
        -file_paths dict
        +add_knowledge(category: str, knowledge: str) void
        +view_knowledge(category: str) list
        +update_knowledge(category: str, old_knowledge: str, new_knowledge: str) void
    }
    Main --> KnowledgeManager
",
[/CONTENT]
2025-01-17 Friday 16:29:00 architect.py : INFO  already a architect, replace it
2025-01-17 Friday 16:29:00 architect.py : INFO  Architect writting ARCHITECT
2025-01-17 Friday 16:29:00 project_manager.py : INFO  Project Manager Tsunoda generate Project PLAN variable temperature
2025-01-17 Friday 16:29:00 project_manager.py : INFO  
You are a Project Manager, your goal is break down tasks according to functional requirement/architecture, generate a task plan, and analyze task dependencies to start with the prerequisite modules. the constraint is use same language as user requirement. 


## Context
functional requirement:
[OUTPUT] ## general overview of the project The Knowledge Tracker software is designed to help users track and organize their scientific knowledge. The software allows users to input, categorize, and store various pieces of scientific information, such as theories, concepts, and experiments. It provides features for easy retrieval, organization, and updating of knowledge, helping users maintain their learning and research. ## software functional requirements 1. The system shall allow users to input scientific knowledge, including theories, concepts, and experiments. 2. The system shall provide users with a user-friendly interface to categorize the inputted scientific knowledge. 3. The system shall enable users to easily access and retrieve stored scientific knowledge. 4. The system shall allow users to update existing scientific knowledge. 5. The system shall provide functionality for users to add new scientific knowledge over time. 6. The system shall store all scientific knowledge in local text files for data persistence. [/OUTPUT]

architecture:
[CONTENT]
"Implementation approach": "We will use Python with the Tkinter library to create a graphical user interface. The application will allow users to input, categorize, and manage scientific knowledge. Data will be stored in local text files, with each type of knowledge stored in separate files for easy retrieval and updates.",
"UI design":"- Main window with buttons for 'Add Knowledge', 'View Knowledge', and 'Update Knowledge'.\n- A text input area for entering scientific knowledge, with dropdowns for selecting categories (theories, concepts, experiments).\n- A list view to display stored knowledge for easy access.",
"Data Storage":"Data will be stored in local text files. We will have separate text files for each category of knowledge: 'theories.txt', 'concepts.txt', and 'experiments.txt'. Each line in the files will represent a separate entry of knowledge.",
"File list": ["main.py", "theories.txt", "concepts.txt", "experiments.txt"],
"Data structures and interfaces": "
classDiagram
    class Main {
        -KnowledgeManager knowledge_manager
        +main() str
    }
    class KnowledgeManager {
        -file_paths dict
        +add_knowledge(category: str, knowledge: str) void
        +view_knowledge(category: str) list
        +update_knowledge(category: str, old_knowledge: str, new_knowledge: str) void
    }
    Main --> KnowledgeManager
",
[/CONTENT]
-----

## format example
[CONTENT]

"Required packages": [
    "flask==1.1.2",
    "bcrypt==3.2.0"
],
"Required Other language third-party packages": [
    "No third-party dependencies required"
],
"Logic Analysis": [
    [
        "game.py",
        "Contains Game class and ... functions"
    ],
    [
        "main.py",
        "Contains main function, from game import Game"
    ]
],
"Task list": [
    "game.py",
    "main.py"
],
"Shared Knowledge": "`game.py` contains functions shared across the project.",

[/CONTENT]

## nodes: "<node>: <type>  # <instruction>"
- Required packages: typing.List[str]  # Provide required packages in requirements.txt format.
- Required Other language third-party packages: typing.List[str]  # List down the required packages for languages other than Python.
- Logic Analysis: typing.List[typing.List[str]]  # Provide a list of files with the classes/methods/functions to be implemented, including dependency analysis and imports.
- Task list: typing.List[str]  # Break down the tasks into a list of filenames, prioritized by dependency order.
- Full API spec: <class 'str'>  # Describe all APIs using OpenAPI 3.0 spec that may be used by both frontend and backend. If front-end and back-end communication is not required, leave it blank.
- Shared Knowledge: <class 'str'>  # Detail any shared knowledge, like common utility functions or configuration variables.

## constraint
Language: Please use the same language as Human INPUT.
Format: output wrapped inside [CONTENT][/CONTENT] like format example, nothing else.
If you are doing website development, please do not encrypt the account password for the login function.

## action
Follow instructions of nodes, generate output and make sure it follows the format example.

2025-01-17 Friday 16:29:00 model.py : INFO  self.model.temperature-----------------0.45-------------------------------
2025-01-17 Friday 16:29:02 _client.py : INFO  HTTP Request: POST https://api.chatanywhere.tech/chat/completions "HTTP/1.1 200 OK"
2025-01-17 Friday 16:29:02 model.py : INFO  following invoke cost: 1103 | all cost: 17739
2025-01-17 Friday 16:29:02 project_manager.py : INFO  Project Manager Tsunoda
2025-01-17 Friday 16:29:02 project_manager.py : INFO  [CONTENT]

"Required packages": [
    "tkinter",
    "os"
],
"Required Other language third-party packages": [
    "No third-party dependencies required"
],
"Logic Analysis": [
    [
        "main.py",
        "Contains Main class with the main function to initialize the application and manage the GUI."
    ],
    [
        "knowledge_manager.py",
        "Contains KnowledgeManager class with methods to add, view, and update scientific knowledge."
    ]
],
"Task list": [
    "knowledge_manager.py",
    "main.py"
],
"Full API spec": "", 
"Shared Knowledge": "`knowledge_manager.py` contains the logic for managing scientific knowledge, which is utilized by `main.py` for user interactions.",

[/CONTENT]
2025-01-17 Friday 16:29:02 project_manager.py : INFO  already a task plan, replace it
2025-01-17 Friday 16:29:02 project_manager.py : INFO  Project Manager writting TASK PLAN
2025-01-17 Friday 16:29:02 programmer.py : INFO  Programmer Clorinde Coding...
2025-01-17 Friday 16:29:02 programmer.py : INFO  
You are a professional engineer; the main goal is to write google-style, elegant, modular, easy to read and maintain code.
Output format carefully referenced "Format example".
In addition to writing code, you may also need to complete the data files in the task list (such as .txt .json .csv files). If the task list requires the implementation of data files, you need to simply design some data that meets the requirements for your completed software to facilitate the startup and testing of the software as a demo.


# Context
## Design
[CONTENT]
"Implementation approach": "We will use Python with the Tkinter library to create a graphical user interface. The application will allow users to input, categorize, and manage scientific knowledge. Data will be stored in local text files, with each type of knowledge stored in separate files for easy retrieval and updates.",
"UI design":"- Main window with buttons for 'Add Knowledge', 'View Knowledge', and 'Update Knowledge'.\n- A text input area for entering scientific knowledge, with dropdowns for selecting categories (theories, concepts, experiments).\n- A list view to display stored knowledge for easy access.",
"Data Storage":"Data will be stored in local text files. We will have separate text files for each category of knowledge: 'theories.txt', 'concepts.txt', and 'experiments.txt'. Each line in the files will represent a separate entry of knowledge.",
"File list": ["main.py", "theories.txt", "concepts.txt", "experiments.txt"],
"Data structures and interfaces": "
classDiagram
    class Main {
        -KnowledgeManager knowledge_manager
        +main() str
    }
    class KnowledgeManager {
        -file_paths dict
        +add_knowledge(category: str, knowledge: str) void
        +view_knowledge(category: str) list
        +update_knowledge(category: str, old_knowledge: str, new_knowledge: str) void
    }
    Main --> KnowledgeManager
",
[/CONTENT]
## Task Plan
[CONTENT]

"Required packages": [
    "tkinter",
    "os"
],
"Required Other language third-party packages": [
    "No third-party dependencies required"
],
"Logic Analysis": [
    [
        "main.py",
        "Contains Main class with the main function to initialize the application and manage the GUI."
    ],
    [
        "knowledge_manager.py",
        "Contains KnowledgeManager class with methods to add, view, and update scientific knowledge."
    ]
],
"Task list": [
    "knowledge_manager.py",
    "main.py"
],
"Full API spec": "", 
"Shared Knowledge": "`knowledge_manager.py` contains the logic for managing scientific knowledge, which is utilized by `main.py` for user interactions.",

[/CONTENT]

-----
# Format Example 
*** main.py
```python
...
```

*** ui.py
```python
...
```

*** a.txt
```txt
admin|admin123
user1|user123
```
-----
# Instruction: Based on the context, follow "Format example", write code.
## ATTENTION
1. Use '***' to SPLIT different CODE SECTIONS. do not forget ``` in each file, refer the the example. Output format carefully referenced "Format example".
2. Follow design: YOU MUST FOLLOW "Data structures and interfaces". DONT CHANGE ANY DESIGN. Do not use public member functions that do not exist in your design.
3. Follow task: YOU MUST write Comprehensive codes to complete task of each file in task list.
4. CAREFULLY CHECK THAT YOU DONT MISS ANY NECESSARY CLASS/FUNCTION IN THE FILE.
5. You must import the third-party libraries used in your code
6. If you use a Class not in your file, you must ensure you import it firstly.
7. Determine the order of writing the files based on your understanding of the project.
8. Write out EVERY CODE DETAIL, DON'T LEAVE TODO,PASS,PLACEHOLDER.
9. Only write code result, do not output any other content in the start or in the end.
10. If you need to generate text data, must follow below rules:
(Different groups of data are distinguished by line breaks.
Different contents of the same group of data are distinguished by |.
Make sure: The "|" character is used only to separate distinct contents within a group.
Your code of handling data must be consistent with rule in which you define the data.)
if you still use json, you must change the file extension to .json.
11. You need to write some pre-stored data to facilitate testing.

# Website Development Rule
If you are doing website development, be sure to route the root path (/). If there is a login page, set the login page as the root route(/).
If you are doing website development, please do not encrypt the account password for the login function.
If you are doing website development, your code needs to take into account the process of loading data from the data file, so don't forget to load the data.
If you are doing Website Development, do not follow the rules of Website and Game development.

# GUI tkinter Development Rule
If you are doing GUI tkinter Development, do not follow the rules of Website and Game development.
# Game Development Rule
If the software needs to load data, please make sure the loading data code matches the data format and data file.
If you are doing Game Development, do not follow the rules of Website and Game development.

# important rule
Use '***' to SPLIT CODE SECTIONS. do not forget ``` in each file, refer the the example. Output format carefully referenced "Format example". 
Adhere strictly to the task requirements and implement them fully; do not include placeholders or "example" for code that is intended for future implementation.

2025-01-17 Friday 16:29:02 model.py : INFO  self.model.temperature-----------------0.45-------------------------------
2025-01-17 Friday 16:29:10 _client.py : INFO  HTTP Request: POST https://api.chatanywhere.tech/chat/completions "HTTP/1.1 200 OK"
2025-01-17 Friday 16:29:10 model.py : INFO  following invoke cost: 2012 | all cost: 19751
2025-01-17 Friday 16:29:10 programmer.py : INFO  
*** knowledge_manager.py
```python
import os

class KnowledgeManager:
    def __init__(self):
        self.file_paths = {
            'theories': 'theories.txt',
            'concepts': 'concepts.txt',
            'experiments': 'experiments.txt'
        }
        self._initialize_files()

    def _initialize_files(self):
        for file_path in self.file_paths.values():
            if not os.path.exists(file_path):
                with open(file_path, 'w') as file:
                    pass  # Create the file if it does not exist

    def add_knowledge(self, category: str, knowledge: str) -> None:
        if category not in self.file_paths:
            raise ValueError("Invalid category")
        with open(self.file_paths[category], 'a') as file:
            file.write(knowledge + '\n')

    def view_knowledge(self, category: str) -> list:
        if category not in self.file_paths:
            raise ValueError("Invalid category")
        with open(self.file_paths[category], 'r') as file:
            return file.read().strip().splitlines()

    def update_knowledge(self, category: str, old_knowledge: str, new_knowledge: str) -> None:
        if category not in self.file_paths:
            raise ValueError("Invalid category")
        knowledge_list = self.view_knowledge(category)
        updated_list = [new_knowledge if knowledge == old_knowledge else knowledge for knowledge in knowledge_list]
        with open(self.file_paths[category], 'w') as file:
            for knowledge in updated_list:
                file.write(knowledge + '\n')
```

*** main.py
```python
import tkinter as tk
from tkinter import messagebox, simpledialog
from knowledge_manager import KnowledgeManager

class Main:
    def __init__(self):
        self.knowledge_manager = KnowledgeManager()
        self.root = tk.Tk()
        self.root.title("Scientific Knowledge Manager")
        self.create_widgets()

    def create_widgets(self):
        tk.Button(self.root, text="Add Knowledge", command=self.add_knowledge).pack(pady=10)
        tk.Button(self.root, text="View Knowledge", command=self.view_knowledge).pack(pady=10)
        tk.Button(self.root, text="Update Knowledge", command=self.update_knowledge).pack(pady=10)

    def add_knowledge(self):
        category = simpledialog.askstring("Input", "Enter category (theories, concepts, experiments):")
        knowledge = simpledialog.askstring("Input", "Enter knowledge:")
        if category and knowledge:
            self.knowledge_manager.add_knowledge(category, knowledge)
            messagebox.showinfo("Success", "Knowledge added successfully!")

    def view_knowledge(self):
        category = simpledialog.askstring("Input", "Enter category (theories, concepts, experiments):")
        if category:
            knowledge_list = self.knowledge_manager.view_knowledge(category)
            messagebox.showinfo("Knowledge", "\n".join(knowledge_list))

    def update_knowledge(self):
        category = simpledialog.askstring("Input", "Enter category (theories, concepts, experiments):")
        old_knowledge = simpledialog.askstring("Input", "Enter old knowledge:")
        new_knowledge = simpledialog.askstring("Input", "Enter new knowledge:")
        if category and old_knowledge and new_knowledge:
            self.knowledge_manager.update_knowledge(category, old_knowledge, new_knowledge)
            messagebox.showinfo("Success", "Knowledge updated successfully!")

    def main(self) -> str:
        self.root.mainloop()
        return "Application closed."

if __name__ == "__main__":
    app = Main()
    app.main()
```

*** theories.txt
```txt
Theory of Relativity
Quantum Mechanics
```

*** concepts.txt
```txt
Atom
Molecule
```

*** experiments.txt
```txt
Photosynthesis Experiment
Newton's Cradle Experiment
```
2025-01-17 Friday 16:29:10 programmer.py : INFO  Compare Code
2025-01-17 Friday 16:29:10 programmer.py : INFO  **[Update Codes]**

knowledge_manager.py updated.


```
'''

'''
--- Old
+++ New
@@ -1 +1,37 @@
-# None
+import os
+
+class KnowledgeManager:
+    def __init__(self):
+        self.file_paths = {
+            'theories': 'theories.txt',
+            'concepts': 'concepts.txt',
+            'experiments': 'experiments.txt'
+        }
+        self._initialize_files()
+
+    def _initialize_files(self):
+        for file_path in self.file_paths.values():
+            if not os.path.exists(file_path):
+                with open(file_path, 'w') as file:
+                    pass  # Create the file if it does not exist
+
+    def add_knowledge(self, category: str, knowledge: str) -> None:
+        if category not in self.file_paths:
+            raise ValueError("Invalid category")
+        with open(self.file_paths[category], 'a') as file:
+            file.write(knowledge + '\n')
+
+    def view_knowledge(self, category: str) -> list:
+        if category not in self.file_paths:
+            raise ValueError("Invalid category")
+        with open(self.file_paths[category], 'r') as file:
+            return file.read().strip().splitlines()
+
+    def update_knowledge(self, category: str, old_knowledge: str, new_knowledge: str) -> None:
+        if category not in self.file_paths:
+            raise ValueError("Invalid category")
+        knowledge_list = self.view_knowledge(category)
+        updated_list = [new_knowledge if knowledge == old_knowledge else knowledge for knowledge in knowledge_list]
+        with open(self.file_paths[category], 'w') as file:
+            for knowledge in updated_list:
+                file.write(knowledge + '\n')
```
2025-01-17 Friday 16:29:10 programmer.py : INFO  **[Update Codes]**

main.py updated.


```
'''

'''
--- Old
+++ New
@@ -1 +1,44 @@
-# None
+import tkinter as tk
+from tkinter import messagebox, simpledialog
+from knowledge_manager import KnowledgeManager
+
+class Main:
+    def __init__(self):
+        self.knowledge_manager = KnowledgeManager()
+        self.root = tk.Tk()
+        self.root.title("Scientific Knowledge Manager")
+        self.create_widgets()
+
+    def create_widgets(self):
+        tk.Button(self.root, text="Add Knowledge", command=self.add_knowledge).pack(pady=10)
+        tk.Button(self.root, text="View Knowledge", command=self.view_knowledge).pack(pady=10)
+        tk.Button(self.root, text="Update Knowledge", command=self.update_knowledge).pack(pady=10)
+
+    def add_knowledge(self):
+        category = simpledialog.askstring("Input", "Enter category (theories, concepts, experiments):")
+        knowledge = simpledialog.askstring("Input", "Enter knowledge:")
+        if category and knowledge:
+            self.knowledge_manager.add_knowledge(category, knowledge)
+            messagebox.showinfo("Success", "Knowledge added successfully!")
+
+    def view_knowledge(self):
+        category = simpledialog.askstring("Input", "Enter category (theories, concepts, experiments):")
+        if category:
+            knowledge_list = self.knowledge_manager.view_knowledge(category)
+            messagebox.showinfo("Knowledge", "\n".join(knowledge_list))
+
+    def update_knowledge(self):
+        category = simpledialog.askstring("Input", "Enter category (theories, concepts, experiments):")
+        old_knowledge = simpledialog.askstring("Input", "Enter old knowledge:")
+        new_knowledge = simpledialog.askstring("Input", "Enter new knowledge:")
+        if category and old_knowledge and new_knowledge:
+            self.knowledge_manager.update_knowledge(category, old_knowledge, new_knowledge)
+            messagebox.showinfo("Success", "Knowledge updated successfully!")
+
+    def main(self) -> str:
+        self.root.mainloop()
+        return "Application closed."
+
+if __name__ == "__main__":
+    app = Main()
+    app.main()
```
2025-01-17 Friday 16:29:10 programmer.py : INFO  **[Update Codes]**

theories.txt updated.


```
'''

'''
--- Old
+++ New
@@ -1 +1,2 @@
-# None
+Theory of Relativity
+Quantum Mechanics
```
2025-01-17 Friday 16:29:10 programmer.py : INFO  **[Update Codes]**

concepts.txt updated.


```
'''

'''
--- Old
+++ New
@@ -1 +1,2 @@
-# None
+Atom
+Molecule
```
2025-01-17 Friday 16:29:10 programmer.py : INFO  **[Update Codes]**

experiments.txt updated.


```
'''

'''
--- Old
+++ New
@@ -1 +1,2 @@
-# None
+Photosynthesis Experiment
+Newton's Cradle Experiment
```
2025-01-17 Friday 16:29:10 programmer.py : INFO  Programmer writting CODE: knowledge_manager.py
2025-01-17 Friday 16:29:10 programmer.py : INFO  Programmer writting CODE: main.py
2025-01-17 Friday 16:29:10 programmer.py : INFO  Programmer writting CODE: theories.txt
2025-01-17 Friday 16:29:10 programmer.py : INFO  Programmer writting CODE: concepts.txt
2025-01-17 Friday 16:29:10 programmer.py : INFO  Programmer writting CODE: experiments.txt
2025-01-17 Friday 16:29:10 product_manager.py : INFO  Product Manager Pole extracting PRD......
2025-01-17 Friday 16:29:10 architect.py : INFO  Architect Arnold generate Architect variable temperature
2025-01-17 Friday 16:29:10 architect.py : INFO  
You are a Architect, your goal is design a concise, usable, complete software system. the constraint is make sure the architecture is simple enough and use appropriate open source libraries.
Aim to achieve functional requirements, only require to implement demo.
If the original requirements have data storage requirements, you need to design a simple data storage method for the software. Do not use SQL datasets. Follow the data storage requirements in the software requirements(including data format, storage requirements, etc.).


## Context
original_requirement
# Software Description

### Objective

The Knowledge Tracker software is designed to help users track and organize their scientific knowledge. The software allows users to input, categorize, and store various pieces of scientific information, such as theories, concepts, and experiments. It provides features for easy retrieval, organization, and updating of knowledge, helping users maintain their learning and research.

### Core Features

1. Users shall be able to input and categorize scientific knowledge such as theories, concepts, and experiments.  
2. The application needs to provide users with easy access and retrieval of knowledge.  
3. Users shall be able to update and add new knowledge over time.  

### Language

Use Python to develop an application. You can use the Tkinter library to build graphical user interfaces.

### Data Storage

Data will be stored in local text files.
functional requirements
[OUTPUT] ## general overview of the project The Knowledge Tracker software is designed to help users track and organize their scientific knowledge. The software allows users to input, categorize, and store various pieces of scientific information, such as theories, concepts, and experiments. It provides features for easy retrieval, organization, and updating of knowledge, helping users maintain their learning and research. ## software functional requirements 1. The system shall allow users to input scientific knowledge, including theories, concepts, and experiments. 2. The system shall provide users with a user-friendly interface to categorize the inputted scientific knowledge. 3. The system shall enable users to easily access and retrieve stored scientific knowledge. 4. The system shall allow users to update existing scientific knowledge. 5. The system shall provide functionality for users to add new scientific knowledge over time. 6. The system shall store all scientific knowledge in local text files for data persistence. [/OUTPUT]
-----
## format example
[CONTENT]
"Implementation approach": "We will ...",
"UI design":"- A canvas for... with ... For Web applications, you should use html to generate the web template by yourself."
"Data Storage":"If software requires a data storage, you should follow the rules: Data will be stored in local files. Different types of data will be stored in separate files. You should define the file by yourself in advance.Do not use SQL database. Else just print Not Require!"
"File list": ["main.py","game.py","templates/login.html","users.txt"],
"Data structures and interfaces": "
classDiagram
    class Main {
        -SearchEngine search_engine
        +main() str
    }
    class SearchEngine {
        -Index index
        -Ranking ranking
        -Summary summary
        +search(query: str) str
    }
    class Index {
        -KnowledgeBase knowledge_base
        +create_index(data: dict)
        +query_index(query: str) list
    }
    class Ranking {
        +rank_results(results: list) list
    }
    class Summary {
        +summarize_results(results: list) str
    }
    class KnowledgeBase {
        +update(data: dict)
        +fetch_data(query: str) dict
    }
    Main --> SearchEngine
    SearchEngine --> Index
    SearchEngine --> Ranking
    SearchEngine --> Summary
    Index --> KnowledgeBase
",

[/CONTENT]

## nodes: "<node>: <type>  # <instruction>"
- Implementation approach: <class 'str'>  # Analyze the difficult points of the requirements, select the appropriate open-source framework. If require GUI, you must also choose a GUI framework (e.g., in Python, you can implement GUI via tkinter, Pygame, Flexx, PyGUI, etc,)
- File list: typing.List[str]  #  Only need relative paths. ALWAYS write a main.py here
- Data structures and interfaces: <class 'str'>  # Use mermaid classDiagram code syntax, including classes, method(__init__ etc.) and functions with type annotations, CLEARLY MARK the RELATIONSHIPS between classes, and comply with PEP8 standards. The data structures SHOULD BE VERY DETAILED and the API should be comprehensive with a complete design.
- UI design:<class 'str'>  # optional, if system require UI, choose a GUI framework (e.g., in Python, you can implement GUI via tkinter, Pygame, Flexx, PyGUI, etc,) and list system UI design and corresponding feature's UI design.

## constraint
Language: Please use the same language as Human INPUT.
Format: output wrapped inside [CONTENT][/CONTENT] like format example, nothing else.
If you are doing website development, do not encrypt the account password for the login function.

# Attention
1. If a feature of software requires a GUI, you also need to carefully consider the UI components that this feature will require and its relationship to the main UI in Architecture.
2. Aim to achieve functional requirements, only require to implement a demo.
3. If project requires data storage, follow the requirement of data storage, implement a simple storage.Do not use SQL database.
4. Organize related functionalities into a single Python file to avoid creating too many files.
5. do not output ```plaintext or other ``` in the start and the end, output directly.

## action
Follow instructions of nodes and Attention, generate output and make sure it follows the format example.

2025-01-17 Friday 16:29:10 model.py : INFO  self.model.temperature-----------------0.45-------------------------------
2025-01-17 Friday 16:29:13 _client.py : INFO  HTTP Request: POST https://api.chatanywhere.tech/chat/completions "HTTP/1.1 200 OK"
2025-01-17 Friday 16:29:13 model.py : INFO  following invoke cost: 1497 | all cost: 21248
2025-01-17 Friday 16:29:13 architect.py : INFO  Architect Arnold
2025-01-17 Friday 16:29:13 architect.py : INFO  [CONTENT]
"Implementation approach": "We will develop a simple desktop application using Python and the Tkinter library for the graphical user interface. The application will allow users to input, categorize, and store scientific knowledge in local text files, ensuring easy retrieval and updates.",
"UI design":"- A main window with buttons for 'Add Knowledge', 'View Knowledge', and 'Update Knowledge'.\n- A text area for users to input scientific knowledge details.\n- A dropdown menu for categorizing the knowledge (e.g., Theories, Concepts, Experiments).\n- A list box to display stored knowledge for retrieval and updates.",
"Data Storage":"Data will be stored in local text files. Each category of scientific knowledge will have its own file: 'theories.txt', 'concepts.txt', and 'experiments.txt'. Each line in the file will represent a separate piece of knowledge.",
"File list": ["main.py", "theories.txt", "concepts.txt", "experiments.txt"],
"Data structures and interfaces": "
classDiagram
    class Main {
        -KnowledgeManager knowledge_manager
        +main() str
    }
    class KnowledgeManager {
        -dict knowledge_files
        +add_knowledge(category: str, knowledge: str) void
        +view_knowledge(category: str) list
        +update_knowledge(category: str, old_knowledge: str, new_knowledge: str) void
    }
    Main --> KnowledgeManager
",
[/CONTENT]
2025-01-17 Friday 16:29:13 architect.py : INFO  already a architect, replace it
2025-01-17 Friday 16:29:13 architect.py : INFO  Architect writting ARCHITECT
2025-01-17 Friday 16:29:13 project_manager.py : INFO  Project Manager Tsunoda generate Project PLAN variable temperature
2025-01-17 Friday 16:29:13 project_manager.py : INFO  
You are a Project Manager, your goal is break down tasks according to functional requirement/architecture, generate a task plan, and analyze task dependencies to start with the prerequisite modules. the constraint is use same language as user requirement. 


## Context
functional requirement:
[OUTPUT] ## general overview of the project The Knowledge Tracker software is designed to help users track and organize their scientific knowledge. The software allows users to input, categorize, and store various pieces of scientific information, such as theories, concepts, and experiments. It provides features for easy retrieval, organization, and updating of knowledge, helping users maintain their learning and research. ## software functional requirements 1. The system shall allow users to input scientific knowledge, including theories, concepts, and experiments. 2. The system shall provide users with a user-friendly interface to categorize the inputted scientific knowledge. 3. The system shall enable users to easily access and retrieve stored scientific knowledge. 4. The system shall allow users to update existing scientific knowledge. 5. The system shall provide functionality for users to add new scientific knowledge over time. 6. The system shall store all scientific knowledge in local text files for data persistence. [/OUTPUT]

architecture:
[CONTENT]
"Implementation approach": "We will develop a simple desktop application using Python and the Tkinter library for the graphical user interface. The application will allow users to input, categorize, and store scientific knowledge in local text files, ensuring easy retrieval and updates.",
"UI design":"- A main window with buttons for 'Add Knowledge', 'View Knowledge', and 'Update Knowledge'.\n- A text area for users to input scientific knowledge details.\n- A dropdown menu for categorizing the knowledge (e.g., Theories, Concepts, Experiments).\n- A list box to display stored knowledge for retrieval and updates.",
"Data Storage":"Data will be stored in local text files. Each category of scientific knowledge will have its own file: 'theories.txt', 'concepts.txt', and 'experiments.txt'. Each line in the file will represent a separate piece of knowledge.",
"File list": ["main.py", "theories.txt", "concepts.txt", "experiments.txt"],
"Data structures and interfaces": "
classDiagram
    class Main {
        -KnowledgeManager knowledge_manager
        +main() str
    }
    class KnowledgeManager {
        -dict knowledge_files
        +add_knowledge(category: str, knowledge: str) void
        +view_knowledge(category: str) list
        +update_knowledge(category: str, old_knowledge: str, new_knowledge: str) void
    }
    Main --> KnowledgeManager
",
[/CONTENT]
-----

## format example
[CONTENT]

"Required packages": [
    "flask==1.1.2",
    "bcrypt==3.2.0"
],
"Required Other language third-party packages": [
    "No third-party dependencies required"
],
"Logic Analysis": [
    [
        "game.py",
        "Contains Game class and ... functions"
    ],
    [
        "main.py",
        "Contains main function, from game import Game"
    ]
],
"Task list": [
    "game.py",
    "main.py"
],
"Shared Knowledge": "`game.py` contains functions shared across the project.",

[/CONTENT]

## nodes: "<node>: <type>  # <instruction>"
- Required packages: typing.List[str]  # Provide required packages in requirements.txt format.
- Required Other language third-party packages: typing.List[str]  # List down the required packages for languages other than Python.
- Logic Analysis: typing.List[typing.List[str]]  # Provide a list of files with the classes/methods/functions to be implemented, including dependency analysis and imports.
- Task list: typing.List[str]  # Break down the tasks into a list of filenames, prioritized by dependency order.
- Full API spec: <class 'str'>  # Describe all APIs using OpenAPI 3.0 spec that may be used by both frontend and backend. If front-end and back-end communication is not required, leave it blank.
- Shared Knowledge: <class 'str'>  # Detail any shared knowledge, like common utility functions or configuration variables.

## constraint
Language: Please use the same language as Human INPUT.
Format: output wrapped inside [CONTENT][/CONTENT] like format example, nothing else.
If you are doing website development, please do not encrypt the account password for the login function.

## action
Follow instructions of nodes, generate output and make sure it follows the format example.

2025-01-17 Friday 16:29:13 model.py : INFO  self.model.temperature-----------------0.45-------------------------------
2025-01-17 Friday 16:29:15 _client.py : INFO  HTTP Request: POST https://api.chatanywhere.tech/chat/completions "HTTP/1.1 200 OK"
2025-01-17 Friday 16:29:15 model.py : INFO  following invoke cost: 1097 | all cost: 22345
2025-01-17 Friday 16:29:15 project_manager.py : INFO  Project Manager Tsunoda
2025-01-17 Friday 16:29:15 project_manager.py : INFO  [CONTENT]

"Required packages": [
    "tkinter",
    "os"
],
"Required Other language third-party packages": [
    "No third-party dependencies required"
],
"Logic Analysis": [
    [
        "main.py",
        "Contains the main function and initializes the GUI."
    ],
    [
        "knowledge_manager.py",
        "Contains KnowledgeManager class with methods for adding, viewing, and updating knowledge."
    ]
],
"Task list": [
    "knowledge_manager.py",
    "main.py"
],
"Full API spec": "",
"Shared Knowledge": "`knowledge_manager.py` contains the core logic for managing scientific knowledge, which is utilized by `main.py` for the GUI operations.",

[/CONTENT]
2025-01-17 Friday 16:29:15 project_manager.py : INFO  already a task plan, replace it
2025-01-17 Friday 16:29:15 project_manager.py : INFO  Project Manager writting TASK PLAN
2025-01-17 Friday 16:29:15 programmer.py : INFO  Programmer Clorinde Coding...
2025-01-17 Friday 16:29:15 programmer.py : INFO  
You are a professional engineer; the main goal is to write google-style, elegant, modular, easy to read and maintain code.
Output format carefully referenced "Format example".
In addition to writing code, you may also need to complete the data files in the task list (such as .txt .json .csv files). If the task list requires the implementation of data files, you need to simply design some data that meets the requirements for your completed software to facilitate the startup and testing of the software as a demo.


# Context
## Design
[CONTENT]
"Implementation approach": "We will develop a simple desktop application using Python and the Tkinter library for the graphical user interface. The application will allow users to input, categorize, and store scientific knowledge in local text files, ensuring easy retrieval and updates.",
"UI design":"- A main window with buttons for 'Add Knowledge', 'View Knowledge', and 'Update Knowledge'.\n- A text area for users to input scientific knowledge details.\n- A dropdown menu for categorizing the knowledge (e.g., Theories, Concepts, Experiments).\n- A list box to display stored knowledge for retrieval and updates.",
"Data Storage":"Data will be stored in local text files. Each category of scientific knowledge will have its own file: 'theories.txt', 'concepts.txt', and 'experiments.txt'. Each line in the file will represent a separate piece of knowledge.",
"File list": ["main.py", "theories.txt", "concepts.txt", "experiments.txt"],
"Data structures and interfaces": "
classDiagram
    class Main {
        -KnowledgeManager knowledge_manager
        +main() str
    }
    class KnowledgeManager {
        -dict knowledge_files
        +add_knowledge(category: str, knowledge: str) void
        +view_knowledge(category: str) list
        +update_knowledge(category: str, old_knowledge: str, new_knowledge: str) void
    }
    Main --> KnowledgeManager
",
[/CONTENT]
## Task Plan
[CONTENT]

"Required packages": [
    "tkinter",
    "os"
],
"Required Other language third-party packages": [
    "No third-party dependencies required"
],
"Logic Analysis": [
    [
        "main.py",
        "Contains the main function and initializes the GUI."
    ],
    [
        "knowledge_manager.py",
        "Contains KnowledgeManager class with methods for adding, viewing, and updating knowledge."
    ]
],
"Task list": [
    "knowledge_manager.py",
    "main.py"
],
"Full API spec": "",
"Shared Knowledge": "`knowledge_manager.py` contains the core logic for managing scientific knowledge, which is utilized by `main.py` for the GUI operations.",

[/CONTENT]

-----
# Format Example 
*** main.py
```python
...
```

*** ui.py
```python
...
```

*** a.txt
```txt
admin|admin123
user1|user123
```
-----
# Instruction: Based on the context, follow "Format example", write code.
## ATTENTION
1. Use '***' to SPLIT different CODE SECTIONS. do not forget ``` in each file, refer the the example. Output format carefully referenced "Format example".
2. Follow design: YOU MUST FOLLOW "Data structures and interfaces". DONT CHANGE ANY DESIGN. Do not use public member functions that do not exist in your design.
3. Follow task: YOU MUST write Comprehensive codes to complete task of each file in task list.
4. CAREFULLY CHECK THAT YOU DONT MISS ANY NECESSARY CLASS/FUNCTION IN THE FILE.
5. You must import the third-party libraries used in your code
6. If you use a Class not in your file, you must ensure you import it firstly.
7. Determine the order of writing the files based on your understanding of the project.
8. Write out EVERY CODE DETAIL, DON'T LEAVE TODO,PASS,PLACEHOLDER.
9. Only write code result, do not output any other content in the start or in the end.
10. If you need to generate text data, must follow below rules:
(Different groups of data are distinguished by line breaks.
Different contents of the same group of data are distinguished by |.
Make sure: The "|" character is used only to separate distinct contents within a group.
Your code of handling data must be consistent with rule in which you define the data.)
if you still use json, you must change the file extension to .json.
11. You need to write some pre-stored data to facilitate testing.

# Website Development Rule
If you are doing website development, be sure to route the root path (/). If there is a login page, set the login page as the root route(/).
If you are doing website development, please do not encrypt the account password for the login function.
If you are doing website development, your code needs to take into account the process of loading data from the data file, so don't forget to load the data.
If you are doing Website Development, do not follow the rules of Website and Game development.

# GUI tkinter Development Rule
If you are doing GUI tkinter Development, do not follow the rules of Website and Game development.
# Game Development Rule
If the software needs to load data, please make sure the loading data code matches the data format and data file.
If you are doing Game Development, do not follow the rules of Website and Game development.

# important rule
Use '***' to SPLIT CODE SECTIONS. do not forget ``` in each file, refer the the example. Output format carefully referenced "Format example". 
Adhere strictly to the task requirements and implement them fully; do not include placeholders or "example" for code that is intended for future implementation.

2025-01-17 Friday 16:29:15 model.py : INFO  self.model.temperature-----------------0.45-------------------------------
2025-01-17 Friday 16:29:23 _client.py : INFO  HTTP Request: POST https://api.chatanywhere.tech/chat/completions "HTTP/1.1 200 OK"
2025-01-17 Friday 16:29:23 model.py : INFO  following invoke cost: 2108 | all cost: 24453
2025-01-17 Friday 16:29:23 programmer.py : INFO  
*** knowledge_manager.py
```python
import os

class KnowledgeManager:
    def __init__(self):
        self.knowledge_files = {
            "Theories": "theories.txt",
            "Concepts": "concepts.txt",
            "Experiments": "experiments.txt"
        }
        self._initialize_files()

    def _initialize_files(self):
        for file in self.knowledge_files.values():
            if not os.path.exists(file):
                with open(file, 'w') as f:
                    pass  # Create the file if it doesn't exist

    def add_knowledge(self, category: str, knowledge: str) -> None:
        if category in self.knowledge_files:
            with open(self.knowledge_files[category], 'a') as f:
                f.write(knowledge + '\n')

    def view_knowledge(self, category: str) -> list:
        if category in self.knowledge_files:
            with open(self.knowledge_files[category], 'r') as f:
                return f.readlines()
        return []

    def update_knowledge(self, category: str, old_knowledge: str, new_knowledge: str) -> None:
        if category in self.knowledge_files:
            lines = self.view_knowledge(category)
            with open(self.knowledge_files[category], 'w') as f:
                for line in lines:
                    if line.strip() == old_knowledge:
                        f.write(new_knowledge + '\n')
                    else:
                        f.write(line)
```

*** main.py
```python
import tkinter as tk
from tkinter import messagebox, simpledialog, Listbox, StringVar, OptionMenu
from knowledge_manager import KnowledgeManager

class Main:
    def __init__(self):
        self.knowledge_manager = KnowledgeManager()
        self.root = tk.Tk()
        self.root.title("Scientific Knowledge Manager")

        self.category_var = StringVar(self.root)
        self.category_var.set("Theories")  # Default category

        self.create_widgets()
        self.root.mainloop()

    def create_widgets(self):
        tk.Label(self.root, text="Select Category:").pack()

        categories = list(self.knowledge_manager.knowledge_files.keys())
        OptionMenu(self.root, self.category_var, *categories).pack()

        self.text_area = tk.Text(self.root, height=10, width=50)
        self.text_area.pack()

        tk.Button(self.root, text="Add Knowledge", command=self.add_knowledge).pack()
        tk.Button(self.root, text="View Knowledge", command=self.view_knowledge).pack()
        tk.Button(self.root, text="Update Knowledge", command=self.update_knowledge).pack()

        self.list_box = Listbox(self.root, height=10, width=50)
        self.list_box.pack()

    def add_knowledge(self):
        knowledge = self.text_area.get("1.0", tk.END).strip()
        category = self.category_var.get()
        if knowledge:
            self.knowledge_manager.add_knowledge(category, knowledge)
            messagebox.showinfo("Success", "Knowledge added successfully!")
            self.text_area.delete("1.0", tk.END)
        else:
            messagebox.showwarning("Warning", "Please enter some knowledge.")

    def view_knowledge(self):
        category = self.category_var.get()
        knowledge_list = self.knowledge_manager.view_knowledge(category)
        self.list_box.delete(0, tk.END)  # Clear previous list
        for knowledge in knowledge_list:
            self.list_box.insert(tk.END, knowledge.strip())

    def update_knowledge(self):
        category = self.category_var.get()
        old_knowledge = simpledialog.askstring("Input", "Enter the knowledge to update:")
        new_knowledge = simpledialog.askstring("Input", "Enter the new knowledge:")
        if old_knowledge and new_knowledge:
            self.knowledge_manager.update_knowledge(category, old_knowledge, new_knowledge)
            messagebox.showinfo("Success", "Knowledge updated successfully!")
        else:
            messagebox.showwarning("Warning", "Please enter both old and new knowledge.")

if __name__ == "__main__":
    Main()
```

*** theories.txt
```txt
Theory of Relativity
Quantum Mechanics
Natural Selection
```

*** concepts.txt
```txt
Gravity
Photosynthesis
Cell Theory
```

*** experiments.txt
```txt
Mendel's Pea Plant Experiment
Double-Slit Experiment
Miller-Urey Experiment
```
2025-01-17 Friday 16:29:23 programmer.py : INFO  Compare Code
2025-01-17 Friday 16:29:23 programmer.py : INFO  **[Update Codes]**

knowledge_manager.py updated.


```
'''

'''
--- Old
+++ New
@@ -1 +1,37 @@
-# None
+import os
+
+class KnowledgeManager:
+    def __init__(self):
+        self.knowledge_files = {
+            "Theories": "theories.txt",
+            "Concepts": "concepts.txt",
+            "Experiments": "experiments.txt"
+        }
+        self._initialize_files()
+
+    def _initialize_files(self):
+        for file in self.knowledge_files.values():
+            if not os.path.exists(file):
+                with open(file, 'w') as f:
+                    pass  # Create the file if it doesn't exist
+
+    def add_knowledge(self, category: str, knowledge: str) -> None:
+        if category in self.knowledge_files:
+            with open(self.knowledge_files[category], 'a') as f:
+                f.write(knowledge + '\n')
+
+    def view_knowledge(self, category: str) -> list:
+        if category in self.knowledge_files:
+            with open(self.knowledge_files[category], 'r') as f:
+                return f.readlines()
+        return []
+
+    def update_knowledge(self, category: str, old_knowledge: str, new_knowledge: str) -> None:
+        if category in self.knowledge_files:
+            lines = self.view_knowledge(category)
+            with open(self.knowledge_files[category], 'w') as f:
+                for line in lines:
+                    if line.strip() == old_knowledge:
+                        f.write(new_knowledge + '\n')
+                    else:
+                        f.write(line)
```
2025-01-17 Friday 16:29:23 programmer.py : INFO  **[Update Codes]**

main.py updated.


```
'''

'''
--- Old
+++ New
@@ -1 +1,61 @@
-# None
+import tkinter as tk
+from tkinter import messagebox, simpledialog, Listbox, StringVar, OptionMenu
+from knowledge_manager import KnowledgeManager
+
+class Main:
+    def __init__(self):
+        self.knowledge_manager = KnowledgeManager()
+        self.root = tk.Tk()
+        self.root.title("Scientific Knowledge Manager")
+
+        self.category_var = StringVar(self.root)
+        self.category_var.set("Theories")  # Default category
+
+        self.create_widgets()
+        self.root.mainloop()
+
+    def create_widgets(self):
+        tk.Label(self.root, text="Select Category:").pack()
+
+        categories = list(self.knowledge_manager.knowledge_files.keys())
+        OptionMenu(self.root, self.category_var, *categories).pack()
+
+        self.text_area = tk.Text(self.root, height=10, width=50)
+        self.text_area.pack()
+
+        tk.Button(self.root, text="Add Knowledge", command=self.add_knowledge).pack()
+        tk.Button(self.root, text="View Knowledge", command=self.view_knowledge).pack()
+        tk.Button(self.root, text="Update Knowledge", command=self.update_knowledge).pack()
+
+        self.list_box = Listbox(self.root, height=10, width=50)
+        self.list_box.pack()
+
+    def add_knowledge(self):
+        knowledge = self.text_area.get("1.0", tk.END).strip()
+        category = self.category_var.get()
+        if knowledge:
+            self.knowledge_manager.add_knowledge(category, knowledge)
+            messagebox.showinfo("Success", "Knowledge added successfully!")
+            self.text_area.delete("1.0", tk.END)
+        else:
+            messagebox.showwarning("Warning", "Please enter some knowledge.")
+
+    def view_knowledge(self):
+        category = self.category_var.get()
+        knowledge_list = self.knowledge_manager.view_knowledge(category)
+        self.list_box.delete(0, tk.END)  # Clear previous list
+        for knowledge in knowledge_list:
+            self.list_box.insert(tk.END, knowledge.strip())
+
+    def update_knowledge(self):
+        category = self.category_var.get()
+        old_knowledge = simpledialog.askstring("Input", "Enter the knowledge to update:")
+        new_knowledge = simpledialog.askstring("Input", "Enter the new knowledge:")
+        if old_knowledge and new_knowledge:
+            self.knowledge_manager.update_knowledge(category, old_knowledge, new_knowledge)
+            messagebox.showinfo("Success", "Knowledge updated successfully!")
+        else:
+            messagebox.showwarning("Warning", "Please enter both old and new knowledge.")
+
+if __name__ == "__main__":
+    Main()
```
2025-01-17 Friday 16:29:23 programmer.py : INFO  **[Update Codes]**

theories.txt updated.


```
'''

'''
--- Old
+++ New
@@ -1 +1,3 @@
-# None
+Theory of Relativity
+Quantum Mechanics
+Natural Selection
```
2025-01-17 Friday 16:29:23 programmer.py : INFO  **[Update Codes]**

concepts.txt updated.


```
'''

'''
--- Old
+++ New
@@ -1 +1,3 @@
-# None
+Gravity
+Photosynthesis
+Cell Theory
```
2025-01-17 Friday 16:29:23 programmer.py : INFO  **[Update Codes]**

experiments.txt updated.


```
'''

'''
--- Old
+++ New
@@ -1 +1,3 @@
-# None
+Mendel's Pea Plant Experiment
+Double-Slit Experiment
+Miller-Urey Experiment
```
2025-01-17 Friday 16:29:23 programmer.py : INFO  Programmer writting CODE: knowledge_manager.py
2025-01-17 Friday 16:29:23 programmer.py : INFO  Programmer writting CODE: main.py
2025-01-17 Friday 16:29:23 programmer.py : INFO  Programmer writting CODE: theories.txt
2025-01-17 Friday 16:29:23 programmer.py : INFO  Programmer writting CODE: concepts.txt
2025-01-17 Friday 16:29:23 programmer.py : INFO  Programmer writting CODE: experiments.txt
2025-01-17 Friday 16:29:23 ceaug_main.py : INFO  Ready Auto Test # # # # # # # # # # # # D:/Project/CE/CE/project/gui/KnowledgeTracker/ce\ce_0
2025-01-17 Friday 16:29:23 ceaug_main.py : INFO  read tested code:
--- DIRECTORY: D:/Project/CE/CE/project/gui/KnowledgeTracker/ce\ce_0\code ---
  --- FILE: knowledge.json (PATH: D:/Project/CE/CE/project/gui/KnowledgeTracker/ce\ce_0\code\knowledge.json, TYPE: .json) ---
[]

  --- FILE: knowledge_manager.py (PATH: D:/Project/CE/CE/project/gui/KnowledgeTracker/ce\ce_0\code\knowledge_manager.py, TYPE: .py) ---
import json
import os

class KnowledgeManager:
    def __init__(self, file_path: str):
        self.file_path = file_path
        self.knowledge_data = self.load_knowledge()

    def load_knowledge(self) -> list:
        if os.path.exists(self.file_path):
            with open(self.file_path, 'r') as file:
                return json.load(file)
        return []

    def add_knowledge(self, entry: dict):
        self.knowledge_data.append(entry)
        self.save_knowledge()

    def update_knowledge(self, entry: dict):
        for i, item in enumerate(self.knowledge_data):
            if item['id'] == entry['id']:
                self.knowledge_data[i] = entry
                break
        self.save_knowledge()

    def retrieve_knowledge(self) -> list:
        return self.knowledge_data

    def save_knowledge(self):
        with open(self.file_path, 'w') as file:
            json.dump(self.knowledge_data, file, indent=4)

  --- FILE: main.py (PATH: D:/Project/CE/CE/project/gui/KnowledgeTracker/ce\ce_0\code\main.py, TYPE: .py) ---
import tkinter as tk
from tkinter import messagebox, ttk
from knowledge_manager import KnowledgeManager

class Main:
    def __init__(self):
        self.knowledge_manager = KnowledgeManager('knowledge.json')
        self.root = tk.Tk()
        self.root.title("Knowledge Tracker")
        self.create_widgets()

    def create_widgets(self):
        self.input_field = tk.Entry(self.root, width=50)
        self.input_field.pack(pady=10)

        self.category_var = tk.StringVar()
        self.category_dropdown = ttk.Combobox(self.root, textvariable=self.category_var)
        self.category_dropdown['values'] = ('Physics', 'Chemistry', 'Biology')
        self.category_dropdown.pack(pady=10)

        self.add_button = tk.Button(self.root, text="Add Knowledge", command=self.add_knowledge)
        self.add_button.pack(pady=5)

        self.update_button = tk.Button(self.root, text="Update Knowledge", command=self.update_knowledge)
        self.update_button.pack(pady=5)

        self.retrieve_button = tk.Button(self.root, text="Retrieve Knowledge", command=self.retrieve_knowledge)
        self.retrieve_button.pack(pady=5)

        self.text_area = tk.Text(self.root, height=15, width=70)
        self.text_area.pack(pady=10)

    def add_knowledge(self):
        entry = {
            'id': len(self.knowledge_manager.retrieve_knowledge()) + 1,
            'content': self.input_field.get(),
            'category': self.category_var.get()
        }
        self.knowledge_manager.add_knowledge(entry)
        messagebox.showinfo("Info", "Knowledge added successfully!")
        self.input_field.delete(0, tk.END)

    def update_knowledge(self):
        entry = {
            'id': int(self.input_field.get().split()[0]),  # Assuming the first word is the ID
            'content': " ".join(self.input_field.get().split()[1:]),
            'category': self.category_var.get()
        }
        self.knowledge_manager.update_knowledge(entry)
        messagebox.showinfo("Info", "Knowledge updated successfully!")
        self.input_field.delete(0, tk.END)

    def retrieve_knowledge(self):
        knowledge_list = self.knowledge_manager.retrieve_knowledge()
        self.text_area.delete(1.0, tk.END)
        for entry in knowledge_list:
            self.text_area.insert(tk.END, f"ID: {entry['id']}, Content: {entry['content']}, Category: {entry['category']}\n")

    def main(self):
        self.root.mainloop()

if __name__ == "__main__":
    app = Main()
    app.main()


2025-01-17 Friday 16:29:43 _client.py : INFO  HTTP Request: POST https://api.chatanywhere.tech/chat/completions "HTTP/1.1 200 OK"
2025-01-17 Friday 16:29:43 ceaug_main.py : INFO  Ready Auto Test # # # # # # # # # # # # D:/Project/CE/CE/project/gui/KnowledgeTracker/ce\ce_1
2025-01-17 Friday 16:29:43 ceaug_main.py : INFO  read tested code:
--- DIRECTORY: D:/Project/CE/CE/project/gui/KnowledgeTracker/ce\ce_1\code ---
  --- FILE: concepts.txt (PATH: D:/Project/CE/CE/project/gui/KnowledgeTracker/ce\ce_1\code\concepts.txt, TYPE: .txt) ---
Photosynthesis|The process by which green plants and some other organisms use sunlight to synthesize foods with the help of chlorophyll.
Evolution|The process through which species of organisms undergo change over time through natural selection.


  --- FILE: experiments.txt (PATH: D:/Project/CE/CE/project/gui/KnowledgeTracker/ce\ce_1\code\experiments.txt, TYPE: .txt) ---
Mendel's Peas|An experiment conducted by Gregor Mendel that established the laws of inheritance.
Double-Slit Experiment|An experiment demonstrating that light and matter can display characteristics of both classically defined waves and particles.


  --- FILE: knowledge_manager.py (PATH: D:/Project/CE/CE/project/gui/KnowledgeTracker/ce\ce_1\code\knowledge_manager.py, TYPE: .py) ---
import os

class KnowledgeManager:
    def __init__(self):
        self.file_paths = {
            "theories": "theories.txt",
            "concepts": "concepts.txt",
            "experiments": "experiments.txt"
        }

    def add_knowledge(self, category: str, title: str, content: str) -> None:
        if category not in self.file_paths:
            raise ValueError("Invalid category")
        
        with open(self.file_paths[category], 'a') as file:
            file.write(f"{title}|{content}\n")

    def update_knowledge(self, category: str, title: str, new_content: str) -> None:
        if category not in self.file_paths:
            raise ValueError("Invalid category")
        
        entries = self.retrieve_knowledge(category)
        updated = False
        
        with open(self.file_paths[category], 'w') as file:
            for entry in entries:
                if entry.startswith(title):
                    file.write(f"{title}|{new_content}\n")
                    updated = True
                else:
                    file.write(entry + "\n")
        
        if not updated:
            raise ValueError("Title not found for update")

    def retrieve_knowledge(self, category: str) -> list:
        if category not in self.file_paths:
            raise ValueError("Invalid category")
        
        if not os.path.exists(self.file_paths[category]):
            return []
        
        with open(self.file_paths[category], 'r') as file:
            return [line.strip() for line in file.readlines()]

  --- FILE: main.py (PATH: D:/Project/CE/CE/project/gui/KnowledgeTracker/ce\ce_1\code\main.py, TYPE: .py) ---
import tkinter as tk
from tkinter import messagebox
from knowledge_manager import KnowledgeManager

class Main:
    def __init__(self):
        self.knowledge_manager = KnowledgeManager()
        self.root = tk.Tk()
        self.root.title("Knowledge Tracker")
        
        self.create_widgets()
        self.root.mainloop()

    def create_widgets(self):
        self.category_label = tk.Label(self.root, text="Category:")
        self.category_label.pack()
        
        self.category_entry = tk.Entry(self.root)
        self.category_entry.pack()
        
        self.title_label = tk.Label(self.root, text="Title:")
        self.title_label.pack()
        
        self.title_entry = tk.Entry(self.root)
        self.title_entry.pack()
        
        self.content_label = tk.Label(self.root, text="Content:")
        self.content_label.pack()
        
        self.content_entry = tk.Entry(self.root)
        self.content_entry.pack()
        
        self.add_button = tk.Button(self.root, text="Add Knowledge", command=self.add_knowledge)
        self.add_button.pack()
        
        self.update_button = tk.Button(self.root, text="Update Knowledge", command=self.update_knowledge)
        self.update_button.pack()
        
        self.retrieve_button = tk.Button(self.root, text="Retrieve Knowledge", command=self.retrieve_knowledge)
        self.retrieve_button.pack()
        
        self.display_area = tk.Text(self.root, height=10, width=50)
        self.display_area.pack()

    def add_knowledge(self):
        category = self.category_entry.get()
        title = self.title_entry.get()
        content = self.content_entry.get()
        
        try:
            self.knowledge_manager.add_knowledge(category, title, content)
            messagebox.showinfo("Success", "Knowledge added successfully!")
        except ValueError as e:
            messagebox.showerror("Error", str(e))

    def update_knowledge(self):
        category = self.category_entry.get()
        title = self.title_entry.get()
        new_content = self.content_entry.get()
        
        try:
            self.knowledge_manager.update_knowledge(category, title, new_content)
            messagebox.showinfo("Success", "Knowledge updated successfully!")
        except ValueError as e:
            messagebox.showerror("Error", str(e))

    def retrieve_knowledge(self):
        category = self.category_entry.get()
        
        try:
            knowledge_list = self.knowledge_manager.retrieve_knowledge(category)
            self.display_area.delete(1.0, tk.END)
            for entry in knowledge_list:
                self.display_area.insert(tk.END, entry + "\n")
        except ValueError as e:
            messagebox.showerror("Error", str(e))

if __name__ == "__main__":
    Main()

  --- FILE: theories.txt (PATH: D:/Project/CE/CE/project/gui/KnowledgeTracker/ce\ce_1\code\theories.txt, TYPE: .txt) ---
Theory of Relativity|Einstein's theory describing the relationship between space and time.
Quantum Mechanics|A fundamental theory in physics describing the physical properties of nature at the scale of atoms and subatomic particles.



2025-01-17 Friday 16:30:07 _client.py : INFO  HTTP Request: POST https://api.chatanywhere.tech/chat/completions "HTTP/1.1 200 OK"
2025-01-17 Friday 16:30:07 ceaug_main.py : INFO  Ready Auto Test # # # # # # # # # # # # D:/Project/CE/CE/project/gui/KnowledgeTracker/ce\ce_2
2025-01-17 Friday 16:30:07 ceaug_main.py : INFO  read tested code:
--- DIRECTORY: D:/Project/CE/CE/project/gui/KnowledgeTracker/ce\ce_2\code ---
  --- FILE: knowledge.json (PATH: D:/Project/CE/CE/project/gui/KnowledgeTracker/ce\ce_2\code\knowledge.json, TYPE: .json) ---
[
    {
        "title": "Photosynthesis",
        "category": "Biology",
        "content": "Photosynthesis is the process by which green plants and some other organisms use sunlight to synthesize foods with the help of chlorophyll."
    },
    {
        "title": "Newton's Laws",
        "category": "Physics",
        "content": "Newton's laws of motion are three physical laws that together form the foundation for classical mechanics."
    }
]

  --- FILE: knowledge.py (PATH: D:/Project/CE/CE/project/gui/KnowledgeTracker/ce\ce_2\code\knowledge.py, TYPE: .py) ---
class Knowledge:
    def __init__(self, title: str, category: str, content: str):
        self.title = title
        self.category = category
        self.content = content

    def to_dict(self) -> dict:
        return {
            "title": self.title,
            "category": self.category,
            "content": self.content
        }

    @classmethod
    def from_dict(cls, data: dict) -> 'Knowledge':
        return cls(
            title=data.get("title", ""),
            category=data.get("category", ""),
            content=data.get("content", "")
        )

  --- FILE: knowledge_manager.py (PATH: D:/Project/CE/CE/project/gui/KnowledgeTracker/ce\ce_2\code\knowledge_manager.py, TYPE: .py) ---
import json
from knowledge import Knowledge

class KnowledgeManager:
    def __init__(self, file_path: str):
        self.file_path = file_path
        self.knowledge_list = self.load_knowledge()

    def save_knowledge(self, knowledge: dict):
        self.knowledge_list.append(Knowledge.from_dict(knowledge))
        self._save_to_file()

    def load_knowledge(self) -> list:
        try:
            with open(self.file_path, 'r') as file:
                data = json.load(file)
                return [Knowledge.from_dict(item) for item in data]
        except (FileNotFoundError, json.JSONDecodeError):
            return []

    def update_knowledge(self, index: int, knowledge: dict):
        if 0 <= index < len(self.knowledge_list):
            self.knowledge_list[index] = Knowledge.from_dict(knowledge)
            self._save_to_file()

    def delete_knowledge(self, index: int):
        if 0 <= index < len(self.knowledge_list):
            del self.knowledge_list[index]
            self._save_to_file()

    def _save_to_file(self):
        with open(self.file_path, 'w') as file:
            json.dump([k.to_dict() for k in self.knowledge_list], file)

  --- FILE: main.py (PATH: D:/Project/CE/CE/project/gui/KnowledgeTracker/ce\ce_2\code\main.py, TYPE: .py) ---
import tkinter as tk
from tkinter import messagebox, simpledialog, Listbox
from knowledge_manager import KnowledgeManager

class Main:
    def __init__(self):
        self.knowledge_manager = KnowledgeManager('knowledge.json')
        self.root = tk.Tk()
        self.root.title("Scientific Knowledge Manager")

        self.title_entry = tk.Entry(self.root)
        self.title_entry.pack()

        self.category_entry = tk.Entry(self.root)
        self.category_entry.pack()

        self.content_entry = tk.Text(self.root, height=10, width=50)
        self.content_entry.pack()

        self.save_button = tk.Button(self.root, text="Save Knowledge", command=self.save_knowledge)
        self.save_button.pack()

        self.knowledge_listbox = Listbox(self.root)
        self.knowledge_listbox.pack()
        self.knowledge_listbox.bind('<<ListboxSelect>>', self.on_select)

        self.delete_button = tk.Button(self.root, text="Delete Selected", command=self.delete_selected)
        self.delete_button.pack()

        self.load_knowledge()

    def save_knowledge(self):
        title = self.title_entry.get()
        category = self.category_entry.get()
        content = self.content_entry.get("1.0", tk.END).strip()

        if title and category and content:
            knowledge = {
                "title": title,
                "category": category,
                "content": content
            }
            self.knowledge_manager.save_knowledge(knowledge)
            self.load_knowledge()
            self.clear_entries()
        else:
            messagebox.showwarning("Input Error", "Please fill in all fields.")

    def load_knowledge(self):
        self.knowledge_listbox.delete(0, tk.END)
        for knowledge in self.knowledge_manager.knowledge_list:
            self.knowledge_listbox.insert(tk.END, knowledge.title)

    def on_select(self, event):
        selected_index = self.knowledge_listbox.curselection()
        if selected_index:
            index = selected_index[0]
            knowledge = self.knowledge_manager.knowledge_list[index]
            self.title_entry.delete(0, tk.END)
            self.title_entry.insert(0, knowledge.title)
            self.category_entry.delete(0, tk.END)
            self.category_entry.insert(0, knowledge.category)
            self.content_entry.delete("1.0", tk.END)
            self.content_entry.insert("1.0", knowledge.content)

    def delete_selected(self):
        selected_index = self.knowledge_listbox.curselection()
        if selected_index:
            index = selected_index[0]
            self.knowledge_manager.delete_knowledge(index)
            self.load_knowledge()
            self.clear_entries()

    def clear_entries(self):
        self.title_entry.delete(0, tk.END)
        self.category_entry.delete(0, tk.END)
        self.content_entry.delete("1.0", tk.END)

    def main(self):
        self.root.mainloop()

if __name__ == "__main__":
    app = Main()
    app.main()


2025-01-17 Friday 16:30:18 _client.py : INFO  HTTP Request: POST https://api.chatanywhere.tech/chat/completions "HTTP/1.1 200 OK"
2025-01-17 Friday 16:30:18 ceaug_main.py : INFO  Ready Auto Test # # # # # # # # # # # # D:/Project/CE/CE/project/gui/KnowledgeTracker/ce\ce_3
2025-01-17 Friday 16:30:18 ceaug_main.py : INFO  read tested code:
--- DIRECTORY: D:/Project/CE/CE/project/gui/KnowledgeTracker/ce\ce_3\code ---
  --- FILE: concepts.txt (PATH: D:/Project/CE/CE/project/gui/KnowledgeTracker/ce\ce_3\code\concepts.txt, TYPE: .txt) ---
Atom
Molecule


  --- FILE: experiments.txt (PATH: D:/Project/CE/CE/project/gui/KnowledgeTracker/ce\ce_3\code\experiments.txt, TYPE: .txt) ---
Photosynthesis Experiment
Newton's Cradle Experiment


  --- FILE: knowledge_manager.py (PATH: D:/Project/CE/CE/project/gui/KnowledgeTracker/ce\ce_3\code\knowledge_manager.py, TYPE: .py) ---
import os

class KnowledgeManager:
    def __init__(self):
        self.file_paths = {
            'theories': 'theories.txt',
            'concepts': 'concepts.txt',
            'experiments': 'experiments.txt'
        }
        self._initialize_files()

    def _initialize_files(self):
        for file_path in self.file_paths.values():
            if not os.path.exists(file_path):
                with open(file_path, 'w') as file:
                    pass  # Create the file if it does not exist

    def add_knowledge(self, category: str, knowledge: str) -> None:
        if category not in self.file_paths:
            raise ValueError("Invalid category")
        with open(self.file_paths[category], 'a') as file:
            file.write(knowledge + '\n')

    def view_knowledge(self, category: str) -> list:
        if category not in self.file_paths:
            raise ValueError("Invalid category")
        with open(self.file_paths[category], 'r') as file:
            return file.read().strip().splitlines()

    def update_knowledge(self, category: str, old_knowledge: str, new_knowledge: str) -> None:
        if category not in self.file_paths:
            raise ValueError("Invalid category")
        knowledge_list = self.view_knowledge(category)
        updated_list = [new_knowledge if knowledge == old_knowledge else knowledge for knowledge in knowledge_list]
        with open(self.file_paths[category], 'w') as file:
            for knowledge in updated_list:
                file.write(knowledge + '\n')

  --- FILE: main.py (PATH: D:/Project/CE/CE/project/gui/KnowledgeTracker/ce\ce_3\code\main.py, TYPE: .py) ---
import tkinter as tk
from tkinter import messagebox, simpledialog
from knowledge_manager import KnowledgeManager

class Main:
    def __init__(self):
        self.knowledge_manager = KnowledgeManager()
        self.root = tk.Tk()
        self.root.title("Scientific Knowledge Manager")
        self.create_widgets()

    def create_widgets(self):
        tk.Button(self.root, text="Add Knowledge", command=self.add_knowledge).pack(pady=10)
        tk.Button(self.root, text="View Knowledge", command=self.view_knowledge).pack(pady=10)
        tk.Button(self.root, text="Update Knowledge", command=self.update_knowledge).pack(pady=10)

    def add_knowledge(self):
        category = simpledialog.askstring("Input", "Enter category (theories, concepts, experiments):")
        knowledge = simpledialog.askstring("Input", "Enter knowledge:")
        if category and knowledge:
            self.knowledge_manager.add_knowledge(category, knowledge)
            messagebox.showinfo("Success", "Knowledge added successfully!")

    def view_knowledge(self):
        category = simpledialog.askstring("Input", "Enter category (theories, concepts, experiments):")
        if category:
            knowledge_list = self.knowledge_manager.view_knowledge(category)
            messagebox.showinfo("Knowledge", "\n".join(knowledge_list))

    def update_knowledge(self):
        category = simpledialog.askstring("Input", "Enter category (theories, concepts, experiments):")
        old_knowledge = simpledialog.askstring("Input", "Enter old knowledge:")
        new_knowledge = simpledialog.askstring("Input", "Enter new knowledge:")
        if category and old_knowledge and new_knowledge:
            self.knowledge_manager.update_knowledge(category, old_knowledge, new_knowledge)
            messagebox.showinfo("Success", "Knowledge updated successfully!")

    def main(self) -> str:
        self.root.mainloop()
        return "Application closed."

if __name__ == "__main__":
    app = Main()
    app.main()

  --- FILE: theories.txt (PATH: D:/Project/CE/CE/project/gui/KnowledgeTracker/ce\ce_3\code\theories.txt, TYPE: .txt) ---
Theory of Relativity
Quantum Mechanics



2025-01-17 Friday 16:30:26 _client.py : INFO  HTTP Request: POST https://api.chatanywhere.tech/chat/completions "HTTP/1.1 200 OK"
2025-01-17 Friday 16:30:26 ceaug_main.py : INFO  Ready Auto Test # # # # # # # # # # # # D:/Project/CE/CE/project/gui/KnowledgeTracker/ce\ce_4
2025-01-17 Friday 16:30:26 ceaug_main.py : INFO  read tested code:
--- DIRECTORY: D:/Project/CE/CE/project/gui/KnowledgeTracker/ce\ce_4\code ---
  --- FILE: concepts.txt (PATH: D:/Project/CE/CE/project/gui/KnowledgeTracker/ce\ce_4\code\concepts.txt, TYPE: .txt) ---
Gravity
Photosynthesis
Cell Theory


  --- FILE: experiments.txt (PATH: D:/Project/CE/CE/project/gui/KnowledgeTracker/ce\ce_4\code\experiments.txt, TYPE: .txt) ---
Mendel's Pea Plant Experiment
Double-Slit Experiment
Miller-Urey Experiment


  --- FILE: knowledge_manager.py (PATH: D:/Project/CE/CE/project/gui/KnowledgeTracker/ce\ce_4\code\knowledge_manager.py, TYPE: .py) ---
import os

class KnowledgeManager:
    def __init__(self):
        self.knowledge_files = {
            "Theories": "theories.txt",
            "Concepts": "concepts.txt",
            "Experiments": "experiments.txt"
        }
        self._initialize_files()

    def _initialize_files(self):
        for file in self.knowledge_files.values():
            if not os.path.exists(file):
                with open(file, 'w') as f:
                    pass  # Create the file if it doesn't exist

    def add_knowledge(self, category: str, knowledge: str) -> None:
        if category in self.knowledge_files:
            with open(self.knowledge_files[category], 'a') as f:
                f.write(knowledge + '\n')

    def view_knowledge(self, category: str) -> list:
        if category in self.knowledge_files:
            with open(self.knowledge_files[category], 'r') as f:
                return f.readlines()
        return []

    def update_knowledge(self, category: str, old_knowledge: str, new_knowledge: str) -> None:
        if category in self.knowledge_files:
            lines = self.view_knowledge(category)
            with open(self.knowledge_files[category], 'w') as f:
                for line in lines:
                    if line.strip() == old_knowledge:
                        f.write(new_knowledge + '\n')
                    else:
                        f.write(line)

  --- FILE: main.py (PATH: D:/Project/CE/CE/project/gui/KnowledgeTracker/ce\ce_4\code\main.py, TYPE: .py) ---
import tkinter as tk
from tkinter import messagebox, simpledialog, Listbox, StringVar, OptionMenu
from knowledge_manager import KnowledgeManager

class Main:
    def __init__(self):
        self.knowledge_manager = KnowledgeManager()
        self.root = tk.Tk()
        self.root.title("Scientific Knowledge Manager")

        self.category_var = StringVar(self.root)
        self.category_var.set("Theories")  # Default category

        self.create_widgets()
        self.root.mainloop()

    def create_widgets(self):
        tk.Label(self.root, text="Select Category:").pack()

        categories = list(self.knowledge_manager.knowledge_files.keys())
        OptionMenu(self.root, self.category_var, *categories).pack()

        self.text_area = tk.Text(self.root, height=10, width=50)
        self.text_area.pack()

        tk.Button(self.root, text="Add Knowledge", command=self.add_knowledge).pack()
        tk.Button(self.root, text="View Knowledge", command=self.view_knowledge).pack()
        tk.Button(self.root, text="Update Knowledge", command=self.update_knowledge).pack()

        self.list_box = Listbox(self.root, height=10, width=50)
        self.list_box.pack()

    def add_knowledge(self):
        knowledge = self.text_area.get("1.0", tk.END).strip()
        category = self.category_var.get()
        if knowledge:
            self.knowledge_manager.add_knowledge(category, knowledge)
            messagebox.showinfo("Success", "Knowledge added successfully!")
            self.text_area.delete("1.0", tk.END)
        else:
            messagebox.showwarning("Warning", "Please enter some knowledge.")

    def view_knowledge(self):
        category = self.category_var.get()
        knowledge_list = self.knowledge_manager.view_knowledge(category)
        self.list_box.delete(0, tk.END)  # Clear previous list
        for knowledge in knowledge_list:
            self.list_box.insert(tk.END, knowledge.strip())

    def update_knowledge(self):
        category = self.category_var.get()
        old_knowledge = simpledialog.askstring("Input", "Enter the knowledge to update:")
        new_knowledge = simpledialog.askstring("Input", "Enter the new knowledge:")
        if old_knowledge and new_knowledge:
            self.knowledge_manager.update_knowledge(category, old_knowledge, new_knowledge)
            messagebox.showinfo("Success", "Knowledge updated successfully!")
        else:
            messagebox.showwarning("Warning", "Please enter both old and new knowledge.")

if __name__ == "__main__":
    Main()

  --- FILE: theories.txt (PATH: D:/Project/CE/CE/project/gui/KnowledgeTracker/ce\ce_4\code\theories.txt, TYPE: .txt) ---
Theory of Relativity
Quantum Mechanics
Natural Selection



2025-01-17 Friday 16:30:40 _client.py : INFO  HTTP Request: POST https://api.chatanywhere.tech/chat/completions "HTTP/1.1 200 OK"
2025-01-17 Friday 16:30:40 start_by_file.py : INFO  
-----------------
Team Name: SES midnigt wanderer
Team Roles: ['Product Manager']
Project Name: KnowledgeTracker
-----------------
ALL COST FOR PROJECT IS: 24453
-------------------
Execute time: 153.61 Seconds
-----------------
