2025-01-01 Wednesday 11:59:50 team.py : INFO  Setting Project Dir to D:/Project/CE/CE/project/website/OnlineVintageMarket/
2025-01-01 Wednesday 11:59:51 product_manager.py : INFO  Product Manager Pole Writing PRD...
2025-01-01 Wednesday 11:59:51 product_manager.py : INFO  
You are an excellent Software Requirements Analyst, and your task is to analyze an initial project description, 
generate the functional requirements section of the Software Requirements Specification (SRS) document (non-functional requirements are not required).
Aim to achieve functional requirements, only require to implement demo.
Note that general overview of the project just copy the content of system description.
Note that software functional requirements just follow the Core Features part of System description. Do not over think.


# Context
## system description
# Software Description

## Objective
The task is to develop a comprehensive web application, 'OnlineVintageMarket', for buying and selling vintage items that utilizes Python and stores information in local text files, eliminating the need for SQL databases. Note that the website should start from the login page.


## Core Features
Users shall be able to log in to their accounts on the Login Page.
Users shall be able to navigate to the Registration Page via the Register here link if they do not have an account.
Users shall be able to view available vintage items on the Home Page.
Users shall be able to search for specific vintage items by name using the search bar on the Home Page.
Users shall be able to view details of a selected item by clicking the "Item Details" button on the Home Page.
Users shall be able to create a new listing for vintage items by navigating to the Listing Page and entering the item name, description, and price.
Users shall be able to submit their item listings through the "Submit Listing" button on the Listing Page.
Users shall be able to view detailed information about a vintage item, including its title, description, and price, on the Item Details Page.
Users shall be able to navigate back to the Home Page from the Item Details Page using the "Back" button.

## Language

Use html and python to develop a web application.
You should use html to generate the web template by yourself.
## Data Storage
Data will be stored in local text files.
Different types of data will be stored in separate `.txt` files.
You should define the text file by yourself in advance.
This structured data storage will facilitate easy data retrieval and management through simple file manipulations in Python, ensuring the application remains light and efficient without the need for a SQL database.


-----
# Format Example
[OUTPUT]
## general overview of the project
general overview of the project

## software functional requirements
...
...
...
[/OUTPUT]


## Instruction 
- general overview of the project: copy the system description here.
- software function requirements: based on the system description, output system's function requirements with details.

# Constraint
Format: output wrapped inside [OUTPUT][/OUTPUT] like format example, nothing else.

# Action
follow Instruction, Carefully ouput only functional requrirement based on the original system description
Aim to achieve functional requirements, only require to implement demo.
do not output ```plaintext or other ``` in the start and the end, output directly.

2025-01-01 Wednesday 11:59:54 _client.py : INFO  HTTP Request: POST https://api.chatanywhere.tech/chat/completions "HTTP/1.1 200 OK"
2025-01-01 Wednesday 11:59:54 model.py : INFO  following invoke cost: 888 | all cost: 888
2025-01-01 Wednesday 11:59:54 product_manager.py : INFO  Product Manager Pole
2025-01-01 Wednesday 11:59:54 product_manager.py : INFO  [OUTPUT]
## general overview of the project
The task is to develop a comprehensive web application, 'OnlineVintageMarket', for buying and selling vintage items that utilizes Python and stores information in local text files, eliminating the need for SQL databases. Note that the website should start from the login page.

## software functional requirements
1. Users shall be able to log in to their accounts on the Login Page.
2. Users shall be able to navigate to the Registration Page via the Register here link if they do not have an account.
3. Users shall be able to view available vintage items on the Home Page.
4. Users shall be able to search for specific vintage items by name using the search bar on the Home Page.
5. Users shall be able to view details of a selected item by clicking the "Item Details" button on the Home Page.
6. Users shall be able to create a new listing for vintage items by navigating to the Listing Page and entering the item name, description, and price.
7. Users shall be able to submit their item listings through the "Submit Listing" button on the Listing Page.
8. Users shall be able to view detailed information about a vintage item, including its title, description, and price, on the Item Details Page.
9. Users shall be able to navigate back to the Home Page from the Item Details Page using the "Back" button.
[/OUTPUT]
2025-01-01 Wednesday 11:59:54 architect.py : INFO  Architect Arnold generate System Architect......
2025-01-01 Wednesday 11:59:54 architect.py : INFO  
You are a Architect, your goal is design a concise, usable, complete software system. the constraint is make sure the architecture is simple enough and use appropriate open source libraries.
Aim to achieve functional requirements, only require to implement demo.
If the original requirements have data storage requirements, you need to design a simple data storage method for the software. Do not use SQL datasets. Follow the data storage requirements in the software requirements(including data format, storage requirements, etc.).


## Context
original_requirement
# Software Description

## Objective
The task is to develop a comprehensive web application, 'OnlineVintageMarket', for buying and selling vintage items that utilizes Python and stores information in local text files, eliminating the need for SQL databases. Note that the website should start from the login page.


## Core Features
Users shall be able to log in to their accounts on the Login Page.
Users shall be able to navigate to the Registration Page via the Register here link if they do not have an account.
Users shall be able to view available vintage items on the Home Page.
Users shall be able to search for specific vintage items by name using the search bar on the Home Page.
Users shall be able to view details of a selected item by clicking the "Item Details" button on the Home Page.
Users shall be able to create a new listing for vintage items by navigating to the Listing Page and entering the item name, description, and price.
Users shall be able to submit their item listings through the "Submit Listing" button on the Listing Page.
Users shall be able to view detailed information about a vintage item, including its title, description, and price, on the Item Details Page.
Users shall be able to navigate back to the Home Page from the Item Details Page using the "Back" button.

## Language

Use html and python to develop a web application.
You should use html to generate the web template by yourself.
## Data Storage
Data will be stored in local text files.
Different types of data will be stored in separate `.txt` files.
You should define the text file by yourself in advance.
This structured data storage will facilitate easy data retrieval and management through simple file manipulations in Python, ensuring the application remains light and efficient without the need for a SQL database.

functional requirements
[OUTPUT]
## general overview of the project
The task is to develop a comprehensive web application, 'OnlineVintageMarket', for buying and selling vintage items that utilizes Python and stores information in local text files, eliminating the need for SQL databases. Note that the website should start from the login page.

## software functional requirements
1. Users shall be able to log in to their accounts on the Login Page.
2. Users shall be able to navigate to the Registration Page via the Register here link if they do not have an account.
3. Users shall be able to view available vintage items on the Home Page.
4. Users shall be able to search for specific vintage items by name using the search bar on the Home Page.
5. Users shall be able to view details of a selected item by clicking the "Item Details" button on the Home Page.
6. Users shall be able to create a new listing for vintage items by navigating to the Listing Page and entering the item name, description, and price.
7. Users shall be able to submit their item listings through the "Submit Listing" button on the Listing Page.
8. Users shall be able to view detailed information about a vintage item, including its title, description, and price, on the Item Details Page.
9. Users shall be able to navigate back to the Home Page from the Item Details Page using the "Back" button.
[/OUTPUT]
-----
## format example
[CONTENT]
"Implementation approach": "We will ...",
"UI design":"- A canvas for... with ... For Web applications, you should use html to generate the web template by yourself."
"Data Storage":"If software requires a data storage, you should follow the rules: Data will be stored in local files. Different types of data will be stored in separate files. You should define the file by yourself in advance.Do not use SQL database. Else just print Not Require!"
"File list": ["main.py","game.py","templates/login.html","users.txt"],
"Data structures and interfaces": "
classDiagram
    class Main {
        -SearchEngine search_engine
        +main() str
    }
    class SearchEngine {
        -Index index
        -Ranking ranking
        -Summary summary
        +search(query: str) str
    }
    class Index {
        -KnowledgeBase knowledge_base
        +create_index(data: dict)
        +query_index(query: str) list
    }
    class Ranking {
        +rank_results(results: list) list
    }
    class Summary {
        +summarize_results(results: list) str
    }
    class KnowledgeBase {
        +update(data: dict)
        +fetch_data(query: str) dict
    }
    Main --> SearchEngine
    SearchEngine --> Index
    SearchEngine --> Ranking
    SearchEngine --> Summary
    Index --> KnowledgeBase
",

[/CONTENT]

## nodes: "<node>: <type>  # <instruction>"
- Implementation approach: <class 'str'>  # Analyze the difficult points of the requirements, select the appropriate open-source framework. If require GUI, you must also choose a GUI framework (e.g., in Python, you can implement GUI via tkinter, Pygame, Flexx, PyGUI, etc,)
- File list: typing.List[str]  #  Only need relative paths. ALWAYS write a main.py here
- Data structures and interfaces: <class 'str'>  # Use mermaid classDiagram code syntax, including classes, method(__init__ etc.) and functions with type annotations, CLEARLY MARK the RELATIONSHIPS between classes, and comply with PEP8 standards. The data structures SHOULD BE VERY DETAILED and the API should be comprehensive with a complete design.
- UI design:<class 'str'>  # optional, if system require UI, choose a GUI framework (e.g., in Python, you can implement GUI via tkinter, Pygame, Flexx, PyGUI, etc,) and list system UI design and corresponding feature's UI design.

## constraint
Language: Please use the same language as Human INPUT.
Format: output wrapped inside [CONTENT][/CONTENT] like format example, nothing else.

# Attention
1. If a feature of software requires a GUI, you also need to carefully consider the UI components that this feature will require and its relationship to the main UI in Architecture.
2. Aim to achieve functional requirements, only require to implement a demo.
3. If project requires data storage, follow the requirement of data storage, implement a simple storage.Do not use SQL database.
4. Organize related functionalities into a single Python file to avoid creating too many files.
5. do not output ```plaintext or other ``` in the start and the end, output directly.

## action
Follow instructions of nodes and Attention, generate output and make sure it follows the format example.

2025-01-01 Wednesday 11:59:58 _client.py : INFO  HTTP Request: POST https://api.chatanywhere.tech/chat/completions "HTTP/1.1 200 OK"
2025-01-01 Wednesday 11:59:58 model.py : INFO  following invoke cost: 1978 | all cost: 2866
2025-01-01 Wednesday 11:59:58 architect.py : INFO  Architect Arnold
2025-01-01 Wednesday 11:59:58 architect.py : INFO  [CONTENT]
"Implementation approach": "We will use Flask as the web framework to create the web application. Flask is lightweight and suitable for building simple web applications. For the front-end, we will use HTML to create the necessary templates. The application will handle user authentication, item listings, and data storage using local text files.",
"UI design":"- The application will have a Login Page for user authentication with fields for username and password. - A Registration Page will allow new users to create an account. - The Home Page will display available vintage items with a search bar. - An Item Details Page will show detailed information about a selected item. - A Listing Page will allow users to create new item listings with fields for item name, description, and price.",
"Data Storage":"Data will be stored in local text files. Different types of data will be stored in separate `.txt` files. The following files will be used: `users.txt` for user data, `items.txt` for vintage item listings.",
"File list": ["main.py", "templates/login.html", "templates/register.html", "templates/home.html", "templates/item_details.html", "templates/listing.html", "users.txt", "items.txt"],
"Data structures and interfaces": "
classDiagram
    class User {
        -username: str
        -password: str
        +__init__(username: str, password: str)
        +save() -> None
    }
    class Item {
        -name: str
        -description: str
        -price: float
        +__init__(name: str, description: str, price: float)
        +save() -> None
    }
    class UserManager {
        -users: list[User]
        +load_users() -> None
        +add_user(user: User) -> None
        +authenticate(username: str, password: str) -> bool
    }
    class ItemManager {
        -items: list[Item]
        +load_items() -> None
        +add_item(item: Item) -> None
        +search_items(query: str) -> list[Item]
    }
    class App {
        +run() -> None
        +login() -> None
        +register() -> None
        +home() -> None
        +item_details(item_id: int) -> None
        +listing() -> None
    }
    UserManager --> User
    ItemManager --> Item
    App --> UserManager
    App --> ItemManager
",
[/CONTENT]
2025-01-01 Wednesday 11:59:58 architect.py : INFO  Architect writting ARCHITECT
2025-01-01 Wednesday 11:59:58 project_manager.py : INFO  Project Manager Tsunoda generate Project PLAN......
2025-01-01 Wednesday 11:59:58 project_manager.py : INFO  
You are a Project Manager, your goal is break down tasks according to functional requirement/architecture, generate a task plan, and analyze task dependencies to start with the prerequisite modules. the constraint is use same language as user requirement. 


## Context
functional requirement:
[OUTPUT]
## general overview of the project
The task is to develop a comprehensive web application, 'OnlineVintageMarket', for buying and selling vintage items that utilizes Python and stores information in local text files, eliminating the need for SQL databases. Note that the website should start from the login page.

## software functional requirements
1. Users shall be able to log in to their accounts on the Login Page.
2. Users shall be able to navigate to the Registration Page via the Register here link if they do not have an account.
3. Users shall be able to view available vintage items on the Home Page.
4. Users shall be able to search for specific vintage items by name using the search bar on the Home Page.
5. Users shall be able to view details of a selected item by clicking the "Item Details" button on the Home Page.
6. Users shall be able to create a new listing for vintage items by navigating to the Listing Page and entering the item name, description, and price.
7. Users shall be able to submit their item listings through the "Submit Listing" button on the Listing Page.
8. Users shall be able to view detailed information about a vintage item, including its title, description, and price, on the Item Details Page.
9. Users shall be able to navigate back to the Home Page from the Item Details Page using the "Back" button.
[/OUTPUT]

architecture:
[CONTENT]
"Implementation approach": "We will use Flask as the web framework to create the web application. Flask is lightweight and suitable for building simple web applications. For the front-end, we will use HTML to create the necessary templates. The application will handle user authentication, item listings, and data storage using local text files.",
"UI design":"- The application will have a Login Page for user authentication with fields for username and password. - A Registration Page will allow new users to create an account. - The Home Page will display available vintage items with a search bar. - An Item Details Page will show detailed information about a selected item. - A Listing Page will allow users to create new item listings with fields for item name, description, and price.",
"Data Storage":"Data will be stored in local text files. Different types of data will be stored in separate `.txt` files. The following files will be used: `users.txt` for user data, `items.txt` for vintage item listings.",
"File list": ["main.py", "templates/login.html", "templates/register.html", "templates/home.html", "templates/item_details.html", "templates/listing.html", "users.txt", "items.txt"],
"Data structures and interfaces": "
classDiagram
    class User {
        -username: str
        -password: str
        +__init__(username: str, password: str)
        +save() -> None
    }
    class Item {
        -name: str
        -description: str
        -price: float
        +__init__(name: str, description: str, price: float)
        +save() -> None
    }
    class UserManager {
        -users: list[User]
        +load_users() -> None
        +add_user(user: User) -> None
        +authenticate(username: str, password: str) -> bool
    }
    class ItemManager {
        -items: list[Item]
        +load_items() -> None
        +add_item(item: Item) -> None
        +search_items(query: str) -> list[Item]
    }
    class App {
        +run() -> None
        +login() -> None
        +register() -> None
        +home() -> None
        +item_details(item_id: int) -> None
        +listing() -> None
    }
    UserManager --> User
    ItemManager --> Item
    App --> UserManager
    App --> ItemManager
",
[/CONTENT]
-----

## format example
{
"Required packages": [
    "flask==1.1.2",
    "bcrypt==3.2.0"
],
"Required Other language third-party packages": [
    "No third-party dependencies required"
],
"Logic Analysis": [
    [
        "game.py",
        "The main file of the game, responsible for initializing the game.... Contains Game class and ... functions"
    ],
    [
        "main.py",
        "Contains main function and the main frame, import Game, Logic..."
    ]
],
"Task list": 
{
    'T0':'|Initialize the game window.|implement XXX Class to create window, implement XXX functions to load game...|[]|related files:["game.py"]',
    'T1':'|complete the moving logic |complete the XXX function, implement relevant code in ui...|[T0]|related files:[main.py,game.py]',
    'T2':'|complete the moving logic |continue to implement XXX function and XXX object, record the moving. for ui, do... |[T0]|related files:[main.py]',
    'T3':'|complete the storage |based on the game logic, record the score and other data, and... |[T0]|related files:[main.py,game.py]',
    ...
},
"Shared Knowledge": "`game.py` contains functions shared across the project.",
}

## nodes: "<node>: <type>  # <instruction>"
- Required packages: typing.List[str]  # Provide required packages in requirements.txt format.
- Required Other language third-party packages: typing.List[str]  # List down the required packages for languages other than Python.
- Logic Analysis: typing.List[typing.List[str]]  # Provide a list of files with the classes/methods/functions to be implemented, including dependency analysis and imports.
- Task list: typing.Dict[str]  # Break down the project development into a subtasks-node-graph(in a dictionary format), each node contains:
(1)its name(T0,T1...)
(2)its role in the project development[hign level summary, such as what user story the sub-task is reponsible for, and others]
(3)detailed task description, instructing the coder what to do.
(4)its dependency tasks.
(5)related files, use | to seperate thesse part as example. must no circles in the dependency tasks. related files must from file list in architecture.
The decomposed tasks only include development-related tasks; higher-level work such as testing, security, and maintenance is not required for now.
- Full API spec: <class 'str'>  # Describe all APIs using OpenAPI 3.0 spec that may be used by both frontend and backend. If front-end and back-end communication is not required, leave it blank.
- Shared Knowledge: <class 'str'>  # Detail any shared knowledge, like common utility functions or configuration variables.

## constraint
Language: Please use the same language as Human INPUT.
Format: output like format example, nothing else.
If you are doing website development, please do not encrypt the account password for the login function.
Related and simple tasks should be combined into one task to reduce the overall number of tasks(no more than 7) during you making "Task List".

## action
Follow instructions of nodes, generate output and make sure it follows the format example.

2025-01-01 Wednesday 12:00:02 _client.py : INFO  HTTP Request: POST https://api.chatanywhere.tech/chat/completions "HTTP/1.1 200 OK"
2025-01-01 Wednesday 12:00:02 model.py : INFO  following invoke cost: 2126 | all cost: 4992
2025-01-01 Wednesday 12:00:02 project_manager.py : INFO  Project Manager Tsunoda
2025-01-01 Wednesday 12:00:02 project_manager.py : INFO  {
"Required packages": [
    "flask==1.1.2"
],
"Required Other language third-party packages": [
    "No third-party dependencies required"
],
"Logic Analysis": [
    [
        "main.py",
        "The main file of the application, responsible for initializing the Flask app and routing. Contains the App class and methods for login, registration, home, item details, and listing."
    ],
    [
        "templates/login.html",
        "HTML template for the Login Page, includes form for username and password."
    ],
    [
        "templates/register.html",
        "HTML template for the Registration Page, includes form for new user registration."
    ],
    [
        "templates/home.html",
        "HTML template for the Home Page, displays available vintage items and includes a search bar."
    ],
    [
        "templates/item_details.html",
        "HTML template for the Item Details Page, shows detailed information about a selected item."
    ],
    [
        "templates/listing.html",
        "HTML template for the Listing Page, allows users to create new item listings."
    ]
],
"Task list": 
{
    'T0':'|Set up Flask application and routing.|Initialize Flask app in main.py, set up routes for login, registration, home, item details, and listing.|[]|related files:["main.py"]',
    'T1':'|Implement user authentication.|Create User and UserManager classes, implement login and registration logic, and handle user data storage in users.txt.|[T0]|related files:[main.py]',
    'T2':'|Create HTML templates for user interface.|Develop login.html, register.html, home.html, item_details.html, and listing.html templates for the application.|[T0]|related files:[templates/login.html, templates/register.html, templates/home.html, templates/item_details.html, templates/listing.html]',
    'T3':'|Implement item management functionality.|Create Item and ItemManager classes, implement item listing, searching, and storage in items.txt.|[T0]|related files:[main.py]',
    'T4':'|Develop Home Page functionality.|Implement logic to display available vintage items and search functionality on the Home Page.|[T1, T3]|related files:[main.py]',
    'T5':'|Implement Item Details Page functionality.|Create logic to display detailed information about a selected item from the Home Page.|[T4]|related files:[main.py]',
    'T6':'|Develop Listing Page functionality.|Implement logic for users to create and submit new item listings.|[T3]|related files:[main.py]'
},
"Full API spec": "",
"Shared Knowledge": "`main.py` contains the main application logic and routing for the web application."
}
2025-01-01 Wednesday 12:00:02 project_manager.py : INFO  Project Manager writting TASK PLAN
2025-01-01 Wednesday 12:00:03 _client.py : INFO  HTTP Request: POST https://api.chatanywhere.tech/chat/completions "HTTP/1.1 200 OK"
2025-01-01 Wednesday 12:00:03 product_manager.py : INFO  Product Manager Pole extracting PRD......
2025-01-01 Wednesday 12:00:03 architect.py : INFO  Architect Arnold extracting Architect......
2025-01-01 Wednesday 12:00:03 project_manager.py : INFO  Project Manager Tsunoda extracting Plan......
2025-01-01 Wednesday 12:00:03 programmer.py : INFO  Programmer Clorinde Coding...
2025-01-01 Wednesday 12:00:03 programmer.py : INFO  Task Dictionary:
Key: T0, Value: |Set up Flask application and routing.|Initialize Flask app in main.py, set up routes for login, registration, home, item details, and listing.|[]|related files:["main.py"]
Key: T1, Value: |Implement user authentication.|Create User and UserManager classes, implement login and registration logic, and handle user data storage in users.txt.|[T0]|related files:[main.py]
Key: T2, Value: |Create HTML templates for user interface.|Develop login.html, register.html, home.html, item_details.html, and listing.html templates for the application.|[T0]|related files:[templates/login.html, templates/register.html, templates/home.html, templates/item_details.html, templates/listing.html]
Key: T3, Value: |Implement item management functionality.|Create Item and ItemManager classes, implement item listing, searching, and storage in items.txt.|[T0]|related files:[main.py]
Key: T4, Value: |Develop Home Page functionality.|Implement logic to display available vintage items and search functionality on the Home Page.|[T1, T3]|related files:[main.py]
Key: T5, Value: |Implement Item Details Page functionality.|Create logic to display detailed information about a selected item from the Home Page.|[T4]|related files:[main.py]
Key: T6, Value: Develop some features for a page where users can share items, allowing them to input information and post it somehow.

2025-01-01 Wednesday 12:00:03 searcher.py : INFO  
You are an excellent software task-oriented analyst. Your task is to accurately extract and compile all relevant sections from the requirements document and user demands that are directly related to a given task description, and present them in a concise and well-organized document.


## This is the PRD you can retrieve, which contains functional requirements for the system:
[OUTPUT] ## general overview of the project The task is to develop a comprehensive web application, 'OnlineVintageMarket', for buying and selling vintage items that utilizes Python and stores information in local text files, eliminating the need for SQL databases. Note that the website should start from the login page. ## software functional requirements 1. Users shall be able to log in to their accounts on the Login Page. 2. Users shall be able to navigate to the Registration Page via the Register here link if they do not have an account. 3. Users shall be able to view available vintage items on the Home Page. 4. Users shall be able to search for specific vintage items by name using the search bar on the Home Page. 5. Users shall be able to view details of a selected item by clicking the "Item Details" button on the Home Page. 6. Users shall be able to create a new listing for vintage items by navigating to the Listing Page and entering the item name, description, and price. 7. Users shall be able to submit their item listings through the "Submit Listing" button on the Listing Page. 8. Users shall be able to view detailed information about a vintage item, including its title, description, and price, on the Item Details Page. 9. Users shall be able to navigate back to the Home Page from the Item Details Page using the "Back" button. [/OUTPUT]

## This is the user's original demand, which includes not only functional requirements but also other special requirements.
# Software Description

## Objective
The task is to develop a comprehensive web application, 'OnlineVintageMarket', for buying and selling vintage items that utilizes Python and stores information in local text files, eliminating the need for SQL databases. Note that the website should start from the login page.


## Core Features
Users shall be able to log in to their accounts on the Login Page.
Users shall be able to navigate to the Registration Page via the Register here link if they do not have an account.
Users shall be able to view available vintage items on the Home Page.
Users shall be able to search for specific vintage items by name using the search bar on the Home Page.
Users shall be able to view details of a selected item by clicking the "Item Details" button on the Home Page.
Users shall be able to create a new listing for vintage items by navigating to the Listing Page and entering the item name, description, and price.
Users shall be able to submit their item listings through the "Submit Listing" button on the Listing Page.
Users shall be able to view detailed information about a vintage item, including its title, description, and price, on the Item Details Page.
Users shall be able to navigate back to the Home Page from the Item Details Page using the "Back" button.

## Language

Use html and python to develop a web application.
You should use html to generate the web template by yourself.
## Data Storage
Data will be stored in local text files.
Different types of data will be stored in separate `.txt` files.
You should define the text file by yourself in advance.
This structured data storage will facilitate easy data retrieval and management through simple file manipulations in Python, ensuring the application remains light and efficient without the need for a SQL database.


## now, you get one following specific task:
|Set up Flask application and routing.|Initialize Flask app in main.py, set up routes for login, registration, home, item details, and listing.|[]|related files:["main.py"]

## Action
You should extract the sections directly related to the specific task described above from the two documents.
After extraction, integrate the relevant sections into a single output, ensuring duplicate content is removed.

Key Points:
The extracted content must remain unaltered. Do not modify any part of the retrieved sections.
Include only the necessary sections. Exclude any content you are certain is irrelevant to the current task.
Aim for conciseness: less is better.

2025-01-01 Wednesday 12:00:06 _client.py : INFO  HTTP Request: POST https://api.chatanywhere.tech/chat/completions "HTTP/1.1 200 OK"
2025-01-01 Wednesday 12:00:06 model.py : INFO  following invoke cost: 1231 | all cost: 6223
2025-01-01 Wednesday 12:00:06 searcher.py : INFO  retrievaled reslt is: 
## Extracted Relevant Sections for Task: Set up Flask application and routing

### General Overview of the Project
The task is to develop a comprehensive web application, 'OnlineVintageMarket', for buying and selling vintage items that utilizes Python and stores information in local text files, eliminating the need for SQL databases. Note that the website should start from the login page.

### Software Functional Requirements
1. Users shall be able to log in to their accounts on the Login Page.
2. Users shall be able to navigate to the Registration Page via the Register here link if they do not have an account.
3. Users shall be able to view available vintage items on the Home Page.
4. Users shall be able to view details of a selected item by clicking the "Item Details" button on the Home Page.
6. Users shall be able to create a new listing for vintage items by navigating to the Listing Page and entering the item name, description, and price.
8. Users shall be able to view detailed information about a vintage item, including its title, description, and price, on the Item Details Page.
9. Users shall be able to navigate back to the Home Page from the Item Details Page using the "Back" button.

### Language
Use html and python to develop a web application. You should use html to generate the web template by yourself.

### Data Storage
Data will be stored in local text files. Different types of data will be stored in separate `.txt` files. You should define the text file by yourself in advance. This structured data storage will facilitate easy data retrieval and management through simple file manipulations in Python, ensuring the application remains light and efficient without the need for a SQL database.
2025-01-01 Wednesday 12:00:06 programmer.py : INFO  
You are a professional engineer; the main goal is to write google-style, elegant, modular, easy to read and maintain code.
Output format carefully referenced "Format example".
In addition to writing code, you may also need to complete the data files in the task list (such as .txt .json .csv files). If the task list requires the implementation of data files, you need to simply design some data that meets the requirements for your completed software to facilitate the startup and testing of the software as a demo.


# Context
## Design
[CONTENT] "Implementation approach": "We will use Flask as the web framework to create the web application. Flask is lightweight and suitable for building simple web applications. For the front-end, we will use HTML to create the necessary templates. The application will handle user authentication, item listings, and data storage using local text files.", "UI design":"- The application will have a Login Page for user authentication with fields for username and password. - A Registration Page will allow new users to create an account. - The Home Page will display available vintage items with a search bar. - An Item Details Page will show detailed information about a selected item. - A Listing Page will allow users to create new item listings with fields for item name, description, and price.", "Data Storage":"Data will be stored in local text files. Different types of data will be stored in separate `.txt` files. The following files will be used: `users.txt` for user data, `items.txt` for vintage item listings.", "File list": ["main.py", "templates/login.html", "templates/register.html", "templates/home.html", "templates/item_details.html", "templates/listing.html", "users.txt", "items.txt"], "Data structures and interfaces": " classDiagram     class User {         -username: str         -password: str         +__init__(username: str, password: str)         +save() -> None     }     class Item {         -name: str         -description: str         -price: float         +__init__(name: str, description: str, price: float)         +save() -> None     }     class UserManager {         -users: list[User]         +load_users() -> None         +add_user(user: User) -> None         +authenticate(username: str, password: str) -> bool     }     class ItemManager {         -items: list[Item]         +load_items() -> None         +add_item(item: Item) -> None         +search_items(query: str) -> list[Item]     }     class App {         +run() -> None         +login() -> None         +register() -> None         +home() -> None         +item_details(item_id: int) -> None         +listing() -> None     }     UserManager --> User     ItemManager --> Item     App --> UserManager     App --> ItemManager ", [/CONTENT]
## Whole Task Plan
{'Required packages': ['flask==1.1.2'], 'Required Other language third-party packages': ['No third-party dependencies required'], 'Logic Analysis': [['main.py', 'The main file of the application, responsible for initializing the Flask app and routing. Contains the App class and methods for login, registration, home, item details, and listing.'], ['templates/login.html', 'HTML template for the Login Page, includes form for username and password.'], ['templates/register.html', 'HTML template for the Registration Page, includes form for new user registration.'], ['templates/home.html', 'HTML template for the Home Page, displays available vintage items and includes a search bar.'], ['templates/item_details.html', 'HTML template for the Item Details Page, shows detailed information about a selected item.'], ['templates/listing.html', 'HTML template for the Listing Page, allows users to create new item listings.']], 'Task list': {'T0': '|Set up Flask application and routing.|Initialize Flask app in main.py, set up routes for login, registration, home, item details, and listing.|[]|related files:["main.py"]', 'T1': '|Implement user authentication.|Create User and UserManager classes, implement login and registration logic, and handle user data storage in users.txt.|[T0]|related files:[main.py]', 'T2': '|Create HTML templates for user interface.|Develop login.html, register.html, home.html, item_details.html, and listing.html templates for the application.|[T0]|related files:[templates/login.html, templates/register.html, templates/home.html, templates/item_details.html, templates/listing.html]', 'T3': '|Implement item management functionality.|Create Item and ItemManager classes, implement item listing, searching, and storage in items.txt.|[T0]|related files:[main.py]', 'T4': '|Develop Home Page functionality.|Implement logic to display available vintage items and search functionality on the Home Page.|[T1, T3]|related files:[main.py]', 'T5': '|Implement Item Details Page functionality.|Create logic to display detailed information about a selected item from the Home Page.|[T4]|related files:[main.py]', 'T6': 'Develop some features for a page where users can share items, allowing them to input information and post it somehow.'}, 'Full API spec': '', 'Shared Knowledge': '`main.py` contains the main application logic and routing for the web application.'}

## files(already available)

-----
# Format Example 
*** main.py
```python
...
```

*** ui.py
```python
...
```
-----
## coding sub-task
T0:|Set up Flask application and routing.|Initialize Flask app in main.py, set up routes for login, registration, home, item details, and listing.|[]|related files:["main.py"]

## Documents Relevant to the sub-task
{
## Extracted Relevant Sections for Task: Set up Flask application and routing

### General Overview of the Project
The task is to develop a comprehensive web application, 'OnlineVintageMarket', for buying and selling vintage items that utilizes Python and stores information in local text files, eliminating the need for SQL databases. Note that the website should start from the login page.

### Software Functional Requirements
1. Users shall be able to log in to their accounts on the Login Page.
2. Users shall be able to navigate to the Registration Page via the Register here link if they do not have an account.
3. Users shall be able to view available vintage items on the Home Page.
4. Users shall be able to view details of a selected item by clicking the "Item Details" button on the Home Page.
6. Users shall be able to create a new listing for vintage items by navigating to the Listing Page and entering the item name, description, and price.
8. Users shall be able to view detailed information about a vintage item, including its title, description, and price, on the Item Details Page.
9. Users shall be able to navigate back to the Home Page from the Item Details Page using the "Back" button.

### Language
Use html and python to develop a web application. You should use html to generate the web template by yourself.

### Data Storage
Data will be stored in local text files. Different types of data will be stored in separate `.txt` files. You should define the text file by yourself in advance. This structured data storage will facilitate easy data retrieval and management through simple file manipulations in Python, ensuring the application remains light and efficient without the need for a SQL database.
}
(End for Documents Relevant)

# Instruction: Based on the context, follow "Format example", write or revise code to complete task described in "coding sub-task".
## ATTENTION
1. Use '***' to SPLIT different CODE SECTIONS. do not forget ``` in each file, refer the the example. Output format carefully referenced "Format example".
2. Follow design: YOU MUST FOLLOW "Data structures and interfaces". DONT CHANGE ANY DESIGN. Do not use public member functions that do not exist in your design.
3. Follow task: YOU MUST write Comprehensive codes to complete the sub-task.
4. Understand "Documents Relevant to the sub-task": Use this document, along with the architecture and task plan, as guidelines to construct your code.
4. CAREFULLY CHECK THAT YOU DONT MISS ANY NECESSARY CLASS/FUNCTION IN THE FILE.
5. You must import the third-party libraries used in your code
6. If you import a Class, you must import it firstly.
7. Determine the order of writing the files based on your understanding of the project.
9. Write out EVERY CODE DETAIL, DON'T LEAVE TODO,PASS,PLACEHOLDER.
9. Only write code result, do not output any other content in the start or in the end.
10. If you need to generate text data, follow the rules outlined in "<When Storing Data>" below.
 <When storing data>:
Different groups of data are distinguished by line breaks.
Different contents of the same group of data are distinguished by |.
Within any single content that contains multiple sub-entries, those sub-entries are separated by commas ,.
Example:
admin1|pass123|entry1,entry2,entry3  
admin2|pass123|entry1
Make sure:
The | character is used only to separate distinct contents within a group.
Commas , are used exclusively to separate multiple sub-entries within a single content.

# Website Development Rule
If you are doing website development, be sure to route the root path (/). If there is a login page, set the login page as the root route(/).
If you are doing website development, please do not encrypt the account password for the login function.
If you are doing website development, your code needs to take into account the process of loading data from the data file, so don't forget to load the data.
If you are doing Website Development, do not follow the rules of Website and Game development.
# GUI tkinter Development Rule
If you are doing GUI tkinter Development, do not follow the rules of Website and Game development.
# Game Development Rule
If the software needs to load data, please make sure the loading data code matches the data format and data file.
If you are doing Game Development, do not follow the rules of Website and Game development.

# important rule
Use '***' to SPLIT CODE SECTIONS. do not forget ``` in each file, refer the the example. Output format carefully referenced "Format example". 
Adhere strictly to the task requirements and implement them fully; do not include placeholders or "example" for code that is intended for future implementation.

2025-01-01 Wednesday 12:00:21 _client.py : INFO  HTTP Request: POST https://api.chatanywhere.tech/chat/completions "HTTP/1.1 200 OK"
2025-01-01 Wednesday 12:00:21 model.py : INFO  following invoke cost: 3867 | all cost: 10090
2025-01-01 Wednesday 12:00:21 programmer.py : INFO  
*** main.py
```python
from flask import Flask, render_template, request, redirect, url_for, session
from user_manager import UserManager
from item_manager import ItemManager

app = Flask(__name__)
app.secret_key = 'your_secret_key'  # Change this to a random secret key

user_manager = UserManager()
item_manager = ItemManager()

@app.route('/')
def login():
    return render_template('login.html')

@app.route('/register', methods=['GET', 'POST'])
def register():
    if request.method == 'POST':
        username = request.form['username']
        password = request.form['password']
        user_manager.add_user(username, password)
        return redirect(url_for('login'))
    return render_template('register.html')

@app.route('/home')
def home():
    items = item_manager.load_items()
    return render_template('home.html', items=items)

@app.route('/item/<int:item_id>')
def item_details(item_id):
    item = item_manager.get_item(item_id)
    return render_template('item_details.html', item=item)

@app.route('/listing', methods=['GET', 'POST'])
def listing():
    if request.method == 'POST':
        name = request.form['name']
        description = request.form['description']
        price = float(request.form['price'])
        item_manager.add_item(name, description, price)
        return redirect(url_for('home'))
    return render_template('listing.html')

if __name__ == '__main__':
    user_manager.load_users()
    item_manager.load_items()
    app.run(debug=True)
```

*** user_manager.py
```python
class User:
    def __init__(self, username: str, password: str):
        self.username = username
        self.password = password

    def save(self) -> None:
        with open('users.txt', 'a') as f:
            f.write(f"{self.username}|{self.password}\n")

class UserManager:
    def __init__(self):
        self.users = []

    def load_users(self) -> None:
        try:
            with open('users.txt', 'r') as f:
                for line in f:
                    username, password = line.strip().split('|')
                    self.users.append(User(username, password))
        except FileNotFoundError:
            pass

    def add_user(self, username: str, password: str) -> None:
        new_user = User(username, password)
        new_user.save()
        self.users.append(new_user)

    def authenticate(self, username: str, password: str) -> bool:
        for user in self.users:
            if user.username == username and user.password == password:
                return True
        return False
```

*** item_manager.py
```python
class Item:
    def __init__(self, name: str, description: str, price: float):
        self.name = name
        self.description = description
        self.price = price

    def save(self) -> None:
        with open('items.txt', 'a') as f:
            f.write(f"{self.name}|{self.description}|{self.price}\n")

class ItemManager:
    def __init__(self):
        self.items = []

    def load_items(self) -> None:
        try:
            with open('items.txt', 'r') as f:
                for line in f:
                    name, description, price = line.strip().split('|')
                    self.items.append(Item(name, description, float(price)))
        except FileNotFoundError:
            pass

    def add_item(self, name: str, description: str, price: float) -> None:
        new_item = Item(name, description, price)
        new_item.save()
        self.items.append(new_item)

    def get_item(self, item_id: int) -> Item:
        return self.items[item_id] if 0 <= item_id < len(self.items) else None
```

*** templates/login.html
```html
<!DOCTYPE html>
<html lang="en">
<head>
    <meta charset="UTF-8">
    <meta name="viewport" content="width=device-width, initial-scale=1.0">
    <title>Login</title>
</head>
<body>
    <h1>Login</h1>
    <form method="POST" action="/login">
        <label for="username">Username:</label>
        <input type="text" id="username" name="username" required>
        <label for="password">Password:</label>
        <input type="password" id="password" name="password" required>
        <button type="submit">Login</button>
    </form>
    <a href="/register">Register here</a>
</body>
</html>
```

*** templates/register.html
```html
<!DOCTYPE html>
<html lang="en">
<head>
    <meta charset="UTF-8">
    <meta name="viewport" content="width=device-width, initial-scale=1.0">
    <title>Register</title>
</head>
<body>
    <h1>Register</h1>
    <form method="POST" action="/register">
        <label for="username">Username:</label>
        <input type="text" id="username" name="username" required>
        <label for="password">Password:</label>
        <input type="password" id="password" name="password" required>
        <button type="submit">Register</button>
    </form>
</body>
</html>
```

*** templates/home.html
```html
<!DOCTYPE html>
<html lang="en">
<head>
    <meta charset="UTF-8">
    <meta name="viewport" content="width=device-width, initial-scale=1.0">
    <title>Home</title>
</head>
<body>
    <h1>Available Vintage Items</h1>
    <ul>
        {% for item in items %}
            <li>
                <a href="{{ url_for('item_details', item_id=loop.index0) }}">{{ item.name }}</a>
            </li>
        {% endfor %}
    </ul>
    <a href="/listing">Create New Listing</a>
</body>
</html>
```

*** templates/item_details.html
```html
<!DOCTYPE html>
<html lang="en">
<head>
    <meta charset="UTF-8">
    <meta name="viewport" content="width=device-width, initial-scale=1.0">
    <title>Item Details</title>
</head>
<body>
    <h1>{{ item.name }}</h1>
    <p>Description: {{ item.description }}</p>
    <p>Price: ${{ item.price }}</p>
    <a href="/home">Back</a>
</body>
</html>
```

*** templates/listing.html
```html
<!DOCTYPE html>
<html lang="en">
<head>
    <meta charset="UTF-8">
    <meta name="viewport" content="width=device-width, initial-scale=1.0">
    <title>Create Listing</title>
</head>
<body>
    <h1>Create New Listing</h1>
    <form method="POST" action="/listing">
        <label for="name">Item Name:</label>
        <input type="text" id="name" name="name" required>
        <label for="description">Description:</label>
        <textarea id="description" name="description" required></textarea>
        <label for="price">Price:</label>
        <input type="number" id="price" name="price" step="0.01" required>
        <button type="submit">Create Listing</button>
    </form>
    <a href="/home">Back</a>
</body>
</html>
```

*** users.txt
```
admin|pass123
user1|pass456
```

*** items.txt
```
Vintage Clock|A beautiful vintage clock from the 1960s|50.00
Antique Vase|An exquisite vase from the Ming Dynasty|150.00
```
2025-01-01 Wednesday 12:00:21 programmer.py : INFO  **[Update Codes]**

main.py updated.


```
'''

'''
--- Old
+++ New
@@ -1 +1,47 @@
-# None
+from flask import Flask, render_template, request, redirect, url_for, session
+from user_manager import UserManager
+from item_manager import ItemManager
+
+app = Flask(__name__)
+app.secret_key = 'your_secret_key'  # Change this to a random secret key
+
+user_manager = UserManager()
+item_manager = ItemManager()
+
+@app.route('/')
+def login():
+    return render_template('login.html')
+
+@app.route('/register', methods=['GET', 'POST'])
+def register():
+    if request.method == 'POST':
+        username = request.form['username']
+        password = request.form['password']
+        user_manager.add_user(username, password)
+        return redirect(url_for('login'))
+    return render_template('register.html')
+
+@app.route('/home')
+def home():
+    items = item_manager.load_items()
+    return render_template('home.html', items=items)
+
+@app.route('/item/<int:item_id>')
+def item_details(item_id):
+    item = item_manager.get_item(item_id)
+    return render_template('item_details.html', item=item)
+
+@app.route('/listing', methods=['GET', 'POST'])
+def listing():
+    if request.method == 'POST':
+        name = request.form['name']
+        description = request.form['description']
+        price = float(request.form['price'])
+        item_manager.add_item(name, description, price)
+        return redirect(url_for('home'))
+    return render_template('listing.html')
+
+if __name__ == '__main__':
+    user_manager.load_users()
+    item_manager.load_items()
+    app.run(debug=True)
```
2025-01-01 Wednesday 12:00:21 programmer.py : INFO  **[Update Codes]**

user_manager.py updated.


```
'''

'''
--- Old
+++ New
@@ -1 +1,32 @@
-# None
+class User:
+    def __init__(self, username: str, password: str):
+        self.username = username
+        self.password = password
+
+    def save(self) -> None:
+        with open('users.txt', 'a') as f:
+            f.write(f"{self.username}|{self.password}\n")
+
+class UserManager:
+    def __init__(self):
+        self.users = []
+
+    def load_users(self) -> None:
+        try:
+            with open('users.txt', 'r') as f:
+                for line in f:
+                    username, password = line.strip().split('|')
+                    self.users.append(User(username, password))
+        except FileNotFoundError:
+            pass
+
+    def add_user(self, username: str, password: str) -> None:
+        new_user = User(username, password)
+        new_user.save()
+        self.users.append(new_user)
+
+    def authenticate(self, username: str, password: str) -> bool:
+        for user in self.users:
+            if user.username == username and user.password == password:
+                return True
+        return False
```
2025-01-01 Wednesday 12:00:21 programmer.py : INFO  **[Update Codes]**

item_manager.py updated.


```
'''

'''
--- Old
+++ New
@@ -1 +1,30 @@
-# None
+class Item:
+    def __init__(self, name: str, description: str, price: float):
+        self.name = name
+        self.description = description
+        self.price = price
+
+    def save(self) -> None:
+        with open('items.txt', 'a') as f:
+            f.write(f"{self.name}|{self.description}|{self.price}\n")
+
+class ItemManager:
+    def __init__(self):
+        self.items = []
+
+    def load_items(self) -> None:
+        try:
+            with open('items.txt', 'r') as f:
+                for line in f:
+                    name, description, price = line.strip().split('|')
+                    self.items.append(Item(name, description, float(price)))
+        except FileNotFoundError:
+            pass
+
+    def add_item(self, name: str, description: str, price: float) -> None:
+        new_item = Item(name, description, price)
+        new_item.save()
+        self.items.append(new_item)
+
+    def get_item(self, item_id: int) -> Item:
+        return self.items[item_id] if 0 <= item_id < len(self.items) else None
```
2025-01-01 Wednesday 12:00:21 programmer.py : INFO  **[Update Codes]**

templates/login.html updated.


```
'''

'''
--- Old
+++ New
@@ -1 +1,19 @@
-# None
+<!DOCTYPE html>
+<html lang="en">
+<head>
+    <meta charset="UTF-8">
+    <meta name="viewport" content="width=device-width, initial-scale=1.0">
+    <title>Login</title>
+</head>
+<body>
+    <h1>Login</h1>
+    <form method="POST" action="/login">
+        <label for="username">Username:</label>
+        <input type="text" id="username" name="username" required>
+        <label for="password">Password:</label>
+        <input type="password" id="password" name="password" required>
+        <button type="submit">Login</button>
+    </form>
+    <a href="/register">Register here</a>
+</body>
+</html>
```
2025-01-01 Wednesday 12:00:21 programmer.py : INFO  **[Update Codes]**

templates/register.html updated.


```
'''

'''
--- Old
+++ New
@@ -1 +1,18 @@
-# None
+<!DOCTYPE html>
+<html lang="en">
+<head>
+    <meta charset="UTF-8">
+    <meta name="viewport" content="width=device-width, initial-scale=1.0">
+    <title>Register</title>
+</head>
+<body>
+    <h1>Register</h1>
+    <form method="POST" action="/register">
+        <label for="username">Username:</label>
+        <input type="text" id="username" name="username" required>
+        <label for="password">Password:</label>
+        <input type="password" id="password" name="password" required>
+        <button type="submit">Register</button>
+    </form>
+</body>
+</html>
```
2025-01-01 Wednesday 12:00:21 programmer.py : INFO  **[Update Codes]**

templates/home.html updated.


```
'''

'''
--- Old
+++ New
@@ -1 +1,19 @@
-# None
+<!DOCTYPE html>
+<html lang="en">
+<head>
+    <meta charset="UTF-8">
+    <meta name="viewport" content="width=device-width, initial-scale=1.0">
+    <title>Home</title>
+</head>
+<body>
+    <h1>Available Vintage Items</h1>
+    <ul>
+        {% for item in items %}
+            <li>
+                <a href="{{ url_for('item_details', item_id=loop.index0) }}">{{ item.name }}</a>
+            </li>
+        {% endfor %}
+    </ul>
+    <a href="/listing">Create New Listing</a>
+</body>
+</html>
```
2025-01-01 Wednesday 12:00:21 programmer.py : INFO  **[Update Codes]**

templates/item_details.html updated.


```
'''

'''
--- Old
+++ New
@@ -1 +1,14 @@
-# None
+<!DOCTYPE html>
+<html lang="en">
+<head>
+    <meta charset="UTF-8">
+    <meta name="viewport" content="width=device-width, initial-scale=1.0">
+    <title>Item Details</title>
+</head>
+<body>
+    <h1>{{ item.name }}</h1>
+    <p>Description: {{ item.description }}</p>
+    <p>Price: ${{ item.price }}</p>
+    <a href="/home">Back</a>
+</body>
+</html>
```
2025-01-01 Wednesday 12:00:21 programmer.py : INFO  **[Update Codes]**

templates/listing.html updated.


```
'''

'''
--- Old
+++ New
@@ -1 +1,21 @@
-# None
+<!DOCTYPE html>
+<html lang="en">
+<head>
+    <meta charset="UTF-8">
+    <meta name="viewport" content="width=device-width, initial-scale=1.0">
+    <title>Create Listing</title>
+</head>
+<body>
+    <h1>Create New Listing</h1>
+    <form method="POST" action="/listing">
+        <label for="name">Item Name:</label>
+        <input type="text" id="name" name="name" required>
+        <label for="description">Description:</label>
+        <textarea id="description" name="description" required></textarea>
+        <label for="price">Price:</label>
+        <input type="number" id="price" name="price" step="0.01" required>
+        <button type="submit">Create Listing</button>
+    </form>
+    <a href="/home">Back</a>
+</body>
+</html>
```
2025-01-01 Wednesday 12:00:21 programmer.py : INFO  **[Update Codes]**

users.txt updated.


```
'''

'''
--- Old
+++ New
@@ -1 +1,2 @@
-# None
+admin|pass123
+user1|pass456
```
2025-01-01 Wednesday 12:00:21 programmer.py : INFO  **[Update Codes]**

items.txt updated.


```
'''

'''
--- Old
+++ New
@@ -1 +1,2 @@
-# None
+Vintage Clock|A beautiful vintage clock from the 1960s|50.00
+Antique Vase|An exquisite vase from the Ming Dynasty|150.00
```
2025-01-01 Wednesday 12:00:21 searcher.py : INFO  
You are an excellent software task-oriented analyst. Your task is to accurately extract and compile all relevant sections from the requirements document and user demands that are directly related to a given task description, and present them in a concise and well-organized document.


## This is the PRD you can retrieve, which contains functional requirements for the system:
[OUTPUT] ## general overview of the project The task is to develop a comprehensive web application, 'OnlineVintageMarket', for buying and selling vintage items that utilizes Python and stores information in local text files, eliminating the need for SQL databases. Note that the website should start from the login page. ## software functional requirements 1. Users shall be able to log in to their accounts on the Login Page. 2. Users shall be able to navigate to the Registration Page via the Register here link if they do not have an account. 3. Users shall be able to view available vintage items on the Home Page. 4. Users shall be able to search for specific vintage items by name using the search bar on the Home Page. 5. Users shall be able to view details of a selected item by clicking the "Item Details" button on the Home Page. 6. Users shall be able to create a new listing for vintage items by navigating to the Listing Page and entering the item name, description, and price. 7. Users shall be able to submit their item listings through the "Submit Listing" button on the Listing Page. 8. Users shall be able to view detailed information about a vintage item, including its title, description, and price, on the Item Details Page. 9. Users shall be able to navigate back to the Home Page from the Item Details Page using the "Back" button. [/OUTPUT]

## This is the user's original demand, which includes not only functional requirements but also other special requirements.
# Software Description

## Objective
The task is to develop a comprehensive web application, 'OnlineVintageMarket', for buying and selling vintage items that utilizes Python and stores information in local text files, eliminating the need for SQL databases. Note that the website should start from the login page.


## Core Features
Users shall be able to log in to their accounts on the Login Page.
Users shall be able to navigate to the Registration Page via the Register here link if they do not have an account.
Users shall be able to view available vintage items on the Home Page.
Users shall be able to search for specific vintage items by name using the search bar on the Home Page.
Users shall be able to view details of a selected item by clicking the "Item Details" button on the Home Page.
Users shall be able to create a new listing for vintage items by navigating to the Listing Page and entering the item name, description, and price.
Users shall be able to submit their item listings through the "Submit Listing" button on the Listing Page.
Users shall be able to view detailed information about a vintage item, including its title, description, and price, on the Item Details Page.
Users shall be able to navigate back to the Home Page from the Item Details Page using the "Back" button.

## Language

Use html and python to develop a web application.
You should use html to generate the web template by yourself.
## Data Storage
Data will be stored in local text files.
Different types of data will be stored in separate `.txt` files.
You should define the text file by yourself in advance.
This structured data storage will facilitate easy data retrieval and management through simple file manipulations in Python, ensuring the application remains light and efficient without the need for a SQL database.


## now, you get one following specific task:
|Implement user authentication.|Create User and UserManager classes, implement login and registration logic, and handle user data storage in users.txt.|[T0]|related files:[main.py]

## Action
You should extract the sections directly related to the specific task described above from the two documents.
After extraction, integrate the relevant sections into a single output, ensuring duplicate content is removed.

Key Points:
The extracted content must remain unaltered. Do not modify any part of the retrieved sections.
Include only the necessary sections. Exclude any content you are certain is irrelevant to the current task.
Aim for conciseness: less is better.

2025-01-01 Wednesday 12:00:24 _client.py : INFO  HTTP Request: POST https://api.chatanywhere.tech/chat/completions "HTTP/1.1 200 OK"
2025-01-01 Wednesday 12:00:24 model.py : INFO  following invoke cost: 1111 | all cost: 11201
2025-01-01 Wednesday 12:00:24 searcher.py : INFO  retrievaled reslt is: 
## Extracted Requirements for User Authentication Task

### General Overview
The task is to develop a comprehensive web application, 'OnlineVintageMarket', for buying and selling vintage items that utilizes Python and stores information in local text files, eliminating the need for SQL databases. Note that the website should start from the login page.

### Software Functional Requirements
1. Users shall be able to log in to their accounts on the Login Page.
2. Users shall be able to navigate to the Registration Page via the Register here link if they do not have an account.

### Core Features
- Users shall be able to log in to their accounts on the Login Page.
- Users shall be able to navigate to the Registration Page via the Register here link if they do not have an account.

### Data Storage
Data will be stored in local text files. Different types of data will be stored in separate `.txt` files. You should define the text file by yourself in advance. This structured data storage will facilitate easy data retrieval and management through simple file manipulations in Python, ensuring the application remains light and efficient without the need for a SQL database.
2025-01-01 Wednesday 12:00:24 programmer.py : INFO  
You are a professional engineer; the main goal is to write google-style, elegant, modular, easy to read and maintain code.
Output format carefully referenced "Format example".
In addition to writing code, you may also need to complete the data files in the task list (such as .txt .json .csv files). If the task list requires the implementation of data files, you need to simply design some data that meets the requirements for your completed software to facilitate the startup and testing of the software as a demo.


# Context
## Design
[CONTENT] "Implementation approach": "We will use Flask as the web framework to create the web application. Flask is lightweight and suitable for building simple web applications. For the front-end, we will use HTML to create the necessary templates. The application will handle user authentication, item listings, and data storage using local text files.", "UI design":"- The application will have a Login Page for user authentication with fields for username and password. - A Registration Page will allow new users to create an account. - The Home Page will display available vintage items with a search bar. - An Item Details Page will show detailed information about a selected item. - A Listing Page will allow users to create new item listings with fields for item name, description, and price.", "Data Storage":"Data will be stored in local text files. Different types of data will be stored in separate `.txt` files. The following files will be used: `users.txt` for user data, `items.txt` for vintage item listings.", "File list": ["main.py", "templates/login.html", "templates/register.html", "templates/home.html", "templates/item_details.html", "templates/listing.html", "users.txt", "items.txt"], "Data structures and interfaces": " classDiagram     class User {         -username: str         -password: str         +__init__(username: str, password: str)         +save() -> None     }     class Item {         -name: str         -description: str         -price: float         +__init__(name: str, description: str, price: float)         +save() -> None     }     class UserManager {         -users: list[User]         +load_users() -> None         +add_user(user: User) -> None         +authenticate(username: str, password: str) -> bool     }     class ItemManager {         -items: list[Item]         +load_items() -> None         +add_item(item: Item) -> None         +search_items(query: str) -> list[Item]     }     class App {         +run() -> None         +login() -> None         +register() -> None         +home() -> None         +item_details(item_id: int) -> None         +listing() -> None     }     UserManager --> User     ItemManager --> Item     App --> UserManager     App --> ItemManager ", [/CONTENT]
## Whole Task Plan
{'Required packages': ['flask==1.1.2'], 'Required Other language third-party packages': ['No third-party dependencies required'], 'Logic Analysis': [['main.py', 'The main file of the application, responsible for initializing the Flask app and routing. Contains the App class and methods for login, registration, home, item details, and listing.'], ['templates/login.html', 'HTML template for the Login Page, includes form for username and password.'], ['templates/register.html', 'HTML template for the Registration Page, includes form for new user registration.'], ['templates/home.html', 'HTML template for the Home Page, displays available vintage items and includes a search bar.'], ['templates/item_details.html', 'HTML template for the Item Details Page, shows detailed information about a selected item.'], ['templates/listing.html', 'HTML template for the Listing Page, allows users to create new item listings.']], 'Task list': {'T0': '|Set up Flask application and routing.|Initialize Flask app in main.py, set up routes for login, registration, home, item details, and listing.|[]|related files:["main.py"]', 'T1': '|Implement user authentication.|Create User and UserManager classes, implement login and registration logic, and handle user data storage in users.txt.|[T0]|related files:[main.py]', 'T2': '|Create HTML templates for user interface.|Develop login.html, register.html, home.html, item_details.html, and listing.html templates for the application.|[T0]|related files:[templates/login.html, templates/register.html, templates/home.html, templates/item_details.html, templates/listing.html]', 'T3': '|Implement item management functionality.|Create Item and ItemManager classes, implement item listing, searching, and storage in items.txt.|[T0]|related files:[main.py]', 'T4': '|Develop Home Page functionality.|Implement logic to display available vintage items and search functionality on the Home Page.|[T1, T3]|related files:[main.py]', 'T5': '|Implement Item Details Page functionality.|Create logic to display detailed information about a selected item from the Home Page.|[T4]|related files:[main.py]', 'T6': 'Develop some features for a page where users can share items, allowing them to input information and post it somehow.'}, 'Full API spec': '', 'Shared Knowledge': '`main.py` contains the main application logic and routing for the web application.'}

## files(already available)
file name: main.py

from flask import Flask, render_template, request, redirect, url_for, session
from user_manager import UserManager
from item_manager import ItemManager

app = Flask(__name__)
app.secret_key = 'your_secret_key'  # Change this to a random secret key

user_manager = UserManager()
item_manager = ItemManager()

@app.route('/')
def login():
    return render_template('login.html')

@app.route('/register', methods=['GET', 'POST'])
def register():
    if request.method == 'POST':
        username = request.form['username']
        password = request.form['password']
        user_manager.add_user(username, password)
        return redirect(url_for('login'))
    return render_template('register.html')

@app.route('/home')
def home():
    items = item_manager.load_items()
    return render_template('home.html', items=items)

@app.route('/item/<int:item_id>')
def item_details(item_id):
    item = item_manager.get_item(item_id)
    return render_template('item_details.html', item=item)

@app.route('/listing', methods=['GET', 'POST'])
def listing():
    if request.method == 'POST':
        name = request.form['name']
        description = request.form['description']
        price = float(request.form['price'])
        item_manager.add_item(name, description, price)
        return redirect(url_for('home'))
    return render_template('listing.html')

if __name__ == '__main__':
    user_manager.load_users()
    item_manager.load_items()
    app.run(debug=True)

file name: user_manager.py

class User:
    def __init__(self, username: str, password: str):
        self.username = username
        self.password = password

    def save(self) -> None:
        with open('users.txt', 'a') as f:
            f.write(f"{self.username}|{self.password}\n")

class UserManager:
    def __init__(self):
        self.users = []

    def load_users(self) -> None:
        try:
            with open('users.txt', 'r') as f:
                for line in f:
                    username, password = line.strip().split('|')
                    self.users.append(User(username, password))
        except FileNotFoundError:
            pass

    def add_user(self, username: str, password: str) -> None:
        new_user = User(username, password)
        new_user.save()
        self.users.append(new_user)

    def authenticate(self, username: str, password: str) -> bool:
        for user in self.users:
            if user.username == username and user.password == password:
                return True
        return False

file name: item_manager.py

class Item:
    def __init__(self, name: str, description: str, price: float):
        self.name = name
        self.description = description
        self.price = price

    def save(self) -> None:
        with open('items.txt', 'a') as f:
            f.write(f"{self.name}|{self.description}|{self.price}\n")

class ItemManager:
    def __init__(self):
        self.items = []

    def load_items(self) -> None:
        try:
            with open('items.txt', 'r') as f:
                for line in f:
                    name, description, price = line.strip().split('|')
                    self.items.append(Item(name, description, float(price)))
        except FileNotFoundError:
            pass

    def add_item(self, name: str, description: str, price: float) -> None:
        new_item = Item(name, description, price)
        new_item.save()
        self.items.append(new_item)

    def get_item(self, item_id: int) -> Item:
        return self.items[item_id] if 0 <= item_id < len(self.items) else None

file name: templates/login.html

<!DOCTYPE html>
<html lang="en">
<head>
    <meta charset="UTF-8">
    <meta name="viewport" content="width=device-width, initial-scale=1.0">
    <title>Login</title>
</head>
<body>
    <h1>Login</h1>
    <form method="POST" action="/login">
        <label for="username">Username:</label>
        <input type="text" id="username" name="username" required>
        <label for="password">Password:</label>
        <input type="password" id="password" name="password" required>
        <button type="submit">Login</button>
    </form>
    <a href="/register">Register here</a>
</body>
</html>

file name: templates/register.html

<!DOCTYPE html>
<html lang="en">
<head>
    <meta charset="UTF-8">
    <meta name="viewport" content="width=device-width, initial-scale=1.0">
    <title>Register</title>
</head>
<body>
    <h1>Register</h1>
    <form method="POST" action="/register">
        <label for="username">Username:</label>
        <input type="text" id="username" name="username" required>
        <label for="password">Password:</label>
        <input type="password" id="password" name="password" required>
        <button type="submit">Register</button>
    </form>
</body>
</html>

file name: templates/home.html

<!DOCTYPE html>
<html lang="en">
<head>
    <meta charset="UTF-8">
    <meta name="viewport" content="width=device-width, initial-scale=1.0">
    <title>Home</title>
</head>
<body>
    <h1>Available Vintage Items</h1>
    <ul>
        {% for item in items %}
            <li>
                <a href="{{ url_for('item_details', item_id=loop.index0) }}">{{ item.name }}</a>
            </li>
        {% endfor %}
    </ul>
    <a href="/listing">Create New Listing</a>
</body>
</html>

file name: templates/item_details.html

<!DOCTYPE html>
<html lang="en">
<head>
    <meta charset="UTF-8">
    <meta name="viewport" content="width=device-width, initial-scale=1.0">
    <title>Item Details</title>
</head>
<body>
    <h1>{{ item.name }}</h1>
    <p>Description: {{ item.description }}</p>
    <p>Price: ${{ item.price }}</p>
    <a href="/home">Back</a>
</body>
</html>

file name: templates/listing.html

<!DOCTYPE html>
<html lang="en">
<head>
    <meta charset="UTF-8">
    <meta name="viewport" content="width=device-width, initial-scale=1.0">
    <title>Create Listing</title>
</head>
<body>
    <h1>Create New Listing</h1>
    <form method="POST" action="/listing">
        <label for="name">Item Name:</label>
        <input type="text" id="name" name="name" required>
        <label for="description">Description:</label>
        <textarea id="description" name="description" required></textarea>
        <label for="price">Price:</label>
        <input type="number" id="price" name="price" step="0.01" required>
        <button type="submit">Create Listing</button>
    </form>
    <a href="/home">Back</a>
</body>
</html>

file name: users.txt

admin|pass123
user1|pass456

file name: items.txt

Vintage Clock|A beautiful vintage clock from the 1960s|50.00
Antique Vase|An exquisite vase from the Ming Dynasty|150.00


-----
# Format Example 
*** main.py
```python
...
```

*** ui.py
```python
...
```
-----
## coding sub-task
T1:|Implement user authentication.|Create User and UserManager classes, implement login and registration logic, and handle user data storage in users.txt.|[T0]|related files:[main.py]

## Documents Relevant to the sub-task
{
## Extracted Requirements for User Authentication Task

### General Overview
The task is to develop a comprehensive web application, 'OnlineVintageMarket', for buying and selling vintage items that utilizes Python and stores information in local text files, eliminating the need for SQL databases. Note that the website should start from the login page.

### Software Functional Requirements
1. Users shall be able to log in to their accounts on the Login Page.
2. Users shall be able to navigate to the Registration Page via the Register here link if they do not have an account.

### Core Features
- Users shall be able to log in to their accounts on the Login Page.
- Users shall be able to navigate to the Registration Page via the Register here link if they do not have an account.

### Data Storage
Data will be stored in local text files. Different types of data will be stored in separate `.txt` files. You should define the text file by yourself in advance. This structured data storage will facilitate easy data retrieval and management through simple file manipulations in Python, ensuring the application remains light and efficient without the need for a SQL database.
}
(End for Documents Relevant)

# Instruction: Based on the context, follow "Format example", write or revise code to complete task described in "coding sub-task".
## ATTENTION
1. Use '***' to SPLIT different CODE SECTIONS. do not forget ``` in each file, refer the the example. Output format carefully referenced "Format example".
2. Follow design: YOU MUST FOLLOW "Data structures and interfaces". DONT CHANGE ANY DESIGN. Do not use public member functions that do not exist in your design.
3. Follow task: YOU MUST write Comprehensive codes to complete the sub-task.
4. Understand "Documents Relevant to the sub-task": Use this document, along with the architecture and task plan, as guidelines to construct your code.
4. CAREFULLY CHECK THAT YOU DONT MISS ANY NECESSARY CLASS/FUNCTION IN THE FILE.
5. You must import the third-party libraries used in your code
6. If you import a Class, you must import it firstly.
7. Determine the order of writing the files based on your understanding of the project.
9. Write out EVERY CODE DETAIL, DON'T LEAVE TODO,PASS,PLACEHOLDER.
9. Only write code result, do not output any other content in the start or in the end.
10. If you need to generate text data, follow the rules outlined in "<When Storing Data>" below.
 <When storing data>:
Different groups of data are distinguished by line breaks.
Different contents of the same group of data are distinguished by |.
Within any single content that contains multiple sub-entries, those sub-entries are separated by commas ,.
Example:
admin1|pass123|entry1,entry2,entry3  
admin2|pass123|entry1
Make sure:
The | character is used only to separate distinct contents within a group.
Commas , are used exclusively to separate multiple sub-entries within a single content.

# Website Development Rule
If you are doing website development, be sure to route the root path (/). If there is a login page, set the login page as the root route(/).
If you are doing website development, please do not encrypt the account password for the login function.
If you are doing website development, your code needs to take into account the process of loading data from the data file, so don't forget to load the data.
If you are doing Website Development, do not follow the rules of Website and Game development.
# GUI tkinter Development Rule
If you are doing GUI tkinter Development, do not follow the rules of Website and Game development.
# Game Development Rule
If the software needs to load data, please make sure the loading data code matches the data format and data file.
If you are doing Game Development, do not follow the rules of Website and Game development.

# important rule
Use '***' to SPLIT CODE SECTIONS. do not forget ``` in each file, refer the the example. Output format carefully referenced "Format example". 
Adhere strictly to the task requirements and implement them fully; do not include placeholders or "example" for code that is intended for future implementation.

2025-01-01 Wednesday 12:00:35 _client.py : INFO  HTTP Request: POST https://api.chatanywhere.tech/chat/completions "HTTP/1.1 200 OK"
2025-01-01 Wednesday 12:00:35 model.py : INFO  following invoke cost: 5389 | all cost: 16590
2025-01-01 Wednesday 12:00:35 programmer.py : INFO  
*** main.py
```python
from flask import Flask, render_template, request, redirect, url_for, session
from user_manager import UserManager
from item_manager import ItemManager

app = Flask(__name__)
app.secret_key = 'your_secret_key'  # Change this to a random secret key

user_manager = UserManager()
item_manager = ItemManager()

@app.route('/')
def login():
    return render_template('login.html')

@app.route('/register', methods=['GET', 'POST'])
def register():
    if request.method == 'POST':
        username = request.form['username']
        password = request.form['password']
        user_manager.add_user(username, password)
        return redirect(url_for('login'))
    return render_template('register.html')

@app.route('/home')
def home():
    items = item_manager.load_items()
    return render_template('home.html', items=items)

@app.route('/item/<int:item_id>')
def item_details(item_id):
    item = item_manager.get_item(item_id)
    return render_template('item_details.html', item=item)

@app.route('/listing', methods=['GET', 'POST'])
def listing():
    if request.method == 'POST':
        name = request.form['name']
        description = request.form['description']
        price = float(request.form['price'])
        item_manager.add_item(name, description, price)
        return redirect(url_for('home'))
    return render_template('listing.html')

if __name__ == '__main__':
    user_manager.load_users()
    item_manager.load_items()
    app.run(debug=True)
```

*** user_manager.py
```python
class User:
    def __init__(self, username: str, password: str):
        self.username = username
        self.password = password

    def save(self) -> None:
        with open('users.txt', 'a') as f:
            f.write(f"{self.username}|{self.password}\n")

class UserManager:
    def __init__(self):
        self.users = []

    def load_users(self) -> None:
        try:
            with open('users.txt', 'r') as f:
                for line in f:
                    username, password = line.strip().split('|')
                    self.users.append(User(username, password))
        except FileNotFoundError:
            pass

    def add_user(self, username: str, password: str) -> None:
        new_user = User(username, password)
        new_user.save()
        self.users.append(new_user)

    def authenticate(self, username: str, password: str) -> bool:
        for user in self.users:
            if user.username == username and user.password == password:
                return True
        return False
```

*** item_manager.py
```python
class Item:
    def __init__(self, name: str, description: str, price: float):
        self.name = name
        self.description = description
        self.price = price

    def save(self) -> None:
        with open('items.txt', 'a') as f:
            f.write(f"{self.name}|{self.description}|{self.price}\n")

class ItemManager:
    def __init__(self):
        self.items = []

    def load_items(self) -> None:
        try:
            with open('items.txt', 'r') as f:
                for line in f:
                    name, description, price = line.strip().split('|')
                    self.items.append(Item(name, description, float(price)))
        except FileNotFoundError:
            pass

    def add_item(self, name: str, description: str, price: float) -> None:
        new_item = Item(name, description, price)
        new_item.save()
        self.items.append(new_item)

    def get_item(self, item_id: int) -> Item:
        return self.items[item_id] if 0 <= item_id < len(self.items) else None
```

*** templates/login.html
```html
<!DOCTYPE html>
<html lang="en">
<head>
    <meta charset="UTF-8">
    <meta name="viewport" content="width=device-width, initial-scale=1.0">
    <title>Login</title>
</head>
<body>
    <h1>Login</h1>
    <form method="POST" action="/login">
        <label for="username">Username:</label>
        <input type="text" id="username" name="username" required>
        <label for="password">Password:</label>
        <input type="password" id="password" name="password" required>
        <button type="submit">Login</button>
    </form>
    <a href="/register">Register here</a>
</body>
</html>
```

*** templates/register.html
```html
<!DOCTYPE html>
<html lang="en">
<head>
    <meta charset="UTF-8">
    <meta name="viewport" content="width=device-width, initial-scale=1.0">
    <title>Register</title>
</head>
<body>
    <h1>Register</h1>
    <form method="POST" action="/register">
        <label for="username">Username:</label>
        <input type="text" id="username" name="username" required>
        <label for="password">Password:</label>
        <input type="password" id="password" name="password" required>
        <button type="submit">Register</button>
    </form>
</body>
</html>
```

*** templates/home.html
```html
<!DOCTYPE html>
<html lang="en">
<head>
    <meta charset="UTF-8">
    <meta name="viewport" content="width=device-width, initial-scale=1.0">
    <title>Home</title>
</head>
<body>
    <h1>Available Vintage Items</h1>
    <ul>
        {% for item in items %}
            <li>
                <a href="{{ url_for('item_details', item_id=loop.index0) }}">{{ item.name }}</a>
            </li>
        {% endfor %}
    </ul>
    <a href="/listing">Create New Listing</a>
</body>
</html>
```

*** templates/item_details.html
```html
<!DOCTYPE html>
<html lang="en">
<head>
    <meta charset="UTF-8">
    <meta name="viewport" content="width=device-width, initial-scale=1.0">
    <title>Item Details</title>
</head>
<body>
    <h1>{{ item.name }}</h1>
    <p>Description: {{ item.description }}</p>
    <p>Price: ${{ item.price }}</p>
    <a href="/home">Back</a>
</body>
</html>
```

*** templates/listing.html
```html
<!DOCTYPE html>
<html lang="en">
<head>
    <meta charset="UTF-8">
    <meta name="viewport" content="width=device-width, initial-scale=1.0">
    <title>Create Listing</title>
</head>
<body>
    <h1>Create New Listing</h1>
    <form method="POST" action="/listing">
        <label for="name">Item Name:</label>
        <input type="text" id="name" name="name" required>
        <label for="description">Description:</label>
        <textarea id="description" name="description" required></textarea>
        <label for="price">Price:</label>
        <input type="number" id="price" name="price" step="0.01" required>
        <button type="submit">Create Listing</button>
    </form>
    <a href="/home">Back</a>
</body>
</html>
```

*** users.txt
```
admin|pass123
user1|pass456
```

*** items.txt
```
Vintage Clock|A beautiful vintage clock from the 1960s|50.00
Antique Vase|An exquisite vase from the Ming Dynasty|150.00
```
2025-01-01 Wednesday 12:00:35 programmer.py : INFO  **[Update Codes]**

main.py updated.


```
'''

'''

```
2025-01-01 Wednesday 12:00:35 programmer.py : INFO  **[Update Codes]**

user_manager.py updated.


```
'''

'''

```
2025-01-01 Wednesday 12:00:35 programmer.py : INFO  **[Update Codes]**

item_manager.py updated.


```
'''

'''

```
2025-01-01 Wednesday 12:00:35 programmer.py : INFO  **[Update Codes]**

templates/login.html updated.


```
'''

'''

```
2025-01-01 Wednesday 12:00:35 programmer.py : INFO  **[Update Codes]**

templates/register.html updated.


```
'''

'''

```
2025-01-01 Wednesday 12:00:35 programmer.py : INFO  **[Update Codes]**

templates/home.html updated.


```
'''

'''

```
2025-01-01 Wednesday 12:00:35 programmer.py : INFO  **[Update Codes]**

templates/item_details.html updated.


```
'''

'''

```
2025-01-01 Wednesday 12:00:35 programmer.py : INFO  **[Update Codes]**

templates/listing.html updated.


```
'''

'''

```
2025-01-01 Wednesday 12:00:35 programmer.py : INFO  **[Update Codes]**

users.txt updated.


```
'''

'''

```
2025-01-01 Wednesday 12:00:35 programmer.py : INFO  **[Update Codes]**

items.txt updated.


```
'''

'''

```
2025-01-01 Wednesday 12:00:35 searcher.py : INFO  
You are an excellent software task-oriented analyst. Your task is to accurately extract and compile all relevant sections from the requirements document and user demands that are directly related to a given task description, and present them in a concise and well-organized document.


## This is the PRD you can retrieve, which contains functional requirements for the system:
[OUTPUT] ## general overview of the project The task is to develop a comprehensive web application, 'OnlineVintageMarket', for buying and selling vintage items that utilizes Python and stores information in local text files, eliminating the need for SQL databases. Note that the website should start from the login page. ## software functional requirements 1. Users shall be able to log in to their accounts on the Login Page. 2. Users shall be able to navigate to the Registration Page via the Register here link if they do not have an account. 3. Users shall be able to view available vintage items on the Home Page. 4. Users shall be able to search for specific vintage items by name using the search bar on the Home Page. 5. Users shall be able to view details of a selected item by clicking the "Item Details" button on the Home Page. 6. Users shall be able to create a new listing for vintage items by navigating to the Listing Page and entering the item name, description, and price. 7. Users shall be able to submit their item listings through the "Submit Listing" button on the Listing Page. 8. Users shall be able to view detailed information about a vintage item, including its title, description, and price, on the Item Details Page. 9. Users shall be able to navigate back to the Home Page from the Item Details Page using the "Back" button. [/OUTPUT]

## This is the user's original demand, which includes not only functional requirements but also other special requirements.
# Software Description

## Objective
The task is to develop a comprehensive web application, 'OnlineVintageMarket', for buying and selling vintage items that utilizes Python and stores information in local text files, eliminating the need for SQL databases. Note that the website should start from the login page.


## Core Features
Users shall be able to log in to their accounts on the Login Page.
Users shall be able to navigate to the Registration Page via the Register here link if they do not have an account.
Users shall be able to view available vintage items on the Home Page.
Users shall be able to search for specific vintage items by name using the search bar on the Home Page.
Users shall be able to view details of a selected item by clicking the "Item Details" button on the Home Page.
Users shall be able to create a new listing for vintage items by navigating to the Listing Page and entering the item name, description, and price.
Users shall be able to submit their item listings through the "Submit Listing" button on the Listing Page.
Users shall be able to view detailed information about a vintage item, including its title, description, and price, on the Item Details Page.
Users shall be able to navigate back to the Home Page from the Item Details Page using the "Back" button.

## Language

Use html and python to develop a web application.
You should use html to generate the web template by yourself.
## Data Storage
Data will be stored in local text files.
Different types of data will be stored in separate `.txt` files.
You should define the text file by yourself in advance.
This structured data storage will facilitate easy data retrieval and management through simple file manipulations in Python, ensuring the application remains light and efficient without the need for a SQL database.


## now, you get one following specific task:
|Create HTML templates for user interface.|Develop login.html, register.html, home.html, item_details.html, and listing.html templates for the application.|[T0]|related files:[templates/login.html, templates/register.html, templates/home.html, templates/item_details.html, templates/listing.html]

## Action
You should extract the sections directly related to the specific task described above from the two documents.
After extraction, integrate the relevant sections into a single output, ensuring duplicate content is removed.

Key Points:
The extracted content must remain unaltered. Do not modify any part of the retrieved sections.
Include only the necessary sections. Exclude any content you are certain is irrelevant to the current task.
Aim for conciseness: less is better.

2025-01-01 Wednesday 12:00:37 _client.py : INFO  HTTP Request: POST https://api.chatanywhere.tech/chat/completions "HTTP/1.1 200 OK"
2025-01-01 Wednesday 12:00:37 model.py : INFO  following invoke cost: 1246 | all cost: 17836
2025-01-01 Wednesday 12:00:37 searcher.py : INFO  retrievaled reslt is: 
# Extracted Requirements for HTML Templates Creation

## General Overview
The task is to develop a comprehensive web application, 'OnlineVintageMarket', for buying and selling vintage items that utilizes Python and stores information in local text files, eliminating the need for SQL databases. Note that the website should start from the login page.

## Software Functional Requirements
1. Users shall be able to log in to their accounts on the Login Page.
2. Users shall be able to navigate to the Registration Page via the Register here link if they do not have an account.
3. Users shall be able to view available vintage items on the Home Page.
4. Users shall be able to search for specific vintage items by name using the search bar on the Home Page.
5. Users shall be able to view details of a selected item by clicking the "Item Details" button on the Home Page.
6. Users shall be able to create a new listing for vintage items by navigating to the Listing Page and entering the item name, description, and price.
7. Users shall be able to submit their item listings through the "Submit Listing" button on the Listing Page.
8. Users shall be able to view detailed information about a vintage item, including its title, description, and price, on the Item Details Page.
9. Users shall be able to navigate back to the Home Page from the Item Details Page using the "Back" button.

## Language
Use HTML and Python to develop a web application. You should use HTML to generate the web template by yourself.

## Related Files
- templates/login.html
- templates/register.html
- templates/home.html
- templates/item_details.html
- templates/listing.html
2025-01-01 Wednesday 12:00:37 programmer.py : INFO  
You are a professional engineer; the main goal is to write google-style, elegant, modular, easy to read and maintain code.
Output format carefully referenced "Format example".
In addition to writing code, you may also need to complete the data files in the task list (such as .txt .json .csv files). If the task list requires the implementation of data files, you need to simply design some data that meets the requirements for your completed software to facilitate the startup and testing of the software as a demo.


# Context
## Design
[CONTENT] "Implementation approach": "We will use Flask as the web framework to create the web application. Flask is lightweight and suitable for building simple web applications. For the front-end, we will use HTML to create the necessary templates. The application will handle user authentication, item listings, and data storage using local text files.", "UI design":"- The application will have a Login Page for user authentication with fields for username and password. - A Registration Page will allow new users to create an account. - The Home Page will display available vintage items with a search bar. - An Item Details Page will show detailed information about a selected item. - A Listing Page will allow users to create new item listings with fields for item name, description, and price.", "Data Storage":"Data will be stored in local text files. Different types of data will be stored in separate `.txt` files. The following files will be used: `users.txt` for user data, `items.txt` for vintage item listings.", "File list": ["main.py", "templates/login.html", "templates/register.html", "templates/home.html", "templates/item_details.html", "templates/listing.html", "users.txt", "items.txt"], "Data structures and interfaces": " classDiagram     class User {         -username: str         -password: str         +__init__(username: str, password: str)         +save() -> None     }     class Item {         -name: str         -description: str         -price: float         +__init__(name: str, description: str, price: float)         +save() -> None     }     class UserManager {         -users: list[User]         +load_users() -> None         +add_user(user: User) -> None         +authenticate(username: str, password: str) -> bool     }     class ItemManager {         -items: list[Item]         +load_items() -> None         +add_item(item: Item) -> None         +search_items(query: str) -> list[Item]     }     class App {         +run() -> None         +login() -> None         +register() -> None         +home() -> None         +item_details(item_id: int) -> None         +listing() -> None     }     UserManager --> User     ItemManager --> Item     App --> UserManager     App --> ItemManager ", [/CONTENT]
## Whole Task Plan
{'Required packages': ['flask==1.1.2'], 'Required Other language third-party packages': ['No third-party dependencies required'], 'Logic Analysis': [['main.py', 'The main file of the application, responsible for initializing the Flask app and routing. Contains the App class and methods for login, registration, home, item details, and listing.'], ['templates/login.html', 'HTML template for the Login Page, includes form for username and password.'], ['templates/register.html', 'HTML template for the Registration Page, includes form for new user registration.'], ['templates/home.html', 'HTML template for the Home Page, displays available vintage items and includes a search bar.'], ['templates/item_details.html', 'HTML template for the Item Details Page, shows detailed information about a selected item.'], ['templates/listing.html', 'HTML template for the Listing Page, allows users to create new item listings.']], 'Task list': {'T0': '|Set up Flask application and routing.|Initialize Flask app in main.py, set up routes for login, registration, home, item details, and listing.|[]|related files:["main.py"]', 'T1': '|Implement user authentication.|Create User and UserManager classes, implement login and registration logic, and handle user data storage in users.txt.|[T0]|related files:[main.py]', 'T2': '|Create HTML templates for user interface.|Develop login.html, register.html, home.html, item_details.html, and listing.html templates for the application.|[T0]|related files:[templates/login.html, templates/register.html, templates/home.html, templates/item_details.html, templates/listing.html]', 'T3': '|Implement item management functionality.|Create Item and ItemManager classes, implement item listing, searching, and storage in items.txt.|[T0]|related files:[main.py]', 'T4': '|Develop Home Page functionality.|Implement logic to display available vintage items and search functionality on the Home Page.|[T1, T3]|related files:[main.py]', 'T5': '|Implement Item Details Page functionality.|Create logic to display detailed information about a selected item from the Home Page.|[T4]|related files:[main.py]', 'T6': 'Develop some features for a page where users can share items, allowing them to input information and post it somehow.'}, 'Full API spec': '', 'Shared Knowledge': '`main.py` contains the main application logic and routing for the web application.'}

## files(already available)
file name: main.py

from flask import Flask, render_template, request, redirect, url_for, session
from user_manager import UserManager
from item_manager import ItemManager

app = Flask(__name__)
app.secret_key = 'your_secret_key'  # Change this to a random secret key

user_manager = UserManager()
item_manager = ItemManager()

@app.route('/')
def login():
    return render_template('login.html')

@app.route('/register', methods=['GET', 'POST'])
def register():
    if request.method == 'POST':
        username = request.form['username']
        password = request.form['password']
        user_manager.add_user(username, password)
        return redirect(url_for('login'))
    return render_template('register.html')

@app.route('/home')
def home():
    items = item_manager.load_items()
    return render_template('home.html', items=items)

@app.route('/item/<int:item_id>')
def item_details(item_id):
    item = item_manager.get_item(item_id)
    return render_template('item_details.html', item=item)

@app.route('/listing', methods=['GET', 'POST'])
def listing():
    if request.method == 'POST':
        name = request.form['name']
        description = request.form['description']
        price = float(request.form['price'])
        item_manager.add_item(name, description, price)
        return redirect(url_for('home'))
    return render_template('listing.html')

if __name__ == '__main__':
    user_manager.load_users()
    item_manager.load_items()
    app.run(debug=True)

file name: user_manager.py

class User:
    def __init__(self, username: str, password: str):
        self.username = username
        self.password = password

    def save(self) -> None:
        with open('users.txt', 'a') as f:
            f.write(f"{self.username}|{self.password}\n")

class UserManager:
    def __init__(self):
        self.users = []

    def load_users(self) -> None:
        try:
            with open('users.txt', 'r') as f:
                for line in f:
                    username, password = line.strip().split('|')
                    self.users.append(User(username, password))
        except FileNotFoundError:
            pass

    def add_user(self, username: str, password: str) -> None:
        new_user = User(username, password)
        new_user.save()
        self.users.append(new_user)

    def authenticate(self, username: str, password: str) -> bool:
        for user in self.users:
            if user.username == username and user.password == password:
                return True
        return False

file name: item_manager.py

class Item:
    def __init__(self, name: str, description: str, price: float):
        self.name = name
        self.description = description
        self.price = price

    def save(self) -> None:
        with open('items.txt', 'a') as f:
            f.write(f"{self.name}|{self.description}|{self.price}\n")

class ItemManager:
    def __init__(self):
        self.items = []

    def load_items(self) -> None:
        try:
            with open('items.txt', 'r') as f:
                for line in f:
                    name, description, price = line.strip().split('|')
                    self.items.append(Item(name, description, float(price)))
        except FileNotFoundError:
            pass

    def add_item(self, name: str, description: str, price: float) -> None:
        new_item = Item(name, description, price)
        new_item.save()
        self.items.append(new_item)

    def get_item(self, item_id: int) -> Item:
        return self.items[item_id] if 0 <= item_id < len(self.items) else None

file name: templates/login.html

<!DOCTYPE html>
<html lang="en">
<head>
    <meta charset="UTF-8">
    <meta name="viewport" content="width=device-width, initial-scale=1.0">
    <title>Login</title>
</head>
<body>
    <h1>Login</h1>
    <form method="POST" action="/login">
        <label for="username">Username:</label>
        <input type="text" id="username" name="username" required>
        <label for="password">Password:</label>
        <input type="password" id="password" name="password" required>
        <button type="submit">Login</button>
    </form>
    <a href="/register">Register here</a>
</body>
</html>

file name: templates/register.html

<!DOCTYPE html>
<html lang="en">
<head>
    <meta charset="UTF-8">
    <meta name="viewport" content="width=device-width, initial-scale=1.0">
    <title>Register</title>
</head>
<body>
    <h1>Register</h1>
    <form method="POST" action="/register">
        <label for="username">Username:</label>
        <input type="text" id="username" name="username" required>
        <label for="password">Password:</label>
        <input type="password" id="password" name="password" required>
        <button type="submit">Register</button>
    </form>
</body>
</html>

file name: templates/home.html

<!DOCTYPE html>
<html lang="en">
<head>
    <meta charset="UTF-8">
    <meta name="viewport" content="width=device-width, initial-scale=1.0">
    <title>Home</title>
</head>
<body>
    <h1>Available Vintage Items</h1>
    <ul>
        {% for item in items %}
            <li>
                <a href="{{ url_for('item_details', item_id=loop.index0) }}">{{ item.name }}</a>
            </li>
        {% endfor %}
    </ul>
    <a href="/listing">Create New Listing</a>
</body>
</html>

file name: templates/item_details.html

<!DOCTYPE html>
<html lang="en">
<head>
    <meta charset="UTF-8">
    <meta name="viewport" content="width=device-width, initial-scale=1.0">
    <title>Item Details</title>
</head>
<body>
    <h1>{{ item.name }}</h1>
    <p>Description: {{ item.description }}</p>
    <p>Price: ${{ item.price }}</p>
    <a href="/home">Back</a>
</body>
</html>

file name: templates/listing.html

<!DOCTYPE html>
<html lang="en">
<head>
    <meta charset="UTF-8">
    <meta name="viewport" content="width=device-width, initial-scale=1.0">
    <title>Create Listing</title>
</head>
<body>
    <h1>Create New Listing</h1>
    <form method="POST" action="/listing">
        <label for="name">Item Name:</label>
        <input type="text" id="name" name="name" required>
        <label for="description">Description:</label>
        <textarea id="description" name="description" required></textarea>
        <label for="price">Price:</label>
        <input type="number" id="price" name="price" step="0.01" required>
        <button type="submit">Create Listing</button>
    </form>
    <a href="/home">Back</a>
</body>
</html>

file name: users.txt

admin|pass123
user1|pass456

file name: items.txt

Vintage Clock|A beautiful vintage clock from the 1960s|50.00
Antique Vase|An exquisite vase from the Ming Dynasty|150.00


-----
# Format Example 
*** main.py
```python
...
```

*** ui.py
```python
...
```
-----
## coding sub-task
T2:|Create HTML templates for user interface.|Develop login.html, register.html, home.html, item_details.html, and listing.html templates for the application.|[T0]|related files:[templates/login.html, templates/register.html, templates/home.html, templates/item_details.html, templates/listing.html]

## Documents Relevant to the sub-task
{
# Extracted Requirements for HTML Templates Creation

## General Overview
The task is to develop a comprehensive web application, 'OnlineVintageMarket', for buying and selling vintage items that utilizes Python and stores information in local text files, eliminating the need for SQL databases. Note that the website should start from the login page.

## Software Functional Requirements
1. Users shall be able to log in to their accounts on the Login Page.
2. Users shall be able to navigate to the Registration Page via the Register here link if they do not have an account.
3. Users shall be able to view available vintage items on the Home Page.
4. Users shall be able to search for specific vintage items by name using the search bar on the Home Page.
5. Users shall be able to view details of a selected item by clicking the "Item Details" button on the Home Page.
6. Users shall be able to create a new listing for vintage items by navigating to the Listing Page and entering the item name, description, and price.
7. Users shall be able to submit their item listings through the "Submit Listing" button on the Listing Page.
8. Users shall be able to view detailed information about a vintage item, including its title, description, and price, on the Item Details Page.
9. Users shall be able to navigate back to the Home Page from the Item Details Page using the "Back" button.

## Language
Use HTML and Python to develop a web application. You should use HTML to generate the web template by yourself.

## Related Files
- templates/login.html
- templates/register.html
- templates/home.html
- templates/item_details.html
- templates/listing.html
}
(End for Documents Relevant)

# Instruction: Based on the context, follow "Format example", write or revise code to complete task described in "coding sub-task".
## ATTENTION
1. Use '***' to SPLIT different CODE SECTIONS. do not forget ``` in each file, refer the the example. Output format carefully referenced "Format example".
2. Follow design: YOU MUST FOLLOW "Data structures and interfaces". DONT CHANGE ANY DESIGN. Do not use public member functions that do not exist in your design.
3. Follow task: YOU MUST write Comprehensive codes to complete the sub-task.
4. Understand "Documents Relevant to the sub-task": Use this document, along with the architecture and task plan, as guidelines to construct your code.
4. CAREFULLY CHECK THAT YOU DONT MISS ANY NECESSARY CLASS/FUNCTION IN THE FILE.
5. You must import the third-party libraries used in your code
6. If you import a Class, you must import it firstly.
7. Determine the order of writing the files based on your understanding of the project.
9. Write out EVERY CODE DETAIL, DON'T LEAVE TODO,PASS,PLACEHOLDER.
9. Only write code result, do not output any other content in the start or in the end.
10. If you need to generate text data, follow the rules outlined in "<When Storing Data>" below.
 <When storing data>:
Different groups of data are distinguished by line breaks.
Different contents of the same group of data are distinguished by |.
Within any single content that contains multiple sub-entries, those sub-entries are separated by commas ,.
Example:
admin1|pass123|entry1,entry2,entry3  
admin2|pass123|entry1
Make sure:
The | character is used only to separate distinct contents within a group.
Commas , are used exclusively to separate multiple sub-entries within a single content.

# Website Development Rule
If you are doing website development, be sure to route the root path (/). If there is a login page, set the login page as the root route(/).
If you are doing website development, please do not encrypt the account password for the login function.
If you are doing website development, your code needs to take into account the process of loading data from the data file, so don't forget to load the data.
If you are doing Website Development, do not follow the rules of Website and Game development.
# GUI tkinter Development Rule
If you are doing GUI tkinter Development, do not follow the rules of Website and Game development.
# Game Development Rule
If the software needs to load data, please make sure the loading data code matches the data format and data file.
If you are doing Game Development, do not follow the rules of Website and Game development.

# important rule
Use '***' to SPLIT CODE SECTIONS. do not forget ``` in each file, refer the the example. Output format carefully referenced "Format example". 
Adhere strictly to the task requirements and implement them fully; do not include placeholders or "example" for code that is intended for future implementation.

2025-01-01 Wednesday 12:00:49 _client.py : INFO  HTTP Request: POST https://api.chatanywhere.tech/chat/completions "HTTP/1.1 200 OK"
2025-01-01 Wednesday 12:00:49 model.py : INFO  following invoke cost: 5525 | all cost: 23361
2025-01-01 Wednesday 12:00:49 programmer.py : INFO  
*** main.py
```python
from flask import Flask, render_template, request, redirect, url_for, session
from user_manager import UserManager
from item_manager import ItemManager

app = Flask(__name__)
app.secret_key = 'your_secret_key'  # Change this to a random secret key

user_manager = UserManager()
item_manager = ItemManager()

@app.route('/')
def login():
    return render_template('login.html')

@app.route('/register', methods=['GET', 'POST'])
def register():
    if request.method == 'POST':
        username = request.form['username']
        password = request.form['password']
        user_manager.add_user(username, password)
        return redirect(url_for('login'))
    return render_template('register.html')

@app.route('/home')
def home():
    items = item_manager.load_items()
    return render_template('home.html', items=items)

@app.route('/item/<int:item_id>')
def item_details(item_id):
    item = item_manager.get_item(item_id)
    return render_template('item_details.html', item=item)

@app.route('/listing', methods=['GET', 'POST'])
def listing():
    if request.method == 'POST':
        name = request.form['name']
        description = request.form['description']
        price = float(request.form['price'])
        item_manager.add_item(name, description, price)
        return redirect(url_for('home'))
    return render_template('listing.html')

if __name__ == '__main__':
    user_manager.load_users()
    item_manager.load_items()
    app.run(debug=True)
```

*** user_manager.py
```python
class User:
    def __init__(self, username: str, password: str):
        self.username = username
        self.password = password

    def save(self) -> None:
        with open('users.txt', 'a') as f:
            f.write(f"{self.username}|{self.password}\n")

class UserManager:
    def __init__(self):
        self.users = []

    def load_users(self) -> None:
        try:
            with open('users.txt', 'r') as f:
                for line in f:
                    username, password = line.strip().split('|')
                    self.users.append(User(username, password))
        except FileNotFoundError:
            pass

    def add_user(self, username: str, password: str) -> None:
        new_user = User(username, password)
        new_user.save()
        self.users.append(new_user)

    def authenticate(self, username: str, password: str) -> bool:
        for user in self.users:
            if user.username == username and user.password == password:
                return True
        return False
```

*** item_manager.py
```python
class Item:
    def __init__(self, name: str, description: str, price: float):
        self.name = name
        self.description = description
        self.price = price

    def save(self) -> None:
        with open('items.txt', 'a') as f:
            f.write(f"{self.name}|{self.description}|{self.price}\n")

class ItemManager:
    def __init__(self):
        self.items = []

    def load_items(self) -> None:
        try:
            with open('items.txt', 'r') as f:
                for line in f:
                    name, description, price = line.strip().split('|')
                    self.items.append(Item(name, description, float(price)))
        except FileNotFoundError:
            pass

    def add_item(self, name: str, description: str, price: float) -> None:
        new_item = Item(name, description, price)
        new_item.save()
        self.items.append(new_item)

    def get_item(self, item_id: int) -> Item:
        return self.items[item_id] if 0 <= item_id < len(self.items) else None
```

*** templates/login.html
```html
<!DOCTYPE html>
<html lang="en">
<head>
    <meta charset="UTF-8">
    <meta name="viewport" content="width=device-width, initial-scale=1.0">
    <title>Login</title>
</head>
<body>
    <h1>Login</h1>
    <form method="POST" action="/login">
        <label for="username">Username:</label>
        <input type="text" id="username" name="username" required>
        <label for="password">Password:</label>
        <input type="password" id="password" name="password" required>
        <button type="submit">Login</button>
    </form>
    <a href="/register">Register here</a>
</body>
</html>
```

*** templates/register.html
```html
<!DOCTYPE html>
<html lang="en">
<head>
    <meta charset="UTF-8">
    <meta name="viewport" content="width=device-width, initial-scale=1.0">
    <title>Register</title>
</head>
<body>
    <h1>Register</h1>
    <form method="POST" action="/register">
        <label for="username">Username:</label>
        <input type="text" id="username" name="username" required>
        <label for="password">Password:</label>
        <input type="password" id="password" name="password" required>
        <button type="submit">Register</button>
    </form>
</body>
</html>
```

*** templates/home.html
```html
<!DOCTYPE html>
<html lang="en">
<head>
    <meta charset="UTF-8">
    <meta name="viewport" content="width=device-width, initial-scale=1.0">
    <title>Home</title>
</head>
<body>
    <h1>Available Vintage Items</h1>
    <ul>
        {% for item in items %}
            <li>
                <a href="{{ url_for('item_details', item_id=loop.index0) }}">{{ item.name }}</a>
            </li>
        {% endfor %}
    </ul>
    <a href="/listing">Create New Listing</a>
</body>
</html>
```

*** templates/item_details.html
```html
<!DOCTYPE html>
<html lang="en">
<head>
    <meta charset="UTF-8">
    <meta name="viewport" content="width=device-width, initial-scale=1.0">
    <title>Item Details</title>
</head>
<body>
    <h1>{{ item.name }}</h1>
    <p>Description: {{ item.description }}</p>
    <p>Price: ${{ item.price }}</p>
    <a href="/home">Back</a>
</body>
</html>
```

*** templates/listing.html
```html
<!DOCTYPE html>
<html lang="en">
<head>
    <meta charset="UTF-8">
    <meta name="viewport" content="width=device-width, initial-scale=1.0">
    <title>Create Listing</title>
</head>
<body>
    <h1>Create New Listing</h1>
    <form method="POST" action="/listing">
        <label for="name">Item Name:</label>
        <input type="text" id="name" name="name" required>
        <label for="description">Description:</label>
        <textarea id="description" name="description" required></textarea>
        <label for="price">Price:</label>
        <input type="number" id="price" name="price" step="0.01" required>
        <button type="submit">Create Listing</button>
    </form>
    <a href="/home">Back</a>
</body>
</html>
```

*** users.txt
```
admin|pass123
user1|pass456
```

*** items.txt
```
Vintage Clock|A beautiful vintage clock from the 1960s|50.00
Antique Vase|An exquisite vase from the Ming Dynasty|150.00
```
2025-01-01 Wednesday 12:00:49 programmer.py : INFO  **[Update Codes]**

main.py updated.


```
'''

'''

```
2025-01-01 Wednesday 12:00:49 programmer.py : INFO  **[Update Codes]**

user_manager.py updated.


```
'''

'''

```
2025-01-01 Wednesday 12:00:49 programmer.py : INFO  **[Update Codes]**

item_manager.py updated.


```
'''

'''

```
2025-01-01 Wednesday 12:00:49 programmer.py : INFO  **[Update Codes]**

templates/login.html updated.


```
'''

'''

```
2025-01-01 Wednesday 12:00:49 programmer.py : INFO  **[Update Codes]**

templates/register.html updated.


```
'''

'''

```
2025-01-01 Wednesday 12:00:49 programmer.py : INFO  **[Update Codes]**

templates/home.html updated.


```
'''

'''

```
2025-01-01 Wednesday 12:00:49 programmer.py : INFO  **[Update Codes]**

templates/item_details.html updated.


```
'''

'''

```
2025-01-01 Wednesday 12:00:49 programmer.py : INFO  **[Update Codes]**

templates/listing.html updated.


```
'''

'''

```
2025-01-01 Wednesday 12:00:49 programmer.py : INFO  **[Update Codes]**

users.txt updated.


```
'''

'''

```
2025-01-01 Wednesday 12:00:49 programmer.py : INFO  **[Update Codes]**

items.txt updated.


```
'''

'''

```
2025-01-01 Wednesday 12:00:49 searcher.py : INFO  
You are an excellent software task-oriented analyst. Your task is to accurately extract and compile all relevant sections from the requirements document and user demands that are directly related to a given task description, and present them in a concise and well-organized document.


## This is the PRD you can retrieve, which contains functional requirements for the system:
[OUTPUT] ## general overview of the project The task is to develop a comprehensive web application, 'OnlineVintageMarket', for buying and selling vintage items that utilizes Python and stores information in local text files, eliminating the need for SQL databases. Note that the website should start from the login page. ## software functional requirements 1. Users shall be able to log in to their accounts on the Login Page. 2. Users shall be able to navigate to the Registration Page via the Register here link if they do not have an account. 3. Users shall be able to view available vintage items on the Home Page. 4. Users shall be able to search for specific vintage items by name using the search bar on the Home Page. 5. Users shall be able to view details of a selected item by clicking the "Item Details" button on the Home Page. 6. Users shall be able to create a new listing for vintage items by navigating to the Listing Page and entering the item name, description, and price. 7. Users shall be able to submit their item listings through the "Submit Listing" button on the Listing Page. 8. Users shall be able to view detailed information about a vintage item, including its title, description, and price, on the Item Details Page. 9. Users shall be able to navigate back to the Home Page from the Item Details Page using the "Back" button. [/OUTPUT]

## This is the user's original demand, which includes not only functional requirements but also other special requirements.
# Software Description

## Objective
The task is to develop a comprehensive web application, 'OnlineVintageMarket', for buying and selling vintage items that utilizes Python and stores information in local text files, eliminating the need for SQL databases. Note that the website should start from the login page.


## Core Features
Users shall be able to log in to their accounts on the Login Page.
Users shall be able to navigate to the Registration Page via the Register here link if they do not have an account.
Users shall be able to view available vintage items on the Home Page.
Users shall be able to search for specific vintage items by name using the search bar on the Home Page.
Users shall be able to view details of a selected item by clicking the "Item Details" button on the Home Page.
Users shall be able to create a new listing for vintage items by navigating to the Listing Page and entering the item name, description, and price.
Users shall be able to submit their item listings through the "Submit Listing" button on the Listing Page.
Users shall be able to view detailed information about a vintage item, including its title, description, and price, on the Item Details Page.
Users shall be able to navigate back to the Home Page from the Item Details Page using the "Back" button.

## Language

Use html and python to develop a web application.
You should use html to generate the web template by yourself.
## Data Storage
Data will be stored in local text files.
Different types of data will be stored in separate `.txt` files.
You should define the text file by yourself in advance.
This structured data storage will facilitate easy data retrieval and management through simple file manipulations in Python, ensuring the application remains light and efficient without the need for a SQL database.


## now, you get one following specific task:
|Implement item management functionality.|Create Item and ItemManager classes, implement item listing, searching, and storage in items.txt.|[T0]|related files:[main.py]

## Action
You should extract the sections directly related to the specific task described above from the two documents.
After extraction, integrate the relevant sections into a single output, ensuring duplicate content is removed.

Key Points:
The extracted content must remain unaltered. Do not modify any part of the retrieved sections.
Include only the necessary sections. Exclude any content you are certain is irrelevant to the current task.
Aim for conciseness: less is better.

2025-01-01 Wednesday 12:00:52 _client.py : INFO  HTTP Request: POST https://api.chatanywhere.tech/chat/completions "HTTP/1.1 200 OK"
2025-01-01 Wednesday 12:00:52 model.py : INFO  following invoke cost: 1233 | all cost: 24594
2025-01-01 Wednesday 12:00:52 searcher.py : INFO  retrievaled reslt is: 
## Extracted Relevant Sections for Item Management Functionality

### General Overview
The task is to develop a comprehensive web application, 'OnlineVintageMarket', for buying and selling vintage items that utilizes Python and stores information in local text files, eliminating the need for SQL databases. Note that the website should start from the login page.

### Software Functional Requirements
1. Users shall be able to create a new listing for vintage items by navigating to the Listing Page and entering the item name, description, and price.
2. Users shall be able to submit their item listings through the "Submit Listing" button on the Listing Page.
3. Users shall be able to search for specific vintage items by name using the search bar on the Home Page.
4. Users shall be able to view details of a selected item by clicking the "Item Details" button on the Home Page.
5. Users shall be able to view detailed information about a vintage item, including its title, description, and price, on the Item Details Page.

### Data Storage
Data will be stored in local text files. Different types of data will be stored in separate `.txt` files. You should define the text file by yourself in advance. This structured data storage will facilitate easy data retrieval and management through simple file manipulations in Python, ensuring the application remains light and efficient without the need for a SQL database.

### Core Features
Users shall be able to create a new listing for vintage items by navigating to the Listing Page and entering the item name, description, and price. Users shall be able to submit their item listings through the "Submit Listing" button on the Listing Page. Users shall be able to search for specific vintage items by name using the search bar on the Home Page.
2025-01-01 Wednesday 12:00:52 programmer.py : INFO  
You are a professional engineer; the main goal is to write google-style, elegant, modular, easy to read and maintain code.
Output format carefully referenced "Format example".
In addition to writing code, you may also need to complete the data files in the task list (such as .txt .json .csv files). If the task list requires the implementation of data files, you need to simply design some data that meets the requirements for your completed software to facilitate the startup and testing of the software as a demo.


# Context
## Design
[CONTENT] "Implementation approach": "We will use Flask as the web framework to create the web application. Flask is lightweight and suitable for building simple web applications. For the front-end, we will use HTML to create the necessary templates. The application will handle user authentication, item listings, and data storage using local text files.", "UI design":"- The application will have a Login Page for user authentication with fields for username and password. - A Registration Page will allow new users to create an account. - The Home Page will display available vintage items with a search bar. - An Item Details Page will show detailed information about a selected item. - A Listing Page will allow users to create new item listings with fields for item name, description, and price.", "Data Storage":"Data will be stored in local text files. Different types of data will be stored in separate `.txt` files. The following files will be used: `users.txt` for user data, `items.txt` for vintage item listings.", "File list": ["main.py", "templates/login.html", "templates/register.html", "templates/home.html", "templates/item_details.html", "templates/listing.html", "users.txt", "items.txt"], "Data structures and interfaces": " classDiagram     class User {         -username: str         -password: str         +__init__(username: str, password: str)         +save() -> None     }     class Item {         -name: str         -description: str         -price: float         +__init__(name: str, description: str, price: float)         +save() -> None     }     class UserManager {         -users: list[User]         +load_users() -> None         +add_user(user: User) -> None         +authenticate(username: str, password: str) -> bool     }     class ItemManager {         -items: list[Item]         +load_items() -> None         +add_item(item: Item) -> None         +search_items(query: str) -> list[Item]     }     class App {         +run() -> None         +login() -> None         +register() -> None         +home() -> None         +item_details(item_id: int) -> None         +listing() -> None     }     UserManager --> User     ItemManager --> Item     App --> UserManager     App --> ItemManager ", [/CONTENT]
## Whole Task Plan
{'Required packages': ['flask==1.1.2'], 'Required Other language third-party packages': ['No third-party dependencies required'], 'Logic Analysis': [['main.py', 'The main file of the application, responsible for initializing the Flask app and routing. Contains the App class and methods for login, registration, home, item details, and listing.'], ['templates/login.html', 'HTML template for the Login Page, includes form for username and password.'], ['templates/register.html', 'HTML template for the Registration Page, includes form for new user registration.'], ['templates/home.html', 'HTML template for the Home Page, displays available vintage items and includes a search bar.'], ['templates/item_details.html', 'HTML template for the Item Details Page, shows detailed information about a selected item.'], ['templates/listing.html', 'HTML template for the Listing Page, allows users to create new item listings.']], 'Task list': {'T0': '|Set up Flask application and routing.|Initialize Flask app in main.py, set up routes for login, registration, home, item details, and listing.|[]|related files:["main.py"]', 'T1': '|Implement user authentication.|Create User and UserManager classes, implement login and registration logic, and handle user data storage in users.txt.|[T0]|related files:[main.py]', 'T2': '|Create HTML templates for user interface.|Develop login.html, register.html, home.html, item_details.html, and listing.html templates for the application.|[T0]|related files:[templates/login.html, templates/register.html, templates/home.html, templates/item_details.html, templates/listing.html]', 'T3': '|Implement item management functionality.|Create Item and ItemManager classes, implement item listing, searching, and storage in items.txt.|[T0]|related files:[main.py]', 'T4': '|Develop Home Page functionality.|Implement logic to display available vintage items and search functionality on the Home Page.|[T1, T3]|related files:[main.py]', 'T5': '|Implement Item Details Page functionality.|Create logic to display detailed information about a selected item from the Home Page.|[T4]|related files:[main.py]', 'T6': 'Develop some features for a page where users can share items, allowing them to input information and post it somehow.'}, 'Full API spec': '', 'Shared Knowledge': '`main.py` contains the main application logic and routing for the web application.'}

## files(already available)
file name: main.py

from flask import Flask, render_template, request, redirect, url_for, session
from user_manager import UserManager
from item_manager import ItemManager

app = Flask(__name__)
app.secret_key = 'your_secret_key'  # Change this to a random secret key

user_manager = UserManager()
item_manager = ItemManager()

@app.route('/')
def login():
    return render_template('login.html')

@app.route('/register', methods=['GET', 'POST'])
def register():
    if request.method == 'POST':
        username = request.form['username']
        password = request.form['password']
        user_manager.add_user(username, password)
        return redirect(url_for('login'))
    return render_template('register.html')

@app.route('/home')
def home():
    items = item_manager.load_items()
    return render_template('home.html', items=items)

@app.route('/item/<int:item_id>')
def item_details(item_id):
    item = item_manager.get_item(item_id)
    return render_template('item_details.html', item=item)

@app.route('/listing', methods=['GET', 'POST'])
def listing():
    if request.method == 'POST':
        name = request.form['name']
        description = request.form['description']
        price = float(request.form['price'])
        item_manager.add_item(name, description, price)
        return redirect(url_for('home'))
    return render_template('listing.html')

if __name__ == '__main__':
    user_manager.load_users()
    item_manager.load_items()
    app.run(debug=True)

file name: user_manager.py

class User:
    def __init__(self, username: str, password: str):
        self.username = username
        self.password = password

    def save(self) -> None:
        with open('users.txt', 'a') as f:
            f.write(f"{self.username}|{self.password}\n")

class UserManager:
    def __init__(self):
        self.users = []

    def load_users(self) -> None:
        try:
            with open('users.txt', 'r') as f:
                for line in f:
                    username, password = line.strip().split('|')
                    self.users.append(User(username, password))
        except FileNotFoundError:
            pass

    def add_user(self, username: str, password: str) -> None:
        new_user = User(username, password)
        new_user.save()
        self.users.append(new_user)

    def authenticate(self, username: str, password: str) -> bool:
        for user in self.users:
            if user.username == username and user.password == password:
                return True
        return False

file name: item_manager.py

class Item:
    def __init__(self, name: str, description: str, price: float):
        self.name = name
        self.description = description
        self.price = price

    def save(self) -> None:
        with open('items.txt', 'a') as f:
            f.write(f"{self.name}|{self.description}|{self.price}\n")

class ItemManager:
    def __init__(self):
        self.items = []

    def load_items(self) -> None:
        try:
            with open('items.txt', 'r') as f:
                for line in f:
                    name, description, price = line.strip().split('|')
                    self.items.append(Item(name, description, float(price)))
        except FileNotFoundError:
            pass

    def add_item(self, name: str, description: str, price: float) -> None:
        new_item = Item(name, description, price)
        new_item.save()
        self.items.append(new_item)

    def get_item(self, item_id: int) -> Item:
        return self.items[item_id] if 0 <= item_id < len(self.items) else None

file name: templates/login.html

<!DOCTYPE html>
<html lang="en">
<head>
    <meta charset="UTF-8">
    <meta name="viewport" content="width=device-width, initial-scale=1.0">
    <title>Login</title>
</head>
<body>
    <h1>Login</h1>
    <form method="POST" action="/login">
        <label for="username">Username:</label>
        <input type="text" id="username" name="username" required>
        <label for="password">Password:</label>
        <input type="password" id="password" name="password" required>
        <button type="submit">Login</button>
    </form>
    <a href="/register">Register here</a>
</body>
</html>

file name: templates/register.html

<!DOCTYPE html>
<html lang="en">
<head>
    <meta charset="UTF-8">
    <meta name="viewport" content="width=device-width, initial-scale=1.0">
    <title>Register</title>
</head>
<body>
    <h1>Register</h1>
    <form method="POST" action="/register">
        <label for="username">Username:</label>
        <input type="text" id="username" name="username" required>
        <label for="password">Password:</label>
        <input type="password" id="password" name="password" required>
        <button type="submit">Register</button>
    </form>
</body>
</html>

file name: templates/home.html

<!DOCTYPE html>
<html lang="en">
<head>
    <meta charset="UTF-8">
    <meta name="viewport" content="width=device-width, initial-scale=1.0">
    <title>Home</title>
</head>
<body>
    <h1>Available Vintage Items</h1>
    <ul>
        {% for item in items %}
            <li>
                <a href="{{ url_for('item_details', item_id=loop.index0) }}">{{ item.name }}</a>
            </li>
        {% endfor %}
    </ul>
    <a href="/listing">Create New Listing</a>
</body>
</html>

file name: templates/item_details.html

<!DOCTYPE html>
<html lang="en">
<head>
    <meta charset="UTF-8">
    <meta name="viewport" content="width=device-width, initial-scale=1.0">
    <title>Item Details</title>
</head>
<body>
    <h1>{{ item.name }}</h1>
    <p>Description: {{ item.description }}</p>
    <p>Price: ${{ item.price }}</p>
    <a href="/home">Back</a>
</body>
</html>

file name: templates/listing.html

<!DOCTYPE html>
<html lang="en">
<head>
    <meta charset="UTF-8">
    <meta name="viewport" content="width=device-width, initial-scale=1.0">
    <title>Create Listing</title>
</head>
<body>
    <h1>Create New Listing</h1>
    <form method="POST" action="/listing">
        <label for="name">Item Name:</label>
        <input type="text" id="name" name="name" required>
        <label for="description">Description:</label>
        <textarea id="description" name="description" required></textarea>
        <label for="price">Price:</label>
        <input type="number" id="price" name="price" step="0.01" required>
        <button type="submit">Create Listing</button>
    </form>
    <a href="/home">Back</a>
</body>
</html>

file name: users.txt

admin|pass123
user1|pass456

file name: items.txt

Vintage Clock|A beautiful vintage clock from the 1960s|50.00
Antique Vase|An exquisite vase from the Ming Dynasty|150.00


-----
# Format Example 
*** main.py
```python
...
```

*** ui.py
```python
...
```
-----
## coding sub-task
T3:|Implement item management functionality.|Create Item and ItemManager classes, implement item listing, searching, and storage in items.txt.|[T0]|related files:[main.py]

## Documents Relevant to the sub-task
{
## Extracted Relevant Sections for Item Management Functionality

### General Overview
The task is to develop a comprehensive web application, 'OnlineVintageMarket', for buying and selling vintage items that utilizes Python and stores information in local text files, eliminating the need for SQL databases. Note that the website should start from the login page.

### Software Functional Requirements
1. Users shall be able to create a new listing for vintage items by navigating to the Listing Page and entering the item name, description, and price.
2. Users shall be able to submit their item listings through the "Submit Listing" button on the Listing Page.
3. Users shall be able to search for specific vintage items by name using the search bar on the Home Page.
4. Users shall be able to view details of a selected item by clicking the "Item Details" button on the Home Page.
5. Users shall be able to view detailed information about a vintage item, including its title, description, and price, on the Item Details Page.

### Data Storage
Data will be stored in local text files. Different types of data will be stored in separate `.txt` files. You should define the text file by yourself in advance. This structured data storage will facilitate easy data retrieval and management through simple file manipulations in Python, ensuring the application remains light and efficient without the need for a SQL database.

### Core Features
Users shall be able to create a new listing for vintage items by navigating to the Listing Page and entering the item name, description, and price. Users shall be able to submit their item listings through the "Submit Listing" button on the Listing Page. Users shall be able to search for specific vintage items by name using the search bar on the Home Page.
}
(End for Documents Relevant)

# Instruction: Based on the context, follow "Format example", write or revise code to complete task described in "coding sub-task".
## ATTENTION
1. Use '***' to SPLIT different CODE SECTIONS. do not forget ``` in each file, refer the the example. Output format carefully referenced "Format example".
2. Follow design: YOU MUST FOLLOW "Data structures and interfaces". DONT CHANGE ANY DESIGN. Do not use public member functions that do not exist in your design.
3. Follow task: YOU MUST write Comprehensive codes to complete the sub-task.
4. Understand "Documents Relevant to the sub-task": Use this document, along with the architecture and task plan, as guidelines to construct your code.
4. CAREFULLY CHECK THAT YOU DONT MISS ANY NECESSARY CLASS/FUNCTION IN THE FILE.
5. You must import the third-party libraries used in your code
6. If you import a Class, you must import it firstly.
7. Determine the order of writing the files based on your understanding of the project.
9. Write out EVERY CODE DETAIL, DON'T LEAVE TODO,PASS,PLACEHOLDER.
9. Only write code result, do not output any other content in the start or in the end.
10. If you need to generate text data, follow the rules outlined in "<When Storing Data>" below.
 <When storing data>:
Different groups of data are distinguished by line breaks.
Different contents of the same group of data are distinguished by |.
Within any single content that contains multiple sub-entries, those sub-entries are separated by commas ,.
Example:
admin1|pass123|entry1,entry2,entry3  
admin2|pass123|entry1
Make sure:
The | character is used only to separate distinct contents within a group.
Commas , are used exclusively to separate multiple sub-entries within a single content.

# Website Development Rule
If you are doing website development, be sure to route the root path (/). If there is a login page, set the login page as the root route(/).
If you are doing website development, please do not encrypt the account password for the login function.
If you are doing website development, your code needs to take into account the process of loading data from the data file, so don't forget to load the data.
If you are doing Website Development, do not follow the rules of Website and Game development.
# GUI tkinter Development Rule
If you are doing GUI tkinter Development, do not follow the rules of Website and Game development.
# Game Development Rule
If the software needs to load data, please make sure the loading data code matches the data format and data file.
If you are doing Game Development, do not follow the rules of Website and Game development.

# important rule
Use '***' to SPLIT CODE SECTIONS. do not forget ``` in each file, refer the the example. Output format carefully referenced "Format example". 
Adhere strictly to the task requirements and implement them fully; do not include placeholders or "example" for code that is intended for future implementation.

2025-01-01 Wednesday 12:01:03 _client.py : INFO  HTTP Request: POST https://api.chatanywhere.tech/chat/completions "HTTP/1.1 200 OK"
2025-01-01 Wednesday 12:01:03 model.py : INFO  following invoke cost: 5511 | all cost: 30105
2025-01-01 Wednesday 12:01:03 programmer.py : INFO  
*** main.py
```python
from flask import Flask, render_template, request, redirect, url_for, session
from user_manager import UserManager
from item_manager import ItemManager

app = Flask(__name__)
app.secret_key = 'your_secret_key'  # Change this to a random secret key

user_manager = UserManager()
item_manager = ItemManager()

@app.route('/')
def login():
    return render_template('login.html')

@app.route('/register', methods=['GET', 'POST'])
def register():
    if request.method == 'POST':
        username = request.form['username']
        password = request.form['password']
        user_manager.add_user(username, password)
        return redirect(url_for('login'))
    return render_template('register.html')

@app.route('/home')
def home():
    items = item_manager.load_items()
    return render_template('home.html', items=items)

@app.route('/item/<int:item_id>')
def item_details(item_id):
    item = item_manager.get_item(item_id)
    return render_template('item_details.html', item=item)

@app.route('/listing', methods=['GET', 'POST'])
def listing():
    if request.method == 'POST':
        name = request.form['name']
        description = request.form['description']
        price = float(request.form['price'])
        item_manager.add_item(name, description, price)
        return redirect(url_for('home'))
    return render_template('listing.html')

if __name__ == '__main__':
    user_manager.load_users()
    item_manager.load_items()
    app.run(debug=True)
```

*** user_manager.py
```python
class User:
    def __init__(self, username: str, password: str):
        self.username = username
        self.password = password

    def save(self) -> None:
        with open('users.txt', 'a') as f:
            f.write(f"{self.username}|{self.password}\n")

class UserManager:
    def __init__(self):
        self.users = []

    def load_users(self) -> None:
        try:
            with open('users.txt', 'r') as f:
                for line in f:
                    username, password = line.strip().split('|')
                    self.users.append(User(username, password))
        except FileNotFoundError:
            pass

    def add_user(self, username: str, password: str) -> None:
        new_user = User(username, password)
        new_user.save()
        self.users.append(new_user)

    def authenticate(self, username: str, password: str) -> bool:
        for user in self.users:
            if user.username == username and user.password == password:
                return True
        return False
```

*** item_manager.py
```python
class Item:
    def __init__(self, name: str, description: str, price: float):
        self.name = name
        self.description = description
        self.price = price

    def save(self) -> None:
        with open('items.txt', 'a') as f:
            f.write(f"{self.name}|{self.description}|{self.price}\n")

class ItemManager:
    def __init__(self):
        self.items = []

    def load_items(self) -> None:
        try:
            with open('items.txt', 'r') as f:
                for line in f:
                    name, description, price = line.strip().split('|')
                    self.items.append(Item(name, description, float(price)))
        except FileNotFoundError:
            pass

    def add_item(self, name: str, description: str, price: float) -> None:
        new_item = Item(name, description, price)
        new_item.save()
        self.items.append(new_item)

    def get_item(self, item_id: int) -> Item:
        return self.items[item_id] if 0 <= item_id < len(self.items) else None
```

*** templates/login.html
```html
<!DOCTYPE html>
<html lang="en">
<head>
    <meta charset="UTF-8">
    <meta name="viewport" content="width=device-width, initial-scale=1.0">
    <title>Login</title>
</head>
<body>
    <h1>Login</h1>
    <form method="POST" action="/login">
        <label for="username">Username:</label>
        <input type="text" id="username" name="username" required>
        <label for="password">Password:</label>
        <input type="password" id="password" name="password" required>
        <button type="submit">Login</button>
    </form>
    <a href="/register">Register here</a>
</body>
</html>
```

*** templates/register.html
```html
<!DOCTYPE html>
<html lang="en">
<head>
    <meta charset="UTF-8">
    <meta name="viewport" content="width=device-width, initial-scale=1.0">
    <title>Register</title>
</head>
<body>
    <h1>Register</h1>
    <form method="POST" action="/register">
        <label for="username">Username:</label>
        <input type="text" id="username" name="username" required>
        <label for="password">Password:</label>
        <input type="password" id="password" name="password" required>
        <button type="submit">Register</button>
    </form>
</body>
</html>
```

*** templates/home.html
```html
<!DOCTYPE html>
<html lang="en">
<head>
    <meta charset="UTF-8">
    <meta name="viewport" content="width=device-width, initial-scale=1.0">
    <title>Home</title>
</head>
<body>
    <h1>Available Vintage Items</h1>
    <ul>
        {% for item in items %}
            <li>
                <a href="{{ url_for('item_details', item_id=loop.index0) }}">{{ item.name }}</a>
            </li>
        {% endfor %}
    </ul>
    <a href="/listing">Create New Listing</a>
</body>
</html>
```

*** templates/item_details.html
```html
<!DOCTYPE html>
<html lang="en">
<head>
    <meta charset="UTF-8">
    <meta name="viewport" content="width=device-width, initial-scale=1.0">
    <title>Item Details</title>
</head>
<body>
    <h1>{{ item.name }}</h1>
    <p>Description: {{ item.description }}</p>
    <p>Price: ${{ item.price }}</p>
    <a href="/home">Back</a>
</body>
</html>
```

*** templates/listing.html
```html
<!DOCTYPE html>
<html lang="en">
<head>
    <meta charset="UTF-8">
    <meta name="viewport" content="width=device-width, initial-scale=1.0">
    <title>Create Listing</title>
</head>
<body>
    <h1>Create New Listing</h1>
    <form method="POST" action="/listing">
        <label for="name">Item Name:</label>
        <input type="text" id="name" name="name" required>
        <label for="description">Description:</label>
        <textarea id="description" name="description" required></textarea>
        <label for="price">Price:</label>
        <input type="number" id="price" name="price" step="0.01" required>
        <button type="submit">Create Listing</button>
    </form>
    <a href="/home">Back</a>
</body>
</html>
```

*** users.txt
```
admin|pass123
user1|pass456
```

*** items.txt
```
Vintage Clock|A beautiful vintage clock from the 1960s|50.00
Antique Vase|An exquisite vase from the Ming Dynasty|150.00
```
2025-01-01 Wednesday 12:01:03 programmer.py : INFO  **[Update Codes]**

main.py updated.


```
'''

'''

```
2025-01-01 Wednesday 12:01:03 programmer.py : INFO  **[Update Codes]**

user_manager.py updated.


```
'''

'''

```
2025-01-01 Wednesday 12:01:03 programmer.py : INFO  **[Update Codes]**

item_manager.py updated.


```
'''

'''

```
2025-01-01 Wednesday 12:01:03 programmer.py : INFO  **[Update Codes]**

templates/login.html updated.


```
'''

'''

```
2025-01-01 Wednesday 12:01:03 programmer.py : INFO  **[Update Codes]**

templates/register.html updated.


```
'''

'''

```
2025-01-01 Wednesday 12:01:03 programmer.py : INFO  **[Update Codes]**

templates/home.html updated.


```
'''

'''

```
2025-01-01 Wednesday 12:01:03 programmer.py : INFO  **[Update Codes]**

templates/item_details.html updated.


```
'''

'''

```
2025-01-01 Wednesday 12:01:03 programmer.py : INFO  **[Update Codes]**

templates/listing.html updated.


```
'''

'''

```
2025-01-01 Wednesday 12:01:03 programmer.py : INFO  **[Update Codes]**

users.txt updated.


```
'''

'''

```
2025-01-01 Wednesday 12:01:03 programmer.py : INFO  **[Update Codes]**

items.txt updated.


```
'''

'''

```
2025-01-01 Wednesday 12:01:03 searcher.py : INFO  
You are an excellent software task-oriented analyst. Your task is to accurately extract and compile all relevant sections from the requirements document and user demands that are directly related to a given task description, and present them in a concise and well-organized document.


## This is the PRD you can retrieve, which contains functional requirements for the system:
[OUTPUT] ## general overview of the project The task is to develop a comprehensive web application, 'OnlineVintageMarket', for buying and selling vintage items that utilizes Python and stores information in local text files, eliminating the need for SQL databases. Note that the website should start from the login page. ## software functional requirements 1. Users shall be able to log in to their accounts on the Login Page. 2. Users shall be able to navigate to the Registration Page via the Register here link if they do not have an account. 3. Users shall be able to view available vintage items on the Home Page. 4. Users shall be able to search for specific vintage items by name using the search bar on the Home Page. 5. Users shall be able to view details of a selected item by clicking the "Item Details" button on the Home Page. 6. Users shall be able to create a new listing for vintage items by navigating to the Listing Page and entering the item name, description, and price. 7. Users shall be able to submit their item listings through the "Submit Listing" button on the Listing Page. 8. Users shall be able to view detailed information about a vintage item, including its title, description, and price, on the Item Details Page. 9. Users shall be able to navigate back to the Home Page from the Item Details Page using the "Back" button. [/OUTPUT]

## This is the user's original demand, which includes not only functional requirements but also other special requirements.
# Software Description

## Objective
The task is to develop a comprehensive web application, 'OnlineVintageMarket', for buying and selling vintage items that utilizes Python and stores information in local text files, eliminating the need for SQL databases. Note that the website should start from the login page.


## Core Features
Users shall be able to log in to their accounts on the Login Page.
Users shall be able to navigate to the Registration Page via the Register here link if they do not have an account.
Users shall be able to view available vintage items on the Home Page.
Users shall be able to search for specific vintage items by name using the search bar on the Home Page.
Users shall be able to view details of a selected item by clicking the "Item Details" button on the Home Page.
Users shall be able to create a new listing for vintage items by navigating to the Listing Page and entering the item name, description, and price.
Users shall be able to submit their item listings through the "Submit Listing" button on the Listing Page.
Users shall be able to view detailed information about a vintage item, including its title, description, and price, on the Item Details Page.
Users shall be able to navigate back to the Home Page from the Item Details Page using the "Back" button.

## Language

Use html and python to develop a web application.
You should use html to generate the web template by yourself.
## Data Storage
Data will be stored in local text files.
Different types of data will be stored in separate `.txt` files.
You should define the text file by yourself in advance.
This structured data storage will facilitate easy data retrieval and management through simple file manipulations in Python, ensuring the application remains light and efficient without the need for a SQL database.


## now, you get one following specific task:
|Develop Home Page functionality.|Implement logic to display available vintage items and search functionality on the Home Page.|[T1, T3]|related files:[main.py]

## Action
You should extract the sections directly related to the specific task described above from the two documents.
After extraction, integrate the relevant sections into a single output, ensuring duplicate content is removed.

Key Points:
The extracted content must remain unaltered. Do not modify any part of the retrieved sections.
Include only the necessary sections. Exclude any content you are certain is irrelevant to the current task.
Aim for conciseness: less is better.

2025-01-01 Wednesday 12:01:05 _client.py : INFO  HTTP Request: POST https://api.chatanywhere.tech/chat/completions "HTTP/1.1 200 OK"
2025-01-01 Wednesday 12:01:05 model.py : INFO  following invoke cost: 1084 | all cost: 31189
2025-01-01 Wednesday 12:01:05 searcher.py : INFO  retrievaled reslt is: 
## Extracted Relevant Sections for Home Page Functionality Task

### General Overview of the Project
The task is to develop a comprehensive web application, 'OnlineVintageMarket', for buying and selling vintage items that utilizes Python and stores information in local text files, eliminating the need for SQL databases. Note that the website should start from the login page.

### Software Functional Requirements
3. Users shall be able to view available vintage items on the Home Page.
4. Users shall be able to search for specific vintage items by name using the search bar on the Home Page.
5. Users shall be able to view details of a selected item by clicking the "Item Details" button on the Home Page.

### Core Features
Users shall be able to view available vintage items on the Home Page.
Users shall be able to search for specific vintage items by name using the search bar on the Home Page.
Users shall be able to view details of a selected item by clicking the "Item Details" button on the Home Page.
2025-01-01 Wednesday 12:01:05 programmer.py : INFO  
You are a professional engineer; the main goal is to write google-style, elegant, modular, easy to read and maintain code.
Output format carefully referenced "Format example".
In addition to writing code, you may also need to complete the data files in the task list (such as .txt .json .csv files). If the task list requires the implementation of data files, you need to simply design some data that meets the requirements for your completed software to facilitate the startup and testing of the software as a demo.


# Context
## Design
[CONTENT] "Implementation approach": "We will use Flask as the web framework to create the web application. Flask is lightweight and suitable for building simple web applications. For the front-end, we will use HTML to create the necessary templates. The application will handle user authentication, item listings, and data storage using local text files.", "UI design":"- The application will have a Login Page for user authentication with fields for username and password. - A Registration Page will allow new users to create an account. - The Home Page will display available vintage items with a search bar. - An Item Details Page will show detailed information about a selected item. - A Listing Page will allow users to create new item listings with fields for item name, description, and price.", "Data Storage":"Data will be stored in local text files. Different types of data will be stored in separate `.txt` files. The following files will be used: `users.txt` for user data, `items.txt` for vintage item listings.", "File list": ["main.py", "templates/login.html", "templates/register.html", "templates/home.html", "templates/item_details.html", "templates/listing.html", "users.txt", "items.txt"], "Data structures and interfaces": " classDiagram     class User {         -username: str         -password: str         +__init__(username: str, password: str)         +save() -> None     }     class Item {         -name: str         -description: str         -price: float         +__init__(name: str, description: str, price: float)         +save() -> None     }     class UserManager {         -users: list[User]         +load_users() -> None         +add_user(user: User) -> None         +authenticate(username: str, password: str) -> bool     }     class ItemManager {         -items: list[Item]         +load_items() -> None         +add_item(item: Item) -> None         +search_items(query: str) -> list[Item]     }     class App {         +run() -> None         +login() -> None         +register() -> None         +home() -> None         +item_details(item_id: int) -> None         +listing() -> None     }     UserManager --> User     ItemManager --> Item     App --> UserManager     App --> ItemManager ", [/CONTENT]
## Whole Task Plan
{'Required packages': ['flask==1.1.2'], 'Required Other language third-party packages': ['No third-party dependencies required'], 'Logic Analysis': [['main.py', 'The main file of the application, responsible for initializing the Flask app and routing. Contains the App class and methods for login, registration, home, item details, and listing.'], ['templates/login.html', 'HTML template for the Login Page, includes form for username and password.'], ['templates/register.html', 'HTML template for the Registration Page, includes form for new user registration.'], ['templates/home.html', 'HTML template for the Home Page, displays available vintage items and includes a search bar.'], ['templates/item_details.html', 'HTML template for the Item Details Page, shows detailed information about a selected item.'], ['templates/listing.html', 'HTML template for the Listing Page, allows users to create new item listings.']], 'Task list': {'T0': '|Set up Flask application and routing.|Initialize Flask app in main.py, set up routes for login, registration, home, item details, and listing.|[]|related files:["main.py"]', 'T1': '|Implement user authentication.|Create User and UserManager classes, implement login and registration logic, and handle user data storage in users.txt.|[T0]|related files:[main.py]', 'T2': '|Create HTML templates for user interface.|Develop login.html, register.html, home.html, item_details.html, and listing.html templates for the application.|[T0]|related files:[templates/login.html, templates/register.html, templates/home.html, templates/item_details.html, templates/listing.html]', 'T3': '|Implement item management functionality.|Create Item and ItemManager classes, implement item listing, searching, and storage in items.txt.|[T0]|related files:[main.py]', 'T4': '|Develop Home Page functionality.|Implement logic to display available vintage items and search functionality on the Home Page.|[T1, T3]|related files:[main.py]', 'T5': '|Implement Item Details Page functionality.|Create logic to display detailed information about a selected item from the Home Page.|[T4]|related files:[main.py]', 'T6': 'Develop some features for a page where users can share items, allowing them to input information and post it somehow.'}, 'Full API spec': '', 'Shared Knowledge': '`main.py` contains the main application logic and routing for the web application.'}

## files(already available)
file name: main.py

from flask import Flask, render_template, request, redirect, url_for, session
from user_manager import UserManager
from item_manager import ItemManager

app = Flask(__name__)
app.secret_key = 'your_secret_key'  # Change this to a random secret key

user_manager = UserManager()
item_manager = ItemManager()

@app.route('/')
def login():
    return render_template('login.html')

@app.route('/register', methods=['GET', 'POST'])
def register():
    if request.method == 'POST':
        username = request.form['username']
        password = request.form['password']
        user_manager.add_user(username, password)
        return redirect(url_for('login'))
    return render_template('register.html')

@app.route('/home')
def home():
    items = item_manager.load_items()
    return render_template('home.html', items=items)

@app.route('/item/<int:item_id>')
def item_details(item_id):
    item = item_manager.get_item(item_id)
    return render_template('item_details.html', item=item)

@app.route('/listing', methods=['GET', 'POST'])
def listing():
    if request.method == 'POST':
        name = request.form['name']
        description = request.form['description']
        price = float(request.form['price'])
        item_manager.add_item(name, description, price)
        return redirect(url_for('home'))
    return render_template('listing.html')

if __name__ == '__main__':
    user_manager.load_users()
    item_manager.load_items()
    app.run(debug=True)

file name: user_manager.py

class User:
    def __init__(self, username: str, password: str):
        self.username = username
        self.password = password

    def save(self) -> None:
        with open('users.txt', 'a') as f:
            f.write(f"{self.username}|{self.password}\n")

class UserManager:
    def __init__(self):
        self.users = []

    def load_users(self) -> None:
        try:
            with open('users.txt', 'r') as f:
                for line in f:
                    username, password = line.strip().split('|')
                    self.users.append(User(username, password))
        except FileNotFoundError:
            pass

    def add_user(self, username: str, password: str) -> None:
        new_user = User(username, password)
        new_user.save()
        self.users.append(new_user)

    def authenticate(self, username: str, password: str) -> bool:
        for user in self.users:
            if user.username == username and user.password == password:
                return True
        return False

file name: item_manager.py

class Item:
    def __init__(self, name: str, description: str, price: float):
        self.name = name
        self.description = description
        self.price = price

    def save(self) -> None:
        with open('items.txt', 'a') as f:
            f.write(f"{self.name}|{self.description}|{self.price}\n")

class ItemManager:
    def __init__(self):
        self.items = []

    def load_items(self) -> None:
        try:
            with open('items.txt', 'r') as f:
                for line in f:
                    name, description, price = line.strip().split('|')
                    self.items.append(Item(name, description, float(price)))
        except FileNotFoundError:
            pass

    def add_item(self, name: str, description: str, price: float) -> None:
        new_item = Item(name, description, price)
        new_item.save()
        self.items.append(new_item)

    def get_item(self, item_id: int) -> Item:
        return self.items[item_id] if 0 <= item_id < len(self.items) else None

file name: templates/login.html

<!DOCTYPE html>
<html lang="en">
<head>
    <meta charset="UTF-8">
    <meta name="viewport" content="width=device-width, initial-scale=1.0">
    <title>Login</title>
</head>
<body>
    <h1>Login</h1>
    <form method="POST" action="/login">
        <label for="username">Username:</label>
        <input type="text" id="username" name="username" required>
        <label for="password">Password:</label>
        <input type="password" id="password" name="password" required>
        <button type="submit">Login</button>
    </form>
    <a href="/register">Register here</a>
</body>
</html>

file name: templates/register.html

<!DOCTYPE html>
<html lang="en">
<head>
    <meta charset="UTF-8">
    <meta name="viewport" content="width=device-width, initial-scale=1.0">
    <title>Register</title>
</head>
<body>
    <h1>Register</h1>
    <form method="POST" action="/register">
        <label for="username">Username:</label>
        <input type="text" id="username" name="username" required>
        <label for="password">Password:</label>
        <input type="password" id="password" name="password" required>
        <button type="submit">Register</button>
    </form>
</body>
</html>

file name: templates/home.html

<!DOCTYPE html>
<html lang="en">
<head>
    <meta charset="UTF-8">
    <meta name="viewport" content="width=device-width, initial-scale=1.0">
    <title>Home</title>
</head>
<body>
    <h1>Available Vintage Items</h1>
    <ul>
        {% for item in items %}
            <li>
                <a href="{{ url_for('item_details', item_id=loop.index0) }}">{{ item.name }}</a>
            </li>
        {% endfor %}
    </ul>
    <a href="/listing">Create New Listing</a>
</body>
</html>

file name: templates/item_details.html

<!DOCTYPE html>
<html lang="en">
<head>
    <meta charset="UTF-8">
    <meta name="viewport" content="width=device-width, initial-scale=1.0">
    <title>Item Details</title>
</head>
<body>
    <h1>{{ item.name }}</h1>
    <p>Description: {{ item.description }}</p>
    <p>Price: ${{ item.price }}</p>
    <a href="/home">Back</a>
</body>
</html>

file name: templates/listing.html

<!DOCTYPE html>
<html lang="en">
<head>
    <meta charset="UTF-8">
    <meta name="viewport" content="width=device-width, initial-scale=1.0">
    <title>Create Listing</title>
</head>
<body>
    <h1>Create New Listing</h1>
    <form method="POST" action="/listing">
        <label for="name">Item Name:</label>
        <input type="text" id="name" name="name" required>
        <label for="description">Description:</label>
        <textarea id="description" name="description" required></textarea>
        <label for="price">Price:</label>
        <input type="number" id="price" name="price" step="0.01" required>
        <button type="submit">Create Listing</button>
    </form>
    <a href="/home">Back</a>
</body>
</html>

file name: users.txt

admin|pass123
user1|pass456

file name: items.txt

Vintage Clock|A beautiful vintage clock from the 1960s|50.00
Antique Vase|An exquisite vase from the Ming Dynasty|150.00


-----
# Format Example 
*** main.py
```python
...
```

*** ui.py
```python
...
```
-----
## coding sub-task
T4:|Develop Home Page functionality.|Implement logic to display available vintage items and search functionality on the Home Page.|[T1, T3]|related files:[main.py]

## Documents Relevant to the sub-task
{
## Extracted Relevant Sections for Home Page Functionality Task

### General Overview of the Project
The task is to develop a comprehensive web application, 'OnlineVintageMarket', for buying and selling vintage items that utilizes Python and stores information in local text files, eliminating the need for SQL databases. Note that the website should start from the login page.

### Software Functional Requirements
3. Users shall be able to view available vintage items on the Home Page.
4. Users shall be able to search for specific vintage items by name using the search bar on the Home Page.
5. Users shall be able to view details of a selected item by clicking the "Item Details" button on the Home Page.

### Core Features
Users shall be able to view available vintage items on the Home Page.
Users shall be able to search for specific vintage items by name using the search bar on the Home Page.
Users shall be able to view details of a selected item by clicking the "Item Details" button on the Home Page.
}
(End for Documents Relevant)

# Instruction: Based on the context, follow "Format example", write or revise code to complete task described in "coding sub-task".
## ATTENTION
1. Use '***' to SPLIT different CODE SECTIONS. do not forget ``` in each file, refer the the example. Output format carefully referenced "Format example".
2. Follow design: YOU MUST FOLLOW "Data structures and interfaces". DONT CHANGE ANY DESIGN. Do not use public member functions that do not exist in your design.
3. Follow task: YOU MUST write Comprehensive codes to complete the sub-task.
4. Understand "Documents Relevant to the sub-task": Use this document, along with the architecture and task plan, as guidelines to construct your code.
4. CAREFULLY CHECK THAT YOU DONT MISS ANY NECESSARY CLASS/FUNCTION IN THE FILE.
5. You must import the third-party libraries used in your code
6. If you import a Class, you must import it firstly.
7. Determine the order of writing the files based on your understanding of the project.
9. Write out EVERY CODE DETAIL, DON'T LEAVE TODO,PASS,PLACEHOLDER.
9. Only write code result, do not output any other content in the start or in the end.
10. If you need to generate text data, follow the rules outlined in "<When Storing Data>" below.
 <When storing data>:
Different groups of data are distinguished by line breaks.
Different contents of the same group of data are distinguished by |.
Within any single content that contains multiple sub-entries, those sub-entries are separated by commas ,.
Example:
admin1|pass123|entry1,entry2,entry3  
admin2|pass123|entry1
Make sure:
The | character is used only to separate distinct contents within a group.
Commas , are used exclusively to separate multiple sub-entries within a single content.

# Website Development Rule
If you are doing website development, be sure to route the root path (/). If there is a login page, set the login page as the root route(/).
If you are doing website development, please do not encrypt the account password for the login function.
If you are doing website development, your code needs to take into account the process of loading data from the data file, so don't forget to load the data.
If you are doing Website Development, do not follow the rules of Website and Game development.
# GUI tkinter Development Rule
If you are doing GUI tkinter Development, do not follow the rules of Website and Game development.
# Game Development Rule
If the software needs to load data, please make sure the loading data code matches the data format and data file.
If you are doing Game Development, do not follow the rules of Website and Game development.

# important rule
Use '***' to SPLIT CODE SECTIONS. do not forget ``` in each file, refer the the example. Output format carefully referenced "Format example". 
Adhere strictly to the task requirements and implement them fully; do not include placeholders or "example" for code that is intended for future implementation.

2025-01-01 Wednesday 12:01:11 _client.py : INFO  HTTP Request: POST https://api.chatanywhere.tech/chat/completions "HTTP/1.1 200 OK"
2025-01-01 Wednesday 12:01:11 model.py : INFO  following invoke cost: 4519 | all cost: 35708
2025-01-01 Wednesday 12:01:11 programmer.py : INFO  
*** main.py
```python
from flask import Flask, render_template, request, redirect, url_for, session
from user_manager import UserManager
from item_manager import ItemManager

app = Flask(__name__)
app.secret_key = 'your_secret_key'  # Change this to a random secret key

user_manager = UserManager()
item_manager = ItemManager()

@app.route('/')
def login():
    return render_template('login.html')

@app.route('/register', methods=['GET', 'POST'])
def register():
    if request.method == 'POST':
        username = request.form['username']
        password = request.form['password']
        user_manager.add_user(username, password)
        return redirect(url_for('login'))
    return render_template('register.html')

@app.route('/home', methods=['GET', 'POST'])
def home():
    if request.method == 'POST':
        query = request.form['search']
        items = item_manager.search_items(query)
    else:
        items = item_manager.load_items()
    return render_template('home.html', items=items)

@app.route('/item/<int:item_id>')
def item_details(item_id):
    item = item_manager.get_item(item_id)
    return render_template('item_details.html', item=item)

@app.route('/listing', methods=['GET', 'POST'])
def listing():
    if request.method == 'POST':
        name = request.form['name']
        description = request.form['description']
        price = float(request.form['price'])
        item_manager.add_item(name, description, price)
        return redirect(url_for('home'))
    return render_template('listing.html')

if __name__ == '__main__':
    user_manager.load_users()
    item_manager.load_items()
    app.run(debug=True)
```

*** item_manager.py
```python
class Item:
    def __init__(self, name: str, description: str, price: float):
        self.name = name
        self.description = description
        self.price = price

    def save(self) -> None:
        with open('items.txt', 'a') as f:
            f.write(f"{self.name}|{self.description}|{self.price}\n")

class ItemManager:
    def __init__(self):
        self.items = []

    def load_items(self) -> None:
        try:
            with open('items.txt', 'r') as f:
                for line in f:
                    name, description, price = line.strip().split('|')
                    self.items.append(Item(name, description, float(price)))
        except FileNotFoundError:
            pass

    def add_item(self, name: str, description: str, price: float) -> None:
        new_item = Item(name, description, price)
        new_item.save()
        self.items.append(new_item)

    def get_item(self, item_id: int) -> Item:
        return self.items[item_id] if 0 <= item_id < len(self.items) else None

    def search_items(self, query: str) -> list:
        return [item for item in self.items if query.lower() in item.name.lower()]
```

*** templates/home.html
```html
<!DOCTYPE html>
<html lang="en">
<head>
    <meta charset="UTF-8">
    <meta name="viewport" content="width=device-width, initial-scale=1.0">
    <title>Home</title>
</head>
<body>
    <h1>Available Vintage Items</h1>
    <form method="POST" action="/home">
        <input type="text" name="search" placeholder="Search items..." required>
        <button type="submit">Search</button>
    </form>
    <ul>
        {% for item in items %}
            <li>
                <a href="{{ url_for('item_details', item_id=loop.index0) }}">{{ item.name }}</a>
            </li>
        {% endfor %}
    </ul>
    <a href="/listing">Create New Listing</a>
</body>
</html>
```
2025-01-01 Wednesday 12:01:11 programmer.py : INFO  **[Update Codes]**

main.py updated.


```
'''

'''
--- Old
+++ New
@@ -21,9 +21,13 @@
         return redirect(url_for('login'))
     return render_template('register.html')
 
-@app.route('/home')
+@app.route('/home', methods=['GET', 'POST'])
 def home():
-    items = item_manager.load_items()
+    if request.method == 'POST':
+        query = request.form['search']
+        items = item_manager.search_items(query)
+    else:
+        items = item_manager.load_items()
     return render_template('home.html', items=items)
 
 @app.route('/item/<int:item_id>')
```
2025-01-01 Wednesday 12:01:11 programmer.py : INFO  **[Update Codes]**

item_manager.py updated.


```
'''

'''
--- Old
+++ New
@@ -28,3 +28,6 @@
 
     def get_item(self, item_id: int) -> Item:
         return self.items[item_id] if 0 <= item_id < len(self.items) else None
+
+    def search_items(self, query: str) -> list:
+        return [item for item in self.items if query.lower() in item.name.lower()]
```
2025-01-01 Wednesday 12:01:11 programmer.py : INFO  **[Update Codes]**

templates/home.html updated.


```
'''

'''
--- Old
+++ New
@@ -7,6 +7,10 @@
 </head>
 <body>
     <h1>Available Vintage Items</h1>
+    <form method="POST" action="/home">
+        <input type="text" name="search" placeholder="Search items..." required>
+        <button type="submit">Search</button>
+    </form>
     <ul>
         {% for item in items %}
             <li>
```
2025-01-01 Wednesday 12:01:11 searcher.py : INFO  
You are an excellent software task-oriented analyst. Your task is to accurately extract and compile all relevant sections from the requirements document and user demands that are directly related to a given task description, and present them in a concise and well-organized document.


## This is the PRD you can retrieve, which contains functional requirements for the system:
[OUTPUT] ## general overview of the project The task is to develop a comprehensive web application, 'OnlineVintageMarket', for buying and selling vintage items that utilizes Python and stores information in local text files, eliminating the need for SQL databases. Note that the website should start from the login page. ## software functional requirements 1. Users shall be able to log in to their accounts on the Login Page. 2. Users shall be able to navigate to the Registration Page via the Register here link if they do not have an account. 3. Users shall be able to view available vintage items on the Home Page. 4. Users shall be able to search for specific vintage items by name using the search bar on the Home Page. 5. Users shall be able to view details of a selected item by clicking the "Item Details" button on the Home Page. 6. Users shall be able to create a new listing for vintage items by navigating to the Listing Page and entering the item name, description, and price. 7. Users shall be able to submit their item listings through the "Submit Listing" button on the Listing Page. 8. Users shall be able to view detailed information about a vintage item, including its title, description, and price, on the Item Details Page. 9. Users shall be able to navigate back to the Home Page from the Item Details Page using the "Back" button. [/OUTPUT]

## This is the user's original demand, which includes not only functional requirements but also other special requirements.
# Software Description

## Objective
The task is to develop a comprehensive web application, 'OnlineVintageMarket', for buying and selling vintage items that utilizes Python and stores information in local text files, eliminating the need for SQL databases. Note that the website should start from the login page.


## Core Features
Users shall be able to log in to their accounts on the Login Page.
Users shall be able to navigate to the Registration Page via the Register here link if they do not have an account.
Users shall be able to view available vintage items on the Home Page.
Users shall be able to search for specific vintage items by name using the search bar on the Home Page.
Users shall be able to view details of a selected item by clicking the "Item Details" button on the Home Page.
Users shall be able to create a new listing for vintage items by navigating to the Listing Page and entering the item name, description, and price.
Users shall be able to submit their item listings through the "Submit Listing" button on the Listing Page.
Users shall be able to view detailed information about a vintage item, including its title, description, and price, on the Item Details Page.
Users shall be able to navigate back to the Home Page from the Item Details Page using the "Back" button.

## Language

Use html and python to develop a web application.
You should use html to generate the web template by yourself.
## Data Storage
Data will be stored in local text files.
Different types of data will be stored in separate `.txt` files.
You should define the text file by yourself in advance.
This structured data storage will facilitate easy data retrieval and management through simple file manipulations in Python, ensuring the application remains light and efficient without the need for a SQL database.


## now, you get one following specific task:
|Implement Item Details Page functionality.|Create logic to display detailed information about a selected item from the Home Page.|[T4]|related files:[main.py]

## Action
You should extract the sections directly related to the specific task described above from the two documents.
After extraction, integrate the relevant sections into a single output, ensuring duplicate content is removed.

Key Points:
The extracted content must remain unaltered. Do not modify any part of the retrieved sections.
Include only the necessary sections. Exclude any content you are certain is irrelevant to the current task.
Aim for conciseness: less is better.

2025-01-01 Wednesday 12:01:14 _client.py : INFO  HTTP Request: POST https://api.chatanywhere.tech/chat/completions "HTTP/1.1 200 OK"
2025-01-01 Wednesday 12:01:14 model.py : INFO  following invoke cost: 1126 | all cost: 36834
2025-01-01 Wednesday 12:01:14 searcher.py : INFO  retrievaled reslt is: 
## Extracted Relevant Sections for Task: Implement Item Details Page Functionality

### General Overview
The task is to develop a comprehensive web application, 'OnlineVintageMarket', for buying and selling vintage items that utilizes Python and stores information in local text files, eliminating the need for SQL databases. Note that the website should start from the login page.

### Software Functional Requirements
1. Users shall be able to view details of a selected item by clicking the "Item Details" button on the Home Page.
2. Users shall be able to view detailed information about a vintage item, including its title, description, and price, on the Item Details Page.
3. Users shall be able to navigate back to the Home Page from the Item Details Page using the "Back" button.

### Core Features
- Users shall be able to view details of a selected item by clicking the "Item Details" button on the Home Page.
- Users shall be able to view detailed information about a vintage item, including its title, description, and price, on the Item Details Page.
- Users shall be able to navigate back to the Home Page from the Item Details Page using the "Back" button.

### Related Files
- [main.py]
2025-01-01 Wednesday 12:01:14 programmer.py : INFO  
You are a professional engineer; the main goal is to write google-style, elegant, modular, easy to read and maintain code.
Output format carefully referenced "Format example".
In addition to writing code, you may also need to complete the data files in the task list (such as .txt .json .csv files). If the task list requires the implementation of data files, you need to simply design some data that meets the requirements for your completed software to facilitate the startup and testing of the software as a demo.


# Context
## Design
[CONTENT] "Implementation approach": "We will use Flask as the web framework to create the web application. Flask is lightweight and suitable for building simple web applications. For the front-end, we will use HTML to create the necessary templates. The application will handle user authentication, item listings, and data storage using local text files.", "UI design":"- The application will have a Login Page for user authentication with fields for username and password. - A Registration Page will allow new users to create an account. - The Home Page will display available vintage items with a search bar. - An Item Details Page will show detailed information about a selected item. - A Listing Page will allow users to create new item listings with fields for item name, description, and price.", "Data Storage":"Data will be stored in local text files. Different types of data will be stored in separate `.txt` files. The following files will be used: `users.txt` for user data, `items.txt` for vintage item listings.", "File list": ["main.py", "templates/login.html", "templates/register.html", "templates/home.html", "templates/item_details.html", "templates/listing.html", "users.txt", "items.txt"], "Data structures and interfaces": " classDiagram     class User {         -username: str         -password: str         +__init__(username: str, password: str)         +save() -> None     }     class Item {         -name: str         -description: str         -price: float         +__init__(name: str, description: str, price: float)         +save() -> None     }     class UserManager {         -users: list[User]         +load_users() -> None         +add_user(user: User) -> None         +authenticate(username: str, password: str) -> bool     }     class ItemManager {         -items: list[Item]         +load_items() -> None         +add_item(item: Item) -> None         +search_items(query: str) -> list[Item]     }     class App {         +run() -> None         +login() -> None         +register() -> None         +home() -> None         +item_details(item_id: int) -> None         +listing() -> None     }     UserManager --> User     ItemManager --> Item     App --> UserManager     App --> ItemManager ", [/CONTENT]
## Whole Task Plan
{'Required packages': ['flask==1.1.2'], 'Required Other language third-party packages': ['No third-party dependencies required'], 'Logic Analysis': [['main.py', 'The main file of the application, responsible for initializing the Flask app and routing. Contains the App class and methods for login, registration, home, item details, and listing.'], ['templates/login.html', 'HTML template for the Login Page, includes form for username and password.'], ['templates/register.html', 'HTML template for the Registration Page, includes form for new user registration.'], ['templates/home.html', 'HTML template for the Home Page, displays available vintage items and includes a search bar.'], ['templates/item_details.html', 'HTML template for the Item Details Page, shows detailed information about a selected item.'], ['templates/listing.html', 'HTML template for the Listing Page, allows users to create new item listings.']], 'Task list': {'T0': '|Set up Flask application and routing.|Initialize Flask app in main.py, set up routes for login, registration, home, item details, and listing.|[]|related files:["main.py"]', 'T1': '|Implement user authentication.|Create User and UserManager classes, implement login and registration logic, and handle user data storage in users.txt.|[T0]|related files:[main.py]', 'T2': '|Create HTML templates for user interface.|Develop login.html, register.html, home.html, item_details.html, and listing.html templates for the application.|[T0]|related files:[templates/login.html, templates/register.html, templates/home.html, templates/item_details.html, templates/listing.html]', 'T3': '|Implement item management functionality.|Create Item and ItemManager classes, implement item listing, searching, and storage in items.txt.|[T0]|related files:[main.py]', 'T4': '|Develop Home Page functionality.|Implement logic to display available vintage items and search functionality on the Home Page.|[T1, T3]|related files:[main.py]', 'T5': '|Implement Item Details Page functionality.|Create logic to display detailed information about a selected item from the Home Page.|[T4]|related files:[main.py]', 'T6': 'Develop some features for a page where users can share items, allowing them to input information and post it somehow.'}, 'Full API spec': '', 'Shared Knowledge': '`main.py` contains the main application logic and routing for the web application.'}

## files(already available)
file name: main.py

from flask import Flask, render_template, request, redirect, url_for, session
from user_manager import UserManager
from item_manager import ItemManager

app = Flask(__name__)
app.secret_key = 'your_secret_key'  # Change this to a random secret key

user_manager = UserManager()
item_manager = ItemManager()

@app.route('/')
def login():
    return render_template('login.html')

@app.route('/register', methods=['GET', 'POST'])
def register():
    if request.method == 'POST':
        username = request.form['username']
        password = request.form['password']
        user_manager.add_user(username, password)
        return redirect(url_for('login'))
    return render_template('register.html')

@app.route('/home', methods=['GET', 'POST'])
def home():
    if request.method == 'POST':
        query = request.form['search']
        items = item_manager.search_items(query)
    else:
        items = item_manager.load_items()
    return render_template('home.html', items=items)

@app.route('/item/<int:item_id>')
def item_details(item_id):
    item = item_manager.get_item(item_id)
    return render_template('item_details.html', item=item)

@app.route('/listing', methods=['GET', 'POST'])
def listing():
    if request.method == 'POST':
        name = request.form['name']
        description = request.form['description']
        price = float(request.form['price'])
        item_manager.add_item(name, description, price)
        return redirect(url_for('home'))
    return render_template('listing.html')

if __name__ == '__main__':
    user_manager.load_users()
    item_manager.load_items()
    app.run(debug=True)

file name: user_manager.py

class User:
    def __init__(self, username: str, password: str):
        self.username = username
        self.password = password

    def save(self) -> None:
        with open('users.txt', 'a') as f:
            f.write(f"{self.username}|{self.password}\n")

class UserManager:
    def __init__(self):
        self.users = []

    def load_users(self) -> None:
        try:
            with open('users.txt', 'r') as f:
                for line in f:
                    username, password = line.strip().split('|')
                    self.users.append(User(username, password))
        except FileNotFoundError:
            pass

    def add_user(self, username: str, password: str) -> None:
        new_user = User(username, password)
        new_user.save()
        self.users.append(new_user)

    def authenticate(self, username: str, password: str) -> bool:
        for user in self.users:
            if user.username == username and user.password == password:
                return True
        return False

file name: item_manager.py

class Item:
    def __init__(self, name: str, description: str, price: float):
        self.name = name
        self.description = description
        self.price = price

    def save(self) -> None:
        with open('items.txt', 'a') as f:
            f.write(f"{self.name}|{self.description}|{self.price}\n")

class ItemManager:
    def __init__(self):
        self.items = []

    def load_items(self) -> None:
        try:
            with open('items.txt', 'r') as f:
                for line in f:
                    name, description, price = line.strip().split('|')
                    self.items.append(Item(name, description, float(price)))
        except FileNotFoundError:
            pass

    def add_item(self, name: str, description: str, price: float) -> None:
        new_item = Item(name, description, price)
        new_item.save()
        self.items.append(new_item)

    def get_item(self, item_id: int) -> Item:
        return self.items[item_id] if 0 <= item_id < len(self.items) else None

    def search_items(self, query: str) -> list:
        return [item for item in self.items if query.lower() in item.name.lower()]

file name: templates/login.html

<!DOCTYPE html>
<html lang="en">
<head>
    <meta charset="UTF-8">
    <meta name="viewport" content="width=device-width, initial-scale=1.0">
    <title>Login</title>
</head>
<body>
    <h1>Login</h1>
    <form method="POST" action="/login">
        <label for="username">Username:</label>
        <input type="text" id="username" name="username" required>
        <label for="password">Password:</label>
        <input type="password" id="password" name="password" required>
        <button type="submit">Login</button>
    </form>
    <a href="/register">Register here</a>
</body>
</html>

file name: templates/register.html

<!DOCTYPE html>
<html lang="en">
<head>
    <meta charset="UTF-8">
    <meta name="viewport" content="width=device-width, initial-scale=1.0">
    <title>Register</title>
</head>
<body>
    <h1>Register</h1>
    <form method="POST" action="/register">
        <label for="username">Username:</label>
        <input type="text" id="username" name="username" required>
        <label for="password">Password:</label>
        <input type="password" id="password" name="password" required>
        <button type="submit">Register</button>
    </form>
</body>
</html>

file name: templates/home.html

<!DOCTYPE html>
<html lang="en">
<head>
    <meta charset="UTF-8">
    <meta name="viewport" content="width=device-width, initial-scale=1.0">
    <title>Home</title>
</head>
<body>
    <h1>Available Vintage Items</h1>
    <form method="POST" action="/home">
        <input type="text" name="search" placeholder="Search items..." required>
        <button type="submit">Search</button>
    </form>
    <ul>
        {% for item in items %}
            <li>
                <a href="{{ url_for('item_details', item_id=loop.index0) }}">{{ item.name }}</a>
            </li>
        {% endfor %}
    </ul>
    <a href="/listing">Create New Listing</a>
</body>
</html>

file name: templates/item_details.html

<!DOCTYPE html>
<html lang="en">
<head>
    <meta charset="UTF-8">
    <meta name="viewport" content="width=device-width, initial-scale=1.0">
    <title>Item Details</title>
</head>
<body>
    <h1>{{ item.name }}</h1>
    <p>Description: {{ item.description }}</p>
    <p>Price: ${{ item.price }}</p>
    <a href="/home">Back</a>
</body>
</html>

file name: templates/listing.html

<!DOCTYPE html>
<html lang="en">
<head>
    <meta charset="UTF-8">
    <meta name="viewport" content="width=device-width, initial-scale=1.0">
    <title>Create Listing</title>
</head>
<body>
    <h1>Create New Listing</h1>
    <form method="POST" action="/listing">
        <label for="name">Item Name:</label>
        <input type="text" id="name" name="name" required>
        <label for="description">Description:</label>
        <textarea id="description" name="description" required></textarea>
        <label for="price">Price:</label>
        <input type="number" id="price" name="price" step="0.01" required>
        <button type="submit">Create Listing</button>
    </form>
    <a href="/home">Back</a>
</body>
</html>

file name: users.txt

admin|pass123
user1|pass456

file name: items.txt

Vintage Clock|A beautiful vintage clock from the 1960s|50.00
Antique Vase|An exquisite vase from the Ming Dynasty|150.00


-----
# Format Example 
*** main.py
```python
...
```

*** ui.py
```python
...
```
-----
## coding sub-task
T5:|Implement Item Details Page functionality.|Create logic to display detailed information about a selected item from the Home Page.|[T4]|related files:[main.py]

## Documents Relevant to the sub-task
{
## Extracted Relevant Sections for Task: Implement Item Details Page Functionality

### General Overview
The task is to develop a comprehensive web application, 'OnlineVintageMarket', for buying and selling vintage items that utilizes Python and stores information in local text files, eliminating the need for SQL databases. Note that the website should start from the login page.

### Software Functional Requirements
1. Users shall be able to view details of a selected item by clicking the "Item Details" button on the Home Page.
2. Users shall be able to view detailed information about a vintage item, including its title, description, and price, on the Item Details Page.
3. Users shall be able to navigate back to the Home Page from the Item Details Page using the "Back" button.

### Core Features
- Users shall be able to view details of a selected item by clicking the "Item Details" button on the Home Page.
- Users shall be able to view detailed information about a vintage item, including its title, description, and price, on the Item Details Page.
- Users shall be able to navigate back to the Home Page from the Item Details Page using the "Back" button.

### Related Files
- [main.py]
}
(End for Documents Relevant)

# Instruction: Based on the context, follow "Format example", write or revise code to complete task described in "coding sub-task".
## ATTENTION
1. Use '***' to SPLIT different CODE SECTIONS. do not forget ``` in each file, refer the the example. Output format carefully referenced "Format example".
2. Follow design: YOU MUST FOLLOW "Data structures and interfaces". DONT CHANGE ANY DESIGN. Do not use public member functions that do not exist in your design.
3. Follow task: YOU MUST write Comprehensive codes to complete the sub-task.
4. Understand "Documents Relevant to the sub-task": Use this document, along with the architecture and task plan, as guidelines to construct your code.
4. CAREFULLY CHECK THAT YOU DONT MISS ANY NECESSARY CLASS/FUNCTION IN THE FILE.
5. You must import the third-party libraries used in your code
6. If you import a Class, you must import it firstly.
7. Determine the order of writing the files based on your understanding of the project.
9. Write out EVERY CODE DETAIL, DON'T LEAVE TODO,PASS,PLACEHOLDER.
9. Only write code result, do not output any other content in the start or in the end.
10. If you need to generate text data, follow the rules outlined in "<When Storing Data>" below.
 <When storing data>:
Different groups of data are distinguished by line breaks.
Different contents of the same group of data are distinguished by |.
Within any single content that contains multiple sub-entries, those sub-entries are separated by commas ,.
Example:
admin1|pass123|entry1,entry2,entry3  
admin2|pass123|entry1
Make sure:
The | character is used only to separate distinct contents within a group.
Commas , are used exclusively to separate multiple sub-entries within a single content.

# Website Development Rule
If you are doing website development, be sure to route the root path (/). If there is a login page, set the login page as the root route(/).
If you are doing website development, please do not encrypt the account password for the login function.
If you are doing website development, your code needs to take into account the process of loading data from the data file, so don't forget to load the data.
If you are doing Website Development, do not follow the rules of Website and Game development.
# GUI tkinter Development Rule
If you are doing GUI tkinter Development, do not follow the rules of Website and Game development.
# Game Development Rule
If the software needs to load data, please make sure the loading data code matches the data format and data file.
If you are doing Game Development, do not follow the rules of Website and Game development.

# important rule
Use '***' to SPLIT CODE SECTIONS. do not forget ``` in each file, refer the the example. Output format carefully referenced "Format example". 
Adhere strictly to the task requirements and implement them fully; do not include placeholders or "example" for code that is intended for future implementation.

2025-01-01 Wednesday 12:01:21 _client.py : INFO  HTTP Request: POST https://api.chatanywhere.tech/chat/completions "HTTP/1.1 200 OK"
2025-01-01 Wednesday 12:01:21 model.py : INFO  following invoke cost: 4832 | all cost: 41666
2025-01-01 Wednesday 12:01:21 programmer.py : INFO  
*** main.py
```python
from flask import Flask, render_template, request, redirect, url_for, session
from user_manager import UserManager
from item_manager import ItemManager

app = Flask(__name__)
app.secret_key = 'your_secret_key'  # Change this to a random secret key

user_manager = UserManager()
item_manager = ItemManager()

@app.route('/')
def login():
    return render_template('login.html')

@app.route('/register', methods=['GET', 'POST'])
def register():
    if request.method == 'POST':
        username = request.form['username']
        password = request.form['password']
        user_manager.add_user(username, password)
        return redirect(url_for('login'))
    return render_template('register.html')

@app.route('/home', methods=['GET', 'POST'])
def home():
    if request.method == 'POST':
        query = request.form['search']
        items = item_manager.search_items(query)
    else:
        items = item_manager.load_items()
    return render_template('home.html', items=items)

@app.route('/item/<int:item_id>')
def item_details(item_id):
    item = item_manager.get_item(item_id)
    return render_template('item_details.html', item=item)

@app.route('/listing', methods=['GET', 'POST'])
def listing():
    if request.method == 'POST':
        name = request.form['name']
        description = request.form['description']
        price = float(request.form['price'])
        item_manager.add_item(name, description, price)
        return redirect(url_for('home'))
    return render_template('listing.html')

if __name__ == '__main__':
    user_manager.load_users()
    item_manager.load_items()
    app.run(debug=True)
```

*** user_manager.py
```python
class User:
    def __init__(self, username: str, password: str):
        self.username = username
        self.password = password

    def save(self) -> None:
        with open('users.txt', 'a') as f:
            f.write(f"{self.username}|{self.password}\n")

class UserManager:
    def __init__(self):
        self.users = []

    def load_users(self) -> None:
        try:
            with open('users.txt', 'r') as f:
                for line in f:
                    username, password = line.strip().split('|')
                    self.users.append(User(username, password))
        except FileNotFoundError:
            pass

    def add_user(self, username: str, password: str) -> None:
        new_user = User(username, password)
        new_user.save()
        self.users.append(new_user)

    def authenticate(self, username: str, password: str) -> bool:
        for user in self.users:
            if user.username == username and user.password == password:
                return True
        return False
```

*** item_manager.py
```python
class Item:
    def __init__(self, name: str, description: str, price: float):
        self.name = name
        self.description = description
        self.price = price

    def save(self) -> None:
        with open('items.txt', 'a') as f:
            f.write(f"{self.name}|{self.description}|{self.price}\n")

class ItemManager:
    def __init__(self):
        self.items = []

    def load_items(self) -> None:
        try:
            with open('items.txt', 'r') as f:
                for line in f:
                    name, description, price = line.strip().split('|')
                    self.items.append(Item(name, description, float(price)))
        except FileNotFoundError:
            pass

    def add_item(self, name: str, description: str, price: float) -> None:
        new_item = Item(name, description, price)
        new_item.save()
        self.items.append(new_item)

    def get_item(self, item_id: int) -> Item:
        return self.items[item_id] if 0 <= item_id < len(self.items) else None

    def search_items(self, query: str) -> list:
        return [item for item in self.items if query.lower() in item.name.lower()]
```

*** templates/item_details.html
```html
<!DOCTYPE html>
<html lang="en">
<head>
    <meta charset="UTF-8">
    <meta name="viewport" content="width=device-width, initial-scale=1.0">
    <title>Item Details</title>
</head>
<body>
    <h1>{{ item.name }}</h1>
    <p>Description: {{ item.description }}</p>
    <p>Price: ${{ item.price }}</p>
    <a href="/home">Back</a>
</body>
</html>
```
2025-01-01 Wednesday 12:01:21 programmer.py : INFO  **[Update Codes]**

main.py updated.


```
'''

'''

```
2025-01-01 Wednesday 12:01:21 programmer.py : INFO  **[Update Codes]**

user_manager.py updated.


```
'''

'''

```
2025-01-01 Wednesday 12:01:21 programmer.py : INFO  **[Update Codes]**

item_manager.py updated.


```
'''

'''

```
2025-01-01 Wednesday 12:01:21 programmer.py : INFO  **[Update Codes]**

templates/item_details.html updated.


```
'''

'''

```
2025-01-01 Wednesday 12:01:21 searcher.py : INFO  
You are an excellent software task-oriented analyst. Your task is to accurately extract and compile all relevant sections from the requirements document and user demands that are directly related to a given task description, and present them in a concise and well-organized document.


## This is the PRD you can retrieve, which contains functional requirements for the system:
[OUTPUT] ## general overview of the project The task is to develop a comprehensive web application, 'OnlineVintageMarket', for buying and selling vintage items that utilizes Python and stores information in local text files, eliminating the need for SQL databases. Note that the website should start from the login page. ## software functional requirements 1. Users shall be able to log in to their accounts on the Login Page. 2. Users shall be able to navigate to the Registration Page via the Register here link if they do not have an account. 3. Users shall be able to view available vintage items on the Home Page. 4. Users shall be able to search for specific vintage items by name using the search bar on the Home Page. 5. Users shall be able to view details of a selected item by clicking the "Item Details" button on the Home Page. 6. Users shall be able to create a new listing for vintage items by navigating to the Listing Page and entering the item name, description, and price. 7. Users shall be able to submit their item listings through the "Submit Listing" button on the Listing Page. 8. Users shall be able to view detailed information about a vintage item, including its title, description, and price, on the Item Details Page. 9. Users shall be able to navigate back to the Home Page from the Item Details Page using the "Back" button. [/OUTPUT]

## This is the user's original demand, which includes not only functional requirements but also other special requirements.
# Software Description

## Objective
The task is to develop a comprehensive web application, 'OnlineVintageMarket', for buying and selling vintage items that utilizes Python and stores information in local text files, eliminating the need for SQL databases. Note that the website should start from the login page.


## Core Features
Users shall be able to log in to their accounts on the Login Page.
Users shall be able to navigate to the Registration Page via the Register here link if they do not have an account.
Users shall be able to view available vintage items on the Home Page.
Users shall be able to search for specific vintage items by name using the search bar on the Home Page.
Users shall be able to view details of a selected item by clicking the "Item Details" button on the Home Page.
Users shall be able to create a new listing for vintage items by navigating to the Listing Page and entering the item name, description, and price.
Users shall be able to submit their item listings through the "Submit Listing" button on the Listing Page.
Users shall be able to view detailed information about a vintage item, including its title, description, and price, on the Item Details Page.
Users shall be able to navigate back to the Home Page from the Item Details Page using the "Back" button.

## Language

Use html and python to develop a web application.
You should use html to generate the web template by yourself.
## Data Storage
Data will be stored in local text files.
Different types of data will be stored in separate `.txt` files.
You should define the text file by yourself in advance.
This structured data storage will facilitate easy data retrieval and management through simple file manipulations in Python, ensuring the application remains light and efficient without the need for a SQL database.


## now, you get one following specific task:
Develop some features for a page where users can share items, allowing them to input information and post it somehow.

## Action
You should extract the sections directly related to the specific task described above from the two documents.
After extraction, integrate the relevant sections into a single output, ensuring duplicate content is removed.

Key Points:
The extracted content must remain unaltered. Do not modify any part of the retrieved sections.
Include only the necessary sections. Exclude any content you are certain is irrelevant to the current task.
Aim for conciseness: less is better.

2025-01-01 Wednesday 12:01:23 _client.py : INFO  HTTP Request: POST https://api.chatanywhere.tech/chat/completions "HTTP/1.1 200 OK"
2025-01-01 Wednesday 12:01:23 model.py : INFO  following invoke cost: 1126 | all cost: 42792
2025-01-01 Wednesday 12:01:23 searcher.py : INFO  retrievaled reslt is: 
## Extracted Relevant Sections for Item Sharing Features

### General Overview
The task is to develop a comprehensive web application, 'OnlineVintageMarket', for buying and selling vintage items that utilizes Python and stores information in local text files, eliminating the need for SQL databases. Note that the website should start from the login page.

### Software Functional Requirements
6. Users shall be able to create a new listing for vintage items by navigating to the Listing Page and entering the item name, description, and price.  
7. Users shall be able to submit their item listings through the "Submit Listing" button on the Listing Page.  

### Core Features
Users shall be able to create a new listing for vintage items by navigating to the Listing Page and entering the item name, description, and price.  
Users shall be able to submit their item listings through the "Submit Listing" button on the Listing Page.  

### Data Storage
Data will be stored in local text files.  
Different types of data will be stored in separate `.txt` files.  
You should define the text file by yourself in advance.  
This structured data storage will facilitate easy data retrieval and management through simple file manipulations in Python, ensuring the application remains light and efficient without the need for a SQL database.
2025-01-01 Wednesday 12:01:23 programmer.py : INFO  
You are a professional engineer; the main goal is to write google-style, elegant, modular, easy to read and maintain code.
Output format carefully referenced "Format example".
In addition to writing code, you may also need to complete the data files in the task list (such as .txt .json .csv files). If the task list requires the implementation of data files, you need to simply design some data that meets the requirements for your completed software to facilitate the startup and testing of the software as a demo.


# Context
## Design
[CONTENT] "Implementation approach": "We will use Flask as the web framework to create the web application. Flask is lightweight and suitable for building simple web applications. For the front-end, we will use HTML to create the necessary templates. The application will handle user authentication, item listings, and data storage using local text files.", "UI design":"- The application will have a Login Page for user authentication with fields for username and password. - A Registration Page will allow new users to create an account. - The Home Page will display available vintage items with a search bar. - An Item Details Page will show detailed information about a selected item. - A Listing Page will allow users to create new item listings with fields for item name, description, and price.", "Data Storage":"Data will be stored in local text files. Different types of data will be stored in separate `.txt` files. The following files will be used: `users.txt` for user data, `items.txt` for vintage item listings.", "File list": ["main.py", "templates/login.html", "templates/register.html", "templates/home.html", "templates/item_details.html", "templates/listing.html", "users.txt", "items.txt"], "Data structures and interfaces": " classDiagram     class User {         -username: str         -password: str         +__init__(username: str, password: str)         +save() -> None     }     class Item {         -name: str         -description: str         -price: float         +__init__(name: str, description: str, price: float)         +save() -> None     }     class UserManager {         -users: list[User]         +load_users() -> None         +add_user(user: User) -> None         +authenticate(username: str, password: str) -> bool     }     class ItemManager {         -items: list[Item]         +load_items() -> None         +add_item(item: Item) -> None         +search_items(query: str) -> list[Item]     }     class App {         +run() -> None         +login() -> None         +register() -> None         +home() -> None         +item_details(item_id: int) -> None         +listing() -> None     }     UserManager --> User     ItemManager --> Item     App --> UserManager     App --> ItemManager ", [/CONTENT]
## Whole Task Plan
{'Required packages': ['flask==1.1.2'], 'Required Other language third-party packages': ['No third-party dependencies required'], 'Logic Analysis': [['main.py', 'The main file of the application, responsible for initializing the Flask app and routing. Contains the App class and methods for login, registration, home, item details, and listing.'], ['templates/login.html', 'HTML template for the Login Page, includes form for username and password.'], ['templates/register.html', 'HTML template for the Registration Page, includes form for new user registration.'], ['templates/home.html', 'HTML template for the Home Page, displays available vintage items and includes a search bar.'], ['templates/item_details.html', 'HTML template for the Item Details Page, shows detailed information about a selected item.'], ['templates/listing.html', 'HTML template for the Listing Page, allows users to create new item listings.']], 'Task list': {'T0': '|Set up Flask application and routing.|Initialize Flask app in main.py, set up routes for login, registration, home, item details, and listing.|[]|related files:["main.py"]', 'T1': '|Implement user authentication.|Create User and UserManager classes, implement login and registration logic, and handle user data storage in users.txt.|[T0]|related files:[main.py]', 'T2': '|Create HTML templates for user interface.|Develop login.html, register.html, home.html, item_details.html, and listing.html templates for the application.|[T0]|related files:[templates/login.html, templates/register.html, templates/home.html, templates/item_details.html, templates/listing.html]', 'T3': '|Implement item management functionality.|Create Item and ItemManager classes, implement item listing, searching, and storage in items.txt.|[T0]|related files:[main.py]', 'T4': '|Develop Home Page functionality.|Implement logic to display available vintage items and search functionality on the Home Page.|[T1, T3]|related files:[main.py]', 'T5': '|Implement Item Details Page functionality.|Create logic to display detailed information about a selected item from the Home Page.|[T4]|related files:[main.py]', 'T6': 'Develop some features for a page where users can share items, allowing them to input information and post it somehow.'}, 'Full API spec': '', 'Shared Knowledge': '`main.py` contains the main application logic and routing for the web application.'}

## files(already available)
file name: main.py

from flask import Flask, render_template, request, redirect, url_for, session
from user_manager import UserManager
from item_manager import ItemManager

app = Flask(__name__)
app.secret_key = 'your_secret_key'  # Change this to a random secret key

user_manager = UserManager()
item_manager = ItemManager()

@app.route('/')
def login():
    return render_template('login.html')

@app.route('/register', methods=['GET', 'POST'])
def register():
    if request.method == 'POST':
        username = request.form['username']
        password = request.form['password']
        user_manager.add_user(username, password)
        return redirect(url_for('login'))
    return render_template('register.html')

@app.route('/home', methods=['GET', 'POST'])
def home():
    if request.method == 'POST':
        query = request.form['search']
        items = item_manager.search_items(query)
    else:
        items = item_manager.load_items()
    return render_template('home.html', items=items)

@app.route('/item/<int:item_id>')
def item_details(item_id):
    item = item_manager.get_item(item_id)
    return render_template('item_details.html', item=item)

@app.route('/listing', methods=['GET', 'POST'])
def listing():
    if request.method == 'POST':
        name = request.form['name']
        description = request.form['description']
        price = float(request.form['price'])
        item_manager.add_item(name, description, price)
        return redirect(url_for('home'))
    return render_template('listing.html')

if __name__ == '__main__':
    user_manager.load_users()
    item_manager.load_items()
    app.run(debug=True)

file name: user_manager.py

class User:
    def __init__(self, username: str, password: str):
        self.username = username
        self.password = password

    def save(self) -> None:
        with open('users.txt', 'a') as f:
            f.write(f"{self.username}|{self.password}\n")

class UserManager:
    def __init__(self):
        self.users = []

    def load_users(self) -> None:
        try:
            with open('users.txt', 'r') as f:
                for line in f:
                    username, password = line.strip().split('|')
                    self.users.append(User(username, password))
        except FileNotFoundError:
            pass

    def add_user(self, username: str, password: str) -> None:
        new_user = User(username, password)
        new_user.save()
        self.users.append(new_user)

    def authenticate(self, username: str, password: str) -> bool:
        for user in self.users:
            if user.username == username and user.password == password:
                return True
        return False

file name: item_manager.py

class Item:
    def __init__(self, name: str, description: str, price: float):
        self.name = name
        self.description = description
        self.price = price

    def save(self) -> None:
        with open('items.txt', 'a') as f:
            f.write(f"{self.name}|{self.description}|{self.price}\n")

class ItemManager:
    def __init__(self):
        self.items = []

    def load_items(self) -> None:
        try:
            with open('items.txt', 'r') as f:
                for line in f:
                    name, description, price = line.strip().split('|')
                    self.items.append(Item(name, description, float(price)))
        except FileNotFoundError:
            pass

    def add_item(self, name: str, description: str, price: float) -> None:
        new_item = Item(name, description, price)
        new_item.save()
        self.items.append(new_item)

    def get_item(self, item_id: int) -> Item:
        return self.items[item_id] if 0 <= item_id < len(self.items) else None

    def search_items(self, query: str) -> list:
        return [item for item in self.items if query.lower() in item.name.lower()]

file name: templates/login.html

<!DOCTYPE html>
<html lang="en">
<head>
    <meta charset="UTF-8">
    <meta name="viewport" content="width=device-width, initial-scale=1.0">
    <title>Login</title>
</head>
<body>
    <h1>Login</h1>
    <form method="POST" action="/login">
        <label for="username">Username:</label>
        <input type="text" id="username" name="username" required>
        <label for="password">Password:</label>
        <input type="password" id="password" name="password" required>
        <button type="submit">Login</button>
    </form>
    <a href="/register">Register here</a>
</body>
</html>

file name: templates/register.html

<!DOCTYPE html>
<html lang="en">
<head>
    <meta charset="UTF-8">
    <meta name="viewport" content="width=device-width, initial-scale=1.0">
    <title>Register</title>
</head>
<body>
    <h1>Register</h1>
    <form method="POST" action="/register">
        <label for="username">Username:</label>
        <input type="text" id="username" name="username" required>
        <label for="password">Password:</label>
        <input type="password" id="password" name="password" required>
        <button type="submit">Register</button>
    </form>
</body>
</html>

file name: templates/home.html

<!DOCTYPE html>
<html lang="en">
<head>
    <meta charset="UTF-8">
    <meta name="viewport" content="width=device-width, initial-scale=1.0">
    <title>Home</title>
</head>
<body>
    <h1>Available Vintage Items</h1>
    <form method="POST" action="/home">
        <input type="text" name="search" placeholder="Search items..." required>
        <button type="submit">Search</button>
    </form>
    <ul>
        {% for item in items %}
            <li>
                <a href="{{ url_for('item_details', item_id=loop.index0) }}">{{ item.name }}</a>
            </li>
        {% endfor %}
    </ul>
    <a href="/listing">Create New Listing</a>
</body>
</html>

file name: templates/item_details.html

<!DOCTYPE html>
<html lang="en">
<head>
    <meta charset="UTF-8">
    <meta name="viewport" content="width=device-width, initial-scale=1.0">
    <title>Item Details</title>
</head>
<body>
    <h1>{{ item.name }}</h1>
    <p>Description: {{ item.description }}</p>
    <p>Price: ${{ item.price }}</p>
    <a href="/home">Back</a>
</body>
</html>

file name: templates/listing.html

<!DOCTYPE html>
<html lang="en">
<head>
    <meta charset="UTF-8">
    <meta name="viewport" content="width=device-width, initial-scale=1.0">
    <title>Create Listing</title>
</head>
<body>
    <h1>Create New Listing</h1>
    <form method="POST" action="/listing">
        <label for="name">Item Name:</label>
        <input type="text" id="name" name="name" required>
        <label for="description">Description:</label>
        <textarea id="description" name="description" required></textarea>
        <label for="price">Price:</label>
        <input type="number" id="price" name="price" step="0.01" required>
        <button type="submit">Create Listing</button>
    </form>
    <a href="/home">Back</a>
</body>
</html>

file name: users.txt

admin|pass123
user1|pass456

file name: items.txt

Vintage Clock|A beautiful vintage clock from the 1960s|50.00
Antique Vase|An exquisite vase from the Ming Dynasty|150.00


-----
# Format Example 
*** main.py
```python
...
```

*** ui.py
```python
...
```
-----
## coding sub-task
T6:Develop some features for a page where users can share items, allowing them to input information and post it somehow.

## Documents Relevant to the sub-task
{
## Extracted Relevant Sections for Item Sharing Features

### General Overview
The task is to develop a comprehensive web application, 'OnlineVintageMarket', for buying and selling vintage items that utilizes Python and stores information in local text files, eliminating the need for SQL databases. Note that the website should start from the login page.

### Software Functional Requirements
6. Users shall be able to create a new listing for vintage items by navigating to the Listing Page and entering the item name, description, and price.  
7. Users shall be able to submit their item listings through the "Submit Listing" button on the Listing Page.  

### Core Features
Users shall be able to create a new listing for vintage items by navigating to the Listing Page and entering the item name, description, and price.  
Users shall be able to submit their item listings through the "Submit Listing" button on the Listing Page.  

### Data Storage
Data will be stored in local text files.  
Different types of data will be stored in separate `.txt` files.  
You should define the text file by yourself in advance.  
This structured data storage will facilitate easy data retrieval and management through simple file manipulations in Python, ensuring the application remains light and efficient without the need for a SQL database.
}
(End for Documents Relevant)

# Instruction: Based on the context, follow "Format example", write or revise code to complete task described in "coding sub-task".
## ATTENTION
1. Use '***' to SPLIT different CODE SECTIONS. do not forget ``` in each file, refer the the example. Output format carefully referenced "Format example".
2. Follow design: YOU MUST FOLLOW "Data structures and interfaces". DONT CHANGE ANY DESIGN. Do not use public member functions that do not exist in your design.
3. Follow task: YOU MUST write Comprehensive codes to complete the sub-task.
4. Understand "Documents Relevant to the sub-task": Use this document, along with the architecture and task plan, as guidelines to construct your code.
4. CAREFULLY CHECK THAT YOU DONT MISS ANY NECESSARY CLASS/FUNCTION IN THE FILE.
5. You must import the third-party libraries used in your code
6. If you import a Class, you must import it firstly.
7. Determine the order of writing the files based on your understanding of the project.
9. Write out EVERY CODE DETAIL, DON'T LEAVE TODO,PASS,PLACEHOLDER.
9. Only write code result, do not output any other content in the start or in the end.
10. If you need to generate text data, follow the rules outlined in "<When Storing Data>" below.
 <When storing data>:
Different groups of data are distinguished by line breaks.
Different contents of the same group of data are distinguished by |.
Within any single content that contains multiple sub-entries, those sub-entries are separated by commas ,.
Example:
admin1|pass123|entry1,entry2,entry3  
admin2|pass123|entry1
Make sure:
The | character is used only to separate distinct contents within a group.
Commas , are used exclusively to separate multiple sub-entries within a single content.

# Website Development Rule
If you are doing website development, be sure to route the root path (/). If there is a login page, set the login page as the root route(/).
If you are doing website development, please do not encrypt the account password for the login function.
If you are doing website development, your code needs to take into account the process of loading data from the data file, so don't forget to load the data.
If you are doing Website Development, do not follow the rules of Website and Game development.
# GUI tkinter Development Rule
If you are doing GUI tkinter Development, do not follow the rules of Website and Game development.
# Game Development Rule
If the software needs to load data, please make sure the loading data code matches the data format and data file.
If you are doing Game Development, do not follow the rules of Website and Game development.

# important rule
Use '***' to SPLIT CODE SECTIONS. do not forget ``` in each file, refer the the example. Output format carefully referenced "Format example". 
Adhere strictly to the task requirements and implement them fully; do not include placeholders or "example" for code that is intended for future implementation.

2025-01-01 Wednesday 12:01:35 _client.py : INFO  HTTP Request: POST https://api.chatanywhere.tech/chat/completions "HTTP/1.1 200 OK"
2025-01-01 Wednesday 12:01:35 model.py : INFO  following invoke cost: 5625 | all cost: 48417
2025-01-01 Wednesday 12:01:35 programmer.py : INFO  
*** main.py
```python
from flask import Flask, render_template, request, redirect, url_for, session
from user_manager import UserManager
from item_manager import ItemManager

app = Flask(__name__)
app.secret_key = 'your_secret_key'  # Change this to a random secret key

user_manager = UserManager()
item_manager = ItemManager()

@app.route('/')
def login():
    return render_template('login.html')

@app.route('/register', methods=['GET', 'POST'])
def register():
    if request.method == 'POST':
        username = request.form['username']
        password = request.form['password']
        user_manager.add_user(username, password)
        return redirect(url_for('login'))
    return render_template('register.html')

@app.route('/home', methods=['GET', 'POST'])
def home():
    if request.method == 'POST':
        query = request.form['search']
        items = item_manager.search_items(query)
    else:
        items = item_manager.load_items()
    return render_template('home.html', items=items)

@app.route('/item/<int:item_id>')
def item_details(item_id):
    item = item_manager.get_item(item_id)
    return render_template('item_details.html', item=item)

@app.route('/listing', methods=['GET', 'POST'])
def listing():
    if request.method == 'POST':
        name = request.form['name']
        description = request.form['description']
        price = float(request.form['price'])
        item_manager.add_item(name, description, price)
        return redirect(url_for('home'))
    return render_template('listing.html')

if __name__ == '__main__':
    user_manager.load_users()
    item_manager.load_items()
    app.run(debug=True)
```

*** user_manager.py
```python
class User:
    def __init__(self, username: str, password: str):
        self.username = username
        self.password = password

    def save(self) -> None:
        with open('users.txt', 'a') as f:
            f.write(f"{self.username}|{self.password}\n")

class UserManager:
    def __init__(self):
        self.users = []

    def load_users(self) -> None:
        try:
            with open('users.txt', 'r') as f:
                for line in f:
                    username, password = line.strip().split('|')
                    self.users.append(User(username, password))
        except FileNotFoundError:
            pass

    def add_user(self, username: str, password: str) -> None:
        new_user = User(username, password)
        new_user.save()
        self.users.append(new_user)

    def authenticate(self, username: str, password: str) -> bool:
        for user in self.users:
            if user.username == username and user.password == password:
                return True
        return False
```

*** item_manager.py
```python
class Item:
    def __init__(self, name: str, description: str, price: float):
        self.name = name
        self.description = description
        self.price = price

    def save(self) -> None:
        with open('items.txt', 'a') as f:
            f.write(f"{self.name}|{self.description}|{self.price}\n")

class ItemManager:
    def __init__(self):
        self.items = []

    def load_items(self) -> None:
        try:
            with open('items.txt', 'r') as f:
                for line in f:
                    name, description, price = line.strip().split('|')
                    self.items.append(Item(name, description, float(price)))
        except FileNotFoundError:
            pass

    def add_item(self, name: str, description: str, price: float) -> None:
        new_item = Item(name, description, price)
        new_item.save()
        self.items.append(new_item)

    def get_item(self, item_id: int) -> Item:
        return self.items[item_id] if 0 <= item_id < len(self.items) else None

    def search_items(self, query: str) -> list:
        return [item for item in self.items if query.lower() in item.name.lower()]
```

*** templates/login.html
```html
<!DOCTYPE html>
<html lang="en">
<head>
    <meta charset="UTF-8">
    <meta name="viewport" content="width=device-width, initial-scale=1.0">
    <title>Login</title>
</head>
<body>
    <h1>Login</h1>
    <form method="POST" action="/login">
        <label for="username">Username:</label>
        <input type="text" id="username" name="username" required>
        <label for="password">Password:</label>
        <input type="password" id="password" name="password" required>
        <button type="submit">Login</button>
    </form>
    <a href="/register">Register here</a>
</body>
</html>
```

*** templates/register.html
```html
<!DOCTYPE html>
<html lang="en">
<head>
    <meta charset="UTF-8">
    <meta name="viewport" content="width=device-width, initial-scale=1.0">
    <title>Register</title>
</head>
<body>
    <h1>Register</h1>
    <form method="POST" action="/register">
        <label for="username">Username:</label>
        <input type="text" id="username" name="username" required>
        <label for="password">Password:</label>
        <input type="password" id="password" name="password" required>
        <button type="submit">Register</button>
    </form>
</body>
</html>
```

*** templates/home.html
```html
<!DOCTYPE html>
<html lang="en">
<head>
    <meta charset="UTF-8">
    <meta name="viewport" content="width=device-width, initial-scale=1.0">
    <title>Home</title>
</head>
<body>
    <h1>Available Vintage Items</h1>
    <form method="POST" action="/home">
        <input type="text" name="search" placeholder="Search items..." required>
        <button type="submit">Search</button>
    </form>
    <ul>
        {% for item in items %}
            <li>
                <a href="{{ url_for('item_details', item_id=loop.index0) }}">{{ item.name }}</a>
            </li>
        {% endfor %}
    </ul>
    <a href="/listing">Create New Listing</a>
</body>
</html>
```

*** templates/item_details.html
```html
<!DOCTYPE html>
<html lang="en">
<head>
    <meta charset="UTF-8">
    <meta name="viewport" content="width=device-width, initial-scale=1.0">
    <title>Item Details</title>
</head>
<body>
    <h1>{{ item.name }}</h1>
    <p>Description: {{ item.description }}</p>
    <p>Price: ${{ item.price }}</p>
    <a href="/home">Back</a>
</body>
</html>
```

*** templates/listing.html
```html
<!DOCTYPE html>
<html lang="en">
<head>
    <meta charset="UTF-8">
    <meta name="viewport" content="width=device-width, initial-scale=1.0">
    <title>Create Listing</title>
</head>
<body>
    <h1>Create New Listing</h1>
    <form method="POST" action="/listing">
        <label for="name">Item Name:</label>
        <input type="text" id="name" name="name" required>
        <label for="description">Description:</label>
        <textarea id="description" name="description" required></textarea>
        <label for="price">Price:</label>
        <input type="number" id="price" name="price" step="0.01" required>
        <button type="submit">Create Listing</button>
    </form>
    <a href="/home">Back</a>
</body>
</html>
```

*** users.txt
```
admin|pass123
user1|pass456
```

*** items.txt
```
Vintage Clock|A beautiful vintage clock from the 1960s|50.00
Antique Vase|An exquisite vase from the Ming Dynasty|150.00
```
2025-01-01 Wednesday 12:01:35 programmer.py : INFO  **[Update Codes]**

main.py updated.


```
'''

'''

```
2025-01-01 Wednesday 12:01:35 programmer.py : INFO  **[Update Codes]**

user_manager.py updated.


```
'''

'''

```
2025-01-01 Wednesday 12:01:35 programmer.py : INFO  **[Update Codes]**

item_manager.py updated.


```
'''

'''

```
2025-01-01 Wednesday 12:01:35 programmer.py : INFO  **[Update Codes]**

templates/login.html updated.


```
'''

'''

```
2025-01-01 Wednesday 12:01:35 programmer.py : INFO  **[Update Codes]**

templates/register.html updated.


```
'''

'''

```
2025-01-01 Wednesday 12:01:35 programmer.py : INFO  **[Update Codes]**

templates/home.html updated.


```
'''

'''

```
2025-01-01 Wednesday 12:01:35 programmer.py : INFO  **[Update Codes]**

templates/item_details.html updated.


```
'''

'''

```
2025-01-01 Wednesday 12:01:35 programmer.py : INFO  **[Update Codes]**

templates/listing.html updated.


```
'''

'''

```
2025-01-01 Wednesday 12:01:35 programmer.py : INFO  **[Update Codes]**

users.txt updated.


```
'''

'''

```
2025-01-01 Wednesday 12:01:35 programmer.py : INFO  **[Update Codes]**

items.txt updated.


```
'''

'''

```
2025-01-01 Wednesday 12:01:35 programmer.py : INFO  




2025-01-01 Wednesday 12:01:35 programmer.py : INFO  *** main.py
```placeholder
from flask import Flask, render_template, request, redirect, url_for, session
from user_manager import UserManager
from item_manager import ItemManager

app = Flask(__name__)
app.secret_key = 'your_secret_key'  # Change this to a random secret key

user_manager = UserManager()
item_manager = ItemManager()

@app.route('/')
def login():
    return render_template('login.html')

@app.route('/register', methods=['GET', 'POST'])
def register():
    if request.method == 'POST':
        username = request.form['username']
        password = request.form['password']
        user_manager.add_user(username, password)
        return redirect(url_for('login'))
    return render_template('register.html')

@app.route('/home', methods=['GET', 'POST'])
def home():
    if request.method == 'POST':
        query = request.form['search']
        items = item_manager.search_items(query)
    else:
        items = item_manager.load_items()
    return render_template('home.html', items=items)

@app.route('/item/<int:item_id>')
def item_details(item_id):
    item = item_manager.get_item(item_id)
    return render_template('item_details.html', item=item)

@app.route('/listing', methods=['GET', 'POST'])
def listing():
    if request.method == 'POST':
        name = request.form['name']
        description = request.form['description']
        price = float(request.form['price'])
        item_manager.add_item(name, description, price)
        return redirect(url_for('home'))
    return render_template('listing.html')

if __name__ == '__main__':
    user_manager.load_users()
    item_manager.load_items()
    app.run(debug=True)
```

*** user_manager.py
```placeholder
class User:
    def __init__(self, username: str, password: str):
        self.username = username
        self.password = password

    def save(self) -> None:
        with open('users.txt', 'a') as f:
            f.write(f"{self.username}|{self.password}\n")

class UserManager:
    def __init__(self):
        self.users = []

    def load_users(self) -> None:
        try:
            with open('users.txt', 'r') as f:
                for line in f:
                    username, password = line.strip().split('|')
                    self.users.append(User(username, password))
        except FileNotFoundError:
            pass

    def add_user(self, username: str, password: str) -> None:
        new_user = User(username, password)
        new_user.save()
        self.users.append(new_user)

    def authenticate(self, username: str, password: str) -> bool:
        for user in self.users:
            if user.username == username and user.password == password:
                return True
        return False
```

*** item_manager.py
```placeholder
class Item:
    def __init__(self, name: str, description: str, price: float):
        self.name = name
        self.description = description
        self.price = price

    def save(self) -> None:
        with open('items.txt', 'a') as f:
            f.write(f"{self.name}|{self.description}|{self.price}\n")

class ItemManager:
    def __init__(self):
        self.items = []

    def load_items(self) -> None:
        try:
            with open('items.txt', 'r') as f:
                for line in f:
                    name, description, price = line.strip().split('|')
                    self.items.append(Item(name, description, float(price)))
        except FileNotFoundError:
            pass

    def add_item(self, name: str, description: str, price: float) -> None:
        new_item = Item(name, description, price)
        new_item.save()
        self.items.append(new_item)

    def get_item(self, item_id: int) -> Item:
        return self.items[item_id] if 0 <= item_id < len(self.items) else None

    def search_items(self, query: str) -> list:
        return [item for item in self.items if query.lower() in item.name.lower()]
```

*** templates/login.html
```placeholder
<!DOCTYPE html>
<html lang="en">
<head>
    <meta charset="UTF-8">
    <meta name="viewport" content="width=device-width, initial-scale=1.0">
    <title>Login</title>
</head>
<body>
    <h1>Login</h1>
    <form method="POST" action="/login">
        <label for="username">Username:</label>
        <input type="text" id="username" name="username" required>
        <label for="password">Password:</label>
        <input type="password" id="password" name="password" required>
        <button type="submit">Login</button>
    </form>
    <a href="/register">Register here</a>
</body>
</html>
```

*** templates/register.html
```placeholder
<!DOCTYPE html>
<html lang="en">
<head>
    <meta charset="UTF-8">
    <meta name="viewport" content="width=device-width, initial-scale=1.0">
    <title>Register</title>
</head>
<body>
    <h1>Register</h1>
    <form method="POST" action="/register">
        <label for="username">Username:</label>
        <input type="text" id="username" name="username" required>
        <label for="password">Password:</label>
        <input type="password" id="password" name="password" required>
        <button type="submit">Register</button>
    </form>
</body>
</html>
```

*** templates/home.html
```placeholder
<!DOCTYPE html>
<html lang="en">
<head>
    <meta charset="UTF-8">
    <meta name="viewport" content="width=device-width, initial-scale=1.0">
    <title>Home</title>
</head>
<body>
    <h1>Available Vintage Items</h1>
    <form method="POST" action="/home">
        <input type="text" name="search" placeholder="Search items..." required>
        <button type="submit">Search</button>
    </form>
    <ul>
        {% for item in items %}
            <li>
                <a href="{{ url_for('item_details', item_id=loop.index0) }}">{{ item.name }}</a>
            </li>
        {% endfor %}
    </ul>
    <a href="/listing">Create New Listing</a>
</body>
</html>
```

*** templates/item_details.html
```placeholder
<!DOCTYPE html>
<html lang="en">
<head>
    <meta charset="UTF-8">
    <meta name="viewport" content="width=device-width, initial-scale=1.0">
    <title>Item Details</title>
</head>
<body>
    <h1>{{ item.name }}</h1>
    <p>Description: {{ item.description }}</p>
    <p>Price: ${{ item.price }}</p>
    <a href="/home">Back</a>
</body>
</html>
```

*** templates/listing.html
```placeholder
<!DOCTYPE html>
<html lang="en">
<head>
    <meta charset="UTF-8">
    <meta name="viewport" content="width=device-width, initial-scale=1.0">
    <title>Create Listing</title>
</head>
<body>
    <h1>Create New Listing</h1>
    <form method="POST" action="/listing">
        <label for="name">Item Name:</label>
        <input type="text" id="name" name="name" required>
        <label for="description">Description:</label>
        <textarea id="description" name="description" required></textarea>
        <label for="price">Price:</label>
        <input type="number" id="price" name="price" step="0.01" required>
        <button type="submit">Create Listing</button>
    </form>
    <a href="/home">Back</a>
</body>
</html>
```

*** users.txt
```placeholder
admin|pass123
user1|pass456
```

*** items.txt
```placeholder
Vintage Clock|A beautiful vintage clock from the 1960s|50.00
Antique Vase|An exquisite vase from the Ming Dynasty|150.00
```


2025-01-01 Wednesday 12:01:35 programmer.py : INFO  Programmer writting CODE: main.py
2025-01-01 Wednesday 12:01:35 programmer.py : INFO  Programmer writting CODE: user_manager.py
2025-01-01 Wednesday 12:01:35 programmer.py : INFO  Programmer writting CODE: item_manager.py
2025-01-01 Wednesday 12:01:35 programmer.py : INFO  Programmer writting CODE: templates/login.html
2025-01-01 Wednesday 12:01:35 programmer.py : INFO  Programmer writting CODE: templates/register.html
2025-01-01 Wednesday 12:01:35 programmer.py : INFO  Programmer writting CODE: templates/home.html
2025-01-01 Wednesday 12:01:35 programmer.py : INFO  Programmer writting CODE: templates/item_details.html
2025-01-01 Wednesday 12:01:35 programmer.py : INFO  Programmer writting CODE: templates/listing.html
2025-01-01 Wednesday 12:01:35 programmer.py : INFO  Programmer writting CODE: users.txt
2025-01-01 Wednesday 12:01:35 programmer.py : INFO  Programmer writting CODE: items.txt
2025-01-01 Wednesday 12:01:46 _client.py : INFO  HTTP Request: POST https://api.chatanywhere.tech/chat/completions "HTTP/1.1 200 OK"
2025-01-01 Wednesday 12:03:01 ceaug_main.py : INFO  unit_test_result{'category': 'website', 'project_name': 'ce_0', 'passed': 1, 'failed': 6, 'errors': 3, 'total': 10, 'output': 'EFFEFF.FFE\n======================================================================\nERROR: test_create_new_listing (testcode.TestOnlineVintageMarket.test_create_new_listing)\n----------------------------------------------------------------------\nTraceback (most recent call last):\n  File "D:\\Project\\CE\\CE\\project\\website\\OnlineVintageMarket\\ce\\ce_0\\code\\testcode.py", line 72, in test_create_new_listing\n    self.driver.find_element(By.LINK_TEXT, \'Create New Listing\').click()\n    ^^^^^^^^^^^^^^^^^^^^^^^^^^^^^^^^^^^^^^^^^^^^^^^^^^^^^^^^^^^^\n  File "C:\\Users\\25929\\.conda\\envs\\mfg\\Lib\\site-packages\\selenium\\webdriver\\remote\\webdriver.py", line 770, in find_element\n    return self.execute(Command.FIND_ELEMENT, {"using": by, "value": value})["value"]\n           ^^^^^^^^^^^^^^^^^^^^^^^^^^^^^^^^^^^^^^^^^^^^^^^^^^^^^^^^^^^^^^^^^\n  File "C:\\Users\\25929\\.conda\\envs\\mfg\\Lib\\site-packages\\selenium\\webdriver\\remote\\webdriver.py", line 384, in execute\n    self.error_handler.check_response(response)\n  File "C:\\Users\\25929\\.conda\\envs\\mfg\\Lib\\site-packages\\selenium\\webdriver\\remote\\errorhandler.py", line 232, in check_response\n    raise exception_class(message, screen, stacktrace)\nselenium.common.exceptions.NoSuchElementException: Message: no such element: Unable to locate element: {"method":"link text","selector":"Create New Listing"}\n  (Session info: chrome=131.0.6778.205); For documentation on this error, please visit: https://www.selenium.dev/documentation/webdriver/troubleshooting/errors#no-such-element-exception\nStacktrace:\n======================================================================\nERROR: test_search_for_specific_vintage_item (testcode.TestOnlineVintageMarket.test_search_for_specific_vintage_item)\n----------------------------------------------------------------------\nTraceback (most recent call last):\n  File "D:\\Project\\CE\\CE\\project\\website\\OnlineVintageMarket\\ce\\ce_0\\code\\testcode.py", line 57, in test_search_for_specific_vintage_item\n    self.driver.find_element(By.NAME, \'search\').send_keys("Vintage Clock")\n    ^^^^^^^^^^^^^^^^^^^^^^^^^^^^^^^^^^^^^^^^^^^\n  File "C:\\Users\\25929\\.conda\\envs\\mfg\\Lib\\site-packages\\selenium\\webdriver\\remote\\webdriver.py", line 770, in find_element\n    return self.execute(Command.FIND_ELEMENT, {"using": by, "value": value})["value"]\n           ^^^^^^^^^^^^^^^^^^^^^^^^^^^^^^^^^^^^^^^^^^^^^^^^^^^^^^^^^^^^^^^^^\n  File "C:\\Users\\25929\\.conda\\envs\\mfg\\Lib\\site-packages\\selenium\\webdriver\\remote\\webdriver.py", line 384, in execute\n    self.error_handler.check_response(response)\n  File "C:\\Users\\25929\\.conda\\envs\\mfg\\Lib\\site-packages\\selenium\\webdriver\\remote\\errorhandler.py", line 232, in check_response\n    raise exception_class(message, screen, stacktrace)\nselenium.common.exceptions.NoSuchElementException: Message: no such element: Unable to locate element: {"method":"css selector","selector":"[name="search"]"}\n  (Session info: chrome=131.0.6778.205); For documentation on this error, please visit: https://www.selenium.dev/documentation/webdriver/troubleshooting/errors#no-such-element-exception\nStacktrace:\n======================================================================\nERROR: test_view_details_of_selected_item (testcode.TestOnlineVintageMarket.test_view_details_of_selected_item)\n----------------------------------------------------------------------\nTraceback (most recent call last):\n  File "D:\\Project\\CE\\CE\\project\\website\\OnlineVintageMarket\\ce\\ce_0\\code\\testcode.py", line 65, in test_view_details_of_selected_item\n    self.driver.find_element(By.LINK_TEXT, \'Vintage Clock\').click()\n    ^^^^^^^^^^^^^^^^^^^^^^^^^^^^^^^^^^^^^^^^^^^^^^^^^^^^^^^\n  File "C:\\Users\\25929\\.conda\\envs\\mfg\\Lib\\site-packages\\selenium\\webdriver\\remote\\webdriver.py", line 770, in find_element\n    return self.execute(Command.FIND_ELEMENT, {"using": by, "value": value})["value"]\n           ^^^^^^^^^^^^^^^^^^^^^^^^^^^^^^^^^^^^^^^^^^^^^^^^^^^^^^^^^^^^^^^^^\n  File "C:\\Users\\25929\\.conda\\envs\\mfg\\Lib\\site-packages\\selenium\\webdriver\\remote\\webdriver.py", line 384, in execute\n    self.error_handler.check_response(response)\n  File "C:\\Users\\25929\\.conda\\envs\\mfg\\Lib\\site-packages\\selenium\\webdriver\\remote\\errorhandler.py", line 232, in check_response\n    raise exception_class(message, screen, stacktrace)\nselenium.common.exceptions.NoSuchElementException: Message: no such element: Unable to locate element: {"method":"link text","selector":"Vintage Clock"}\n  (Session info: chrome=131.0.6778.205); For documentation on this error, please visit: https://www.selenium.dev/documentation/webdriver/troubleshooting/errors#no-such-element-exception\nStacktrace:\n======================================================================\nFAIL: test_data_storage_in_local_text_files (testcode.TestOnlineVintageMarket.test_data_storage_in_local_text_files)\n----------------------------------------------------------------------\nTraceback (most recent call last):\n  File "D:\\Project\\CE\\CE\\project\\website\\OnlineVintageMarket\\ce\\ce_0\\code\\testcode.py", line 97, in test_data_storage_in_local_text_files\n    self.fail("Not implemented")\nAssertionError: Not implemented\n======================================================================\nFAIL: test_navigate_back_to_home_page (testcode.TestOnlineVintageMarket.test_navigate_back_to_home_page)\n----------------------------------------------------------------------\nTraceback (most recent call last):\n  File "D:\\Project\\CE\\CE\\project\\website\\OnlineVintageMarket\\ce\\ce_0\\code\\testcode.py", line 93, in test_navigate_back_to_home_page\n    self.fail("Not implemented")\nAssertionError: Not implemented\n======================================================================\nFAIL: test_submit_item_listing (testcode.TestOnlineVintageMarket.test_submit_item_listing)\n----------------------------------------------------------------------\nTraceback (most recent call last):\n  File "D:\\Project\\CE\\CE\\project\\website\\OnlineVintageMarket\\ce\\ce_0\\code\\testcode.py", line 85, in test_submit_item_listing\n    self.fail("Not implemented")\nAssertionError: Not implemented\n======================================================================\nFAIL: test_user_login (testcode.TestOnlineVintageMarket.test_user_login)\n----------------------------------------------------------------------\nTraceback (most recent call last):\n  File "D:\\Project\\CE\\CE\\project\\website\\OnlineVintageMarket\\ce\\ce_0\\code\\testcode.py", line 31, in test_user_login\n    self.assertIn("Home", self.driver.title)\nAssertionError: \'Home\' not found in \'404 Not Found\'\n======================================================================\nFAIL: test_view_available_vintage_items (testcode.TestOnlineVintageMarket.test_view_available_vintage_items)\n----------------------------------------------------------------------\nTraceback (most recent call last):\n  File "D:\\Project\\CE\\CE\\project\\website\\OnlineVintageMarket\\ce\\ce_0\\code\\testcode.py", line 52, in test_view_available_vintage_items\n    self.assertGreater(len(items), 0, "No vintage items found.")\nAssertionError: 0 not greater than 0 : No vintage items found.\n======================================================================\nFAIL: test_view_detailed_information_about_item (testcode.TestOnlineVintageMarket.test_view_detailed_information_about_item)\n----------------------------------------------------------------------\nTraceback (most recent call last):\n  File "D:\\Project\\CE\\CE\\project\\website\\OnlineVintageMarket\\ce\\ce_0\\code\\testcode.py", line 89, in test_view_detailed_information_about_item\n    self.fail("Not implemented")\nAssertionError: Not implemented\n----------------------------------------------------------------------\nRan 10 tests in 75.273s\nFAILED (failures=6, errors=3)'}
2025-01-01 Wednesday 12:03:09 _client.py : INFO  HTTP Request: POST https://api.chatanywhere.tech/chat/completions "HTTP/1.1 200 OK"
2025-01-01 Wednesday 12:03:09 ceaug_main.py : INFO  {'role': 'user', 'content': 'You are a software test analyst. Please help me analyze the code of a project.\n        Here is the entire codebase for a project: --- DIRECTORY: D:/Project/CE/CE/project/website/OnlineVintageMarket/ce\\ce_0\\code ---\n  --- FILE: items.txt (PATH: D:/Project/CE/CE/project/website/OnlineVintageMarket/ce\\ce_0\\code\\items.txt, TYPE: .txt) ---\nVintage Clock|A beautiful vintage clock from the 1960s|50.00\nAntique Vase|An exquisite vase from the Ming Dynasty|150.00\n\n\n  --- FILE: item_manager.py (PATH: D:/Project/CE/CE/project/website/OnlineVintageMarket/ce\\ce_0\\code\\item_manager.py, TYPE: .py) ---\nclass Item:\n    def __init__(self, name: str, description: str, price: float):\n        self.name = name\n        self.description = description\n        self.price = price\n\n    def save(self) -> None:\n        with open(\'items.txt\', \'a\') as f:\n            f.write(f"{self.name}|{self.description}|{self.price}\\n")\n\nclass ItemManager:\n    def __init__(self):\n        self.items = []\n\n    def load_items(self) -> None:\n        try:\n            with open(\'items.txt\', \'r\') as f:\n                for line in f:\n                    name, description, price = line.strip().split(\'|\')\n                    self.items.append(Item(name, description, float(price)))\n        except FileNotFoundError:\n            pass\n\n    def add_item(self, name: str, description: str, price: float) -> None:\n        new_item = Item(name, description, price)\n        new_item.save()\n        self.items.append(new_item)\n\n    def get_item(self, item_id: int) -> Item:\n        return self.items[item_id] if 0 <= item_id < len(self.items) else None\n\n    def search_items(self, query: str) -> list:\n        return [item for item in self.items if query.lower() in item.name.lower()]\n\n  --- FILE: main.py (PATH: D:/Project/CE/CE/project/website/OnlineVintageMarket/ce\\ce_0\\code\\main.py, TYPE: .py) ---\nfrom flask import Flask, render_template, request, redirect, url_for, session\nfrom user_manager import UserManager\nfrom item_manager import ItemManager\n\napp = Flask(__name__)\napp.secret_key = \'your_secret_key\'  # Change this to a random secret key\n\nuser_manager = UserManager()\nitem_manager = ItemManager()\n\n@app.route(\'/\')\ndef login():\n    return render_template(\'login.html\')\n\n@app.route(\'/register\', methods=[\'GET\', \'POST\'])\ndef register():\n    if request.method == \'POST\':\n        username = request.form[\'username\']\n        password = request.form[\'password\']\n        user_manager.add_user(username, password)\n        return redirect(url_for(\'login\'))\n    return render_template(\'register.html\')\n\n@app.route(\'/home\', methods=[\'GET\', \'POST\'])\ndef home():\n    if request.method == \'POST\':\n        query = request.form[\'search\']\n        items = item_manager.search_items(query)\n    else:\n        items = item_manager.load_items()\n    return render_template(\'home.html\', items=items)\n\n@app.route(\'/item/<int:item_id>\')\ndef item_details(item_id):\n    item = item_manager.get_item(item_id)\n    return render_template(\'item_details.html\', item=item)\n\n@app.route(\'/listing\', methods=[\'GET\', \'POST\'])\ndef listing():\n    if request.method == \'POST\':\n        name = request.form[\'name\']\n        description = request.form[\'description\']\n        price = float(request.form[\'price\'])\n        item_manager.add_item(name, description, price)\n        return redirect(url_for(\'home\'))\n    return render_template(\'listing.html\')\n\nif __name__ == \'__main__\':\n    user_manager.load_users()\n    item_manager.load_items()\n    app.run(port=8135, debug=True)\n\n\n  --- FILE: users.txt (PATH: D:/Project/CE/CE/project/website/OnlineVintageMarket/ce\\ce_0\\code\\users.txt, TYPE: .txt) ---\nadmin|pass123\nuser1|pass456\n\n\n  --- FILE: user_manager.py (PATH: D:/Project/CE/CE/project/website/OnlineVintageMarket/ce\\ce_0\\code\\user_manager.py, TYPE: .py) ---\nclass User:\n    def __init__(self, username: str, password: str):\n        self.username = username\n        self.password = password\n\n    def save(self) -> None:\n        with open(\'users.txt\', \'a\') as f:\n            f.write(f"{self.username}|{self.password}\\n")\n\nclass UserManager:\n    def __init__(self):\n        self.users = []\n\n    def load_users(self) -> None:\n        try:\n            with open(\'users.txt\', \'r\') as f:\n                for line in f:\n                    username, password = line.strip().split(\'|\')\n                    self.users.append(User(username, password))\n        except FileNotFoundError:\n            pass\n\n    def add_user(self, username: str, password: str) -> None:\n        new_user = User(username, password)\n        new_user.save()\n        self.users.append(new_user)\n\n    def authenticate(self, username: str, password: str) -> bool:\n        for user in self.users:\n            if user.username == username and user.password == password:\n                return True\n        return False\n\n  --- DIRECTORY: D:/Project/CE/CE/project/website/OnlineVintageMarket/ce\\ce_0\\code\\templates ---\n    --- FILE: home.html (PATH: D:/Project/CE/CE/project/website/OnlineVintageMarket/ce\\ce_0\\code\\templates\\home.html, TYPE: .html) ---\n<!DOCTYPE html>\n<html lang="en">\n<head>\n    <meta charset="UTF-8">\n    <meta name="viewport" content="width=device-width, initial-scale=1.0">\n    <title>Home</title>\n</head>\n<body>\n    <h1>Available Vintage Items</h1>\n    <form method="POST" action="/home">\n        <input type="text" name="search" placeholder="Search items..." required>\n        <button type="submit">Search</button>\n    </form>\n    <ul>\n        {% for item in items %}\n            <li>\n                <a href="{{ url_for(\'item_details\', item_id=loop.index0) }}">{{ item.name }}</a>\n            </li>\n        {% endfor %}\n    </ul>\n    <a href="/listing">Create New Listing</a>\n</body>\n</html>\n\n    --- FILE: item_details.html (PATH: D:/Project/CE/CE/project/website/OnlineVintageMarket/ce\\ce_0\\code\\templates\\item_details.html, TYPE: .html) ---\n<!DOCTYPE html>\n<html lang="en">\n<head>\n    <meta charset="UTF-8">\n    <meta name="viewport" content="width=device-width, initial-scale=1.0">\n    <title>Item Details</title>\n</head>\n<body>\n    <h1>{{ item.name }}</h1>\n    <p>Description: {{ item.description }}</p>\n    <p>Price: ${{ item.price }}</p>\n    <a href="/home">Back</a>\n</body>\n</html>\n\n    --- FILE: listing.html (PATH: D:/Project/CE/CE/project/website/OnlineVintageMarket/ce\\ce_0\\code\\templates\\listing.html, TYPE: .html) ---\n<!DOCTYPE html>\n<html lang="en">\n<head>\n    <meta charset="UTF-8">\n    <meta name="viewport" content="width=device-width, initial-scale=1.0">\n    <title>Create Listing</title>\n</head>\n<body>\n    <h1>Create New Listing</h1>\n    <form method="POST" action="/listing">\n        <label for="name">Item Name:</label>\n        <input type="text" id="name" name="name" required>\n        <label for="description">Description:</label>\n        <textarea id="description" name="description" required></textarea>\n        <label for="price">Price:</label>\n        <input type="number" id="price" name="price" step="0.01" required>\n        <button type="submit">Create Listing</button>\n    </form>\n    <a href="/home">Back</a>\n</body>\n</html>\n\n    --- FILE: login.html (PATH: D:/Project/CE/CE/project/website/OnlineVintageMarket/ce\\ce_0\\code\\templates\\login.html, TYPE: .html) ---\n<!DOCTYPE html>\n<html lang="en">\n<head>\n    <meta charset="UTF-8">\n    <meta name="viewport" content="width=device-width, initial-scale=1.0">\n    <title>Login</title>\n</head>\n<body>\n    <h1>Login</h1>\n    <form method="POST" action="/login">\n        <label for="username">Username:</label>\n        <input type="text" id="username" name="username" required>\n        <label for="password">Password:</label>\n        <input type="password" id="password" name="password" required>\n        <button type="submit">Login</button>\n    </form>\n    <a href="/register">Register here</a>\n</body>\n</html>\n\n    --- FILE: register.html (PATH: D:/Project/CE/CE/project/website/OnlineVintageMarket/ce\\ce_0\\code\\templates\\register.html, TYPE: .html) ---\n<!DOCTYPE html>\n<html lang="en">\n<head>\n    <meta charset="UTF-8">\n    <meta name="viewport" content="width=device-width, initial-scale=1.0">\n    <title>Register</title>\n</head>\n<body>\n    <h1>Register</h1>\n    <form method="POST" action="/register">\n        <label for="username">Username:</label>\n        <input type="text" id="username" name="username" required>\n        <label for="password">Password:</label>\n        <input type="password" id="password" name="password" required>\n        <button type="submit">Register</button>\n    </form>\n</body>\n</html>\n\n.\n        Here are the unit test codes for this project: import unittest\nfrom selenium import webdriver\nfrom selenium.webdriver.common.by import By\nimport time\nimport subprocess\n\nclass TestOnlineVintageMarket(unittest.TestCase):\n\n    def setUp(self):\n        # Start the web application\n        self.process = subprocess.Popen([\'python\', \'main.py\'])\n        time.sleep(2)  # Wait for the web app to start\n        self.driver = webdriver.Chrome()\n        self.driver.get(\'http://localhost:8135\')\n\n    def tearDown(self):\n        # Close the web driver session\n        self.driver.quit()\n        self.process.terminate()\n\n    def login(self, username, password):\n        # Helper method to perform login\n        self.driver.find_element(By.NAME, \'username\').send_keys(username)\n        self.driver.find_element(By.NAME, \'password\').send_keys(password)\n        self.driver.find_element(By.XPATH, \'//button[text()="Login"]\').click()\n        time.sleep(1)  # Wait for the next page to load\n\n    def test_user_login(self):\n        # Functionalities 1: User Login\n        self.login("admin", "pass123")\n        self.assertIn("Home", self.driver.title)\n\n    def test_user_registration(self):\n        # Functionalities 2: User Registration\n        self.driver.find_element(By.LINK_TEXT, \'Register here\').click()\n        time.sleep(1)  # Wait for the next page to load\n\n        new_username = "new_user"\n        new_password = "new_password"\n\n        self.driver.find_element(By.NAME, \'username\').send_keys(new_username)\n        self.driver.find_element(By.NAME, \'password\').send_keys(new_password)\n        self.driver.find_element(By.XPATH, \'//button[text()="Register"]\').click()\n        time.sleep(1)  # Wait for the next page to load\n\n        self.assertIn("Login", self.driver.title)\n\n    def test_view_available_vintage_items(self):\n        # Functionalities 3: View Available Vintage Items\n        self.login("admin", "pass123")\n        items = self.driver.find_elements(By.TAG_NAME, \'li\')\n        self.assertGreater(len(items), 0, "No vintage items found.")\n\n    def test_search_for_specific_vintage_item(self):\n        # Functionalities 4: Search for a Specific Vintage Item by Name\n        self.login("admin", "pass123")\n        self.driver.find_element(By.NAME, \'search\').send_keys("Vintage Clock")\n        self.driver.find_element(By.XPATH, \'//button[text()="Search"]\').click()\n        time.sleep(1)  # Wait for the search results to load\n        self.assertIn("Vintage Clock", self.driver.page_source)\n\n    def test_view_details_of_selected_item(self):\n        # Functionalities 5: View Details of a Selected Item\n        self.login("admin", "pass123")\n        self.driver.find_element(By.LINK_TEXT, \'Vintage Clock\').click()\n        time.sleep(1)  # Wait for the item details page to load\n        self.assertIn("Vintage Clock", self.driver.page_source)\n\n    def test_create_new_listing(self):\n        # Functionalities 6: Create a New Listing for Vintage Items\n        self.login("admin", "pass123")\n        self.driver.find_element(By.LINK_TEXT, \'Create New Listing\').click()\n        time.sleep(1)  # Wait for the listing page to load\n\n        self.driver.find_element(By.NAME, \'name\').send_keys("Vintage Lamp")\n        self.driver.find_element(By.NAME, \'description\').send_keys("A beautiful vintage lamp.")\n        self.driver.find_element(By.NAME, \'price\').send_keys("75.00")\n        self.driver.find_element(By.XPATH, \'//button[text()="Create Listing"]\').click()\n        time.sleep(1)  # Wait for the home page to load\n\n        self.assertIn("Vintage Lamp", self.driver.page_source)\n\n    def test_submit_item_listing(self):\n        # Functionalities 7: Submit Item Listing\n        self.fail("Not implemented")\n\n    def test_view_detailed_information_about_item(self):\n        # Functionalities 8: View Detailed Information About a Vintage Item\n        self.fail("Not implemented")\n\n    def test_navigate_back_to_home_page(self):\n        # Functionalities 9: Navigate Back to Home Page from Item Details Page\n        self.fail("Not implemented")\n\n    def test_data_storage_in_local_text_files(self):\n        # Functionalities 10: Data Storage in Local Text Files\n        self.fail("Not implemented")\n\nif __name__ == \'__main__\':\n    unittest.main()\n.\n        These are all the unit test results (only including the failed ones):EFFEFF.FFE\n======================================================================\nERROR: test_create_new_listing (testcode.TestOnlineVintageMarket.test_create_new_listing)\n----------------------------------------------------------------------\nTraceback (most recent call last):\n  File "D:\\Project\\CE\\CE\\project\\website\\OnlineVintageMarket\\ce\\ce_0\\code\\testcode.py", line 72, in test_create_new_listing\n    self.driver.find_element(By.LINK_TEXT, \'Create New Listing\').click()\n    ^^^^^^^^^^^^^^^^^^^^^^^^^^^^^^^^^^^^^^^^^^^^^^^^^^^^^^^^^^^^\n  File "C:\\Users\\25929\\.conda\\envs\\mfg\\Lib\\site-packages\\selenium\\webdriver\\remote\\webdriver.py", line 770, in find_element\n    return self.execute(Command.FIND_ELEMENT, {"using": by, "value": value})["value"]\n           ^^^^^^^^^^^^^^^^^^^^^^^^^^^^^^^^^^^^^^^^^^^^^^^^^^^^^^^^^^^^^^^^^\n  File "C:\\Users\\25929\\.conda\\envs\\mfg\\Lib\\site-packages\\selenium\\webdriver\\remote\\webdriver.py", line 384, in execute\n    self.error_handler.check_response(response)\n  File "C:\\Users\\25929\\.conda\\envs\\mfg\\Lib\\site-packages\\selenium\\webdriver\\remote\\errorhandler.py", line 232, in check_response\n    raise exception_class(message, screen, stacktrace)\nselenium.common.exceptions.NoSuchElementException: Message: no such element: Unable to locate element: {"method":"link text","selector":"Create New Listing"}\n  (Session info: chrome=131.0.6778.205); For documentation on this error, please visit: https://www.selenium.dev/documentation/webdriver/troubleshooting/errors#no-such-element-exception\nStacktrace:\n======================================================================\nERROR: test_search_for_specific_vintage_item (testcode.TestOnlineVintageMarket.test_search_for_specific_vintage_item)\n----------------------------------------------------------------------\nTraceback (most recent call last):\n  File "D:\\Project\\CE\\CE\\project\\website\\OnlineVintageMarket\\ce\\ce_0\\code\\testcode.py", line 57, in test_search_for_specific_vintage_item\n    self.driver.find_element(By.NAME, \'search\').send_keys("Vintage Clock")\n    ^^^^^^^^^^^^^^^^^^^^^^^^^^^^^^^^^^^^^^^^^^^\n  File "C:\\Users\\25929\\.conda\\envs\\mfg\\Lib\\site-packages\\selenium\\webdriver\\remote\\webdriver.py", line 770, in find_element\n    return self.execute(Command.FIND_ELEMENT, {"using": by, "value": value})["value"]\n           ^^^^^^^^^^^^^^^^^^^^^^^^^^^^^^^^^^^^^^^^^^^^^^^^^^^^^^^^^^^^^^^^^\n  File "C:\\Users\\25929\\.conda\\envs\\mfg\\Lib\\site-packages\\selenium\\webdriver\\remote\\webdriver.py", line 384, in execute\n    self.error_handler.check_response(response)\n  File "C:\\Users\\25929\\.conda\\envs\\mfg\\Lib\\site-packages\\selenium\\webdriver\\remote\\errorhandler.py", line 232, in check_response\n    raise exception_class(message, screen, stacktrace)\nselenium.common.exceptions.NoSuchElementException: Message: no such element: Unable to locate element: {"method":"css selector","selector":"[name="search"]"}\n  (Session info: chrome=131.0.6778.205); For documentation on this error, please visit: https://www.selenium.dev/documentation/webdriver/troubleshooting/errors#no-such-element-exception\nStacktrace:\n======================================================================\nERROR: test_view_details_of_selected_item (testcode.TestOnlineVintageMarket.test_view_details_of_selected_item)\n----------------------------------------------------------------------\nTraceback (most recent call last):\n  File "D:\\Project\\CE\\CE\\project\\website\\OnlineVintageMarket\\ce\\ce_0\\code\\testcode.py", line 65, in test_view_details_of_selected_item\n    self.driver.find_element(By.LINK_TEXT, \'Vintage Clock\').click()\n    ^^^^^^^^^^^^^^^^^^^^^^^^^^^^^^^^^^^^^^^^^^^^^^^^^^^^^^^\n  File "C:\\Users\\25929\\.conda\\envs\\mfg\\Lib\\site-packages\\selenium\\webdriver\\remote\\webdriver.py", line 770, in find_element\n    return self.execute(Command.FIND_ELEMENT, {"using": by, "value": value})["value"]\n           ^^^^^^^^^^^^^^^^^^^^^^^^^^^^^^^^^^^^^^^^^^^^^^^^^^^^^^^^^^^^^^^^^\n  File "C:\\Users\\25929\\.conda\\envs\\mfg\\Lib\\site-packages\\selenium\\webdriver\\remote\\webdriver.py", line 384, in execute\n    self.error_handler.check_response(response)\n  File "C:\\Users\\25929\\.conda\\envs\\mfg\\Lib\\site-packages\\selenium\\webdriver\\remote\\errorhandler.py", line 232, in check_response\n    raise exception_class(message, screen, stacktrace)\nselenium.common.exceptions.NoSuchElementException: Message: no such element: Unable to locate element: {"method":"link text","selector":"Vintage Clock"}\n  (Session info: chrome=131.0.6778.205); For documentation on this error, please visit: https://www.selenium.dev/documentation/webdriver/troubleshooting/errors#no-such-element-exception\nStacktrace:\n======================================================================\nFAIL: test_data_storage_in_local_text_files (testcode.TestOnlineVintageMarket.test_data_storage_in_local_text_files)\n----------------------------------------------------------------------\nTraceback (most recent call last):\n  File "D:\\Project\\CE\\CE\\project\\website\\OnlineVintageMarket\\ce\\ce_0\\code\\testcode.py", line 97, in test_data_storage_in_local_text_files\n    self.fail("Not implemented")\nAssertionError: Not implemented\n======================================================================\nFAIL: test_navigate_back_to_home_page (testcode.TestOnlineVintageMarket.test_navigate_back_to_home_page)\n----------------------------------------------------------------------\nTraceback (most recent call last):\n  File "D:\\Project\\CE\\CE\\project\\website\\OnlineVintageMarket\\ce\\ce_0\\code\\testcode.py", line 93, in test_navigate_back_to_home_page\n    self.fail("Not implemented")\nAssertionError: Not implemented\n======================================================================\nFAIL: test_submit_item_listing (testcode.TestOnlineVintageMarket.test_submit_item_listing)\n----------------------------------------------------------------------\nTraceback (most recent call last):\n  File "D:\\Project\\CE\\CE\\project\\website\\OnlineVintageMarket\\ce\\ce_0\\code\\testcode.py", line 85, in test_submit_item_listing\n    self.fail("Not implemented")\nAssertionError: Not implemented\n======================================================================\nFAIL: test_user_login (testcode.TestOnlineVintageMarket.test_user_login)\n----------------------------------------------------------------------\nTraceback (most recent call last):\n  File "D:\\Project\\CE\\CE\\project\\website\\OnlineVintageMarket\\ce\\ce_0\\code\\testcode.py", line 31, in test_user_login\n    self.assertIn("Home", self.driver.title)\nAssertionError: \'Home\' not found in \'404 Not Found\'\n======================================================================\nFAIL: test_view_available_vintage_items (testcode.TestOnlineVintageMarket.test_view_available_vintage_items)\n----------------------------------------------------------------------\nTraceback (most recent call last):\n  File "D:\\Project\\CE\\CE\\project\\website\\OnlineVintageMarket\\ce\\ce_0\\code\\testcode.py", line 52, in test_view_available_vintage_items\n    self.assertGreater(len(items), 0, "No vintage items found.")\nAssertionError: 0 not greater than 0 : No vintage items found.\n======================================================================\nFAIL: test_view_detailed_information_about_item (testcode.TestOnlineVintageMarket.test_view_detailed_information_about_item)\n----------------------------------------------------------------------\nTraceback (most recent call last):\n  File "D:\\Project\\CE\\CE\\project\\website\\OnlineVintageMarket\\ce\\ce_0\\code\\testcode.py", line 89, in test_view_detailed_information_about_item\n    self.fail("Not implemented")\nAssertionError: Not implemented\n----------------------------------------------------------------------\nRan 10 tests in 75.273s\nFAILED (failures=6, errors=3)\n        \n        Please analyze the test results one by one. For each unit test result, analyze step by step to identify the reasons for the test failure.'}
2025-01-01 Wednesday 12:03:09 ceaug_main.py : INFO  {'role': 'assistant', 'content': 'Let\'s break down each of the test failures step by step to understand their causes.\n\n### 1. **test_create_new_listing**\n- **Error**: `NoSuchElementException: Unable to locate element: {"method":"link text","selector":"Create New Listing"}`\n- **Reason**: The test tried to find and click on a link with the text "Create New Listing", but it could not find the element. This could occur because:\n    - The page did not load correctly (possibly due to an earlier test failing).\n    - The text of the link is incorrect or has changed.\n    - There might be issues with navigation or timing that caused the test to run before the page was fully rendered.\n  \n### 2. **test_search_for_specific_vintage_item**\n- **Error**: `NoSuchElementException: Unable to locate element: {"method":"css selector","selector":"[name="search"]"}`\n- **Reason**: Similar to the previous test, this error indicates that the test could not find the search input element. Possible reasons include:\n    - The search input has not loaded yet because of a failure in a previous step.\n    - The input¡¯s `name` attribute might be spelled differently or is missing altogether.\n    - Timing issues preventing the element from being located.\n\n### 3. **test_view_details_of_selected_item**\n- **Error**: `NoSuchElementException: Unable to locate element: {"method":"link text","selector":"Vintage Clock"}`\n- **Reason**: This error indicates that the test failed to find an item link with the text "Vintage Clock". Possible explanations:\n    - The item list has not been populated due to an earlier failure.\n    - The text rendered on the page does not match exactly what the test is looking for, possibly due to list formatting or an empty state.\n\n### 4. **test_data_storage_in_local_text_files**\n- **Error**: `AssertionError: Not implemented`\n- **Reason**: This test is explicitly marked as not implemented. The developer has not defined a test case representing the check for data storage in local text files. This will need to be written.\n\n### 5. **test_navigate_back_to_home_page**\n- **Error**: `AssertionError: Not implemented`\n- **Reason**: Similar to the previous test, this test is also marked as not implemented. There should be navigation logic and checks defined in this test case.\n\n### 6. **test_submit_item_listing**\n- **Error**: `AssertionError: Not implemented`\n- **Reason**: Like the previous two, this test is not implemented. The test needs to be created to check the success of submitting an item listing.\n\n### **Failures Related to User Login and Viewing Items**\n### 7. **test_user_login**\n- **Error**: `AssertionError: \'Home\' not found in \'404 Not Found\'`\n- **Reason**: This suggests that the login process succeeded (the login page redirected to the home page), but the home page could not be found. Potential causes:\n    - The `home` route is incorrectly defined or not functioning.\n    - The app is unable to load the main page for other reasons (such as the items not loading).\n  \n### 8. **test_view_available_vintage_items**\n- **Error**: `AssertionError: 0 not greater than 0 : No vintage items found.`\n- **Reason**: This indicates that the test logic expected to find at least one available vintage item after logging in, but no items were found. Potential issues could include:\n    - The items did not load correctly because the `load_items()` method was never called before this test (e.g., if the login failed).\n    - The items might not be correctly stored or retrieved from the `items.txt` file.\n\n### **Recommendations for Fixing Issues:**\n- **Implement Missing Tests**: For `test_data_storage_in_local_text_files`, `test_navigate_back_to_home_page`, and `test_submit_item_listing`, implement the logic to confirm what the test is supposed to check.\n  \n- **Check Sequential Dependencies**: Ensure that tests that depend on each other (like `test_user_login` and `test_view_available_vintage_items`) are run in sequence and allow for any setup to be maintained (such as user sessions or database states).\n\n- **Improve Error Handling**: Within the code, consider implementing better error handling and debug information, including more explicit messages when items cannot be located or data cannot be loaded.\n\n- **Utilize Explicit Waits**: Instead of using `time.sleep()`, consider using WebDriver waits that wait for elements to be present or visible before interacting with them. This can mitigate issues where tests run too quickly for the page to update.\n\n- **Confirm Code Functionality**: Manually go through the application flow to ensure all routes are correct, especially focusing on the home route and the item listing retrieval.\n\nBy addressing above issues systematically, the stability of the test cases can be improved significantly.'}
2025-01-01 Wednesday 12:03:09 ceaug_main.py : INFO  {'role': 'user', 'content': "Do you think the issue is caused by errors in the project's code or poorly written test cases? If it is a code error, please include a [CODE] at the end of your output. If not, you don't need to add anything. Thank you."}
2025-01-01 Wednesday 12:03:16 _client.py : INFO  HTTP Request: POST https://api.chatanywhere.tech/chat/completions "HTTP/1.1 200 OK"
2025-01-01 Wednesday 12:03:16 ceaug_main.py : INFO  {'role': 'assistant', 'content': "Based on the analysis, it appears that the issues stem primarily from a combination of both code errors and the way the tests are written. Here¡¯s a breakdown:\n\n1. **Code Errors**:\n   - The *404 Not Found* error suggests that the `/home` route is either misconfigured or not functioning properly, which needs to be addressed in the project code.\n   - The failure in loading items could indicate that the `load_items()` method is not populating the `self.items` list correctly or that the `items.txt` file isn't being accessed properly. Also, if the file does not exist or is formatted incorrectly, it would cause the loading to fail silently without informing the user/test.\n\n2. **Test Case Issues**:\n   - Some tests are not implemented at all, which pushes them to fail regardless of actual functionality. This suggests the test suite is incomplete and requires additional work.\n   - There may be a timing mismatch where the tests expect elements to be present immediately, but they aren't yet available (indicating that WebDriverWait could be beneficial).\n\nIn conclusion, while there are issues in the project's code that need addressing, there are also shortcomings in the test cases that must be improved to ensure they properly validate the underlying application behavior.\n\n[CODE]"}
2025-01-01 Wednesday 12:03:21 _client.py : INFO  HTTP Request: POST https://api.chatanywhere.tech/chat/completions "HTTP/1.1 200 OK"
2025-01-01 Wednesday 12:03:21 ceaug_main.py : INFO  ### Summary of Issues Identified from Unit Test Results

1. **404 Not Found Error**:
   - The unit test for user login failed because the application redirected to a "404 Not Found" page instead of the home page. This indicates there is a problem with the route handling for `/home`, potentially caused by incorrect routing or a failed server configuration.

2. **Loading Items Failure**:
   - The test that checks the availability of vintage items failed, resulting in an assertion error stating that no items were found. This suggests that the code responsible for loading items from the `items.txt` file is not functioning as expected, or that the file does not exist or is not formatted correctly.

3. **Element Not Found Errors**:
   - Several tests failed because they could not find specific elements on the webpage (e.g., search input, item listing links). This suggests that:
      - The application structure might not be rendering the expected HTML.
      - There might be timing issues where the elements are not available yet when the test tries to access them.

4. **Unimplemented Tests**:
   - Several tests were marked as not implemented, indicating missing functionality in the project code related to item listing submission, data storage validation, and navigation back to the home page.

### Detailed Guidance for Improvement

1. **Fix Routing for `/home`**:
   - Review the routing definitions in `main.py` to ensure that the `/home` route is correctly set up. Ensure that there are no conflicts, and that it properly returns the intended template and handles user sessions appropriately.

2. **Improve Item Loading Logic**:
   - Verify and debug the `load_items()` method in `ItemManager` class. Ensure it correctly reads from `items.txt`, properly handles empty or malformed lines, and populates the `self.items` list accurately. Consider adding logging to capture error states when the file can't be found or when items fail to load.

3. **Ensure Element Visibility**:
   - Investigate why elements are failing to load for tests. This may involve examining the HTML structure generated by the Flask templates, ensuring all necessary IDs and names are present, and that they match those being targeted in the tests. 
   - Additionally, implement explicit waits in the application code (if these elements are dynamically added) to ensure that elements are fully rendered before trying to interact with them.

4. **Implement Missing Functionality**:
   - Directly address the functionality that is currently not implemented, particularly for submitting item listings and verifying data storage in local text files. 
   - Write the necessary logic in the application to handle these features, ensuring the correct responses are returned for each action.

5. **Add Error Handling**:
   - Enhance error handling throughout the application, particularly when reading files or rendering templates. This will help provide feedback if something goes wrong, making debugging easier during development and testing.

By addressing these areas, the project will be more robust and aligned with the expected behaviors indicated by the unit tests.
2025-01-01 Wednesday 12:03:26 _client.py : INFO  HTTP Request: POST https://api.chatanywhere.tech/chat/completions "HTTP/1.1 200 OK"
2025-01-01 Wednesday 12:03:26 ceaug_main.py : INFO  ### Step-by-Step Analysis of Issues in Relation to User Requirements

1. **404 Not Found Error on `/home` Route**
   - **Analysis**: This issue directly prevents users from accessing the home page after logging in. The requirement that users should be able to navigate to the home page post-login is fundamental to the application¡¯s functionality.
   - **Impact**: Since users cannot reach the home page, they cannot view or interact with any vintage items, effectively halting any further interactions with the application.
   - **Significance Score**: 10

2. **Loading Items Failure**
   - **Analysis**: If items fail to load from `items.txt`, users will encounter an empty home page, which violates the requirement of displaying available vintage items. The application must offer a list of items as a critical feature.
   - **Impact**: Without available items, users are unable to participate in the buy or sell processes associated with the purpose of the application, thus nullifying its core functionality.
   - **Significance Score**: 10

3. **Element Not Found Errors**
   - **Analysis**: Multiple unit tests failing to find UI elements indicates that certain expected features (like the search bar, item lists, etc.) may not be visible or rendered correctly. This is critical for user interaction.
   - **Impact**: If users cannot interact with the search function or other vital UI elements, they are effectively unable to utilize the application fully. This undermines the user experience and results in frustration.
   - **Significance Score**: 9

4. **Unimplemented Tests**
   - **Analysis**: Missing implementations for features such as item listing submission reflect incomplete functionality in the application. Each core feature must be available for users to fulfill their tasks.
   - **Impact**: Users will find key functionalities missing, such as submitting new listings, which is essential for the buy/sell operations. This would lead to a lack of trust in the application.
   - **Significance Score**: 8

5. **Overall User Experience Issues**
   - **Analysis**: The combination of the above issues contributes to a poor user experience. The application must facilitate smooth navigation and interactions for users to meet their goals when using the platform.
   - **Impact**: A lack of confidence in the application viability may result in users abandoning the platform altogether, directly impacting the success of the entire project.
   - **Significance Score**: 9

### Average Significance Score Calculation
To determine the average score, we will tally the significance scores assigned to each issue and divide by the number of issues identified.

- Total score: 10 + 10 + 9 + 8 + 9 = 46
- Number of issues: 5
- Average Score = Total Score / Number of Issues = 46 / 5 = 9.2

### Final Score
[END]9.2[END]
2025-01-01 Wednesday 12:03:26 ceaug_main.py : INFO  final selected:
### Summary of Issues Identified from Unit Test Results

1. **404 Not Found Error**:
   - The unit test for user login failed because the application redirected to a "404 Not Found" page instead of the home page. This indicates there is a problem with the route handling for `/home`, potentially caused by incorrect routing or a failed server configuration.

2. **Loading Items Failure**:
   - The test that checks the availability of vintage items failed, resulting in an assertion error stating that no items were found. This suggests that the code responsible for loading items from the `items.txt` file is not functioning as expected, or that the file does not exist or is not formatted correctly.

3. **Element Not Found Errors**:
   - Several tests failed because they could not find specific elements on the webpage (e.g., search input, item listing links). This suggests that:
      - The application structure might not be rendering the expected HTML.
      - There might be timing issues where the elements are not available yet when the test tries to access them.

4. **Unimplemented Tests**:
   - Several tests were marked as not implemented, indicating missing functionality in the project code related to item listing submission, data storage validation, and navigation back to the home page.

### Detailed Guidance for Improvement

1. **Fix Routing for `/home`**:
   - Review the routing definitions in `main.py` to ensure that the `/home` route is correctly set up. Ensure that there are no conflicts, and that it properly returns the intended template and handles user sessions appropriately.

2. **Improve Item Loading Logic**:
   - Verify and debug the `load_items()` method in `ItemManager` class. Ensure it correctly reads from `items.txt`, properly handles empty or malformed lines, and populates the `self.items` list accurately. Consider adding logging to capture error states when the file can't be found or when items fail to load.

3. **Ensure Element Visibility**:
   - Investigate why elements are failing to load for tests. This may involve examining the HTML structure generated by the Flask templates, ensuring all necessary IDs and names are present, and that they match those being targeted in the tests. 
   - Additionally, implement explicit waits in the application code (if these elements are dynamically added) to ensure that elements are fully rendered before trying to interact with them.

4. **Implement Missing Functionality**:
   - Directly address the functionality that is currently not implemented, particularly for submitting item listings and verifying data storage in local text files. 
   - Write the necessary logic in the application to handle these features, ensuring the correct responses are returned for each action.

5. **Add Error Handling**:
   - Enhance error handling throughout the application, particularly when reading files or rendering templates. This will help provide feedback if something goes wrong, making debugging easier during development and testing.

By addressing these areas, the project will be more robust and aligned with the expected behaviors indicated by the unit tests.
2025-01-01 Wednesday 12:03:26 team.py : INFO  ### ceaug feedback
### Summary of Issues Identified from Unit Test Results

1. **404 Not Found Error**:
   - The unit test for user login failed because the application redirected to a "404 Not Found" page instead of the home page. This indicates there is a problem with the route handling for `/home`, potentially caused by incorrect routing or a failed server configuration.

2. **Loading Items Failure**:
   - The test that checks the availability of vintage items failed, resulting in an assertion error stating that no items were found. This suggests that the code responsible for loading items from the `items.txt` file is not functioning as expected, or that the file does not exist or is not formatted correctly.

3. **Element Not Found Errors**:
   - Several tests failed because they could not find specific elements on the webpage (e.g., search input, item listing links). This suggests that:
      - The application structure might not be rendering the expected HTML.
      - There might be timing issues where the elements are not available yet when the test tries to access them.

4. **Unimplemented Tests**:
   - Several tests were marked as not implemented, indicating missing functionality in the project code related to item listing submission, data storage validation, and navigation back to the home page.

### Detailed Guidance for Improvement

1. **Fix Routing for `/home`**:
   - Review the routing definitions in `main.py` to ensure that the `/home` route is correctly set up. Ensure that there are no conflicts, and that it properly returns the intended template and handles user sessions appropriately.

2. **Improve Item Loading Logic**:
   - Verify and debug the `load_items()` method in `ItemManager` class. Ensure it correctly reads from `items.txt`, properly handles empty or malformed lines, and populates the `self.items` list accurately. Consider adding logging to capture error states when the file can't be found or when items fail to load.

3. **Ensure Element Visibility**:
   - Investigate why elements are failing to load for tests. This may involve examining the HTML structure generated by the Flask templates, ensuring all necessary IDs and names are present, and that they match those being targeted in the tests. 
   - Additionally, implement explicit waits in the application code (if these elements are dynamically added) to ensure that elements are fully rendered before trying to interact with them.

4. **Implement Missing Functionality**:
   - Directly address the functionality that is currently not implemented, particularly for submitting item listings and verifying data storage in local text files. 
   - Write the necessary logic in the application to handle these features, ensuring the correct responses are returned for each action.

5. **Add Error Handling**:
   - Enhance error handling throughout the application, particularly when reading files or rendering templates. This will help provide feedback if something goes wrong, making debugging easier during development and testing.

By addressing these areas, the project will be more robust and aligned with the expected behaviors indicated by the unit tests.
2025-01-01 Wednesday 12:03:26 team.py : INFO  begin CE Coding
2025-01-01 Wednesday 12:03:26 product_manager.py : INFO  Product Manager Pole extracting PRD......
2025-01-01 Wednesday 12:03:26 architect.py : INFO  Architect Arnold extracting Architect......
2025-01-01 Wednesday 12:03:26 project_manager.py : INFO  Project Manager Tsunoda extracting Plan......
2025-01-01 Wednesday 12:03:26 c_programmer.py : INFO  C_Programmer Clorinde Coding...
2025-01-01 Wednesday 12:03:26 c_programmer.py : INFO  Task Dictionary:
Key: T0, Value: |Set up Flask application and routing.|Initialize Flask app in main.py, set up routes for login, registration, home, item details, and listing.|[]|related files:["main.py"]
Key: T1, Value: |Implement user authentication.|Create User and UserManager classes, implement login and registration logic, and handle user data storage in users.txt.|[T0]|related files:[main.py]
Key: T2, Value: |Create HTML templates for user interface.|Develop login.html, register.html, home.html, item_details.html, and listing.html templates for the application.|[T0]|related files:[templates/login.html, templates/register.html, templates/home.html, templates/item_details.html, templates/listing.html]
Key: T3, Value: |Implement item management functionality.|Create Item and ItemManager classes, implement item listing, searching, and storage in items.txt.|[T0]|related files:[main.py]
Key: T4, Value: |Develop Home Page functionality.|Implement logic to display available vintage items and search functionality on the Home Page.|[T1, T3]|related files:[main.py]
Key: T5, Value: |Implement Item Details Page functionality.|Create logic to display detailed information about a selected item from the Home Page.|[T4]|related files:[main.py]
Key: T6, Value: |Develop Listing Page functionality.|Implement logic for users to create and submit new item listings.|[T3]|related files:[main.py]

2025-01-01 Wednesday 12:03:26 searcher.py : INFO  
You are an excellent software task-oriented analyst. Your task is to accurately extract and compile all relevant sections from the requirements document and user demands that are directly related to a given task description, and present them in a concise and well-organized document.


## This is the PRD you can retrieve, which contains functional requirements for the system:
[OUTPUT] ## general overview of the project The task is to develop a comprehensive web application, 'OnlineVintageMarket', for buying and selling vintage items that utilizes Python and stores information in local text files, eliminating the need for SQL databases. Note that the website should start from the login page. ## software functional requirements 1. Users shall be able to log in to their accounts on the Login Page. 2. Users shall be able to navigate to the Registration Page via the Register here link if they do not have an account. 3. Users shall be able to view available vintage items on the Home Page. 4. Users shall be able to search for specific vintage items by name using the search bar on the Home Page. 5. Users shall be able to view details of a selected item by clicking the "Item Details" button on the Home Page. 6. Users shall be able to create a new listing for vintage items by navigating to the Listing Page and entering the item name, description, and price. 7. Users shall be able to submit their item listings through the "Submit Listing" button on the Listing Page. 8. Users shall be able to view detailed information about a vintage item, including its title, description, and price, on the Item Details Page. 9. Users shall be able to navigate back to the Home Page from the Item Details Page using the "Back" button. [/OUTPUT]

## This is the user's original demand, which includes not only functional requirements but also other special requirements.
# Software Description

## Objective
The task is to develop a comprehensive web application, 'OnlineVintageMarket', for buying and selling vintage items that utilizes Python and stores information in local text files, eliminating the need for SQL databases. Note that the website should start from the login page.


## Core Features
Users shall be able to log in to their accounts on the Login Page.
Users shall be able to navigate to the Registration Page via the Register here link if they do not have an account.
Users shall be able to view available vintage items on the Home Page.
Users shall be able to search for specific vintage items by name using the search bar on the Home Page.
Users shall be able to view details of a selected item by clicking the "Item Details" button on the Home Page.
Users shall be able to create a new listing for vintage items by navigating to the Listing Page and entering the item name, description, and price.
Users shall be able to submit their item listings through the "Submit Listing" button on the Listing Page.
Users shall be able to view detailed information about a vintage item, including its title, description, and price, on the Item Details Page.
Users shall be able to navigate back to the Home Page from the Item Details Page using the "Back" button.

## Language

Use html and python to develop a web application.
You should use html to generate the web template by yourself.
## Data Storage
Data will be stored in local text files.
Different types of data will be stored in separate `.txt` files.
You should define the text file by yourself in advance.
This structured data storage will facilitate easy data retrieval and management through simple file manipulations in Python, ensuring the application remains light and efficient without the need for a SQL database.


## now, you get one following specific task:
|Set up Flask application and routing.|Initialize Flask app in main.py, set up routes for login, registration, home, item details, and listing.|[]|related files:["main.py"]

## Action
You should extract the sections directly related to the specific task described above from the two documents.
After extraction, integrate the relevant sections into a single output, ensuring duplicate content is removed.

Key Points:
The extracted content must remain unaltered. Do not modify any part of the retrieved sections.
Include only the necessary sections. Exclude any content you are certain is irrelevant to the current task.
Aim for conciseness: less is better.

2025-01-01 Wednesday 12:03:29 _client.py : INFO  HTTP Request: POST https://api.chatanywhere.tech/chat/completions "HTTP/1.1 200 OK"
2025-01-01 Wednesday 12:03:29 model.py : INFO  following invoke cost: 1231 | all cost: 49648
2025-01-01 Wednesday 12:03:29 searcher.py : INFO  retrievaled reslt is: 
## Extracted Relevant Sections for Task: Set up Flask application and routing

### General Overview of the Project
The task is to develop a comprehensive web application, 'OnlineVintageMarket', for buying and selling vintage items that utilizes Python and stores information in local text files, eliminating the need for SQL databases. Note that the website should start from the login page.

### Software Functional Requirements
1. Users shall be able to log in to their accounts on the Login Page.
2. Users shall be able to navigate to the Registration Page via the Register here link if they do not have an account.
3. Users shall be able to view available vintage items on the Home Page.
4. Users shall be able to view details of a selected item by clicking the "Item Details" button on the Home Page.
6. Users shall be able to create a new listing for vintage items by navigating to the Listing Page and entering the item name, description, and price.
8. Users shall be able to view detailed information about a vintage item, including its title, description, and price, on the Item Details Page.
9. Users shall be able to navigate back to the Home Page from the Item Details Page using the "Back" button.

### Language
Use html and python to develop a web application. You should use html to generate the web template by yourself.

### Data Storage
Data will be stored in local text files. Different types of data will be stored in separate `.txt` files. You should define the text file by yourself in advance. This structured data storage will facilitate easy data retrieval and management through simple file manipulations in Python, ensuring the application remains light and efficient without the need for a SQL database.
2025-01-01 Wednesday 12:03:29 c_programmer.py : INFO  
You are a professional engineer; the main goal is to write google-style, elegant, modular, easy to read and maintain code.
Output format carefully referenced "Format example".
In addition to writing code, you may also need to complete the data files in the task list (such as .txt .json .csv files). If the task list requires the implementation of data files, you need to simply design some data that meets the requirements for your completed software to facilitate the startup and testing of the software as a demo.


# Context

## Design
[CONTENT] "Implementation approach": "We will use Flask as the web framework to create the web application. Flask is lightweight and suitable for building simple web applications. For the front-end, we will use HTML to create the necessary templates. The application will handle user authentication, item listings, and data storage using local text files.", "UI design":"- The application will have a Login Page for user authentication with fields for username and password. - A Registration Page will allow new users to create an account. - The Home Page will display available vintage items with a search bar. - An Item Details Page will show detailed information about a selected item. - A Listing Page will allow users to create new item listings with fields for item name, description, and price.", "Data Storage":"Data will be stored in local text files. Different types of data will be stored in separate `.txt` files. The following files will be used: `users.txt` for user data, `items.txt` for vintage item listings.", "File list": ["main.py", "templates/login.html", "templates/register.html", "templates/home.html", "templates/item_details.html", "templates/listing.html", "users.txt", "items.txt"], "Data structures and interfaces": " classDiagram     class User {         -username: str         -password: str         +__init__(username: str, password: str)         +save() -> None     }     class Item {         -name: str         -description: str         -price: float         +__init__(name: str, description: str, price: float)         +save() -> None     }     class UserManager {         -users: list[User]         +load_users() -> None         +add_user(user: User) -> None         +authenticate(username: str, password: str) -> bool     }     class ItemManager {         -items: list[Item]         +load_items() -> None         +add_item(item: Item) -> None         +search_items(query: str) -> list[Item]     }     class App {         +run() -> None         +login() -> None         +register() -> None         +home() -> None         +item_details(item_id: int) -> None         +listing() -> None     }     UserManager --> User     ItemManager --> Item     App --> UserManager     App --> ItemManager ", [/CONTENT]
## Whole Task Plan
{ "Required packages": [     "flask==1.1.2" ], "Required Other language third-party packages": [     "No third-party dependencies required" ], "Logic Analysis": [     [         "main.py",         "The main file of the application, responsible for initializing the Flask app and routing. Contains the App class and methods for login, registration, home, item details, and listing."     ],     [         "templates/login.html",         "HTML template for the Login Page, includes form for username and password."     ],     [         "templates/register.html",         "HTML template for the Registration Page, includes form for new user registration."     ],     [         "templates/home.html",         "HTML template for the Home Page, displays available vintage items and includes a search bar."     ],     [         "templates/item_details.html",         "HTML template for the Item Details Page, shows detailed information about a selected item."     ],     [         "templates/listing.html",         "HTML template for the Listing Page, allows users to create new item listings."     ] ], "Task list":  {     'T0':'|Set up Flask application and routing.|Initialize Flask app in main.py, set up routes for login, registration, home, item details, and listing.|[]|related files:["main.py"]',     'T1':'|Implement user authentication.|Create User and UserManager classes, implement login and registration logic, and handle user data storage in users.txt.|[T0]|related files:[main.py]',     'T2':'|Create HTML templates for user interface.|Develop login.html, register.html, home.html, item_details.html, and listing.html templates for the application.|[T0]|related files:[templates/login.html, templates/register.html, templates/home.html, templates/item_details.html, templates/listing.html]',     'T3':'|Implement item management functionality.|Create Item and ItemManager classes, implement item listing, searching, and storage in items.txt.|[T0]|related files:[main.py]',     'T4':'|Develop Home Page functionality.|Implement logic to display available vintage items and search functionality on the Home Page.|[T1, T3]|related files:[main.py]',     'T5':'|Implement Item Details Page functionality.|Create logic to display detailed information about a selected item from the Home Page.|[T4]|related files:[main.py]',     'T6':'|Develop Listing Page functionality.|Implement logic for users to create and submit new item listings.|[T3]|related files:[main.py]' }, "Full API spec": "", "Shared Knowledge": "`main.py` contains the main application logic and routing for the web application." }

## files(already available)


## Counter Example Error Case Reference.
Here are some lessons and reflections gained from the flawed implementation of the project:
### Summary of Issues Identified from Unit Test Results

1. **404 Not Found Error**:
   - The unit test for user login failed because the application redirected to a "404 Not Found" page instead of the home page. This indicates there is a problem with the route handling for `/home`, potentially caused by incorrect routing or a failed server configuration.

2. **Loading Items Failure**:
   - The test that checks the availability of vintage items failed, resulting in an assertion error stating that no items were found. This suggests that the code responsible for loading items from the `items.txt` file is not functioning as expected, or that the file does not exist or is not formatted correctly.

3. **Element Not Found Errors**:
   - Several tests failed because they could not find specific elements on the webpage (e.g., search input, item listing links). This suggests that:
      - The application structure might not be rendering the expected HTML.
      - There might be timing issues where the elements are not available yet when the test tries to access them.

4. **Unimplemented Tests**:
   - Several tests were marked as not implemented, indicating missing functionality in the project code related to item listing submission, data storage validation, and navigation back to the home page.

### Detailed Guidance for Improvement

1. **Fix Routing for `/home`**:
   - Review the routing definitions in `main.py` to ensure that the `/home` route is correctly set up. Ensure that there are no conflicts, and that it properly returns the intended template and handles user sessions appropriately.

2. **Improve Item Loading Logic**:
   - Verify and debug the `load_items()` method in `ItemManager` class. Ensure it correctly reads from `items.txt`, properly handles empty or malformed lines, and populates the `self.items` list accurately. Consider adding logging to capture error states when the file can't be found or when items fail to load.

3. **Ensure Element Visibility**:
   - Investigate why elements are failing to load for tests. This may involve examining the HTML structure generated by the Flask templates, ensuring all necessary IDs and names are present, and that they match those being targeted in the tests. 
   - Additionally, implement explicit waits in the application code (if these elements are dynamically added) to ensure that elements are fully rendered before trying to interact with them.

4. **Implement Missing Functionality**:
   - Directly address the functionality that is currently not implemented, particularly for submitting item listings and verifying data storage in local text files. 
   - Write the necessary logic in the application to handle these features, ensuring the correct responses are returned for each action.

5. **Add Error Handling**:
   - Enhance error handling throughout the application, particularly when reading files or rendering templates. This will help provide feedback if something goes wrong, making debugging easier during development and testing.

By addressing these areas, the project will be more robust and aligned with the expected behaviors indicated by the unit tests.

-----
# Format Example 
*** main.py
```python
...
```

*** ui.py
```python
...
```
-----
## Your Task
|Set up Flask application and routing.|Initialize Flask app in main.py, set up routes for login, registration, home, item details, and listing.|[]|related files:["main.py"]

## Relatd Document
{
## Extracted Relevant Sections for Task: Set up Flask application and routing

### General Overview of the Project
The task is to develop a comprehensive web application, 'OnlineVintageMarket', for buying and selling vintage items that utilizes Python and stores information in local text files, eliminating the need for SQL databases. Note that the website should start from the login page.

### Software Functional Requirements
1. Users shall be able to log in to their accounts on the Login Page.
2. Users shall be able to navigate to the Registration Page via the Register here link if they do not have an account.
3. Users shall be able to view available vintage items on the Home Page.
4. Users shall be able to view details of a selected item by clicking the "Item Details" button on the Home Page.
6. Users shall be able to create a new listing for vintage items by navigating to the Listing Page and entering the item name, description, and price.
8. Users shall be able to view detailed information about a vintage item, including its title, description, and price, on the Item Details Page.
9. Users shall be able to navigate back to the Home Page from the Item Details Page using the "Back" button.

### Language
Use html and python to develop a web application. You should use html to generate the web template by yourself.

### Data Storage
Data will be stored in local text files. Different types of data will be stored in separate `.txt` files. You should define the text file by yourself in advance. This structured data storage will facilitate easy data retrieval and management through simple file manipulations in Python, ensuring the application remains light and efficient without the need for a SQL database.
}
(End for Relatd PRD)
# Instruction: Based on the context, follow "Format example", write or revise code to complete task described in "coding sub-task".
## ATTENTION
1. Use '***' to SPLIT different CODE SECTIONS. do not forget ``` in each file, refer the the example. Output format carefully referenced "Format example".
2. Follow design: YOU MUST FOLLOW "Data structures and interfaces". DONT CHANGE ANY DESIGN. Do not use public member functions that do not exist in your design.
3. Follow task: YOU MUST write Comprehensive codes to complete the sub-task.
4. Understand "Documents Relevant to the sub-task": Use this document, along with the architecture and task plan, as guidelines to construct your code.
4. CAREFULLY CHECK THAT YOU DONT MISS ANY NECESSARY CLASS/FUNCTION IN THE FILE.
5. You must import the third-party libraries used in your code
6. If you import a Class, you must import it firstly.
7. Determine the order of writing the files based on your understanding of the project.
9. Write out EVERY CODE DETAIL, DON'T LEAVE TODO,PASS,PLACEHOLDER.
9. Only write code result, do not output any other content in the start or in the end.
10. If you need to generate text data, follow the rules outlined in "<When Storing Data>" below.
 <When storing data>:
Different groups of data are distinguished by line breaks.
Different contents of the same group of data are distinguished by |.
Within any single content that contains multiple sub-entries, those sub-entries are separated by commas ,.
Example:
admin1|pass123|entry1,entry2,entry3  
admin2|pass123|entry1
Make sure:
The | character is used only to separate distinct contents within a group.
Commas , are used exclusively to separate multiple sub-entries within a single content.

# Website Development Rule
If you are doing website development, be sure to route the root path (/). If there is a login page, set the login page as the root route(/).
If you are doing website development, please do not encrypt the account password for the login function.
If you are doing website development, your code needs to take into account the process of loading data from the data file, so don't forget to load the data.
If you are doing Website Development, do not follow the rules of Website and Game development.
# GUI tkinter Development Rule
If you are doing GUI tkinter Development, do not follow the rules of Website and Game development.
# Game Development Rule
If the software needs to load data, please make sure the loading data code matches the data format and data file.
If you are doing Game Development, do not follow the rules of Website and Game development.

# important rule
Use '***' to SPLIT CODE SECTIONS. do not forget ``` in each file, refer the the example. Output format carefully referenced "Format example". 
Adhere strictly to the task requirements and implement them fully; do not include placeholders or "example" for code that is intended for future implementation.

# Counter Example Error Case Reference guideline
An example of a counter case for the entire project is provided in "Counter Example Error Case Reference". This counter case includes some errors that require attention. When completing the code for this task, please pay extra attention to the current task and the points highlighted in the counter case, avoiding these errors to produce better code.

2025-01-01 Wednesday 12:04:12 _client.py : INFO  HTTP Request: POST https://api.chatanywhere.tech/chat/completions "HTTP/1.1 200 OK"
2025-01-01 Wednesday 12:04:12 model.py : INFO  following invoke cost: 4672 | all cost: 54320
2025-01-01 Wednesday 12:04:12 c_programmer.py : INFO  
*** main.py
```python
from flask import Flask, render_template, request, redirect, url_for, session
from user_manager import UserManager
from item_manager import ItemManager

app = Flask(__name__)
app.secret_key = 'your_secret_key'  # Replace with a secure key in production

user_manager = UserManager()
item_manager = ItemManager()

@app.route('/')
def login():
    return render_template('login.html')

@app.route('/register', methods=['GET', 'POST'])
def register():
    if request.method == 'POST':
        username = request.form['username']
        password = request.form['password']
        user_manager.add_user(username, password)
        return redirect(url_for('login'))
    return render_template('register.html')

@app.route('/home')
def home():
    items = item_manager.items
    return render_template('home.html', items=items)

@app.route('/item/<int:item_id>')
def item_details(item_id):
    item = item_manager.items[item_id]
    return render_template('item_details.html', item=item)

@app.route('/listing', methods=['GET', 'POST'])
def listing():
    if request.method == 'POST':
        name = request.form['name']
        description = request.form['description']
        price = float(request.form['price'])
        item_manager.add_item(name, description, price)
        return redirect(url_for('home'))
    return render_template('listing.html')

if __name__ == '__main__':
    user_manager.load_users()
    item_manager.load_items()
    app.run(debug=True)
```

*** user_manager.py
```python
class User:
    def __init__(self, username: str, password: str) -> None:
        self.username = username
        self.password = password

    def save(self) -> None:
        with open('users.txt', 'a') as file:
            file.write(f"{self.username}|{self.password}\n")

class UserManager:
    def __init__(self) -> None:
        self.users = []

    def load_users(self) -> None:
        try:
            with open('users.txt', 'r') as file:
                for line in file:
                    username, password = line.strip().split('|')
                    self.users.append(User(username, password))
        except FileNotFoundError:
            pass

    def add_user(self, username: str, password: str) -> None:
        user = User(username, password)
        user.save()
        self.users.append(user)

    def authenticate(self, username: str, password: str) -> bool:
        for user in self.users:
            if user.username == username and user.password == password:
                return True
        return False
```

*** item_manager.py
```python
class Item:
    def __init__(self, name: str, description: str, price: float) -> None:
        self.name = name
        self.description = description
        self.price = price

    def save(self) -> None:
        with open('items.txt', 'a') as file:
            file.write(f"{self.name}|{self.description}|{self.price}\n")

class ItemManager:
    def __init__(self) -> None:
        self.items = []

    def load_items(self) -> None:
        try:
            with open('items.txt', 'r') as file:
                for line in file:
                    name, description, price = line.strip().split('|')
                    self.items.append(Item(name, description, float(price)))
        except FileNotFoundError:
            pass

    def add_item(self, name: str, description: str, price: float) -> None:
        item = Item(name, description, price)
        item.save()
        self.items.append(item)

    def search_items(self, query: str) -> list:
        return [item for item in self.items if query.lower() in item.name.lower()]
```

*** templates/login.html
```html
<!DOCTYPE html>
<html lang="en">
<head>
    <meta charset="UTF-8">
    <meta name="viewport" content="width=device-width, initial-scale=1.0">
    <title>Login</title>
</head>
<body>
    <h1>Login</h1>
    <form method="POST" action="/login">
        <label for="username">Username:</label>
        <input type="text" id="username" name="username" required>
        <label for="password">Password:</label>
        <input type="password" id="password" name="password" required>
        <button type="submit">Login</button>
    </form>
    <p><a href="/register">Register here</a></p>
</body>
</html>
```

*** templates/register.html
```html
<!DOCTYPE html>
<html lang="en">
<head>
    <meta charset="UTF-8">
    <meta name="viewport" content="width=device-width, initial-scale=1.0">
    <title>Register</title>
</head>
<body>
    <h1>Register</h1>
    <form method="POST" action="/register">
        <label for="username">Username:</label>
        <input type="text" id="username" name="username" required>
        <label for="password">Password:</label>
        <input type="password" id="password" name="password" required>
        <button type="submit">Register</button>
    </form>
</body>
</html>
```

*** templates/home.html
```html
<!DOCTYPE html>
<html lang="en">
<head>
    <meta charset="UTF-8">
    <meta name="viewport" content="width=device-width, initial-scale=1.0">
    <title>Home</title>
</head>
<body>
    <h1>Available Vintage Items</h1>
    <input type="text" id="search" placeholder="Search items...">
    <ul>
        {% for item in items %}
            <li>
                <a href="{{ url_for('item_details', item_id=loop.index0) }}">{{ item.name }}</a>
            </li>
        {% endfor %}
    </ul>
    <p><a href="/listing">Create New Listing</a></p>
</body>
</html>
```

*** templates/item_details.html
```html
<!DOCTYPE html>
<html lang="en">
<head>
    <meta charset="UTF-8">
    <meta name="viewport" content="width=device-width, initial-scale=1.0">
    <title>Item Details</title>
</head>
<body>
    <h1>{{ item.name }}</h1>
    <p>Description: {{ item.description }}</p>
    <p>Price: ${{ item.price }}</p>
    <p><a href="/home">Back to Home</a></p>
</body>
</html>
```

*** templates/listing.html
```html
<!DOCTYPE html>
<html lang="en">
<head>
    <meta charset="UTF-8">
    <meta name="viewport" content="width=device-width, initial-scale=1.0">
    <title>Create Listing</title>
</head>
<body>
    <h1>Create New Listing</h1>
    <form method="POST" action="/listing">
        <label for="name">Item Name:</label>
        <input type="text" id="name" name="name" required>
        <label for="description">Description:</label>
        <textarea id="description" name="description" required></textarea>
        <label for="price">Price:</label>
        <input type="number" id="price" name="price" step="0.01" required>
        <button type="submit">Submit Listing</button>
    </form>
    <p><a href="/home">Back to Home</a></p>
</body>
</html>
```

*** users.txt
```
admin|pass123
user1|pass456
```

*** items.txt
```
Vintage Clock|A beautiful vintage clock from the 1960s|150.00
Retro Vinyl Record|A collection of classic vinyl records|75.00
Antique Vase|An exquisite vase from the 19th century|200.00
```
2025-01-01 Wednesday 12:04:12 c_programmer.py : INFO  **[Update Codes]**

main.py updated.


```
'''

'''
--- Old
+++ New
@@ -1 +1,47 @@
-# None
+from flask import Flask, render_template, request, redirect, url_for, session
+from user_manager import UserManager
+from item_manager import ItemManager
+
+app = Flask(__name__)
+app.secret_key = 'your_secret_key'  # Replace with a secure key in production
+
+user_manager = UserManager()
+item_manager = ItemManager()
+
+@app.route('/')
+def login():
+    return render_template('login.html')
+
+@app.route('/register', methods=['GET', 'POST'])
+def register():
+    if request.method == 'POST':
+        username = request.form['username']
+        password = request.form['password']
+        user_manager.add_user(username, password)
+        return redirect(url_for('login'))
+    return render_template('register.html')
+
+@app.route('/home')
+def home():
+    items = item_manager.items
+    return render_template('home.html', items=items)
+
+@app.route('/item/<int:item_id>')
+def item_details(item_id):
+    item = item_manager.items[item_id]
+    return render_template('item_details.html', item=item)
+
+@app.route('/listing', methods=['GET', 'POST'])
+def listing():
+    if request.method == 'POST':
+        name = request.form['name']
+        description = request.form['description']
+        price = float(request.form['price'])
+        item_manager.add_item(name, description, price)
+        return redirect(url_for('home'))
+    return render_template('listing.html')
+
+if __name__ == '__main__':
+    user_manager.load_users()
+    item_manager.load_items()
+    app.run(debug=True)
```
2025-01-01 Wednesday 12:04:12 c_programmer.py : INFO  **[Update Codes]**

user_manager.py updated.


```
'''

'''
--- Old
+++ New
@@ -1 +1,32 @@
-# None
+class User:
+    def __init__(self, username: str, password: str) -> None:
+        self.username = username
+        self.password = password
+
+    def save(self) -> None:
+        with open('users.txt', 'a') as file:
+            file.write(f"{self.username}|{self.password}\n")
+
+class UserManager:
+    def __init__(self) -> None:
+        self.users = []
+
+    def load_users(self) -> None:
+        try:
+            with open('users.txt', 'r') as file:
+                for line in file:
+                    username, password = line.strip().split('|')
+                    self.users.append(User(username, password))
+        except FileNotFoundError:
+            pass
+
+    def add_user(self, username: str, password: str) -> None:
+        user = User(username, password)
+        user.save()
+        self.users.append(user)
+
+    def authenticate(self, username: str, password: str) -> bool:
+        for user in self.users:
+            if user.username == username and user.password == password:
+                return True
+        return False
```
2025-01-01 Wednesday 12:04:12 c_programmer.py : INFO  **[Update Codes]**

item_manager.py updated.


```
'''

'''
--- Old
+++ New
@@ -1 +1,30 @@
-# None
+class Item:
+    def __init__(self, name: str, description: str, price: float) -> None:
+        self.name = name
+        self.description = description
+        self.price = price
+
+    def save(self) -> None:
+        with open('items.txt', 'a') as file:
+            file.write(f"{self.name}|{self.description}|{self.price}\n")
+
+class ItemManager:
+    def __init__(self) -> None:
+        self.items = []
+
+    def load_items(self) -> None:
+        try:
+            with open('items.txt', 'r') as file:
+                for line in file:
+                    name, description, price = line.strip().split('|')
+                    self.items.append(Item(name, description, float(price)))
+        except FileNotFoundError:
+            pass
+
+    def add_item(self, name: str, description: str, price: float) -> None:
+        item = Item(name, description, price)
+        item.save()
+        self.items.append(item)
+
+    def search_items(self, query: str) -> list:
+        return [item for item in self.items if query.lower() in item.name.lower()]
```
2025-01-01 Wednesday 12:04:12 c_programmer.py : INFO  **[Update Codes]**

templates/login.html updated.


```
'''

'''
--- Old
+++ New
@@ -1 +1,19 @@
-# None
+<!DOCTYPE html>
+<html lang="en">
+<head>
+    <meta charset="UTF-8">
+    <meta name="viewport" content="width=device-width, initial-scale=1.0">
+    <title>Login</title>
+</head>
+<body>
+    <h1>Login</h1>
+    <form method="POST" action="/login">
+        <label for="username">Username:</label>
+        <input type="text" id="username" name="username" required>
+        <label for="password">Password:</label>
+        <input type="password" id="password" name="password" required>
+        <button type="submit">Login</button>
+    </form>
+    <p><a href="/register">Register here</a></p>
+</body>
+</html>
```
2025-01-01 Wednesday 12:04:12 c_programmer.py : INFO  **[Update Codes]**

templates/register.html updated.


```
'''

'''
--- Old
+++ New
@@ -1 +1,18 @@
-# None
+<!DOCTYPE html>
+<html lang="en">
+<head>
+    <meta charset="UTF-8">
+    <meta name="viewport" content="width=device-width, initial-scale=1.0">
+    <title>Register</title>
+</head>
+<body>
+    <h1>Register</h1>
+    <form method="POST" action="/register">
+        <label for="username">Username:</label>
+        <input type="text" id="username" name="username" required>
+        <label for="password">Password:</label>
+        <input type="password" id="password" name="password" required>
+        <button type="submit">Register</button>
+    </form>
+</body>
+</html>
```
2025-01-01 Wednesday 12:04:12 c_programmer.py : INFO  **[Update Codes]**

templates/home.html updated.


```
'''

'''
--- Old
+++ New
@@ -1 +1,20 @@
-# None
+<!DOCTYPE html>
+<html lang="en">
+<head>
+    <meta charset="UTF-8">
+    <meta name="viewport" content="width=device-width, initial-scale=1.0">
+    <title>Home</title>
+</head>
+<body>
+    <h1>Available Vintage Items</h1>
+    <input type="text" id="search" placeholder="Search items...">
+    <ul>
+        {% for item in items %}
+            <li>
+                <a href="{{ url_for('item_details', item_id=loop.index0) }}">{{ item.name }}</a>
+            </li>
+        {% endfor %}
+    </ul>
+    <p><a href="/listing">Create New Listing</a></p>
+</body>
+</html>
```
2025-01-01 Wednesday 12:04:12 c_programmer.py : INFO  **[Update Codes]**

templates/item_details.html updated.


```
'''

'''
--- Old
+++ New
@@ -1 +1,14 @@
-# None
+<!DOCTYPE html>
+<html lang="en">
+<head>
+    <meta charset="UTF-8">
+    <meta name="viewport" content="width=device-width, initial-scale=1.0">
+    <title>Item Details</title>
+</head>
+<body>
+    <h1>{{ item.name }}</h1>
+    <p>Description: {{ item.description }}</p>
+    <p>Price: ${{ item.price }}</p>
+    <p><a href="/home">Back to Home</a></p>
+</body>
+</html>
```
2025-01-01 Wednesday 12:04:12 c_programmer.py : INFO  **[Update Codes]**

templates/listing.html updated.


```
'''

'''
--- Old
+++ New
@@ -1 +1,21 @@
-# None
+<!DOCTYPE html>
+<html lang="en">
+<head>
+    <meta charset="UTF-8">
+    <meta name="viewport" content="width=device-width, initial-scale=1.0">
+    <title>Create Listing</title>
+</head>
+<body>
+    <h1>Create New Listing</h1>
+    <form method="POST" action="/listing">
+        <label for="name">Item Name:</label>
+        <input type="text" id="name" name="name" required>
+        <label for="description">Description:</label>
+        <textarea id="description" name="description" required></textarea>
+        <label for="price">Price:</label>
+        <input type="number" id="price" name="price" step="0.01" required>
+        <button type="submit">Submit Listing</button>
+    </form>
+    <p><a href="/home">Back to Home</a></p>
+</body>
+</html>
```
2025-01-01 Wednesday 12:04:12 c_programmer.py : INFO  **[Update Codes]**

users.txt updated.


```
'''

'''
--- Old
+++ New
@@ -1 +1,2 @@
-# None
+admin|pass123
+user1|pass456
```
2025-01-01 Wednesday 12:04:12 c_programmer.py : INFO  **[Update Codes]**

items.txt updated.


```
'''

'''
--- Old
+++ New
@@ -1 +1,3 @@
-# None
+Vintage Clock|A beautiful vintage clock from the 1960s|150.00
+Retro Vinyl Record|A collection of classic vinyl records|75.00
+Antique Vase|An exquisite vase from the 19th century|200.00
```
2025-01-01 Wednesday 12:04:12 searcher.py : INFO  
You are an excellent software task-oriented analyst. Your task is to accurately extract and compile all relevant sections from the requirements document and user demands that are directly related to a given task description, and present them in a concise and well-organized document.


## This is the PRD you can retrieve, which contains functional requirements for the system:
[OUTPUT] ## general overview of the project The task is to develop a comprehensive web application, 'OnlineVintageMarket', for buying and selling vintage items that utilizes Python and stores information in local text files, eliminating the need for SQL databases. Note that the website should start from the login page. ## software functional requirements 1. Users shall be able to log in to their accounts on the Login Page. 2. Users shall be able to navigate to the Registration Page via the Register here link if they do not have an account. 3. Users shall be able to view available vintage items on the Home Page. 4. Users shall be able to search for specific vintage items by name using the search bar on the Home Page. 5. Users shall be able to view details of a selected item by clicking the "Item Details" button on the Home Page. 6. Users shall be able to create a new listing for vintage items by navigating to the Listing Page and entering the item name, description, and price. 7. Users shall be able to submit their item listings through the "Submit Listing" button on the Listing Page. 8. Users shall be able to view detailed information about a vintage item, including its title, description, and price, on the Item Details Page. 9. Users shall be able to navigate back to the Home Page from the Item Details Page using the "Back" button. [/OUTPUT]

## This is the user's original demand, which includes not only functional requirements but also other special requirements.
# Software Description

## Objective
The task is to develop a comprehensive web application, 'OnlineVintageMarket', for buying and selling vintage items that utilizes Python and stores information in local text files, eliminating the need for SQL databases. Note that the website should start from the login page.


## Core Features
Users shall be able to log in to their accounts on the Login Page.
Users shall be able to navigate to the Registration Page via the Register here link if they do not have an account.
Users shall be able to view available vintage items on the Home Page.
Users shall be able to search for specific vintage items by name using the search bar on the Home Page.
Users shall be able to view details of a selected item by clicking the "Item Details" button on the Home Page.
Users shall be able to create a new listing for vintage items by navigating to the Listing Page and entering the item name, description, and price.
Users shall be able to submit their item listings through the "Submit Listing" button on the Listing Page.
Users shall be able to view detailed information about a vintage item, including its title, description, and price, on the Item Details Page.
Users shall be able to navigate back to the Home Page from the Item Details Page using the "Back" button.

## Language

Use html and python to develop a web application.
You should use html to generate the web template by yourself.
## Data Storage
Data will be stored in local text files.
Different types of data will be stored in separate `.txt` files.
You should define the text file by yourself in advance.
This structured data storage will facilitate easy data retrieval and management through simple file manipulations in Python, ensuring the application remains light and efficient without the need for a SQL database.


## now, you get one following specific task:
|Implement user authentication.|Create User and UserManager classes, implement login and registration logic, and handle user data storage in users.txt.|[T0]|related files:[main.py]

## Action
You should extract the sections directly related to the specific task described above from the two documents.
After extraction, integrate the relevant sections into a single output, ensuring duplicate content is removed.

Key Points:
The extracted content must remain unaltered. Do not modify any part of the retrieved sections.
Include only the necessary sections. Exclude any content you are certain is irrelevant to the current task.
Aim for conciseness: less is better.

2025-01-01 Wednesday 12:04:14 _client.py : INFO  HTTP Request: POST https://api.chatanywhere.tech/chat/completions "HTTP/1.1 200 OK"
2025-01-01 Wednesday 12:04:14 model.py : INFO  following invoke cost: 1112 | all cost: 55432
2025-01-01 Wednesday 12:04:14 searcher.py : INFO  retrievaled reslt is: 
## Extracted Relevant Sections for User Authentication Task

### General Overview
The task is to develop a comprehensive web application, 'OnlineVintageMarket', for buying and selling vintage items that utilizes Python and stores information in local text files, eliminating the need for SQL databases. Note that the website should start from the login page.

### Software Functional Requirements
1. Users shall be able to log in to their accounts on the Login Page.
2. Users shall be able to navigate to the Registration Page via the Register here link if they do not have an account.

### Core Features
- Users shall be able to log in to their accounts on the Login Page.
- Users shall be able to navigate to the Registration Page via the Register here link if they do not have an account.

### Data Storage
Data will be stored in local text files. Different types of data will be stored in separate `.txt` files. You should define the text file by yourself in advance. This structured data storage will facilitate easy data retrieval and management through simple file manipulations in Python, ensuring the application remains light and efficient without the need for a SQL database.
2025-01-01 Wednesday 12:04:14 c_programmer.py : INFO  
You are a professional engineer; the main goal is to write google-style, elegant, modular, easy to read and maintain code.
Output format carefully referenced "Format example".
In addition to writing code, you may also need to complete the data files in the task list (such as .txt .json .csv files). If the task list requires the implementation of data files, you need to simply design some data that meets the requirements for your completed software to facilitate the startup and testing of the software as a demo.


# Context

## Design
[CONTENT] "Implementation approach": "We will use Flask as the web framework to create the web application. Flask is lightweight and suitable for building simple web applications. For the front-end, we will use HTML to create the necessary templates. The application will handle user authentication, item listings, and data storage using local text files.", "UI design":"- The application will have a Login Page for user authentication with fields for username and password. - A Registration Page will allow new users to create an account. - The Home Page will display available vintage items with a search bar. - An Item Details Page will show detailed information about a selected item. - A Listing Page will allow users to create new item listings with fields for item name, description, and price.", "Data Storage":"Data will be stored in local text files. Different types of data will be stored in separate `.txt` files. The following files will be used: `users.txt` for user data, `items.txt` for vintage item listings.", "File list": ["main.py", "templates/login.html", "templates/register.html", "templates/home.html", "templates/item_details.html", "templates/listing.html", "users.txt", "items.txt"], "Data structures and interfaces": " classDiagram     class User {         -username: str         -password: str         +__init__(username: str, password: str)         +save() -> None     }     class Item {         -name: str         -description: str         -price: float         +__init__(name: str, description: str, price: float)         +save() -> None     }     class UserManager {         -users: list[User]         +load_users() -> None         +add_user(user: User) -> None         +authenticate(username: str, password: str) -> bool     }     class ItemManager {         -items: list[Item]         +load_items() -> None         +add_item(item: Item) -> None         +search_items(query: str) -> list[Item]     }     class App {         +run() -> None         +login() -> None         +register() -> None         +home() -> None         +item_details(item_id: int) -> None         +listing() -> None     }     UserManager --> User     ItemManager --> Item     App --> UserManager     App --> ItemManager ", [/CONTENT]
## Whole Task Plan
{ "Required packages": [     "flask==1.1.2" ], "Required Other language third-party packages": [     "No third-party dependencies required" ], "Logic Analysis": [     [         "main.py",         "The main file of the application, responsible for initializing the Flask app and routing. Contains the App class and methods for login, registration, home, item details, and listing."     ],     [         "templates/login.html",         "HTML template for the Login Page, includes form for username and password."     ],     [         "templates/register.html",         "HTML template for the Registration Page, includes form for new user registration."     ],     [         "templates/home.html",         "HTML template for the Home Page, displays available vintage items and includes a search bar."     ],     [         "templates/item_details.html",         "HTML template for the Item Details Page, shows detailed information about a selected item."     ],     [         "templates/listing.html",         "HTML template for the Listing Page, allows users to create new item listings."     ] ], "Task list":  {     'T0':'|Set up Flask application and routing.|Initialize Flask app in main.py, set up routes for login, registration, home, item details, and listing.|[]|related files:["main.py"]',     'T1':'|Implement user authentication.|Create User and UserManager classes, implement login and registration logic, and handle user data storage in users.txt.|[T0]|related files:[main.py]',     'T2':'|Create HTML templates for user interface.|Develop login.html, register.html, home.html, item_details.html, and listing.html templates for the application.|[T0]|related files:[templates/login.html, templates/register.html, templates/home.html, templates/item_details.html, templates/listing.html]',     'T3':'|Implement item management functionality.|Create Item and ItemManager classes, implement item listing, searching, and storage in items.txt.|[T0]|related files:[main.py]',     'T4':'|Develop Home Page functionality.|Implement logic to display available vintage items and search functionality on the Home Page.|[T1, T3]|related files:[main.py]',     'T5':'|Implement Item Details Page functionality.|Create logic to display detailed information about a selected item from the Home Page.|[T4]|related files:[main.py]',     'T6':'|Develop Listing Page functionality.|Implement logic for users to create and submit new item listings.|[T3]|related files:[main.py]' }, "Full API spec": "", "Shared Knowledge": "`main.py` contains the main application logic and routing for the web application." }

## files(already available)
file name: main.py

from flask import Flask, render_template, request, redirect, url_for, session
from user_manager import UserManager
from item_manager import ItemManager

app = Flask(__name__)
app.secret_key = 'your_secret_key'  # Replace with a secure key in production

user_manager = UserManager()
item_manager = ItemManager()

@app.route('/')
def login():
    return render_template('login.html')

@app.route('/register', methods=['GET', 'POST'])
def register():
    if request.method == 'POST':
        username = request.form['username']
        password = request.form['password']
        user_manager.add_user(username, password)
        return redirect(url_for('login'))
    return render_template('register.html')

@app.route('/home')
def home():
    items = item_manager.items
    return render_template('home.html', items=items)

@app.route('/item/<int:item_id>')
def item_details(item_id):
    item = item_manager.items[item_id]
    return render_template('item_details.html', item=item)

@app.route('/listing', methods=['GET', 'POST'])
def listing():
    if request.method == 'POST':
        name = request.form['name']
        description = request.form['description']
        price = float(request.form['price'])
        item_manager.add_item(name, description, price)
        return redirect(url_for('home'))
    return render_template('listing.html')

if __name__ == '__main__':
    user_manager.load_users()
    item_manager.load_items()
    app.run(debug=True)

file name: user_manager.py

class User:
    def __init__(self, username: str, password: str) -> None:
        self.username = username
        self.password = password

    def save(self) -> None:
        with open('users.txt', 'a') as file:
            file.write(f"{self.username}|{self.password}\n")

class UserManager:
    def __init__(self) -> None:
        self.users = []

    def load_users(self) -> None:
        try:
            with open('users.txt', 'r') as file:
                for line in file:
                    username, password = line.strip().split('|')
                    self.users.append(User(username, password))
        except FileNotFoundError:
            pass

    def add_user(self, username: str, password: str) -> None:
        user = User(username, password)
        user.save()
        self.users.append(user)

    def authenticate(self, username: str, password: str) -> bool:
        for user in self.users:
            if user.username == username and user.password == password:
                return True
        return False

file name: item_manager.py

class Item:
    def __init__(self, name: str, description: str, price: float) -> None:
        self.name = name
        self.description = description
        self.price = price

    def save(self) -> None:
        with open('items.txt', 'a') as file:
            file.write(f"{self.name}|{self.description}|{self.price}\n")

class ItemManager:
    def __init__(self) -> None:
        self.items = []

    def load_items(self) -> None:
        try:
            with open('items.txt', 'r') as file:
                for line in file:
                    name, description, price = line.strip().split('|')
                    self.items.append(Item(name, description, float(price)))
        except FileNotFoundError:
            pass

    def add_item(self, name: str, description: str, price: float) -> None:
        item = Item(name, description, price)
        item.save()
        self.items.append(item)

    def search_items(self, query: str) -> list:
        return [item for item in self.items if query.lower() in item.name.lower()]

file name: templates/login.html

<!DOCTYPE html>
<html lang="en">
<head>
    <meta charset="UTF-8">
    <meta name="viewport" content="width=device-width, initial-scale=1.0">
    <title>Login</title>
</head>
<body>
    <h1>Login</h1>
    <form method="POST" action="/login">
        <label for="username">Username:</label>
        <input type="text" id="username" name="username" required>
        <label for="password">Password:</label>
        <input type="password" id="password" name="password" required>
        <button type="submit">Login</button>
    </form>
    <p><a href="/register">Register here</a></p>
</body>
</html>

file name: templates/register.html

<!DOCTYPE html>
<html lang="en">
<head>
    <meta charset="UTF-8">
    <meta name="viewport" content="width=device-width, initial-scale=1.0">
    <title>Register</title>
</head>
<body>
    <h1>Register</h1>
    <form method="POST" action="/register">
        <label for="username">Username:</label>
        <input type="text" id="username" name="username" required>
        <label for="password">Password:</label>
        <input type="password" id="password" name="password" required>
        <button type="submit">Register</button>
    </form>
</body>
</html>

file name: templates/home.html

<!DOCTYPE html>
<html lang="en">
<head>
    <meta charset="UTF-8">
    <meta name="viewport" content="width=device-width, initial-scale=1.0">
    <title>Home</title>
</head>
<body>
    <h1>Available Vintage Items</h1>
    <input type="text" id="search" placeholder="Search items...">
    <ul>
        {% for item in items %}
            <li>
                <a href="{{ url_for('item_details', item_id=loop.index0) }}">{{ item.name }}</a>
            </li>
        {% endfor %}
    </ul>
    <p><a href="/listing">Create New Listing</a></p>
</body>
</html>

file name: templates/item_details.html

<!DOCTYPE html>
<html lang="en">
<head>
    <meta charset="UTF-8">
    <meta name="viewport" content="width=device-width, initial-scale=1.0">
    <title>Item Details</title>
</head>
<body>
    <h1>{{ item.name }}</h1>
    <p>Description: {{ item.description }}</p>
    <p>Price: ${{ item.price }}</p>
    <p><a href="/home">Back to Home</a></p>
</body>
</html>

file name: templates/listing.html

<!DOCTYPE html>
<html lang="en">
<head>
    <meta charset="UTF-8">
    <meta name="viewport" content="width=device-width, initial-scale=1.0">
    <title>Create Listing</title>
</head>
<body>
    <h1>Create New Listing</h1>
    <form method="POST" action="/listing">
        <label for="name">Item Name:</label>
        <input type="text" id="name" name="name" required>
        <label for="description">Description:</label>
        <textarea id="description" name="description" required></textarea>
        <label for="price">Price:</label>
        <input type="number" id="price" name="price" step="0.01" required>
        <button type="submit">Submit Listing</button>
    </form>
    <p><a href="/home">Back to Home</a></p>
</body>
</html>

file name: users.txt

admin|pass123
user1|pass456

file name: items.txt

Vintage Clock|A beautiful vintage clock from the 1960s|150.00
Retro Vinyl Record|A collection of classic vinyl records|75.00
Antique Vase|An exquisite vase from the 19th century|200.00



## Counter Example Error Case Reference.
Here are some lessons and reflections gained from the flawed implementation of the project:
### Summary of Issues Identified from Unit Test Results

1. **404 Not Found Error**:
   - The unit test for user login failed because the application redirected to a "404 Not Found" page instead of the home page. This indicates there is a problem with the route handling for `/home`, potentially caused by incorrect routing or a failed server configuration.

2. **Loading Items Failure**:
   - The test that checks the availability of vintage items failed, resulting in an assertion error stating that no items were found. This suggests that the code responsible for loading items from the `items.txt` file is not functioning as expected, or that the file does not exist or is not formatted correctly.

3. **Element Not Found Errors**:
   - Several tests failed because they could not find specific elements on the webpage (e.g., search input, item listing links). This suggests that:
      - The application structure might not be rendering the expected HTML.
      - There might be timing issues where the elements are not available yet when the test tries to access them.

4. **Unimplemented Tests**:
   - Several tests were marked as not implemented, indicating missing functionality in the project code related to item listing submission, data storage validation, and navigation back to the home page.

### Detailed Guidance for Improvement

1. **Fix Routing for `/home`**:
   - Review the routing definitions in `main.py` to ensure that the `/home` route is correctly set up. Ensure that there are no conflicts, and that it properly returns the intended template and handles user sessions appropriately.

2. **Improve Item Loading Logic**:
   - Verify and debug the `load_items()` method in `ItemManager` class. Ensure it correctly reads from `items.txt`, properly handles empty or malformed lines, and populates the `self.items` list accurately. Consider adding logging to capture error states when the file can't be found or when items fail to load.

3. **Ensure Element Visibility**:
   - Investigate why elements are failing to load for tests. This may involve examining the HTML structure generated by the Flask templates, ensuring all necessary IDs and names are present, and that they match those being targeted in the tests. 
   - Additionally, implement explicit waits in the application code (if these elements are dynamically added) to ensure that elements are fully rendered before trying to interact with them.

4. **Implement Missing Functionality**:
   - Directly address the functionality that is currently not implemented, particularly for submitting item listings and verifying data storage in local text files. 
   - Write the necessary logic in the application to handle these features, ensuring the correct responses are returned for each action.

5. **Add Error Handling**:
   - Enhance error handling throughout the application, particularly when reading files or rendering templates. This will help provide feedback if something goes wrong, making debugging easier during development and testing.

By addressing these areas, the project will be more robust and aligned with the expected behaviors indicated by the unit tests.

-----
# Format Example 
*** main.py
```python
...
```

*** ui.py
```python
...
```
-----
## Your Task
|Implement user authentication.|Create User and UserManager classes, implement login and registration logic, and handle user data storage in users.txt.|[T0]|related files:[main.py]

## Relatd Document
{
## Extracted Relevant Sections for User Authentication Task

### General Overview
The task is to develop a comprehensive web application, 'OnlineVintageMarket', for buying and selling vintage items that utilizes Python and stores information in local text files, eliminating the need for SQL databases. Note that the website should start from the login page.

### Software Functional Requirements
1. Users shall be able to log in to their accounts on the Login Page.
2. Users shall be able to navigate to the Registration Page via the Register here link if they do not have an account.

### Core Features
- Users shall be able to log in to their accounts on the Login Page.
- Users shall be able to navigate to the Registration Page via the Register here link if they do not have an account.

### Data Storage
Data will be stored in local text files. Different types of data will be stored in separate `.txt` files. You should define the text file by yourself in advance. This structured data storage will facilitate easy data retrieval and management through simple file manipulations in Python, ensuring the application remains light and efficient without the need for a SQL database.
}
(End for Relatd PRD)
# Instruction: Based on the context, follow "Format example", write or revise code to complete task described in "coding sub-task".
## ATTENTION
1. Use '***' to SPLIT different CODE SECTIONS. do not forget ``` in each file, refer the the example. Output format carefully referenced "Format example".
2. Follow design: YOU MUST FOLLOW "Data structures and interfaces". DONT CHANGE ANY DESIGN. Do not use public member functions that do not exist in your design.
3. Follow task: YOU MUST write Comprehensive codes to complete the sub-task.
4. Understand "Documents Relevant to the sub-task": Use this document, along with the architecture and task plan, as guidelines to construct your code.
4. CAREFULLY CHECK THAT YOU DONT MISS ANY NECESSARY CLASS/FUNCTION IN THE FILE.
5. You must import the third-party libraries used in your code
6. If you import a Class, you must import it firstly.
7. Determine the order of writing the files based on your understanding of the project.
9. Write out EVERY CODE DETAIL, DON'T LEAVE TODO,PASS,PLACEHOLDER.
9. Only write code result, do not output any other content in the start or in the end.
10. If you need to generate text data, follow the rules outlined in "<When Storing Data>" below.
 <When storing data>:
Different groups of data are distinguished by line breaks.
Different contents of the same group of data are distinguished by |.
Within any single content that contains multiple sub-entries, those sub-entries are separated by commas ,.
Example:
admin1|pass123|entry1,entry2,entry3  
admin2|pass123|entry1
Make sure:
The | character is used only to separate distinct contents within a group.
Commas , are used exclusively to separate multiple sub-entries within a single content.

# Website Development Rule
If you are doing website development, be sure to route the root path (/). If there is a login page, set the login page as the root route(/).
If you are doing website development, please do not encrypt the account password for the login function.
If you are doing website development, your code needs to take into account the process of loading data from the data file, so don't forget to load the data.
If you are doing Website Development, do not follow the rules of Website and Game development.
# GUI tkinter Development Rule
If you are doing GUI tkinter Development, do not follow the rules of Website and Game development.
# Game Development Rule
If the software needs to load data, please make sure the loading data code matches the data format and data file.
If you are doing Game Development, do not follow the rules of Website and Game development.

# important rule
Use '***' to SPLIT CODE SECTIONS. do not forget ``` in each file, refer the the example. Output format carefully referenced "Format example". 
Adhere strictly to the task requirements and implement them fully; do not include placeholders or "example" for code that is intended for future implementation.

# Counter Example Error Case Reference guideline
An example of a counter case for the entire project is provided in "Counter Example Error Case Reference". This counter case includes some errors that require attention. When completing the code for this task, please pay extra attention to the current task and the points highlighted in the counter case, avoiding these errors to produce better code.

2025-01-01 Wednesday 12:04:28 _client.py : INFO  HTTP Request: POST https://api.chatanywhere.tech/chat/completions "HTTP/1.1 200 OK"
2025-01-01 Wednesday 12:04:28 model.py : INFO  following invoke cost: 6312 | all cost: 61744
2025-01-01 Wednesday 12:04:28 c_programmer.py : INFO  
*** main.py
```python
from flask import Flask, render_template, request, redirect, url_for, session
from user_manager import UserManager
from item_manager import ItemManager

app = Flask(__name__)
app.secret_key = 'your_secret_key'  # Replace with a secure key in production

user_manager = UserManager()
item_manager = ItemManager()

@app.route('/')
def login():
    return render_template('login.html')

@app.route('/login', methods=['POST'])
def do_login():
    username = request.form['username']
    password = request.form['password']
    if user_manager.authenticate(username, password):
        session['username'] = username
        return redirect(url_for('home'))
    return redirect(url_for('login'))

@app.route('/register', methods=['GET', 'POST'])
def register():
    if request.method == 'POST':
        username = request.form['username']
        password = request.form['password']
        user_manager.add_user(username, password)
        return redirect(url_for('login'))
    return render_template('register.html')

@app.route('/home')
def home():
    items = item_manager.items
    return render_template('home.html', items=items)

@app.route('/item/<int:item_id>')
def item_details(item_id):
    item = item_manager.items[item_id]
    return render_template('item_details.html', item=item)

@app.route('/listing', methods=['GET', 'POST'])
def listing():
    if request.method == 'POST':
        name = request.form['name']
        description = request.form['description']
        price = float(request.form['price'])
        item_manager.add_item(name, description, price)
        return redirect(url_for('home'))
    return render_template('listing.html')

if __name__ == '__main__':
    user_manager.load_users()
    item_manager.load_items()
    app.run(debug=True)
```

*** user_manager.py
```python
class User:
    def __init__(self, username: str, password: str) -> None:
        self.username = username
        self.password = password

    def save(self) -> None:
        with open('users.txt', 'a') as file:
            file.write(f"{self.username}|{self.password}\n")

class UserManager:
    def __init__(self) -> None:
        self.users = []

    def load_users(self) -> None:
        try:
            with open('users.txt', 'r') as file:
                for line in file:
                    username, password = line.strip().split('|')
                    self.users.append(User(username, password))
        except FileNotFoundError:
            pass

    def add_user(self, username: str, password: str) -> None:
        user = User(username, password)
        user.save()
        self.users.append(user)

    def authenticate(self, username: str, password: str) -> bool:
        for user in self.users:
            if user.username == username and user.password == password:
                return True
        return False
```

*** item_manager.py
```python
class Item:
    def __init__(self, name: str, description: str, price: float) -> None:
        self.name = name
        self.description = description
        self.price = price

    def save(self) -> None:
        with open('items.txt', 'a') as file:
            file.write(f"{self.name}|{self.description}|{self.price}\n")

class ItemManager:
    def __init__(self) -> None:
        self.items = []

    def load_items(self) -> None:
        try:
            with open('items.txt', 'r') as file:
                for line in file:
                    name, description, price = line.strip().split('|')
                    self.items.append(Item(name, description, float(price)))
        except FileNotFoundError:
            pass

    def add_item(self, name: str, description: str, price: float) -> None:
        item = Item(name, description, price)
        item.save()
        self.items.append(item)

    def search_items(self, query: str) -> list:
        return [item for item in self.items if query.lower() in item.name.lower()]
```

*** templates/login.html
```html
<!DOCTYPE html>
<html lang="en">
<head>
    <meta charset="UTF-8">
    <meta name="viewport" content="width=device-width, initial-scale=1.0">
    <title>Login</title>
</head>
<body>
    <h1>Login</h1>
    <form method="POST" action="/login">
        <label for="username">Username:</label>
        <input type="text" id="username" name="username" required>
        <label for="password">Password:</label>
        <input type="password" id="password" name="password" required>
        <button type="submit">Login</button>
    </form>
    <p><a href="/register">Register here</a></p>
</body>
</html>
```

*** templates/register.html
```html
<!DOCTYPE html>
<html lang="en">
<head>
    <meta charset="UTF-8">
    <meta name="viewport" content="width=device-width, initial-scale=1.0">
    <title>Register</title>
</head>
<body>
    <h1>Register</h1>
    <form method="POST" action="/register">
        <label for="username">Username:</label>
        <input type="text" id="username" name="username" required>
        <label for="password">Password:</label>
        <input type="password" id="password" name="password" required>
        <button type="submit">Register</button>
    </form>
</body>
</html>
```

*** templates/home.html
```html
<!DOCTYPE html>
<html lang="en">
<head>
    <meta charset="UTF-8">
    <meta name="viewport" content="width=device-width, initial-scale=1.0">
    <title>Home</title>
</head>
<body>
    <h1>Available Vintage Items</h1>
    <input type="text" id="search" placeholder="Search items...">
    <ul>
        {% for item in items %}
            <li>
                <a href="{{ url_for('item_details', item_id=loop.index0) }}">{{ item.name }}</a>
            </li>
        {% endfor %}
    </ul>
    <p><a href="/listing">Create New Listing</a></p>
</body>
</html>
```

*** templates/item_details.html
```html
<!DOCTYPE html>
<html lang="en">
<head>
    <meta charset="UTF-8">
    <meta name="viewport" content="width=device-width, initial-scale=1.0">
    <title>Item Details</title>
</head>
<body>
    <h1>{{ item.name }}</h1>
    <p>Description: {{ item.description }}</p>
    <p>Price: ${{ item.price }}</p>
    <p><a href="/home">Back to Home</a></p>
</body>
</html>
```

*** templates/listing.html
```html
<!DOCTYPE html>
<html lang="en">
<head>
    <meta charset="UTF-8">
    <meta name="viewport" content="width=device-width, initial-scale=1.0">
    <title>Create Listing</title>
</head>
<body>
    <h1>Create New Listing</h1>
    <form method="POST" action="/listing">
        <label for="name">Item Name:</label>
        <input type="text" id="name" name="name" required>
        <label for="description">Description:</label>
        <textarea id="description" name="description" required></textarea>
        <label for="price">Price:</label>
        <input type="number" id="price" name="price" step="0.01" required>
        <button type="submit">Submit Listing</button>
    </form>
    <p><a href="/home">Back to Home</a></p>
</body>
</html>
```

*** users.txt
```
admin|pass123
user1|pass456
```

*** items.txt
```
Vintage Clock|A beautiful vintage clock from the 1960s|150.00
Retro Vinyl Record|A collection of classic vinyl records|75.00
Antique Vase|An exquisite vase from the 19th century|200.00
```
2025-01-01 Wednesday 12:04:28 c_programmer.py : INFO  **[Update Codes]**

main.py updated.


```
'''

'''
--- Old
+++ New
@@ -11,6 +11,15 @@
 @app.route('/')
 def login():
     return render_template('login.html')
+
+@app.route('/login', methods=['POST'])
+def do_login():
+    username = request.form['username']
+    password = request.form['password']
+    if user_manager.authenticate(username, password):
+        session['username'] = username
+        return redirect(url_for('home'))
+    return redirect(url_for('login'))
 
 @app.route('/register', methods=['GET', 'POST'])
 def register():
```
2025-01-01 Wednesday 12:04:28 c_programmer.py : INFO  **[Update Codes]**

user_manager.py updated.


```
'''

'''

```
2025-01-01 Wednesday 12:04:28 c_programmer.py : INFO  **[Update Codes]**

item_manager.py updated.


```
'''

'''

```
2025-01-01 Wednesday 12:04:28 c_programmer.py : INFO  **[Update Codes]**

templates/login.html updated.


```
'''

'''

```
2025-01-01 Wednesday 12:04:28 c_programmer.py : INFO  **[Update Codes]**

templates/register.html updated.


```
'''

'''

```
2025-01-01 Wednesday 12:04:28 c_programmer.py : INFO  **[Update Codes]**

templates/home.html updated.


```
'''

'''

```
2025-01-01 Wednesday 12:04:28 c_programmer.py : INFO  **[Update Codes]**

templates/item_details.html updated.


```
'''

'''

```
2025-01-01 Wednesday 12:04:28 c_programmer.py : INFO  **[Update Codes]**

templates/listing.html updated.


```
'''

'''

```
2025-01-01 Wednesday 12:04:28 c_programmer.py : INFO  **[Update Codes]**

users.txt updated.


```
'''

'''

```
2025-01-01 Wednesday 12:04:28 c_programmer.py : INFO  **[Update Codes]**

items.txt updated.


```
'''

'''

```
2025-01-01 Wednesday 12:04:28 searcher.py : INFO  
You are an excellent software task-oriented analyst. Your task is to accurately extract and compile all relevant sections from the requirements document and user demands that are directly related to a given task description, and present them in a concise and well-organized document.


## This is the PRD you can retrieve, which contains functional requirements for the system:
[OUTPUT] ## general overview of the project The task is to develop a comprehensive web application, 'OnlineVintageMarket', for buying and selling vintage items that utilizes Python and stores information in local text files, eliminating the need for SQL databases. Note that the website should start from the login page. ## software functional requirements 1. Users shall be able to log in to their accounts on the Login Page. 2. Users shall be able to navigate to the Registration Page via the Register here link if they do not have an account. 3. Users shall be able to view available vintage items on the Home Page. 4. Users shall be able to search for specific vintage items by name using the search bar on the Home Page. 5. Users shall be able to view details of a selected item by clicking the "Item Details" button on the Home Page. 6. Users shall be able to create a new listing for vintage items by navigating to the Listing Page and entering the item name, description, and price. 7. Users shall be able to submit their item listings through the "Submit Listing" button on the Listing Page. 8. Users shall be able to view detailed information about a vintage item, including its title, description, and price, on the Item Details Page. 9. Users shall be able to navigate back to the Home Page from the Item Details Page using the "Back" button. [/OUTPUT]

## This is the user's original demand, which includes not only functional requirements but also other special requirements.
# Software Description

## Objective
The task is to develop a comprehensive web application, 'OnlineVintageMarket', for buying and selling vintage items that utilizes Python and stores information in local text files, eliminating the need for SQL databases. Note that the website should start from the login page.


## Core Features
Users shall be able to log in to their accounts on the Login Page.
Users shall be able to navigate to the Registration Page via the Register here link if they do not have an account.
Users shall be able to view available vintage items on the Home Page.
Users shall be able to search for specific vintage items by name using the search bar on the Home Page.
Users shall be able to view details of a selected item by clicking the "Item Details" button on the Home Page.
Users shall be able to create a new listing for vintage items by navigating to the Listing Page and entering the item name, description, and price.
Users shall be able to submit their item listings through the "Submit Listing" button on the Listing Page.
Users shall be able to view detailed information about a vintage item, including its title, description, and price, on the Item Details Page.
Users shall be able to navigate back to the Home Page from the Item Details Page using the "Back" button.

## Language

Use html and python to develop a web application.
You should use html to generate the web template by yourself.
## Data Storage
Data will be stored in local text files.
Different types of data will be stored in separate `.txt` files.
You should define the text file by yourself in advance.
This structured data storage will facilitate easy data retrieval and management through simple file manipulations in Python, ensuring the application remains light and efficient without the need for a SQL database.


## now, you get one following specific task:
|Create HTML templates for user interface.|Develop login.html, register.html, home.html, item_details.html, and listing.html templates for the application.|[T0]|related files:[templates/login.html, templates/register.html, templates/home.html, templates/item_details.html, templates/listing.html]

## Action
You should extract the sections directly related to the specific task described above from the two documents.
After extraction, integrate the relevant sections into a single output, ensuring duplicate content is removed.

Key Points:
The extracted content must remain unaltered. Do not modify any part of the retrieved sections.
Include only the necessary sections. Exclude any content you are certain is irrelevant to the current task.
Aim for conciseness: less is better.

2025-01-01 Wednesday 12:04:31 _client.py : INFO  HTTP Request: POST https://api.chatanywhere.tech/chat/completions "HTTP/1.1 200 OK"
2025-01-01 Wednesday 12:04:31 model.py : INFO  following invoke cost: 1246 | all cost: 62990
2025-01-01 Wednesday 12:04:31 searcher.py : INFO  retrievaled reslt is: 
# Extracted Requirements for HTML Templates Task

## General Overview
The task is to develop a comprehensive web application, 'OnlineVintageMarket', for buying and selling vintage items that utilizes Python and stores information in local text files, eliminating the need for SQL databases. Note that the website should start from the login page.

## Software Functional Requirements
1. Users shall be able to log in to their accounts on the Login Page.
2. Users shall be able to navigate to the Registration Page via the Register here link if they do not have an account.
3. Users shall be able to view available vintage items on the Home Page.
4. Users shall be able to search for specific vintage items by name using the search bar on the Home Page.
5. Users shall be able to view details of a selected item by clicking the "Item Details" button on the Home Page.
6. Users shall be able to create a new listing for vintage items by navigating to the Listing Page and entering the item name, description, and price.
7. Users shall be able to submit their item listings through the "Submit Listing" button on the Listing Page.
8. Users shall be able to view detailed information about a vintage item, including its title, description, and price, on the Item Details Page.
9. Users shall be able to navigate back to the Home Page from the Item Details Page using the "Back" button.

## Language
Use html and python to develop a web application. You should use html to generate the web template by yourself.

## Related Files
- templates/login.html
- templates/register.html
- templates/home.html
- templates/item_details.html
- templates/listing.html
2025-01-01 Wednesday 12:04:31 c_programmer.py : INFO  
You are a professional engineer; the main goal is to write google-style, elegant, modular, easy to read and maintain code.
Output format carefully referenced "Format example".
In addition to writing code, you may also need to complete the data files in the task list (such as .txt .json .csv files). If the task list requires the implementation of data files, you need to simply design some data that meets the requirements for your completed software to facilitate the startup and testing of the software as a demo.


# Context

## Design
[CONTENT] "Implementation approach": "We will use Flask as the web framework to create the web application. Flask is lightweight and suitable for building simple web applications. For the front-end, we will use HTML to create the necessary templates. The application will handle user authentication, item listings, and data storage using local text files.", "UI design":"- The application will have a Login Page for user authentication with fields for username and password. - A Registration Page will allow new users to create an account. - The Home Page will display available vintage items with a search bar. - An Item Details Page will show detailed information about a selected item. - A Listing Page will allow users to create new item listings with fields for item name, description, and price.", "Data Storage":"Data will be stored in local text files. Different types of data will be stored in separate `.txt` files. The following files will be used: `users.txt` for user data, `items.txt` for vintage item listings.", "File list": ["main.py", "templates/login.html", "templates/register.html", "templates/home.html", "templates/item_details.html", "templates/listing.html", "users.txt", "items.txt"], "Data structures and interfaces": " classDiagram     class User {         -username: str         -password: str         +__init__(username: str, password: str)         +save() -> None     }     class Item {         -name: str         -description: str         -price: float         +__init__(name: str, description: str, price: float)         +save() -> None     }     class UserManager {         -users: list[User]         +load_users() -> None         +add_user(user: User) -> None         +authenticate(username: str, password: str) -> bool     }     class ItemManager {         -items: list[Item]         +load_items() -> None         +add_item(item: Item) -> None         +search_items(query: str) -> list[Item]     }     class App {         +run() -> None         +login() -> None         +register() -> None         +home() -> None         +item_details(item_id: int) -> None         +listing() -> None     }     UserManager --> User     ItemManager --> Item     App --> UserManager     App --> ItemManager ", [/CONTENT]
## Whole Task Plan
{ "Required packages": [     "flask==1.1.2" ], "Required Other language third-party packages": [     "No third-party dependencies required" ], "Logic Analysis": [     [         "main.py",         "The main file of the application, responsible for initializing the Flask app and routing. Contains the App class and methods for login, registration, home, item details, and listing."     ],     [         "templates/login.html",         "HTML template for the Login Page, includes form for username and password."     ],     [         "templates/register.html",         "HTML template for the Registration Page, includes form for new user registration."     ],     [         "templates/home.html",         "HTML template for the Home Page, displays available vintage items and includes a search bar."     ],     [         "templates/item_details.html",         "HTML template for the Item Details Page, shows detailed information about a selected item."     ],     [         "templates/listing.html",         "HTML template for the Listing Page, allows users to create new item listings."     ] ], "Task list":  {     'T0':'|Set up Flask application and routing.|Initialize Flask app in main.py, set up routes for login, registration, home, item details, and listing.|[]|related files:["main.py"]',     'T1':'|Implement user authentication.|Create User and UserManager classes, implement login and registration logic, and handle user data storage in users.txt.|[T0]|related files:[main.py]',     'T2':'|Create HTML templates for user interface.|Develop login.html, register.html, home.html, item_details.html, and listing.html templates for the application.|[T0]|related files:[templates/login.html, templates/register.html, templates/home.html, templates/item_details.html, templates/listing.html]',     'T3':'|Implement item management functionality.|Create Item and ItemManager classes, implement item listing, searching, and storage in items.txt.|[T0]|related files:[main.py]',     'T4':'|Develop Home Page functionality.|Implement logic to display available vintage items and search functionality on the Home Page.|[T1, T3]|related files:[main.py]',     'T5':'|Implement Item Details Page functionality.|Create logic to display detailed information about a selected item from the Home Page.|[T4]|related files:[main.py]',     'T6':'|Develop Listing Page functionality.|Implement logic for users to create and submit new item listings.|[T3]|related files:[main.py]' }, "Full API spec": "", "Shared Knowledge": "`main.py` contains the main application logic and routing for the web application." }

## files(already available)
file name: main.py

from flask import Flask, render_template, request, redirect, url_for, session
from user_manager import UserManager
from item_manager import ItemManager

app = Flask(__name__)
app.secret_key = 'your_secret_key'  # Replace with a secure key in production

user_manager = UserManager()
item_manager = ItemManager()

@app.route('/')
def login():
    return render_template('login.html')

@app.route('/login', methods=['POST'])
def do_login():
    username = request.form['username']
    password = request.form['password']
    if user_manager.authenticate(username, password):
        session['username'] = username
        return redirect(url_for('home'))
    return redirect(url_for('login'))

@app.route('/register', methods=['GET', 'POST'])
def register():
    if request.method == 'POST':
        username = request.form['username']
        password = request.form['password']
        user_manager.add_user(username, password)
        return redirect(url_for('login'))
    return render_template('register.html')

@app.route('/home')
def home():
    items = item_manager.items
    return render_template('home.html', items=items)

@app.route('/item/<int:item_id>')
def item_details(item_id):
    item = item_manager.items[item_id]
    return render_template('item_details.html', item=item)

@app.route('/listing', methods=['GET', 'POST'])
def listing():
    if request.method == 'POST':
        name = request.form['name']
        description = request.form['description']
        price = float(request.form['price'])
        item_manager.add_item(name, description, price)
        return redirect(url_for('home'))
    return render_template('listing.html')

if __name__ == '__main__':
    user_manager.load_users()
    item_manager.load_items()
    app.run(debug=True)

file name: user_manager.py

class User:
    def __init__(self, username: str, password: str) -> None:
        self.username = username
        self.password = password

    def save(self) -> None:
        with open('users.txt', 'a') as file:
            file.write(f"{self.username}|{self.password}\n")

class UserManager:
    def __init__(self) -> None:
        self.users = []

    def load_users(self) -> None:
        try:
            with open('users.txt', 'r') as file:
                for line in file:
                    username, password = line.strip().split('|')
                    self.users.append(User(username, password))
        except FileNotFoundError:
            pass

    def add_user(self, username: str, password: str) -> None:
        user = User(username, password)
        user.save()
        self.users.append(user)

    def authenticate(self, username: str, password: str) -> bool:
        for user in self.users:
            if user.username == username and user.password == password:
                return True
        return False

file name: item_manager.py

class Item:
    def __init__(self, name: str, description: str, price: float) -> None:
        self.name = name
        self.description = description
        self.price = price

    def save(self) -> None:
        with open('items.txt', 'a') as file:
            file.write(f"{self.name}|{self.description}|{self.price}\n")

class ItemManager:
    def __init__(self) -> None:
        self.items = []

    def load_items(self) -> None:
        try:
            with open('items.txt', 'r') as file:
                for line in file:
                    name, description, price = line.strip().split('|')
                    self.items.append(Item(name, description, float(price)))
        except FileNotFoundError:
            pass

    def add_item(self, name: str, description: str, price: float) -> None:
        item = Item(name, description, price)
        item.save()
        self.items.append(item)

    def search_items(self, query: str) -> list:
        return [item for item in self.items if query.lower() in item.name.lower()]

file name: templates/login.html

<!DOCTYPE html>
<html lang="en">
<head>
    <meta charset="UTF-8">
    <meta name="viewport" content="width=device-width, initial-scale=1.0">
    <title>Login</title>
</head>
<body>
    <h1>Login</h1>
    <form method="POST" action="/login">
        <label for="username">Username:</label>
        <input type="text" id="username" name="username" required>
        <label for="password">Password:</label>
        <input type="password" id="password" name="password" required>
        <button type="submit">Login</button>
    </form>
    <p><a href="/register">Register here</a></p>
</body>
</html>

file name: templates/register.html

<!DOCTYPE html>
<html lang="en">
<head>
    <meta charset="UTF-8">
    <meta name="viewport" content="width=device-width, initial-scale=1.0">
    <title>Register</title>
</head>
<body>
    <h1>Register</h1>
    <form method="POST" action="/register">
        <label for="username">Username:</label>
        <input type="text" id="username" name="username" required>
        <label for="password">Password:</label>
        <input type="password" id="password" name="password" required>
        <button type="submit">Register</button>
    </form>
</body>
</html>

file name: templates/home.html

<!DOCTYPE html>
<html lang="en">
<head>
    <meta charset="UTF-8">
    <meta name="viewport" content="width=device-width, initial-scale=1.0">
    <title>Home</title>
</head>
<body>
    <h1>Available Vintage Items</h1>
    <input type="text" id="search" placeholder="Search items...">
    <ul>
        {% for item in items %}
            <li>
                <a href="{{ url_for('item_details', item_id=loop.index0) }}">{{ item.name }}</a>
            </li>
        {% endfor %}
    </ul>
    <p><a href="/listing">Create New Listing</a></p>
</body>
</html>

file name: templates/item_details.html

<!DOCTYPE html>
<html lang="en">
<head>
    <meta charset="UTF-8">
    <meta name="viewport" content="width=device-width, initial-scale=1.0">
    <title>Item Details</title>
</head>
<body>
    <h1>{{ item.name }}</h1>
    <p>Description: {{ item.description }}</p>
    <p>Price: ${{ item.price }}</p>
    <p><a href="/home">Back to Home</a></p>
</body>
</html>

file name: templates/listing.html

<!DOCTYPE html>
<html lang="en">
<head>
    <meta charset="UTF-8">
    <meta name="viewport" content="width=device-width, initial-scale=1.0">
    <title>Create Listing</title>
</head>
<body>
    <h1>Create New Listing</h1>
    <form method="POST" action="/listing">
        <label for="name">Item Name:</label>
        <input type="text" id="name" name="name" required>
        <label for="description">Description:</label>
        <textarea id="description" name="description" required></textarea>
        <label for="price">Price:</label>
        <input type="number" id="price" name="price" step="0.01" required>
        <button type="submit">Submit Listing</button>
    </form>
    <p><a href="/home">Back to Home</a></p>
</body>
</html>

file name: users.txt

admin|pass123
user1|pass456

file name: items.txt

Vintage Clock|A beautiful vintage clock from the 1960s|150.00
Retro Vinyl Record|A collection of classic vinyl records|75.00
Antique Vase|An exquisite vase from the 19th century|200.00



## Counter Example Error Case Reference.
Here are some lessons and reflections gained from the flawed implementation of the project:
### Summary of Issues Identified from Unit Test Results

1. **404 Not Found Error**:
   - The unit test for user login failed because the application redirected to a "404 Not Found" page instead of the home page. This indicates there is a problem with the route handling for `/home`, potentially caused by incorrect routing or a failed server configuration.

2. **Loading Items Failure**:
   - The test that checks the availability of vintage items failed, resulting in an assertion error stating that no items were found. This suggests that the code responsible for loading items from the `items.txt` file is not functioning as expected, or that the file does not exist or is not formatted correctly.

3. **Element Not Found Errors**:
   - Several tests failed because they could not find specific elements on the webpage (e.g., search input, item listing links). This suggests that:
      - The application structure might not be rendering the expected HTML.
      - There might be timing issues where the elements are not available yet when the test tries to access them.

4. **Unimplemented Tests**:
   - Several tests were marked as not implemented, indicating missing functionality in the project code related to item listing submission, data storage validation, and navigation back to the home page.

### Detailed Guidance for Improvement

1. **Fix Routing for `/home`**:
   - Review the routing definitions in `main.py` to ensure that the `/home` route is correctly set up. Ensure that there are no conflicts, and that it properly returns the intended template and handles user sessions appropriately.

2. **Improve Item Loading Logic**:
   - Verify and debug the `load_items()` method in `ItemManager` class. Ensure it correctly reads from `items.txt`, properly handles empty or malformed lines, and populates the `self.items` list accurately. Consider adding logging to capture error states when the file can't be found or when items fail to load.

3. **Ensure Element Visibility**:
   - Investigate why elements are failing to load for tests. This may involve examining the HTML structure generated by the Flask templates, ensuring all necessary IDs and names are present, and that they match those being targeted in the tests. 
   - Additionally, implement explicit waits in the application code (if these elements are dynamically added) to ensure that elements are fully rendered before trying to interact with them.

4. **Implement Missing Functionality**:
   - Directly address the functionality that is currently not implemented, particularly for submitting item listings and verifying data storage in local text files. 
   - Write the necessary logic in the application to handle these features, ensuring the correct responses are returned for each action.

5. **Add Error Handling**:
   - Enhance error handling throughout the application, particularly when reading files or rendering templates. This will help provide feedback if something goes wrong, making debugging easier during development and testing.

By addressing these areas, the project will be more robust and aligned with the expected behaviors indicated by the unit tests.

-----
# Format Example 
*** main.py
```python
...
```

*** ui.py
```python
...
```
-----
## Your Task
|Create HTML templates for user interface.|Develop login.html, register.html, home.html, item_details.html, and listing.html templates for the application.|[T0]|related files:[templates/login.html, templates/register.html, templates/home.html, templates/item_details.html, templates/listing.html]

## Relatd Document
{
# Extracted Requirements for HTML Templates Task

## General Overview
The task is to develop a comprehensive web application, 'OnlineVintageMarket', for buying and selling vintage items that utilizes Python and stores information in local text files, eliminating the need for SQL databases. Note that the website should start from the login page.

## Software Functional Requirements
1. Users shall be able to log in to their accounts on the Login Page.
2. Users shall be able to navigate to the Registration Page via the Register here link if they do not have an account.
3. Users shall be able to view available vintage items on the Home Page.
4. Users shall be able to search for specific vintage items by name using the search bar on the Home Page.
5. Users shall be able to view details of a selected item by clicking the "Item Details" button on the Home Page.
6. Users shall be able to create a new listing for vintage items by navigating to the Listing Page and entering the item name, description, and price.
7. Users shall be able to submit their item listings through the "Submit Listing" button on the Listing Page.
8. Users shall be able to view detailed information about a vintage item, including its title, description, and price, on the Item Details Page.
9. Users shall be able to navigate back to the Home Page from the Item Details Page using the "Back" button.

## Language
Use html and python to develop a web application. You should use html to generate the web template by yourself.

## Related Files
- templates/login.html
- templates/register.html
- templates/home.html
- templates/item_details.html
- templates/listing.html
}
(End for Relatd PRD)
# Instruction: Based on the context, follow "Format example", write or revise code to complete task described in "coding sub-task".
## ATTENTION
1. Use '***' to SPLIT different CODE SECTIONS. do not forget ``` in each file, refer the the example. Output format carefully referenced "Format example".
2. Follow design: YOU MUST FOLLOW "Data structures and interfaces". DONT CHANGE ANY DESIGN. Do not use public member functions that do not exist in your design.
3. Follow task: YOU MUST write Comprehensive codes to complete the sub-task.
4. Understand "Documents Relevant to the sub-task": Use this document, along with the architecture and task plan, as guidelines to construct your code.
4. CAREFULLY CHECK THAT YOU DONT MISS ANY NECESSARY CLASS/FUNCTION IN THE FILE.
5. You must import the third-party libraries used in your code
6. If you import a Class, you must import it firstly.
7. Determine the order of writing the files based on your understanding of the project.
9. Write out EVERY CODE DETAIL, DON'T LEAVE TODO,PASS,PLACEHOLDER.
9. Only write code result, do not output any other content in the start or in the end.
10. If you need to generate text data, follow the rules outlined in "<When Storing Data>" below.
 <When storing data>:
Different groups of data are distinguished by line breaks.
Different contents of the same group of data are distinguished by |.
Within any single content that contains multiple sub-entries, those sub-entries are separated by commas ,.
Example:
admin1|pass123|entry1,entry2,entry3  
admin2|pass123|entry1
Make sure:
The | character is used only to separate distinct contents within a group.
Commas , are used exclusively to separate multiple sub-entries within a single content.

# Website Development Rule
If you are doing website development, be sure to route the root path (/). If there is a login page, set the login page as the root route(/).
If you are doing website development, please do not encrypt the account password for the login function.
If you are doing website development, your code needs to take into account the process of loading data from the data file, so don't forget to load the data.
If you are doing Website Development, do not follow the rules of Website and Game development.
# GUI tkinter Development Rule
If you are doing GUI tkinter Development, do not follow the rules of Website and Game development.
# Game Development Rule
If the software needs to load data, please make sure the loading data code matches the data format and data file.
If you are doing Game Development, do not follow the rules of Website and Game development.

# important rule
Use '***' to SPLIT CODE SECTIONS. do not forget ``` in each file, refer the the example. Output format carefully referenced "Format example". 
Adhere strictly to the task requirements and implement them fully; do not include placeholders or "example" for code that is intended for future implementation.

# Counter Example Error Case Reference guideline
An example of a counter case for the entire project is provided in "Counter Example Error Case Reference". This counter case includes some errors that require attention. When completing the code for this task, please pay extra attention to the current task and the points highlighted in the counter case, avoiding these errors to produce better code.

2025-01-01 Wednesday 12:04:37 _client.py : INFO  HTTP Request: POST https://api.chatanywhere.tech/chat/completions "HTTP/1.1 200 OK"
2025-01-01 Wednesday 12:04:37 model.py : INFO  following invoke cost: 5656 | all cost: 68646
2025-01-01 Wednesday 12:04:37 c_programmer.py : INFO  
*** templates/login.html
```html
<!DOCTYPE html>
<html lang="en">
<head>
    <meta charset="UTF-8">
    <meta name="viewport" content="width=device-width, initial-scale=1.0">
    <title>Login</title>
</head>
<body>
    <h1>Login</h1>
    <form method="POST" action="/login">
        <label for="username">Username:</label>
        <input type="text" id="username" name="username" required>
        <label for="password">Password:</label>
        <input type="password" id="password" name="password" required>
        <button type="submit">Login</button>
    </form>
    <p><a href="/register">Register here</a></p>
</body>
</html>
```

*** templates/register.html
```html
<!DOCTYPE html>
<html lang="en">
<head>
    <meta charset="UTF-8">
    <meta name="viewport" content="width=device-width, initial-scale=1.0">
    <title>Register</title>
</head>
<body>
    <h1>Register</h1>
    <form method="POST" action="/register">
        <label for="username">Username:</label>
        <input type="text" id="username" name="username" required>
        <label for="password">Password:</label>
        <input type="password" id="password" name="password" required>
        <button type="submit">Register</button>
    </form>
</body>
</html>
```

*** templates/home.html
```html
<!DOCTYPE html>
<html lang="en">
<head>
    <meta charset="UTF-8">
    <meta name="viewport" content="width=device-width, initial-scale=1.0">
    <title>Home</title>
</head>
<body>
    <h1>Available Vintage Items</h1>
    <input type="text" id="search" placeholder="Search items..." onkeyup="searchItems()">
    <ul id="item-list">
        {% for item in items %}
            <li>
                <a href="{{ url_for('item_details', item_id=loop.index0) }}">{{ item.name }}</a>
            </li>
        {% endfor %}
    </ul>
    <p><a href="/listing">Create New Listing</a></p>
    <script>
        function searchItems() {
            const query = document.getElementById('search').value.toLowerCase();
            const items = document.querySelectorAll('#item-list li');
            items.forEach(item => {
                const text = item.textContent.toLowerCase();
                item.style.display = text.includes(query) ? '' : 'none';
            });
        }
    </script>
</body>
</html>
```

*** templates/item_details.html
```html
<!DOCTYPE html>
<html lang="en">
<head>
    <meta charset="UTF-8">
    <meta name="viewport" content="width=device-width, initial-scale=1.0">
    <title>Item Details</title>
</head>
<body>
    <h1>{{ item.name }}</h1>
    <p>Description: {{ item.description }}</p>
    <p>Price: ${{ item.price }}</p>
    <p><a href="/home">Back to Home</a></p>
</body>
</html>
```

*** templates/listing.html
```html
<!DOCTYPE html>
<html lang="en">
<head>
    <meta charset="UTF-8">
    <meta name="viewport" content="width=device-width, initial-scale=1.0">
    <title>Create Listing</title>
</head>
<body>
    <h1>Create New Listing</h1>
    <form method="POST" action="/listing">
        <label for="name">Item Name:</label>
        <input type="text" id="name" name="name" required>
        <label for="description">Description:</label>
        <textarea id="description" name="description" required></textarea>
        <label for="price">Price:</label>
        <input type="number" id="price" name="price" step="0.01" required>
        <button type="submit">Submit Listing</button>
    </form>
    <p><a href="/home">Back to Home</a></p>
</body>
</html>
```
2025-01-01 Wednesday 12:04:37 c_programmer.py : INFO  **[Update Codes]**

templates/login.html updated.


```
'''

'''

```
2025-01-01 Wednesday 12:04:37 c_programmer.py : INFO  **[Update Codes]**

templates/register.html updated.


```
'''

'''

```
2025-01-01 Wednesday 12:04:37 c_programmer.py : INFO  **[Update Codes]**

templates/home.html updated.


```
'''

'''
--- Old
+++ New
@@ -7,8 +7,8 @@
 </head>
 <body>
     <h1>Available Vintage Items</h1>
-    <input type="text" id="search" placeholder="Search items...">
-    <ul>
+    <input type="text" id="search" placeholder="Search items..." onkeyup="searchItems()">
+    <ul id="item-list">
         {% for item in items %}
             <li>
                 <a href="{{ url_for('item_details', item_id=loop.index0) }}">{{ item.name }}</a>
@@ -16,5 +16,15 @@
         {% endfor %}
     </ul>
     <p><a href="/listing">Create New Listing</a></p>
+    <script>
+        function searchItems() {
+            const query = document.getElementById('search').value.toLowerCase();
+            const items = document.querySelectorAll('#item-list li');
+            items.forEach(item => {
+                const text = item.textContent.toLowerCase();
+                item.style.display = text.includes(query) ? '' : 'none';
+            });
+        }
+    </script>
 </body>
 </html>
```
2025-01-01 Wednesday 12:04:37 c_programmer.py : INFO  **[Update Codes]**

templates/item_details.html updated.


```
'''

'''

```
2025-01-01 Wednesday 12:04:37 c_programmer.py : INFO  **[Update Codes]**

templates/listing.html updated.


```
'''

'''

```
2025-01-01 Wednesday 12:04:37 searcher.py : INFO  
You are an excellent software task-oriented analyst. Your task is to accurately extract and compile all relevant sections from the requirements document and user demands that are directly related to a given task description, and present them in a concise and well-organized document.


## This is the PRD you can retrieve, which contains functional requirements for the system:
[OUTPUT] ## general overview of the project The task is to develop a comprehensive web application, 'OnlineVintageMarket', for buying and selling vintage items that utilizes Python and stores information in local text files, eliminating the need for SQL databases. Note that the website should start from the login page. ## software functional requirements 1. Users shall be able to log in to their accounts on the Login Page. 2. Users shall be able to navigate to the Registration Page via the Register here link if they do not have an account. 3. Users shall be able to view available vintage items on the Home Page. 4. Users shall be able to search for specific vintage items by name using the search bar on the Home Page. 5. Users shall be able to view details of a selected item by clicking the "Item Details" button on the Home Page. 6. Users shall be able to create a new listing for vintage items by navigating to the Listing Page and entering the item name, description, and price. 7. Users shall be able to submit their item listings through the "Submit Listing" button on the Listing Page. 8. Users shall be able to view detailed information about a vintage item, including its title, description, and price, on the Item Details Page. 9. Users shall be able to navigate back to the Home Page from the Item Details Page using the "Back" button. [/OUTPUT]

## This is the user's original demand, which includes not only functional requirements but also other special requirements.
# Software Description

## Objective
The task is to develop a comprehensive web application, 'OnlineVintageMarket', for buying and selling vintage items that utilizes Python and stores information in local text files, eliminating the need for SQL databases. Note that the website should start from the login page.


## Core Features
Users shall be able to log in to their accounts on the Login Page.
Users shall be able to navigate to the Registration Page via the Register here link if they do not have an account.
Users shall be able to view available vintage items on the Home Page.
Users shall be able to search for specific vintage items by name using the search bar on the Home Page.
Users shall be able to view details of a selected item by clicking the "Item Details" button on the Home Page.
Users shall be able to create a new listing for vintage items by navigating to the Listing Page and entering the item name, description, and price.
Users shall be able to submit their item listings through the "Submit Listing" button on the Listing Page.
Users shall be able to view detailed information about a vintage item, including its title, description, and price, on the Item Details Page.
Users shall be able to navigate back to the Home Page from the Item Details Page using the "Back" button.

## Language

Use html and python to develop a web application.
You should use html to generate the web template by yourself.
## Data Storage
Data will be stored in local text files.
Different types of data will be stored in separate `.txt` files.
You should define the text file by yourself in advance.
This structured data storage will facilitate easy data retrieval and management through simple file manipulations in Python, ensuring the application remains light and efficient without the need for a SQL database.


## now, you get one following specific task:
|Implement item management functionality.|Create Item and ItemManager classes, implement item listing, searching, and storage in items.txt.|[T0]|related files:[main.py]

## Action
You should extract the sections directly related to the specific task described above from the two documents.
After extraction, integrate the relevant sections into a single output, ensuring duplicate content is removed.

Key Points:
The extracted content must remain unaltered. Do not modify any part of the retrieved sections.
Include only the necessary sections. Exclude any content you are certain is irrelevant to the current task.
Aim for conciseness: less is better.

2025-01-01 Wednesday 12:04:40 _client.py : INFO  HTTP Request: POST https://api.chatanywhere.tech/chat/completions "HTTP/1.1 200 OK"
2025-01-01 Wednesday 12:04:40 model.py : INFO  following invoke cost: 1102 | all cost: 69748
2025-01-01 Wednesday 12:04:40 searcher.py : INFO  retrievaled reslt is: 
## Extracted Relevant Sections for Item Management Functionality

### General Overview
The task is to develop a comprehensive web application, 'OnlineVintageMarket', for buying and selling vintage items that utilizes Python and stores information in local text files, eliminating the need for SQL databases. Note that the website should start from the login page.

### Software Functional Requirements
1. Users shall be able to create a new listing for vintage items by navigating to the Listing Page and entering the item name, description, and price.
2. Users shall be able to submit their item listings through the "Submit Listing" button on the Listing Page.
3. Users shall be able to search for specific vintage items by name using the search bar on the Home Page.

### Data Storage
Data will be stored in local text files. Different types of data will be stored in separate `.txt` files. You should define the text file by yourself in advance. This structured data storage will facilitate easy data retrieval and management through simple file manipulations in Python, ensuring the application remains light and efficient without the need for a SQL database.
2025-01-01 Wednesday 12:04:40 c_programmer.py : INFO  
You are a professional engineer; the main goal is to write google-style, elegant, modular, easy to read and maintain code.
Output format carefully referenced "Format example".
In addition to writing code, you may also need to complete the data files in the task list (such as .txt .json .csv files). If the task list requires the implementation of data files, you need to simply design some data that meets the requirements for your completed software to facilitate the startup and testing of the software as a demo.


# Context

## Design
[CONTENT] "Implementation approach": "We will use Flask as the web framework to create the web application. Flask is lightweight and suitable for building simple web applications. For the front-end, we will use HTML to create the necessary templates. The application will handle user authentication, item listings, and data storage using local text files.", "UI design":"- The application will have a Login Page for user authentication with fields for username and password. - A Registration Page will allow new users to create an account. - The Home Page will display available vintage items with a search bar. - An Item Details Page will show detailed information about a selected item. - A Listing Page will allow users to create new item listings with fields for item name, description, and price.", "Data Storage":"Data will be stored in local text files. Different types of data will be stored in separate `.txt` files. The following files will be used: `users.txt` for user data, `items.txt` for vintage item listings.", "File list": ["main.py", "templates/login.html", "templates/register.html", "templates/home.html", "templates/item_details.html", "templates/listing.html", "users.txt", "items.txt"], "Data structures and interfaces": " classDiagram     class User {         -username: str         -password: str         +__init__(username: str, password: str)         +save() -> None     }     class Item {         -name: str         -description: str         -price: float         +__init__(name: str, description: str, price: float)         +save() -> None     }     class UserManager {         -users: list[User]         +load_users() -> None         +add_user(user: User) -> None         +authenticate(username: str, password: str) -> bool     }     class ItemManager {         -items: list[Item]         +load_items() -> None         +add_item(item: Item) -> None         +search_items(query: str) -> list[Item]     }     class App {         +run() -> None         +login() -> None         +register() -> None         +home() -> None         +item_details(item_id: int) -> None         +listing() -> None     }     UserManager --> User     ItemManager --> Item     App --> UserManager     App --> ItemManager ", [/CONTENT]
## Whole Task Plan
{ "Required packages": [     "flask==1.1.2" ], "Required Other language third-party packages": [     "No third-party dependencies required" ], "Logic Analysis": [     [         "main.py",         "The main file of the application, responsible for initializing the Flask app and routing. Contains the App class and methods for login, registration, home, item details, and listing."     ],     [         "templates/login.html",         "HTML template for the Login Page, includes form for username and password."     ],     [         "templates/register.html",         "HTML template for the Registration Page, includes form for new user registration."     ],     [         "templates/home.html",         "HTML template for the Home Page, displays available vintage items and includes a search bar."     ],     [         "templates/item_details.html",         "HTML template for the Item Details Page, shows detailed information about a selected item."     ],     [         "templates/listing.html",         "HTML template for the Listing Page, allows users to create new item listings."     ] ], "Task list":  {     'T0':'|Set up Flask application and routing.|Initialize Flask app in main.py, set up routes for login, registration, home, item details, and listing.|[]|related files:["main.py"]',     'T1':'|Implement user authentication.|Create User and UserManager classes, implement login and registration logic, and handle user data storage in users.txt.|[T0]|related files:[main.py]',     'T2':'|Create HTML templates for user interface.|Develop login.html, register.html, home.html, item_details.html, and listing.html templates for the application.|[T0]|related files:[templates/login.html, templates/register.html, templates/home.html, templates/item_details.html, templates/listing.html]',     'T3':'|Implement item management functionality.|Create Item and ItemManager classes, implement item listing, searching, and storage in items.txt.|[T0]|related files:[main.py]',     'T4':'|Develop Home Page functionality.|Implement logic to display available vintage items and search functionality on the Home Page.|[T1, T3]|related files:[main.py]',     'T5':'|Implement Item Details Page functionality.|Create logic to display detailed information about a selected item from the Home Page.|[T4]|related files:[main.py]',     'T6':'|Develop Listing Page functionality.|Implement logic for users to create and submit new item listings.|[T3]|related files:[main.py]' }, "Full API spec": "", "Shared Knowledge": "`main.py` contains the main application logic and routing for the web application." }

## files(already available)
file name: main.py

from flask import Flask, render_template, request, redirect, url_for, session
from user_manager import UserManager
from item_manager import ItemManager

app = Flask(__name__)
app.secret_key = 'your_secret_key'  # Replace with a secure key in production

user_manager = UserManager()
item_manager = ItemManager()

@app.route('/')
def login():
    return render_template('login.html')

@app.route('/login', methods=['POST'])
def do_login():
    username = request.form['username']
    password = request.form['password']
    if user_manager.authenticate(username, password):
        session['username'] = username
        return redirect(url_for('home'))
    return redirect(url_for('login'))

@app.route('/register', methods=['GET', 'POST'])
def register():
    if request.method == 'POST':
        username = request.form['username']
        password = request.form['password']
        user_manager.add_user(username, password)
        return redirect(url_for('login'))
    return render_template('register.html')

@app.route('/home')
def home():
    items = item_manager.items
    return render_template('home.html', items=items)

@app.route('/item/<int:item_id>')
def item_details(item_id):
    item = item_manager.items[item_id]
    return render_template('item_details.html', item=item)

@app.route('/listing', methods=['GET', 'POST'])
def listing():
    if request.method == 'POST':
        name = request.form['name']
        description = request.form['description']
        price = float(request.form['price'])
        item_manager.add_item(name, description, price)
        return redirect(url_for('home'))
    return render_template('listing.html')

if __name__ == '__main__':
    user_manager.load_users()
    item_manager.load_items()
    app.run(debug=True)

file name: user_manager.py

class User:
    def __init__(self, username: str, password: str) -> None:
        self.username = username
        self.password = password

    def save(self) -> None:
        with open('users.txt', 'a') as file:
            file.write(f"{self.username}|{self.password}\n")

class UserManager:
    def __init__(self) -> None:
        self.users = []

    def load_users(self) -> None:
        try:
            with open('users.txt', 'r') as file:
                for line in file:
                    username, password = line.strip().split('|')
                    self.users.append(User(username, password))
        except FileNotFoundError:
            pass

    def add_user(self, username: str, password: str) -> None:
        user = User(username, password)
        user.save()
        self.users.append(user)

    def authenticate(self, username: str, password: str) -> bool:
        for user in self.users:
            if user.username == username and user.password == password:
                return True
        return False

file name: item_manager.py

class Item:
    def __init__(self, name: str, description: str, price: float) -> None:
        self.name = name
        self.description = description
        self.price = price

    def save(self) -> None:
        with open('items.txt', 'a') as file:
            file.write(f"{self.name}|{self.description}|{self.price}\n")

class ItemManager:
    def __init__(self) -> None:
        self.items = []

    def load_items(self) -> None:
        try:
            with open('items.txt', 'r') as file:
                for line in file:
                    name, description, price = line.strip().split('|')
                    self.items.append(Item(name, description, float(price)))
        except FileNotFoundError:
            pass

    def add_item(self, name: str, description: str, price: float) -> None:
        item = Item(name, description, price)
        item.save()
        self.items.append(item)

    def search_items(self, query: str) -> list:
        return [item for item in self.items if query.lower() in item.name.lower()]

file name: templates/login.html

<!DOCTYPE html>
<html lang="en">
<head>
    <meta charset="UTF-8">
    <meta name="viewport" content="width=device-width, initial-scale=1.0">
    <title>Login</title>
</head>
<body>
    <h1>Login</h1>
    <form method="POST" action="/login">
        <label for="username">Username:</label>
        <input type="text" id="username" name="username" required>
        <label for="password">Password:</label>
        <input type="password" id="password" name="password" required>
        <button type="submit">Login</button>
    </form>
    <p><a href="/register">Register here</a></p>
</body>
</html>

file name: templates/register.html

<!DOCTYPE html>
<html lang="en">
<head>
    <meta charset="UTF-8">
    <meta name="viewport" content="width=device-width, initial-scale=1.0">
    <title>Register</title>
</head>
<body>
    <h1>Register</h1>
    <form method="POST" action="/register">
        <label for="username">Username:</label>
        <input type="text" id="username" name="username" required>
        <label for="password">Password:</label>
        <input type="password" id="password" name="password" required>
        <button type="submit">Register</button>
    </form>
</body>
</html>

file name: templates/home.html

<!DOCTYPE html>
<html lang="en">
<head>
    <meta charset="UTF-8">
    <meta name="viewport" content="width=device-width, initial-scale=1.0">
    <title>Home</title>
</head>
<body>
    <h1>Available Vintage Items</h1>
    <input type="text" id="search" placeholder="Search items..." onkeyup="searchItems()">
    <ul id="item-list">
        {% for item in items %}
            <li>
                <a href="{{ url_for('item_details', item_id=loop.index0) }}">{{ item.name }}</a>
            </li>
        {% endfor %}
    </ul>
    <p><a href="/listing">Create New Listing</a></p>
    <script>
        function searchItems() {
            const query = document.getElementById('search').value.toLowerCase();
            const items = document.querySelectorAll('#item-list li');
            items.forEach(item => {
                const text = item.textContent.toLowerCase();
                item.style.display = text.includes(query) ? '' : 'none';
            });
        }
    </script>
</body>
</html>

file name: templates/item_details.html

<!DOCTYPE html>
<html lang="en">
<head>
    <meta charset="UTF-8">
    <meta name="viewport" content="width=device-width, initial-scale=1.0">
    <title>Item Details</title>
</head>
<body>
    <h1>{{ item.name }}</h1>
    <p>Description: {{ item.description }}</p>
    <p>Price: ${{ item.price }}</p>
    <p><a href="/home">Back to Home</a></p>
</body>
</html>

file name: templates/listing.html

<!DOCTYPE html>
<html lang="en">
<head>
    <meta charset="UTF-8">
    <meta name="viewport" content="width=device-width, initial-scale=1.0">
    <title>Create Listing</title>
</head>
<body>
    <h1>Create New Listing</h1>
    <form method="POST" action="/listing">
        <label for="name">Item Name:</label>
        <input type="text" id="name" name="name" required>
        <label for="description">Description:</label>
        <textarea id="description" name="description" required></textarea>
        <label for="price">Price:</label>
        <input type="number" id="price" name="price" step="0.01" required>
        <button type="submit">Submit Listing</button>
    </form>
    <p><a href="/home">Back to Home</a></p>
</body>
</html>

file name: users.txt

admin|pass123
user1|pass456

file name: items.txt

Vintage Clock|A beautiful vintage clock from the 1960s|150.00
Retro Vinyl Record|A collection of classic vinyl records|75.00
Antique Vase|An exquisite vase from the 19th century|200.00



## Counter Example Error Case Reference.
Here are some lessons and reflections gained from the flawed implementation of the project:
### Summary of Issues Identified from Unit Test Results

1. **404 Not Found Error**:
   - The unit test for user login failed because the application redirected to a "404 Not Found" page instead of the home page. This indicates there is a problem with the route handling for `/home`, potentially caused by incorrect routing or a failed server configuration.

2. **Loading Items Failure**:
   - The test that checks the availability of vintage items failed, resulting in an assertion error stating that no items were found. This suggests that the code responsible for loading items from the `items.txt` file is not functioning as expected, or that the file does not exist or is not formatted correctly.

3. **Element Not Found Errors**:
   - Several tests failed because they could not find specific elements on the webpage (e.g., search input, item listing links). This suggests that:
      - The application structure might not be rendering the expected HTML.
      - There might be timing issues where the elements are not available yet when the test tries to access them.

4. **Unimplemented Tests**:
   - Several tests were marked as not implemented, indicating missing functionality in the project code related to item listing submission, data storage validation, and navigation back to the home page.

### Detailed Guidance for Improvement

1. **Fix Routing for `/home`**:
   - Review the routing definitions in `main.py` to ensure that the `/home` route is correctly set up. Ensure that there are no conflicts, and that it properly returns the intended template and handles user sessions appropriately.

2. **Improve Item Loading Logic**:
   - Verify and debug the `load_items()` method in `ItemManager` class. Ensure it correctly reads from `items.txt`, properly handles empty or malformed lines, and populates the `self.items` list accurately. Consider adding logging to capture error states when the file can't be found or when items fail to load.

3. **Ensure Element Visibility**:
   - Investigate why elements are failing to load for tests. This may involve examining the HTML structure generated by the Flask templates, ensuring all necessary IDs and names are present, and that they match those being targeted in the tests. 
   - Additionally, implement explicit waits in the application code (if these elements are dynamically added) to ensure that elements are fully rendered before trying to interact with them.

4. **Implement Missing Functionality**:
   - Directly address the functionality that is currently not implemented, particularly for submitting item listings and verifying data storage in local text files. 
   - Write the necessary logic in the application to handle these features, ensuring the correct responses are returned for each action.

5. **Add Error Handling**:
   - Enhance error handling throughout the application, particularly when reading files or rendering templates. This will help provide feedback if something goes wrong, making debugging easier during development and testing.

By addressing these areas, the project will be more robust and aligned with the expected behaviors indicated by the unit tests.

-----
# Format Example 
*** main.py
```python
...
```

*** ui.py
```python
...
```
-----
## Your Task
|Implement item management functionality.|Create Item and ItemManager classes, implement item listing, searching, and storage in items.txt.|[T0]|related files:[main.py]

## Relatd Document
{
## Extracted Relevant Sections for Item Management Functionality

### General Overview
The task is to develop a comprehensive web application, 'OnlineVintageMarket', for buying and selling vintage items that utilizes Python and stores information in local text files, eliminating the need for SQL databases. Note that the website should start from the login page.

### Software Functional Requirements
1. Users shall be able to create a new listing for vintage items by navigating to the Listing Page and entering the item name, description, and price.
2. Users shall be able to submit their item listings through the "Submit Listing" button on the Listing Page.
3. Users shall be able to search for specific vintage items by name using the search bar on the Home Page.

### Data Storage
Data will be stored in local text files. Different types of data will be stored in separate `.txt` files. You should define the text file by yourself in advance. This structured data storage will facilitate easy data retrieval and management through simple file manipulations in Python, ensuring the application remains light and efficient without the need for a SQL database.
}
(End for Relatd PRD)
# Instruction: Based on the context, follow "Format example", write or revise code to complete task described in "coding sub-task".
## ATTENTION
1. Use '***' to SPLIT different CODE SECTIONS. do not forget ``` in each file, refer the the example. Output format carefully referenced "Format example".
2. Follow design: YOU MUST FOLLOW "Data structures and interfaces". DONT CHANGE ANY DESIGN. Do not use public member functions that do not exist in your design.
3. Follow task: YOU MUST write Comprehensive codes to complete the sub-task.
4. Understand "Documents Relevant to the sub-task": Use this document, along with the architecture and task plan, as guidelines to construct your code.
4. CAREFULLY CHECK THAT YOU DONT MISS ANY NECESSARY CLASS/FUNCTION IN THE FILE.
5. You must import the third-party libraries used in your code
6. If you import a Class, you must import it firstly.
7. Determine the order of writing the files based on your understanding of the project.
9. Write out EVERY CODE DETAIL, DON'T LEAVE TODO,PASS,PLACEHOLDER.
9. Only write code result, do not output any other content in the start or in the end.
10. If you need to generate text data, follow the rules outlined in "<When Storing Data>" below.
 <When storing data>:
Different groups of data are distinguished by line breaks.
Different contents of the same group of data are distinguished by |.
Within any single content that contains multiple sub-entries, those sub-entries are separated by commas ,.
Example:
admin1|pass123|entry1,entry2,entry3  
admin2|pass123|entry1
Make sure:
The | character is used only to separate distinct contents within a group.
Commas , are used exclusively to separate multiple sub-entries within a single content.

# Website Development Rule
If you are doing website development, be sure to route the root path (/). If there is a login page, set the login page as the root route(/).
If you are doing website development, please do not encrypt the account password for the login function.
If you are doing website development, your code needs to take into account the process of loading data from the data file, so don't forget to load the data.
If you are doing Website Development, do not follow the rules of Website and Game development.
# GUI tkinter Development Rule
If you are doing GUI tkinter Development, do not follow the rules of Website and Game development.
# Game Development Rule
If the software needs to load data, please make sure the loading data code matches the data format and data file.
If you are doing Game Development, do not follow the rules of Website and Game development.

# important rule
Use '***' to SPLIT CODE SECTIONS. do not forget ``` in each file, refer the the example. Output format carefully referenced "Format example". 
Adhere strictly to the task requirements and implement them fully; do not include placeholders or "example" for code that is intended for future implementation.

# Counter Example Error Case Reference guideline
An example of a counter case for the entire project is provided in "Counter Example Error Case Reference". This counter case includes some errors that require attention. When completing the code for this task, please pay extra attention to the current task and the points highlighted in the counter case, avoiding these errors to produce better code.

2025-01-01 Wednesday 12:04:52 _client.py : INFO  HTTP Request: POST https://api.chatanywhere.tech/chat/completions "HTTP/1.1 200 OK"
2025-01-01 Wednesday 12:04:52 model.py : INFO  following invoke cost: 6546 | all cost: 76294
2025-01-01 Wednesday 12:04:52 c_programmer.py : INFO  
*** main.py
```python
from flask import Flask, render_template, request, redirect, url_for, session
from user_manager import UserManager
from item_manager import ItemManager

app = Flask(__name__)
app.secret_key = 'your_secret_key'  # Replace with a secure key in production

user_manager = UserManager()
item_manager = ItemManager()

@app.route('/')
def login():
    return render_template('login.html')

@app.route('/login', methods=['POST'])
def do_login():
    username = request.form['username']
    password = request.form['password']
    if user_manager.authenticate(username, password):
        session['username'] = username
        return redirect(url_for('home'))
    return redirect(url_for('login'))

@app.route('/register', methods=['GET', 'POST'])
def register():
    if request.method == 'POST':
        username = request.form['username']
        password = request.form['password']
        user_manager.add_user(username, password)
        return redirect(url_for('login'))
    return render_template('register.html')

@app.route('/home')
def home():
    items = item_manager.items
    return render_template('home.html', items=items)

@app.route('/item/<int:item_id>')
def item_details(item_id):
    item = item_manager.items[item_id]
    return render_template('item_details.html', item=item)

@app.route('/listing', methods=['GET', 'POST'])
def listing():
    if request.method == 'POST':
        name = request.form['name']
        description = request.form['description']
        price = float(request.form['price'])
        item_manager.add_item(name, description, price)
        return redirect(url_for('home'))
    return render_template('listing.html')

if __name__ == '__main__':
    user_manager.load_users()
    item_manager.load_items()
    app.run(debug=True)
```

*** user_manager.py
```python
class User:
    def __init__(self, username: str, password: str) -> None:
        self.username = username
        self.password = password

    def save(self) -> None:
        with open('users.txt', 'a') as file:
            file.write(f"{self.username}|{self.password}\n")

class UserManager:
    def __init__(self) -> None:
        self.users = []

    def load_users(self) -> None:
        try:
            with open('users.txt', 'r') as file:
                for line in file:
                    username, password = line.strip().split('|')
                    self.users.append(User(username, password))
        except FileNotFoundError:
            pass

    def add_user(self, username: str, password: str) -> None:
        user = User(username, password)
        user.save()
        self.users.append(user)

    def authenticate(self, username: str, password: str) -> bool:
        for user in self.users:
            if user.username == username and user.password == password:
                return True
        return False
```

*** item_manager.py
```python
class Item:
    def __init__(self, name: str, description: str, price: float) -> None:
        self.name = name
        self.description = description
        self.price = price

    def save(self) -> None:
        with open('items.txt', 'a') as file:
            file.write(f"{self.name}|{self.description}|{self.price}\n")

class ItemManager:
    def __init__(self) -> None:
        self.items = []

    def load_items(self) -> None:
        try:
            with open('items.txt', 'r') as file:
                for line in file:
                    name, description, price = line.strip().split('|')
                    self.items.append(Item(name, description, float(price)))
        except FileNotFoundError:
            pass

    def add_item(self, name: str, description: str, price: float) -> None:
        item = Item(name, description, price)
        item.save()
        self.items.append(item)

    def search_items(self, query: str) -> list:
        return [item for item in self.items if query.lower() in item.name.lower()]
```

*** templates/login.html
```html
<!DOCTYPE html>
<html lang="en">
<head>
    <meta charset="UTF-8">
    <meta name="viewport" content="width=device-width, initial-scale=1.0">
    <title>Login</title>
</head>
<body>
    <h1>Login</h1>
    <form method="POST" action="/login">
        <label for="username">Username:</label>
        <input type="text" id="username" name="username" required>
        <label for="password">Password:</label>
        <input type="password" id="password" name="password" required>
        <button type="submit">Login</button>
    </form>
    <p><a href="/register">Register here</a></p>
</body>
</html>
```

*** templates/register.html
```html
<!DOCTYPE html>
<html lang="en">
<head>
    <meta charset="UTF-8">
    <meta name="viewport" content="width=device-width, initial-scale=1.0">
    <title>Register</title>
</head>
<body>
    <h1>Register</h1>
    <form method="POST" action="/register">
        <label for="username">Username:</label>
        <input type="text" id="username" name="username" required>
        <label for="password">Password:</label>
        <input type="password" id="password" name="password" required>
        <button type="submit">Register</button>
    </form>
</body>
</html>
```

*** templates/home.html
```html
<!DOCTYPE html>
<html lang="en">
<head>
    <meta charset="UTF-8">
    <meta name="viewport" content="width=device-width, initial-scale=1.0">
    <title>Home</title>
</head>
<body>
    <h1>Available Vintage Items</h1>
    <input type="text" id="search" placeholder="Search items..." onkeyup="searchItems()">
    <ul id="item-list">
        {% for item in items %}
            <li>
                <a href="{{ url_for('item_details', item_id=loop.index0) }}">{{ item.name }}</a>
            </li>
        {% endfor %}
    </ul>
    <p><a href="/listing">Create New Listing</a></p>
    <script>
        function searchItems() {
            const query = document.getElementById('search').value.toLowerCase();
            const items = document.querySelectorAll('#item-list li');
            items.forEach(item => {
                const text = item.textContent.toLowerCase();
                item.style.display = text.includes(query) ? '' : 'none';
            });
        }
    </script>
</body>
</html>
```

*** templates/item_details.html
```html
<!DOCTYPE html>
<html lang="en">
<head>
    <meta charset="UTF-8">
    <meta name="viewport" content="width=device-width, initial-scale=1.0">
    <title>Item Details</title>
</head>
<body>
    <h1>{{ item.name }}</h1>
    <p>Description: {{ item.description }}</p>
    <p>Price: ${{ item.price }}</p>
    <p><a href="/home">Back to Home</a></p>
</body>
</html>
```

*** templates/listing.html
```html
<!DOCTYPE html>
<html lang="en">
<head>
    <meta charset="UTF-8">
    <meta name="viewport" content="width=device-width, initial-scale=1.0">
    <title>Create Listing</title>
</head>
<body>
    <h1>Create New Listing</h1>
    <form method="POST" action="/listing">
        <label for="name">Item Name:</label>
        <input type="text" id="name" name="name" required>
        <label for="description">Description:</label>
        <textarea id="description" name="description" required></textarea>
        <label for="price">Price:</label>
        <input type="number" id="price" name="price" step="0.01" required>
        <button type="submit">Submit Listing</button>
    </form>
    <p><a href="/home">Back to Home</a></p>
</body>
</html>
```

*** users.txt
```
admin|pass123
user1|pass456
```

*** items.txt
```
Vintage Clock|A beautiful vintage clock from the 1960s|150.00
Retro Vinyl Record|A collection of classic vinyl records|75.00
Antique Vase|An exquisite vase from the 19th century|200.00
```
2025-01-01 Wednesday 12:04:52 c_programmer.py : INFO  **[Update Codes]**

main.py updated.


```
'''

'''

```
2025-01-01 Wednesday 12:04:52 c_programmer.py : INFO  **[Update Codes]**

user_manager.py updated.


```
'''

'''

```
2025-01-01 Wednesday 12:04:52 c_programmer.py : INFO  **[Update Codes]**

item_manager.py updated.


```
'''

'''

```
2025-01-01 Wednesday 12:04:52 c_programmer.py : INFO  **[Update Codes]**

templates/login.html updated.


```
'''

'''

```
2025-01-01 Wednesday 12:04:52 c_programmer.py : INFO  **[Update Codes]**

templates/register.html updated.


```
'''

'''

```
2025-01-01 Wednesday 12:04:52 c_programmer.py : INFO  **[Update Codes]**

templates/home.html updated.


```
'''

'''

```
2025-01-01 Wednesday 12:04:52 c_programmer.py : INFO  **[Update Codes]**

templates/item_details.html updated.


```
'''

'''

```
2025-01-01 Wednesday 12:04:52 c_programmer.py : INFO  **[Update Codes]**

templates/listing.html updated.


```
'''

'''

```
2025-01-01 Wednesday 12:04:52 c_programmer.py : INFO  **[Update Codes]**

users.txt updated.


```
'''

'''

```
2025-01-01 Wednesday 12:04:52 c_programmer.py : INFO  **[Update Codes]**

items.txt updated.


```
'''

'''

```
2025-01-01 Wednesday 12:04:52 searcher.py : INFO  
You are an excellent software task-oriented analyst. Your task is to accurately extract and compile all relevant sections from the requirements document and user demands that are directly related to a given task description, and present them in a concise and well-organized document.


## This is the PRD you can retrieve, which contains functional requirements for the system:
[OUTPUT] ## general overview of the project The task is to develop a comprehensive web application, 'OnlineVintageMarket', for buying and selling vintage items that utilizes Python and stores information in local text files, eliminating the need for SQL databases. Note that the website should start from the login page. ## software functional requirements 1. Users shall be able to log in to their accounts on the Login Page. 2. Users shall be able to navigate to the Registration Page via the Register here link if they do not have an account. 3. Users shall be able to view available vintage items on the Home Page. 4. Users shall be able to search for specific vintage items by name using the search bar on the Home Page. 5. Users shall be able to view details of a selected item by clicking the "Item Details" button on the Home Page. 6. Users shall be able to create a new listing for vintage items by navigating to the Listing Page and entering the item name, description, and price. 7. Users shall be able to submit their item listings through the "Submit Listing" button on the Listing Page. 8. Users shall be able to view detailed information about a vintage item, including its title, description, and price, on the Item Details Page. 9. Users shall be able to navigate back to the Home Page from the Item Details Page using the "Back" button. [/OUTPUT]

## This is the user's original demand, which includes not only functional requirements but also other special requirements.
# Software Description

## Objective
The task is to develop a comprehensive web application, 'OnlineVintageMarket', for buying and selling vintage items that utilizes Python and stores information in local text files, eliminating the need for SQL databases. Note that the website should start from the login page.


## Core Features
Users shall be able to log in to their accounts on the Login Page.
Users shall be able to navigate to the Registration Page via the Register here link if they do not have an account.
Users shall be able to view available vintage items on the Home Page.
Users shall be able to search for specific vintage items by name using the search bar on the Home Page.
Users shall be able to view details of a selected item by clicking the "Item Details" button on the Home Page.
Users shall be able to create a new listing for vintage items by navigating to the Listing Page and entering the item name, description, and price.
Users shall be able to submit their item listings through the "Submit Listing" button on the Listing Page.
Users shall be able to view detailed information about a vintage item, including its title, description, and price, on the Item Details Page.
Users shall be able to navigate back to the Home Page from the Item Details Page using the "Back" button.

## Language

Use html and python to develop a web application.
You should use html to generate the web template by yourself.
## Data Storage
Data will be stored in local text files.
Different types of data will be stored in separate `.txt` files.
You should define the text file by yourself in advance.
This structured data storage will facilitate easy data retrieval and management through simple file manipulations in Python, ensuring the application remains light and efficient without the need for a SQL database.


## now, you get one following specific task:
|Develop Home Page functionality.|Implement logic to display available vintage items and search functionality on the Home Page.|[T1, T3]|related files:[main.py]

## Action
You should extract the sections directly related to the specific task described above from the two documents.
After extraction, integrate the relevant sections into a single output, ensuring duplicate content is removed.

Key Points:
The extracted content must remain unaltered. Do not modify any part of the retrieved sections.
Include only the necessary sections. Exclude any content you are certain is irrelevant to the current task.
Aim for conciseness: less is better.

2025-01-01 Wednesday 12:04:54 _client.py : INFO  HTTP Request: POST https://api.chatanywhere.tech/chat/completions "HTTP/1.1 200 OK"
2025-01-01 Wednesday 12:04:54 model.py : INFO  following invoke cost: 1061 | all cost: 77355
2025-01-01 Wednesday 12:04:54 searcher.py : INFO  retrievaled reslt is: 
## Extracted and Compiled Content for Home Page Functionality Task

### General Overview
The task is to develop a comprehensive web application, 'OnlineVintageMarket', for buying and selling vintage items that utilizes Python and stores information in local text files, eliminating the need for SQL databases. Note that the website should start from the login page.

### Software Functional Requirements
1. Users shall be able to view available vintage items on the Home Page.
2. Users shall be able to search for specific vintage items by name using the search bar on the Home Page.
3. Users shall be able to view details of a selected item by clicking the "Item Details" button on the Home Page.

### Core Features
- Users shall be able to view available vintage items on the Home Page.
- Users shall be able to search for specific vintage items by name using the search bar on the Home Page.
2025-01-01 Wednesday 12:04:54 c_programmer.py : INFO  
You are a professional engineer; the main goal is to write google-style, elegant, modular, easy to read and maintain code.
Output format carefully referenced "Format example".
In addition to writing code, you may also need to complete the data files in the task list (such as .txt .json .csv files). If the task list requires the implementation of data files, you need to simply design some data that meets the requirements for your completed software to facilitate the startup and testing of the software as a demo.


# Context

## Design
[CONTENT] "Implementation approach": "We will use Flask as the web framework to create the web application. Flask is lightweight and suitable for building simple web applications. For the front-end, we will use HTML to create the necessary templates. The application will handle user authentication, item listings, and data storage using local text files.", "UI design":"- The application will have a Login Page for user authentication with fields for username and password. - A Registration Page will allow new users to create an account. - The Home Page will display available vintage items with a search bar. - An Item Details Page will show detailed information about a selected item. - A Listing Page will allow users to create new item listings with fields for item name, description, and price.", "Data Storage":"Data will be stored in local text files. Different types of data will be stored in separate `.txt` files. The following files will be used: `users.txt` for user data, `items.txt` for vintage item listings.", "File list": ["main.py", "templates/login.html", "templates/register.html", "templates/home.html", "templates/item_details.html", "templates/listing.html", "users.txt", "items.txt"], "Data structures and interfaces": " classDiagram     class User {         -username: str         -password: str         +__init__(username: str, password: str)         +save() -> None     }     class Item {         -name: str         -description: str         -price: float         +__init__(name: str, description: str, price: float)         +save() -> None     }     class UserManager {         -users: list[User]         +load_users() -> None         +add_user(user: User) -> None         +authenticate(username: str, password: str) -> bool     }     class ItemManager {         -items: list[Item]         +load_items() -> None         +add_item(item: Item) -> None         +search_items(query: str) -> list[Item]     }     class App {         +run() -> None         +login() -> None         +register() -> None         +home() -> None         +item_details(item_id: int) -> None         +listing() -> None     }     UserManager --> User     ItemManager --> Item     App --> UserManager     App --> ItemManager ", [/CONTENT]
## Whole Task Plan
{ "Required packages": [     "flask==1.1.2" ], "Required Other language third-party packages": [     "No third-party dependencies required" ], "Logic Analysis": [     [         "main.py",         "The main file of the application, responsible for initializing the Flask app and routing. Contains the App class and methods for login, registration, home, item details, and listing."     ],     [         "templates/login.html",         "HTML template for the Login Page, includes form for username and password."     ],     [         "templates/register.html",         "HTML template for the Registration Page, includes form for new user registration."     ],     [         "templates/home.html",         "HTML template for the Home Page, displays available vintage items and includes a search bar."     ],     [         "templates/item_details.html",         "HTML template for the Item Details Page, shows detailed information about a selected item."     ],     [         "templates/listing.html",         "HTML template for the Listing Page, allows users to create new item listings."     ] ], "Task list":  {     'T0':'|Set up Flask application and routing.|Initialize Flask app in main.py, set up routes for login, registration, home, item details, and listing.|[]|related files:["main.py"]',     'T1':'|Implement user authentication.|Create User and UserManager classes, implement login and registration logic, and handle user data storage in users.txt.|[T0]|related files:[main.py]',     'T2':'|Create HTML templates for user interface.|Develop login.html, register.html, home.html, item_details.html, and listing.html templates for the application.|[T0]|related files:[templates/login.html, templates/register.html, templates/home.html, templates/item_details.html, templates/listing.html]',     'T3':'|Implement item management functionality.|Create Item and ItemManager classes, implement item listing, searching, and storage in items.txt.|[T0]|related files:[main.py]',     'T4':'|Develop Home Page functionality.|Implement logic to display available vintage items and search functionality on the Home Page.|[T1, T3]|related files:[main.py]',     'T5':'|Implement Item Details Page functionality.|Create logic to display detailed information about a selected item from the Home Page.|[T4]|related files:[main.py]',     'T6':'|Develop Listing Page functionality.|Implement logic for users to create and submit new item listings.|[T3]|related files:[main.py]' }, "Full API spec": "", "Shared Knowledge": "`main.py` contains the main application logic and routing for the web application." }

## files(already available)
file name: main.py

from flask import Flask, render_template, request, redirect, url_for, session
from user_manager import UserManager
from item_manager import ItemManager

app = Flask(__name__)
app.secret_key = 'your_secret_key'  # Replace with a secure key in production

user_manager = UserManager()
item_manager = ItemManager()

@app.route('/')
def login():
    return render_template('login.html')

@app.route('/login', methods=['POST'])
def do_login():
    username = request.form['username']
    password = request.form['password']
    if user_manager.authenticate(username, password):
        session['username'] = username
        return redirect(url_for('home'))
    return redirect(url_for('login'))

@app.route('/register', methods=['GET', 'POST'])
def register():
    if request.method == 'POST':
        username = request.form['username']
        password = request.form['password']
        user_manager.add_user(username, password)
        return redirect(url_for('login'))
    return render_template('register.html')

@app.route('/home')
def home():
    items = item_manager.items
    return render_template('home.html', items=items)

@app.route('/item/<int:item_id>')
def item_details(item_id):
    item = item_manager.items[item_id]
    return render_template('item_details.html', item=item)

@app.route('/listing', methods=['GET', 'POST'])
def listing():
    if request.method == 'POST':
        name = request.form['name']
        description = request.form['description']
        price = float(request.form['price'])
        item_manager.add_item(name, description, price)
        return redirect(url_for('home'))
    return render_template('listing.html')

if __name__ == '__main__':
    user_manager.load_users()
    item_manager.load_items()
    app.run(debug=True)

file name: user_manager.py

class User:
    def __init__(self, username: str, password: str) -> None:
        self.username = username
        self.password = password

    def save(self) -> None:
        with open('users.txt', 'a') as file:
            file.write(f"{self.username}|{self.password}\n")

class UserManager:
    def __init__(self) -> None:
        self.users = []

    def load_users(self) -> None:
        try:
            with open('users.txt', 'r') as file:
                for line in file:
                    username, password = line.strip().split('|')
                    self.users.append(User(username, password))
        except FileNotFoundError:
            pass

    def add_user(self, username: str, password: str) -> None:
        user = User(username, password)
        user.save()
        self.users.append(user)

    def authenticate(self, username: str, password: str) -> bool:
        for user in self.users:
            if user.username == username and user.password == password:
                return True
        return False

file name: item_manager.py

class Item:
    def __init__(self, name: str, description: str, price: float) -> None:
        self.name = name
        self.description = description
        self.price = price

    def save(self) -> None:
        with open('items.txt', 'a') as file:
            file.write(f"{self.name}|{self.description}|{self.price}\n")

class ItemManager:
    def __init__(self) -> None:
        self.items = []

    def load_items(self) -> None:
        try:
            with open('items.txt', 'r') as file:
                for line in file:
                    name, description, price = line.strip().split('|')
                    self.items.append(Item(name, description, float(price)))
        except FileNotFoundError:
            pass

    def add_item(self, name: str, description: str, price: float) -> None:
        item = Item(name, description, price)
        item.save()
        self.items.append(item)

    def search_items(self, query: str) -> list:
        return [item for item in self.items if query.lower() in item.name.lower()]

file name: templates/login.html

<!DOCTYPE html>
<html lang="en">
<head>
    <meta charset="UTF-8">
    <meta name="viewport" content="width=device-width, initial-scale=1.0">
    <title>Login</title>
</head>
<body>
    <h1>Login</h1>
    <form method="POST" action="/login">
        <label for="username">Username:</label>
        <input type="text" id="username" name="username" required>
        <label for="password">Password:</label>
        <input type="password" id="password" name="password" required>
        <button type="submit">Login</button>
    </form>
    <p><a href="/register">Register here</a></p>
</body>
</html>

file name: templates/register.html

<!DOCTYPE html>
<html lang="en">
<head>
    <meta charset="UTF-8">
    <meta name="viewport" content="width=device-width, initial-scale=1.0">
    <title>Register</title>
</head>
<body>
    <h1>Register</h1>
    <form method="POST" action="/register">
        <label for="username">Username:</label>
        <input type="text" id="username" name="username" required>
        <label for="password">Password:</label>
        <input type="password" id="password" name="password" required>
        <button type="submit">Register</button>
    </form>
</body>
</html>

file name: templates/home.html

<!DOCTYPE html>
<html lang="en">
<head>
    <meta charset="UTF-8">
    <meta name="viewport" content="width=device-width, initial-scale=1.0">
    <title>Home</title>
</head>
<body>
    <h1>Available Vintage Items</h1>
    <input type="text" id="search" placeholder="Search items..." onkeyup="searchItems()">
    <ul id="item-list">
        {% for item in items %}
            <li>
                <a href="{{ url_for('item_details', item_id=loop.index0) }}">{{ item.name }}</a>
            </li>
        {% endfor %}
    </ul>
    <p><a href="/listing">Create New Listing</a></p>
    <script>
        function searchItems() {
            const query = document.getElementById('search').value.toLowerCase();
            const items = document.querySelectorAll('#item-list li');
            items.forEach(item => {
                const text = item.textContent.toLowerCase();
                item.style.display = text.includes(query) ? '' : 'none';
            });
        }
    </script>
</body>
</html>

file name: templates/item_details.html

<!DOCTYPE html>
<html lang="en">
<head>
    <meta charset="UTF-8">
    <meta name="viewport" content="width=device-width, initial-scale=1.0">
    <title>Item Details</title>
</head>
<body>
    <h1>{{ item.name }}</h1>
    <p>Description: {{ item.description }}</p>
    <p>Price: ${{ item.price }}</p>
    <p><a href="/home">Back to Home</a></p>
</body>
</html>

file name: templates/listing.html

<!DOCTYPE html>
<html lang="en">
<head>
    <meta charset="UTF-8">
    <meta name="viewport" content="width=device-width, initial-scale=1.0">
    <title>Create Listing</title>
</head>
<body>
    <h1>Create New Listing</h1>
    <form method="POST" action="/listing">
        <label for="name">Item Name:</label>
        <input type="text" id="name" name="name" required>
        <label for="description">Description:</label>
        <textarea id="description" name="description" required></textarea>
        <label for="price">Price:</label>
        <input type="number" id="price" name="price" step="0.01" required>
        <button type="submit">Submit Listing</button>
    </form>
    <p><a href="/home">Back to Home</a></p>
</body>
</html>

file name: users.txt

admin|pass123
user1|pass456

file name: items.txt

Vintage Clock|A beautiful vintage clock from the 1960s|150.00
Retro Vinyl Record|A collection of classic vinyl records|75.00
Antique Vase|An exquisite vase from the 19th century|200.00



## Counter Example Error Case Reference.
Here are some lessons and reflections gained from the flawed implementation of the project:
### Summary of Issues Identified from Unit Test Results

1. **404 Not Found Error**:
   - The unit test for user login failed because the application redirected to a "404 Not Found" page instead of the home page. This indicates there is a problem with the route handling for `/home`, potentially caused by incorrect routing or a failed server configuration.

2. **Loading Items Failure**:
   - The test that checks the availability of vintage items failed, resulting in an assertion error stating that no items were found. This suggests that the code responsible for loading items from the `items.txt` file is not functioning as expected, or that the file does not exist or is not formatted correctly.

3. **Element Not Found Errors**:
   - Several tests failed because they could not find specific elements on the webpage (e.g., search input, item listing links). This suggests that:
      - The application structure might not be rendering the expected HTML.
      - There might be timing issues where the elements are not available yet when the test tries to access them.

4. **Unimplemented Tests**:
   - Several tests were marked as not implemented, indicating missing functionality in the project code related to item listing submission, data storage validation, and navigation back to the home page.

### Detailed Guidance for Improvement

1. **Fix Routing for `/home`**:
   - Review the routing definitions in `main.py` to ensure that the `/home` route is correctly set up. Ensure that there are no conflicts, and that it properly returns the intended template and handles user sessions appropriately.

2. **Improve Item Loading Logic**:
   - Verify and debug the `load_items()` method in `ItemManager` class. Ensure it correctly reads from `items.txt`, properly handles empty or malformed lines, and populates the `self.items` list accurately. Consider adding logging to capture error states when the file can't be found or when items fail to load.

3. **Ensure Element Visibility**:
   - Investigate why elements are failing to load for tests. This may involve examining the HTML structure generated by the Flask templates, ensuring all necessary IDs and names are present, and that they match those being targeted in the tests. 
   - Additionally, implement explicit waits in the application code (if these elements are dynamically added) to ensure that elements are fully rendered before trying to interact with them.

4. **Implement Missing Functionality**:
   - Directly address the functionality that is currently not implemented, particularly for submitting item listings and verifying data storage in local text files. 
   - Write the necessary logic in the application to handle these features, ensuring the correct responses are returned for each action.

5. **Add Error Handling**:
   - Enhance error handling throughout the application, particularly when reading files or rendering templates. This will help provide feedback if something goes wrong, making debugging easier during development and testing.

By addressing these areas, the project will be more robust and aligned with the expected behaviors indicated by the unit tests.

-----
# Format Example 
*** main.py
```python
...
```

*** ui.py
```python
...
```
-----
## Your Task
|Develop Home Page functionality.|Implement logic to display available vintage items and search functionality on the Home Page.|[T1, T3]|related files:[main.py]

## Relatd Document
{
## Extracted and Compiled Content for Home Page Functionality Task

### General Overview
The task is to develop a comprehensive web application, 'OnlineVintageMarket', for buying and selling vintage items that utilizes Python and stores information in local text files, eliminating the need for SQL databases. Note that the website should start from the login page.

### Software Functional Requirements
1. Users shall be able to view available vintage items on the Home Page.
2. Users shall be able to search for specific vintage items by name using the search bar on the Home Page.
3. Users shall be able to view details of a selected item by clicking the "Item Details" button on the Home Page.

### Core Features
- Users shall be able to view available vintage items on the Home Page.
- Users shall be able to search for specific vintage items by name using the search bar on the Home Page.
}
(End for Relatd PRD)
# Instruction: Based on the context, follow "Format example", write or revise code to complete task described in "coding sub-task".
## ATTENTION
1. Use '***' to SPLIT different CODE SECTIONS. do not forget ``` in each file, refer the the example. Output format carefully referenced "Format example".
2. Follow design: YOU MUST FOLLOW "Data structures and interfaces". DONT CHANGE ANY DESIGN. Do not use public member functions that do not exist in your design.
3. Follow task: YOU MUST write Comprehensive codes to complete the sub-task.
4. Understand "Documents Relevant to the sub-task": Use this document, along with the architecture and task plan, as guidelines to construct your code.
4. CAREFULLY CHECK THAT YOU DONT MISS ANY NECESSARY CLASS/FUNCTION IN THE FILE.
5. You must import the third-party libraries used in your code
6. If you import a Class, you must import it firstly.
7. Determine the order of writing the files based on your understanding of the project.
9. Write out EVERY CODE DETAIL, DON'T LEAVE TODO,PASS,PLACEHOLDER.
9. Only write code result, do not output any other content in the start or in the end.
10. If you need to generate text data, follow the rules outlined in "<When Storing Data>" below.
 <When storing data>:
Different groups of data are distinguished by line breaks.
Different contents of the same group of data are distinguished by |.
Within any single content that contains multiple sub-entries, those sub-entries are separated by commas ,.
Example:
admin1|pass123|entry1,entry2,entry3  
admin2|pass123|entry1
Make sure:
The | character is used only to separate distinct contents within a group.
Commas , are used exclusively to separate multiple sub-entries within a single content.

# Website Development Rule
If you are doing website development, be sure to route the root path (/). If there is a login page, set the login page as the root route(/).
If you are doing website development, please do not encrypt the account password for the login function.
If you are doing website development, your code needs to take into account the process of loading data from the data file, so don't forget to load the data.
If you are doing Website Development, do not follow the rules of Website and Game development.
# GUI tkinter Development Rule
If you are doing GUI tkinter Development, do not follow the rules of Website and Game development.
# Game Development Rule
If the software needs to load data, please make sure the loading data code matches the data format and data file.
If you are doing Game Development, do not follow the rules of Website and Game development.

# important rule
Use '***' to SPLIT CODE SECTIONS. do not forget ``` in each file, refer the the example. Output format carefully referenced "Format example". 
Adhere strictly to the task requirements and implement them fully; do not include placeholders or "example" for code that is intended for future implementation.

# Counter Example Error Case Reference guideline
An example of a counter case for the entire project is provided in "Counter Example Error Case Reference". This counter case includes some errors that require attention. When completing the code for this task, please pay extra attention to the current task and the points highlighted in the counter case, avoiding these errors to produce better code.

2025-01-01 Wednesday 12:05:06 _client.py : INFO  HTTP Request: POST https://api.chatanywhere.tech/chat/completions "HTTP/1.1 200 OK"
2025-01-01 Wednesday 12:05:06 model.py : INFO  following invoke cost: 5830 | all cost: 83185
2025-01-01 Wednesday 12:05:06 c_programmer.py : INFO  
*** main.py
```python
from flask import Flask, render_template, request, redirect, url_for, session
from user_manager import UserManager
from item_manager import ItemManager

app = Flask(__name__)
app.secret_key = 'your_secret_key'  # Replace with a secure key in production

user_manager = UserManager()
item_manager = ItemManager()

@app.route('/')
def login():
    return render_template('login.html')

@app.route('/login', methods=['POST'])
def do_login():
    username = request.form['username']
    password = request.form['password']
    if user_manager.authenticate(username, password):
        session['username'] = username
        return redirect(url_for('home'))
    return redirect(url_for('login'))

@app.route('/register', methods=['GET', 'POST'])
def register():
    if request.method == 'POST':
        username = request.form['username']
        password = request.form['password']
        user_manager.add_user(username, password)
        return redirect(url_for('login'))
    return render_template('register.html')

@app.route('/home')
def home():
    items = item_manager.items
    return render_template('home.html', items=items)

@app.route('/item/<int:item_id>')
def item_details(item_id):
    item = item_manager.items[item_id]
    return render_template('item_details.html', item=item)

@app.route('/listing', methods=['GET', 'POST'])
def listing():
    if request.method == 'POST':
        name = request.form['name']
        description = request.form['description']
        price = float(request.form['price'])
        item_manager.add_item(name, description, price)
        return redirect(url_for('home'))
    return render_template('listing.html')

if __name__ == '__main__':
    user_manager.load_users()
    item_manager.load_items()
    app.run(debug=True)
```

*** user_manager.py
```python
class User:
    def __init__(self, username: str, password: str) -> None:
        self.username = username
        self.password = password

    def save(self) -> None:
        with open('users.txt', 'a') as file:
            file.write(f"{self.username}|{self.password}\n")

class UserManager:
    def __init__(self) -> None:
        self.users = []

    def load_users(self) -> None:
        try:
            with open('users.txt', 'r') as file:
                for line in file:
                    username, password = line.strip().split('|')
                    self.users.append(User(username, password))
        except FileNotFoundError:
            pass

    def add_user(self, username: str, password: str) -> None:
        user = User(username, password)
        user.save()
        self.users.append(user)

    def authenticate(self, username: str, password: str) -> bool:
        for user in self.users:
            if user.username == username and user.password == password:
                return True
        return False
```

*** item_manager.py
```python
class Item:
    def __init__(self, name: str, description: str, price: float) -> None:
        self.name = name
        self.description = description
        self.price = price

    def save(self) -> None:
        with open('items.txt', 'a') as file:
            file.write(f"{self.name}|{self.description}|{self.price}\n")

class ItemManager:
    def __init__(self) -> None:
        self.items = []

    def load_items(self) -> None:
        try:
            with open('items.txt', 'r') as file:
                for line in file:
                    name, description, price = line.strip().split('|')
                    self.items.append(Item(name, description, float(price)))
        except FileNotFoundError:
            pass

    def add_item(self, name: str, description: str, price: float) -> None:
        item = Item(name, description, price)
        item.save()
        self.items.append(item)

    def search_items(self, query: str) -> list:
        return [item for item in self.items if query.lower() in item.name.lower()]
```

*** templates/home.html
```html
<!DOCTYPE html>
<html lang="en">
<head>
    <meta charset="UTF-8">
    <meta name="viewport" content="width=device-width, initial-scale=1.0">
    <title>Home</title>
</head>
<body>
    <h1>Available Vintage Items</h1>
    <input type="text" id="search" placeholder="Search items..." onkeyup="searchItems()">
    <ul id="item-list">
        {% for item in items %}
            <li>
                <a href="{{ url_for('item_details', item_id=loop.index0) }}">{{ item.name }}</a>
            </li>
        {% endfor %}
    </ul>
    <p><a href="/listing">Create New Listing</a></p>
    <script>
        function searchItems() {
            const query = document.getElementById('search').value.toLowerCase();
            const items = document.querySelectorAll('#item-list li');
            items.forEach(item => {
                const text = item.textContent.toLowerCase();
                item.style.display = text.includes(query) ? '' : 'none';
            });
        }
    </script>
</body>
</html>
```

*** users.txt
```
admin|pass123
user1|pass456
```

*** items.txt
```
Vintage Clock|A beautiful vintage clock from the 1960s|150.00
Retro Vinyl Record|A collection of classic vinyl records|75.00
Antique Vase|An exquisite vase from the 19th century|200.00
```
2025-01-01 Wednesday 12:05:06 c_programmer.py : INFO  **[Update Codes]**

main.py updated.


```
'''

'''

```
2025-01-01 Wednesday 12:05:06 c_programmer.py : INFO  **[Update Codes]**

user_manager.py updated.


```
'''

'''

```
2025-01-01 Wednesday 12:05:06 c_programmer.py : INFO  **[Update Codes]**

item_manager.py updated.


```
'''

'''

```
2025-01-01 Wednesday 12:05:06 c_programmer.py : INFO  **[Update Codes]**

templates/home.html updated.


```
'''

'''

```
2025-01-01 Wednesday 12:05:06 c_programmer.py : INFO  **[Update Codes]**

users.txt updated.


```
'''

'''

```
2025-01-01 Wednesday 12:05:06 c_programmer.py : INFO  **[Update Codes]**

items.txt updated.


```
'''

'''

```
2025-01-01 Wednesday 12:05:06 searcher.py : INFO  
You are an excellent software task-oriented analyst. Your task is to accurately extract and compile all relevant sections from the requirements document and user demands that are directly related to a given task description, and present them in a concise and well-organized document.


## This is the PRD you can retrieve, which contains functional requirements for the system:
[OUTPUT] ## general overview of the project The task is to develop a comprehensive web application, 'OnlineVintageMarket', for buying and selling vintage items that utilizes Python and stores information in local text files, eliminating the need for SQL databases. Note that the website should start from the login page. ## software functional requirements 1. Users shall be able to log in to their accounts on the Login Page. 2. Users shall be able to navigate to the Registration Page via the Register here link if they do not have an account. 3. Users shall be able to view available vintage items on the Home Page. 4. Users shall be able to search for specific vintage items by name using the search bar on the Home Page. 5. Users shall be able to view details of a selected item by clicking the "Item Details" button on the Home Page. 6. Users shall be able to create a new listing for vintage items by navigating to the Listing Page and entering the item name, description, and price. 7. Users shall be able to submit their item listings through the "Submit Listing" button on the Listing Page. 8. Users shall be able to view detailed information about a vintage item, including its title, description, and price, on the Item Details Page. 9. Users shall be able to navigate back to the Home Page from the Item Details Page using the "Back" button. [/OUTPUT]

## This is the user's original demand, which includes not only functional requirements but also other special requirements.
# Software Description

## Objective
The task is to develop a comprehensive web application, 'OnlineVintageMarket', for buying and selling vintage items that utilizes Python and stores information in local text files, eliminating the need for SQL databases. Note that the website should start from the login page.


## Core Features
Users shall be able to log in to their accounts on the Login Page.
Users shall be able to navigate to the Registration Page via the Register here link if they do not have an account.
Users shall be able to view available vintage items on the Home Page.
Users shall be able to search for specific vintage items by name using the search bar on the Home Page.
Users shall be able to view details of a selected item by clicking the "Item Details" button on the Home Page.
Users shall be able to create a new listing for vintage items by navigating to the Listing Page and entering the item name, description, and price.
Users shall be able to submit their item listings through the "Submit Listing" button on the Listing Page.
Users shall be able to view detailed information about a vintage item, including its title, description, and price, on the Item Details Page.
Users shall be able to navigate back to the Home Page from the Item Details Page using the "Back" button.

## Language

Use html and python to develop a web application.
You should use html to generate the web template by yourself.
## Data Storage
Data will be stored in local text files.
Different types of data will be stored in separate `.txt` files.
You should define the text file by yourself in advance.
This structured data storage will facilitate easy data retrieval and management through simple file manipulations in Python, ensuring the application remains light and efficient without the need for a SQL database.


## now, you get one following specific task:
|Implement Item Details Page functionality.|Create logic to display detailed information about a selected item from the Home Page.|[T4]|related files:[main.py]

## Action
You should extract the sections directly related to the specific task described above from the two documents.
After extraction, integrate the relevant sections into a single output, ensuring duplicate content is removed.

Key Points:
The extracted content must remain unaltered. Do not modify any part of the retrieved sections.
Include only the necessary sections. Exclude any content you are certain is irrelevant to the current task.
Aim for conciseness: less is better.

2025-01-01 Wednesday 12:05:08 _client.py : INFO  HTTP Request: POST https://api.chatanywhere.tech/chat/completions "HTTP/1.1 200 OK"
2025-01-01 Wednesday 12:05:08 model.py : INFO  following invoke cost: 1126 | all cost: 84311
2025-01-01 Wednesday 12:05:08 searcher.py : INFO  retrievaled reslt is: 
## Extracted Relevant Sections for Task: Implement Item Details Page Functionality

### General Overview
The task is to develop a comprehensive web application, 'OnlineVintageMarket', for buying and selling vintage items that utilizes Python and stores information in local text files, eliminating the need for SQL databases. Note that the website should start from the login page.

### Software Functional Requirements
1. Users shall be able to view details of a selected item by clicking the "Item Details" button on the Home Page.
2. Users shall be able to view detailed information about a vintage item, including its title, description, and price, on the Item Details Page.
3. Users shall be able to navigate back to the Home Page from the Item Details Page using the "Back" button.

### Core Features
- Users shall be able to view details of a selected item by clicking the "Item Details" button on the Home Page.
- Users shall be able to view detailed information about a vintage item, including its title, description, and price, on the Item Details Page.
- Users shall be able to navigate back to the Home Page from the Item Details Page using the "Back" button.

### Related Files
- [main.py]
2025-01-01 Wednesday 12:05:08 c_programmer.py : INFO  
You are a professional engineer; the main goal is to write google-style, elegant, modular, easy to read and maintain code.
Output format carefully referenced "Format example".
In addition to writing code, you may also need to complete the data files in the task list (such as .txt .json .csv files). If the task list requires the implementation of data files, you need to simply design some data that meets the requirements for your completed software to facilitate the startup and testing of the software as a demo.


# Context

## Design
[CONTENT] "Implementation approach": "We will use Flask as the web framework to create the web application. Flask is lightweight and suitable for building simple web applications. For the front-end, we will use HTML to create the necessary templates. The application will handle user authentication, item listings, and data storage using local text files.", "UI design":"- The application will have a Login Page for user authentication with fields for username and password. - A Registration Page will allow new users to create an account. - The Home Page will display available vintage items with a search bar. - An Item Details Page will show detailed information about a selected item. - A Listing Page will allow users to create new item listings with fields for item name, description, and price.", "Data Storage":"Data will be stored in local text files. Different types of data will be stored in separate `.txt` files. The following files will be used: `users.txt` for user data, `items.txt` for vintage item listings.", "File list": ["main.py", "templates/login.html", "templates/register.html", "templates/home.html", "templates/item_details.html", "templates/listing.html", "users.txt", "items.txt"], "Data structures and interfaces": " classDiagram     class User {         -username: str         -password: str         +__init__(username: str, password: str)         +save() -> None     }     class Item {         -name: str         -description: str         -price: float         +__init__(name: str, description: str, price: float)         +save() -> None     }     class UserManager {         -users: list[User]         +load_users() -> None         +add_user(user: User) -> None         +authenticate(username: str, password: str) -> bool     }     class ItemManager {         -items: list[Item]         +load_items() -> None         +add_item(item: Item) -> None         +search_items(query: str) -> list[Item]     }     class App {         +run() -> None         +login() -> None         +register() -> None         +home() -> None         +item_details(item_id: int) -> None         +listing() -> None     }     UserManager --> User     ItemManager --> Item     App --> UserManager     App --> ItemManager ", [/CONTENT]
## Whole Task Plan
{ "Required packages": [     "flask==1.1.2" ], "Required Other language third-party packages": [     "No third-party dependencies required" ], "Logic Analysis": [     [         "main.py",         "The main file of the application, responsible for initializing the Flask app and routing. Contains the App class and methods for login, registration, home, item details, and listing."     ],     [         "templates/login.html",         "HTML template for the Login Page, includes form for username and password."     ],     [         "templates/register.html",         "HTML template for the Registration Page, includes form for new user registration."     ],     [         "templates/home.html",         "HTML template for the Home Page, displays available vintage items and includes a search bar."     ],     [         "templates/item_details.html",         "HTML template for the Item Details Page, shows detailed information about a selected item."     ],     [         "templates/listing.html",         "HTML template for the Listing Page, allows users to create new item listings."     ] ], "Task list":  {     'T0':'|Set up Flask application and routing.|Initialize Flask app in main.py, set up routes for login, registration, home, item details, and listing.|[]|related files:["main.py"]',     'T1':'|Implement user authentication.|Create User and UserManager classes, implement login and registration logic, and handle user data storage in users.txt.|[T0]|related files:[main.py]',     'T2':'|Create HTML templates for user interface.|Develop login.html, register.html, home.html, item_details.html, and listing.html templates for the application.|[T0]|related files:[templates/login.html, templates/register.html, templates/home.html, templates/item_details.html, templates/listing.html]',     'T3':'|Implement item management functionality.|Create Item and ItemManager classes, implement item listing, searching, and storage in items.txt.|[T0]|related files:[main.py]',     'T4':'|Develop Home Page functionality.|Implement logic to display available vintage items and search functionality on the Home Page.|[T1, T3]|related files:[main.py]',     'T5':'|Implement Item Details Page functionality.|Create logic to display detailed information about a selected item from the Home Page.|[T4]|related files:[main.py]',     'T6':'|Develop Listing Page functionality.|Implement logic for users to create and submit new item listings.|[T3]|related files:[main.py]' }, "Full API spec": "", "Shared Knowledge": "`main.py` contains the main application logic and routing for the web application." }

## files(already available)
file name: main.py

from flask import Flask, render_template, request, redirect, url_for, session
from user_manager import UserManager
from item_manager import ItemManager

app = Flask(__name__)
app.secret_key = 'your_secret_key'  # Replace with a secure key in production

user_manager = UserManager()
item_manager = ItemManager()

@app.route('/')
def login():
    return render_template('login.html')

@app.route('/login', methods=['POST'])
def do_login():
    username = request.form['username']
    password = request.form['password']
    if user_manager.authenticate(username, password):
        session['username'] = username
        return redirect(url_for('home'))
    return redirect(url_for('login'))

@app.route('/register', methods=['GET', 'POST'])
def register():
    if request.method == 'POST':
        username = request.form['username']
        password = request.form['password']
        user_manager.add_user(username, password)
        return redirect(url_for('login'))
    return render_template('register.html')

@app.route('/home')
def home():
    items = item_manager.items
    return render_template('home.html', items=items)

@app.route('/item/<int:item_id>')
def item_details(item_id):
    item = item_manager.items[item_id]
    return render_template('item_details.html', item=item)

@app.route('/listing', methods=['GET', 'POST'])
def listing():
    if request.method == 'POST':
        name = request.form['name']
        description = request.form['description']
        price = float(request.form['price'])
        item_manager.add_item(name, description, price)
        return redirect(url_for('home'))
    return render_template('listing.html')

if __name__ == '__main__':
    user_manager.load_users()
    item_manager.load_items()
    app.run(debug=True)

file name: user_manager.py

class User:
    def __init__(self, username: str, password: str) -> None:
        self.username = username
        self.password = password

    def save(self) -> None:
        with open('users.txt', 'a') as file:
            file.write(f"{self.username}|{self.password}\n")

class UserManager:
    def __init__(self) -> None:
        self.users = []

    def load_users(self) -> None:
        try:
            with open('users.txt', 'r') as file:
                for line in file:
                    username, password = line.strip().split('|')
                    self.users.append(User(username, password))
        except FileNotFoundError:
            pass

    def add_user(self, username: str, password: str) -> None:
        user = User(username, password)
        user.save()
        self.users.append(user)

    def authenticate(self, username: str, password: str) -> bool:
        for user in self.users:
            if user.username == username and user.password == password:
                return True
        return False

file name: item_manager.py

class Item:
    def __init__(self, name: str, description: str, price: float) -> None:
        self.name = name
        self.description = description
        self.price = price

    def save(self) -> None:
        with open('items.txt', 'a') as file:
            file.write(f"{self.name}|{self.description}|{self.price}\n")

class ItemManager:
    def __init__(self) -> None:
        self.items = []

    def load_items(self) -> None:
        try:
            with open('items.txt', 'r') as file:
                for line in file:
                    name, description, price = line.strip().split('|')
                    self.items.append(Item(name, description, float(price)))
        except FileNotFoundError:
            pass

    def add_item(self, name: str, description: str, price: float) -> None:
        item = Item(name, description, price)
        item.save()
        self.items.append(item)

    def search_items(self, query: str) -> list:
        return [item for item in self.items if query.lower() in item.name.lower()]

file name: templates/login.html

<!DOCTYPE html>
<html lang="en">
<head>
    <meta charset="UTF-8">
    <meta name="viewport" content="width=device-width, initial-scale=1.0">
    <title>Login</title>
</head>
<body>
    <h1>Login</h1>
    <form method="POST" action="/login">
        <label for="username">Username:</label>
        <input type="text" id="username" name="username" required>
        <label for="password">Password:</label>
        <input type="password" id="password" name="password" required>
        <button type="submit">Login</button>
    </form>
    <p><a href="/register">Register here</a></p>
</body>
</html>

file name: templates/register.html

<!DOCTYPE html>
<html lang="en">
<head>
    <meta charset="UTF-8">
    <meta name="viewport" content="width=device-width, initial-scale=1.0">
    <title>Register</title>
</head>
<body>
    <h1>Register</h1>
    <form method="POST" action="/register">
        <label for="username">Username:</label>
        <input type="text" id="username" name="username" required>
        <label for="password">Password:</label>
        <input type="password" id="password" name="password" required>
        <button type="submit">Register</button>
    </form>
</body>
</html>

file name: templates/home.html

<!DOCTYPE html>
<html lang="en">
<head>
    <meta charset="UTF-8">
    <meta name="viewport" content="width=device-width, initial-scale=1.0">
    <title>Home</title>
</head>
<body>
    <h1>Available Vintage Items</h1>
    <input type="text" id="search" placeholder="Search items..." onkeyup="searchItems()">
    <ul id="item-list">
        {% for item in items %}
            <li>
                <a href="{{ url_for('item_details', item_id=loop.index0) }}">{{ item.name }}</a>
            </li>
        {% endfor %}
    </ul>
    <p><a href="/listing">Create New Listing</a></p>
    <script>
        function searchItems() {
            const query = document.getElementById('search').value.toLowerCase();
            const items = document.querySelectorAll('#item-list li');
            items.forEach(item => {
                const text = item.textContent.toLowerCase();
                item.style.display = text.includes(query) ? '' : 'none';
            });
        }
    </script>
</body>
</html>

file name: templates/item_details.html

<!DOCTYPE html>
<html lang="en">
<head>
    <meta charset="UTF-8">
    <meta name="viewport" content="width=device-width, initial-scale=1.0">
    <title>Item Details</title>
</head>
<body>
    <h1>{{ item.name }}</h1>
    <p>Description: {{ item.description }}</p>
    <p>Price: ${{ item.price }}</p>
    <p><a href="/home">Back to Home</a></p>
</body>
</html>

file name: templates/listing.html

<!DOCTYPE html>
<html lang="en">
<head>
    <meta charset="UTF-8">
    <meta name="viewport" content="width=device-width, initial-scale=1.0">
    <title>Create Listing</title>
</head>
<body>
    <h1>Create New Listing</h1>
    <form method="POST" action="/listing">
        <label for="name">Item Name:</label>
        <input type="text" id="name" name="name" required>
        <label for="description">Description:</label>
        <textarea id="description" name="description" required></textarea>
        <label for="price">Price:</label>
        <input type="number" id="price" name="price" step="0.01" required>
        <button type="submit">Submit Listing</button>
    </form>
    <p><a href="/home">Back to Home</a></p>
</body>
</html>

file name: users.txt

admin|pass123
user1|pass456

file name: items.txt

Vintage Clock|A beautiful vintage clock from the 1960s|150.00
Retro Vinyl Record|A collection of classic vinyl records|75.00
Antique Vase|An exquisite vase from the 19th century|200.00



## Counter Example Error Case Reference.
Here are some lessons and reflections gained from the flawed implementation of the project:
### Summary of Issues Identified from Unit Test Results

1. **404 Not Found Error**:
   - The unit test for user login failed because the application redirected to a "404 Not Found" page instead of the home page. This indicates there is a problem with the route handling for `/home`, potentially caused by incorrect routing or a failed server configuration.

2. **Loading Items Failure**:
   - The test that checks the availability of vintage items failed, resulting in an assertion error stating that no items were found. This suggests that the code responsible for loading items from the `items.txt` file is not functioning as expected, or that the file does not exist or is not formatted correctly.

3. **Element Not Found Errors**:
   - Several tests failed because they could not find specific elements on the webpage (e.g., search input, item listing links). This suggests that:
      - The application structure might not be rendering the expected HTML.
      - There might be timing issues where the elements are not available yet when the test tries to access them.

4. **Unimplemented Tests**:
   - Several tests were marked as not implemented, indicating missing functionality in the project code related to item listing submission, data storage validation, and navigation back to the home page.

### Detailed Guidance for Improvement

1. **Fix Routing for `/home`**:
   - Review the routing definitions in `main.py` to ensure that the `/home` route is correctly set up. Ensure that there are no conflicts, and that it properly returns the intended template and handles user sessions appropriately.

2. **Improve Item Loading Logic**:
   - Verify and debug the `load_items()` method in `ItemManager` class. Ensure it correctly reads from `items.txt`, properly handles empty or malformed lines, and populates the `self.items` list accurately. Consider adding logging to capture error states when the file can't be found or when items fail to load.

3. **Ensure Element Visibility**:
   - Investigate why elements are failing to load for tests. This may involve examining the HTML structure generated by the Flask templates, ensuring all necessary IDs and names are present, and that they match those being targeted in the tests. 
   - Additionally, implement explicit waits in the application code (if these elements are dynamically added) to ensure that elements are fully rendered before trying to interact with them.

4. **Implement Missing Functionality**:
   - Directly address the functionality that is currently not implemented, particularly for submitting item listings and verifying data storage in local text files. 
   - Write the necessary logic in the application to handle these features, ensuring the correct responses are returned for each action.

5. **Add Error Handling**:
   - Enhance error handling throughout the application, particularly when reading files or rendering templates. This will help provide feedback if something goes wrong, making debugging easier during development and testing.

By addressing these areas, the project will be more robust and aligned with the expected behaviors indicated by the unit tests.

-----
# Format Example 
*** main.py
```python
...
```

*** ui.py
```python
...
```
-----
## Your Task
|Implement Item Details Page functionality.|Create logic to display detailed information about a selected item from the Home Page.|[T4]|related files:[main.py]

## Relatd Document
{
## Extracted Relevant Sections for Task: Implement Item Details Page Functionality

### General Overview
The task is to develop a comprehensive web application, 'OnlineVintageMarket', for buying and selling vintage items that utilizes Python and stores information in local text files, eliminating the need for SQL databases. Note that the website should start from the login page.

### Software Functional Requirements
1. Users shall be able to view details of a selected item by clicking the "Item Details" button on the Home Page.
2. Users shall be able to view detailed information about a vintage item, including its title, description, and price, on the Item Details Page.
3. Users shall be able to navigate back to the Home Page from the Item Details Page using the "Back" button.

### Core Features
- Users shall be able to view details of a selected item by clicking the "Item Details" button on the Home Page.
- Users shall be able to view detailed information about a vintage item, including its title, description, and price, on the Item Details Page.
- Users shall be able to navigate back to the Home Page from the Item Details Page using the "Back" button.

### Related Files
- [main.py]
}
(End for Relatd PRD)
# Instruction: Based on the context, follow "Format example", write or revise code to complete task described in "coding sub-task".
## ATTENTION
1. Use '***' to SPLIT different CODE SECTIONS. do not forget ``` in each file, refer the the example. Output format carefully referenced "Format example".
2. Follow design: YOU MUST FOLLOW "Data structures and interfaces". DONT CHANGE ANY DESIGN. Do not use public member functions that do not exist in your design.
3. Follow task: YOU MUST write Comprehensive codes to complete the sub-task.
4. Understand "Documents Relevant to the sub-task": Use this document, along with the architecture and task plan, as guidelines to construct your code.
4. CAREFULLY CHECK THAT YOU DONT MISS ANY NECESSARY CLASS/FUNCTION IN THE FILE.
5. You must import the third-party libraries used in your code
6. If you import a Class, you must import it firstly.
7. Determine the order of writing the files based on your understanding of the project.
9. Write out EVERY CODE DETAIL, DON'T LEAVE TODO,PASS,PLACEHOLDER.
9. Only write code result, do not output any other content in the start or in the end.
10. If you need to generate text data, follow the rules outlined in "<When Storing Data>" below.
 <When storing data>:
Different groups of data are distinguished by line breaks.
Different contents of the same group of data are distinguished by |.
Within any single content that contains multiple sub-entries, those sub-entries are separated by commas ,.
Example:
admin1|pass123|entry1,entry2,entry3  
admin2|pass123|entry1
Make sure:
The | character is used only to separate distinct contents within a group.
Commas , are used exclusively to separate multiple sub-entries within a single content.

# Website Development Rule
If you are doing website development, be sure to route the root path (/). If there is a login page, set the login page as the root route(/).
If you are doing website development, please do not encrypt the account password for the login function.
If you are doing website development, your code needs to take into account the process of loading data from the data file, so don't forget to load the data.
If you are doing Website Development, do not follow the rules of Website and Game development.
# GUI tkinter Development Rule
If you are doing GUI tkinter Development, do not follow the rules of Website and Game development.
# Game Development Rule
If the software needs to load data, please make sure the loading data code matches the data format and data file.
If you are doing Game Development, do not follow the rules of Website and Game development.

# important rule
Use '***' to SPLIT CODE SECTIONS. do not forget ``` in each file, refer the the example. Output format carefully referenced "Format example". 
Adhere strictly to the task requirements and implement them fully; do not include placeholders or "example" for code that is intended for future implementation.

# Counter Example Error Case Reference guideline
An example of a counter case for the entire project is provided in "Counter Example Error Case Reference". This counter case includes some errors that require attention. When completing the code for this task, please pay extra attention to the current task and the points highlighted in the counter case, avoiding these errors to produce better code.

2025-01-01 Wednesday 12:05:15 _client.py : INFO  HTTP Request: POST https://api.chatanywhere.tech/chat/completions "HTTP/1.1 200 OK"
2025-01-01 Wednesday 12:05:15 model.py : INFO  following invoke cost: 5682 | all cost: 89993
2025-01-01 Wednesday 12:05:15 c_programmer.py : INFO  
*** main.py
```python
from flask import Flask, render_template, request, redirect, url_for, session
from user_manager import UserManager
from item_manager import ItemManager

app = Flask(__name__)
app.secret_key = 'your_secret_key'  # Replace with a secure key in production

user_manager = UserManager()
item_manager = ItemManager()

@app.route('/')
def login():
    return render_template('login.html')

@app.route('/login', methods=['POST'])
def do_login():
    username = request.form['username']
    password = request.form['password']
    if user_manager.authenticate(username, password):
        session['username'] = username
        return redirect(url_for('home'))
    return redirect(url_for('login'))

@app.route('/register', methods=['GET', 'POST'])
def register():
    if request.method == 'POST':
        username = request.form['username']
        password = request.form['password']
        user_manager.add_user(username, password)
        return redirect(url_for('login'))
    return render_template('register.html')

@app.route('/home')
def home():
    items = item_manager.items
    return render_template('home.html', items=items)

@app.route('/item/<int:item_id>')
def item_details(item_id):
    item = item_manager.items[item_id]
    return render_template('item_details.html', item=item)

@app.route('/listing', methods=['GET', 'POST'])
def listing():
    if request.method == 'POST':
        name = request.form['name']
        description = request.form['description']
        price = float(request.form['price'])
        item_manager.add_item(name, description, price)
        return redirect(url_for('home'))
    return render_template('listing.html')

if __name__ == '__main__':
    user_manager.load_users()
    item_manager.load_items()
    app.run(debug=True)
```

*** user_manager.py
```python
class User:
    def __init__(self, username: str, password: str) -> None:
        self.username = username
        self.password = password

    def save(self) -> None:
        with open('users.txt', 'a') as file:
            file.write(f"{self.username}|{self.password}\n")

class UserManager:
    def __init__(self) -> None:
        self.users = []

    def load_users(self) -> None:
        try:
            with open('users.txt', 'r') as file:
                for line in file:
                    username, password = line.strip().split('|')
                    self.users.append(User(username, password))
        except FileNotFoundError:
            pass

    def add_user(self, username: str, password: str) -> None:
        user = User(username, password)
        user.save()
        self.users.append(user)

    def authenticate(self, username: str, password: str) -> bool:
        for user in self.users:
            if user.username == username and user.password == password:
                return True
        return False
```

*** item_manager.py
```python
class Item:
    def __init__(self, name: str, description: str, price: float) -> None:
        self.name = name
        self.description = description
        self.price = price

    def save(self) -> None:
        with open('items.txt', 'a') as file:
            file.write(f"{self.name}|{self.description}|{self.price}\n")

class ItemManager:
    def __init__(self) -> None:
        self.items = []

    def load_items(self) -> None:
        try:
            with open('items.txt', 'r') as file:
                for line in file:
                    name, description, price = line.strip().split('|')
                    self.items.append(Item(name, description, float(price)))
        except FileNotFoundError:
            pass

    def add_item(self, name: str, description: str, price: float) -> None:
        item = Item(name, description, price)
        item.save()
        self.items.append(item)

    def search_items(self, query: str) -> list:
        return [item for item in self.items if query.lower() in item.name.lower()]
```

*** templates/item_details.html
```html
<!DOCTYPE html>
<html lang="en">
<head>
    <meta charset="UTF-8">
    <meta name="viewport" content="width=device-width, initial-scale=1.0">
    <title>Item Details</title>
</head>
<body>
    <h1>{{ item.name }}</h1>
    <p>Description: {{ item.description }}</p>
    <p>Price: ${{ item.price }}</p>
    <p><a href="/home">Back to Home</a></p>
</body>
</html>
```
2025-01-01 Wednesday 12:05:15 c_programmer.py : INFO  **[Update Codes]**

main.py updated.


```
'''

'''

```
2025-01-01 Wednesday 12:05:15 c_programmer.py : INFO  **[Update Codes]**

user_manager.py updated.


```
'''

'''

```
2025-01-01 Wednesday 12:05:15 c_programmer.py : INFO  **[Update Codes]**

item_manager.py updated.


```
'''

'''

```
2025-01-01 Wednesday 12:05:15 c_programmer.py : INFO  **[Update Codes]**

templates/item_details.html updated.


```
'''

'''

```
2025-01-01 Wednesday 12:05:15 searcher.py : INFO  
You are an excellent software task-oriented analyst. Your task is to accurately extract and compile all relevant sections from the requirements document and user demands that are directly related to a given task description, and present them in a concise and well-organized document.


## This is the PRD you can retrieve, which contains functional requirements for the system:
[OUTPUT] ## general overview of the project The task is to develop a comprehensive web application, 'OnlineVintageMarket', for buying and selling vintage items that utilizes Python and stores information in local text files, eliminating the need for SQL databases. Note that the website should start from the login page. ## software functional requirements 1. Users shall be able to log in to their accounts on the Login Page. 2. Users shall be able to navigate to the Registration Page via the Register here link if they do not have an account. 3. Users shall be able to view available vintage items on the Home Page. 4. Users shall be able to search for specific vintage items by name using the search bar on the Home Page. 5. Users shall be able to view details of a selected item by clicking the "Item Details" button on the Home Page. 6. Users shall be able to create a new listing for vintage items by navigating to the Listing Page and entering the item name, description, and price. 7. Users shall be able to submit their item listings through the "Submit Listing" button on the Listing Page. 8. Users shall be able to view detailed information about a vintage item, including its title, description, and price, on the Item Details Page. 9. Users shall be able to navigate back to the Home Page from the Item Details Page using the "Back" button. [/OUTPUT]

## This is the user's original demand, which includes not only functional requirements but also other special requirements.
# Software Description

## Objective
The task is to develop a comprehensive web application, 'OnlineVintageMarket', for buying and selling vintage items that utilizes Python and stores information in local text files, eliminating the need for SQL databases. Note that the website should start from the login page.


## Core Features
Users shall be able to log in to their accounts on the Login Page.
Users shall be able to navigate to the Registration Page via the Register here link if they do not have an account.
Users shall be able to view available vintage items on the Home Page.
Users shall be able to search for specific vintage items by name using the search bar on the Home Page.
Users shall be able to view details of a selected item by clicking the "Item Details" button on the Home Page.
Users shall be able to create a new listing for vintage items by navigating to the Listing Page and entering the item name, description, and price.
Users shall be able to submit their item listings through the "Submit Listing" button on the Listing Page.
Users shall be able to view detailed information about a vintage item, including its title, description, and price, on the Item Details Page.
Users shall be able to navigate back to the Home Page from the Item Details Page using the "Back" button.

## Language

Use html and python to develop a web application.
You should use html to generate the web template by yourself.
## Data Storage
Data will be stored in local text files.
Different types of data will be stored in separate `.txt` files.
You should define the text file by yourself in advance.
This structured data storage will facilitate easy data retrieval and management through simple file manipulations in Python, ensuring the application remains light and efficient without the need for a SQL database.


## now, you get one following specific task:
|Develop Listing Page functionality.|Implement logic for users to create and submit new item listings.|[T3]|related files:[main.py]

## Action
You should extract the sections directly related to the specific task described above from the two documents.
After extraction, integrate the relevant sections into a single output, ensuring duplicate content is removed.

Key Points:
The extracted content must remain unaltered. Do not modify any part of the retrieved sections.
Include only the necessary sections. Exclude any content you are certain is irrelevant to the current task.
Aim for conciseness: less is better.

2025-01-01 Wednesday 12:05:17 _client.py : INFO  HTTP Request: POST https://api.chatanywhere.tech/chat/completions "HTTP/1.1 200 OK"
2025-01-01 Wednesday 12:05:17 model.py : INFO  following invoke cost: 1077 | all cost: 91070
2025-01-01 Wednesday 12:05:17 searcher.py : INFO  retrievaled reslt is: 
## Extracted and Compiled Document for Task: Develop Listing Page Functionality

### General Overview
The task is to develop a comprehensive web application, 'OnlineVintageMarket', for buying and selling vintage items that utilizes Python and stores information in local text files, eliminating the need for SQL databases. Note that the website should start from the login page.

### Software Functional Requirements
6. Users shall be able to create a new listing for vintage items by navigating to the Listing Page and entering the item name, description, and price.
7. Users shall be able to submit their item listings through the "Submit Listing" button on the Listing Page.

### Data Storage
Data will be stored in local text files. Different types of data will be stored in separate `.txt` files. You should define the text file by yourself in advance. This structured data storage will facilitate easy data retrieval and management through simple file manipulations in Python, ensuring the application remains light and efficient without the need for a SQL database.
2025-01-01 Wednesday 12:05:17 c_programmer.py : INFO  
You are a professional engineer; the main goal is to write google-style, elegant, modular, easy to read and maintain code.
Output format carefully referenced "Format example".
In addition to writing code, you may also need to complete the data files in the task list (such as .txt .json .csv files). If the task list requires the implementation of data files, you need to simply design some data that meets the requirements for your completed software to facilitate the startup and testing of the software as a demo.


# Context

## Design
[CONTENT] "Implementation approach": "We will use Flask as the web framework to create the web application. Flask is lightweight and suitable for building simple web applications. For the front-end, we will use HTML to create the necessary templates. The application will handle user authentication, item listings, and data storage using local text files.", "UI design":"- The application will have a Login Page for user authentication with fields for username and password. - A Registration Page will allow new users to create an account. - The Home Page will display available vintage items with a search bar. - An Item Details Page will show detailed information about a selected item. - A Listing Page will allow users to create new item listings with fields for item name, description, and price.", "Data Storage":"Data will be stored in local text files. Different types of data will be stored in separate `.txt` files. The following files will be used: `users.txt` for user data, `items.txt` for vintage item listings.", "File list": ["main.py", "templates/login.html", "templates/register.html", "templates/home.html", "templates/item_details.html", "templates/listing.html", "users.txt", "items.txt"], "Data structures and interfaces": " classDiagram     class User {         -username: str         -password: str         +__init__(username: str, password: str)         +save() -> None     }     class Item {         -name: str         -description: str         -price: float         +__init__(name: str, description: str, price: float)         +save() -> None     }     class UserManager {         -users: list[User]         +load_users() -> None         +add_user(user: User) -> None         +authenticate(username: str, password: str) -> bool     }     class ItemManager {         -items: list[Item]         +load_items() -> None         +add_item(item: Item) -> None         +search_items(query: str) -> list[Item]     }     class App {         +run() -> None         +login() -> None         +register() -> None         +home() -> None         +item_details(item_id: int) -> None         +listing() -> None     }     UserManager --> User     ItemManager --> Item     App --> UserManager     App --> ItemManager ", [/CONTENT]
## Whole Task Plan
{ "Required packages": [     "flask==1.1.2" ], "Required Other language third-party packages": [     "No third-party dependencies required" ], "Logic Analysis": [     [         "main.py",         "The main file of the application, responsible for initializing the Flask app and routing. Contains the App class and methods for login, registration, home, item details, and listing."     ],     [         "templates/login.html",         "HTML template for the Login Page, includes form for username and password."     ],     [         "templates/register.html",         "HTML template for the Registration Page, includes form for new user registration."     ],     [         "templates/home.html",         "HTML template for the Home Page, displays available vintage items and includes a search bar."     ],     [         "templates/item_details.html",         "HTML template for the Item Details Page, shows detailed information about a selected item."     ],     [         "templates/listing.html",         "HTML template for the Listing Page, allows users to create new item listings."     ] ], "Task list":  {     'T0':'|Set up Flask application and routing.|Initialize Flask app in main.py, set up routes for login, registration, home, item details, and listing.|[]|related files:["main.py"]',     'T1':'|Implement user authentication.|Create User and UserManager classes, implement login and registration logic, and handle user data storage in users.txt.|[T0]|related files:[main.py]',     'T2':'|Create HTML templates for user interface.|Develop login.html, register.html, home.html, item_details.html, and listing.html templates for the application.|[T0]|related files:[templates/login.html, templates/register.html, templates/home.html, templates/item_details.html, templates/listing.html]',     'T3':'|Implement item management functionality.|Create Item and ItemManager classes, implement item listing, searching, and storage in items.txt.|[T0]|related files:[main.py]',     'T4':'|Develop Home Page functionality.|Implement logic to display available vintage items and search functionality on the Home Page.|[T1, T3]|related files:[main.py]',     'T5':'|Implement Item Details Page functionality.|Create logic to display detailed information about a selected item from the Home Page.|[T4]|related files:[main.py]',     'T6':'|Develop Listing Page functionality.|Implement logic for users to create and submit new item listings.|[T3]|related files:[main.py]' }, "Full API spec": "", "Shared Knowledge": "`main.py` contains the main application logic and routing for the web application." }

## files(already available)
file name: main.py

from flask import Flask, render_template, request, redirect, url_for, session
from user_manager import UserManager
from item_manager import ItemManager

app = Flask(__name__)
app.secret_key = 'your_secret_key'  # Replace with a secure key in production

user_manager = UserManager()
item_manager = ItemManager()

@app.route('/')
def login():
    return render_template('login.html')

@app.route('/login', methods=['POST'])
def do_login():
    username = request.form['username']
    password = request.form['password']
    if user_manager.authenticate(username, password):
        session['username'] = username
        return redirect(url_for('home'))
    return redirect(url_for('login'))

@app.route('/register', methods=['GET', 'POST'])
def register():
    if request.method == 'POST':
        username = request.form['username']
        password = request.form['password']
        user_manager.add_user(username, password)
        return redirect(url_for('login'))
    return render_template('register.html')

@app.route('/home')
def home():
    items = item_manager.items
    return render_template('home.html', items=items)

@app.route('/item/<int:item_id>')
def item_details(item_id):
    item = item_manager.items[item_id]
    return render_template('item_details.html', item=item)

@app.route('/listing', methods=['GET', 'POST'])
def listing():
    if request.method == 'POST':
        name = request.form['name']
        description = request.form['description']
        price = float(request.form['price'])
        item_manager.add_item(name, description, price)
        return redirect(url_for('home'))
    return render_template('listing.html')

if __name__ == '__main__':
    user_manager.load_users()
    item_manager.load_items()
    app.run(debug=True)

file name: user_manager.py

class User:
    def __init__(self, username: str, password: str) -> None:
        self.username = username
        self.password = password

    def save(self) -> None:
        with open('users.txt', 'a') as file:
            file.write(f"{self.username}|{self.password}\n")

class UserManager:
    def __init__(self) -> None:
        self.users = []

    def load_users(self) -> None:
        try:
            with open('users.txt', 'r') as file:
                for line in file:
                    username, password = line.strip().split('|')
                    self.users.append(User(username, password))
        except FileNotFoundError:
            pass

    def add_user(self, username: str, password: str) -> None:
        user = User(username, password)
        user.save()
        self.users.append(user)

    def authenticate(self, username: str, password: str) -> bool:
        for user in self.users:
            if user.username == username and user.password == password:
                return True
        return False

file name: item_manager.py

class Item:
    def __init__(self, name: str, description: str, price: float) -> None:
        self.name = name
        self.description = description
        self.price = price

    def save(self) -> None:
        with open('items.txt', 'a') as file:
            file.write(f"{self.name}|{self.description}|{self.price}\n")

class ItemManager:
    def __init__(self) -> None:
        self.items = []

    def load_items(self) -> None:
        try:
            with open('items.txt', 'r') as file:
                for line in file:
                    name, description, price = line.strip().split('|')
                    self.items.append(Item(name, description, float(price)))
        except FileNotFoundError:
            pass

    def add_item(self, name: str, description: str, price: float) -> None:
        item = Item(name, description, price)
        item.save()
        self.items.append(item)

    def search_items(self, query: str) -> list:
        return [item for item in self.items if query.lower() in item.name.lower()]

file name: templates/login.html

<!DOCTYPE html>
<html lang="en">
<head>
    <meta charset="UTF-8">
    <meta name="viewport" content="width=device-width, initial-scale=1.0">
    <title>Login</title>
</head>
<body>
    <h1>Login</h1>
    <form method="POST" action="/login">
        <label for="username">Username:</label>
        <input type="text" id="username" name="username" required>
        <label for="password">Password:</label>
        <input type="password" id="password" name="password" required>
        <button type="submit">Login</button>
    </form>
    <p><a href="/register">Register here</a></p>
</body>
</html>

file name: templates/register.html

<!DOCTYPE html>
<html lang="en">
<head>
    <meta charset="UTF-8">
    <meta name="viewport" content="width=device-width, initial-scale=1.0">
    <title>Register</title>
</head>
<body>
    <h1>Register</h1>
    <form method="POST" action="/register">
        <label for="username">Username:</label>
        <input type="text" id="username" name="username" required>
        <label for="password">Password:</label>
        <input type="password" id="password" name="password" required>
        <button type="submit">Register</button>
    </form>
</body>
</html>

file name: templates/home.html

<!DOCTYPE html>
<html lang="en">
<head>
    <meta charset="UTF-8">
    <meta name="viewport" content="width=device-width, initial-scale=1.0">
    <title>Home</title>
</head>
<body>
    <h1>Available Vintage Items</h1>
    <input type="text" id="search" placeholder="Search items..." onkeyup="searchItems()">
    <ul id="item-list">
        {% for item in items %}
            <li>
                <a href="{{ url_for('item_details', item_id=loop.index0) }}">{{ item.name }}</a>
            </li>
        {% endfor %}
    </ul>
    <p><a href="/listing">Create New Listing</a></p>
    <script>
        function searchItems() {
            const query = document.getElementById('search').value.toLowerCase();
            const items = document.querySelectorAll('#item-list li');
            items.forEach(item => {
                const text = item.textContent.toLowerCase();
                item.style.display = text.includes(query) ? '' : 'none';
            });
        }
    </script>
</body>
</html>

file name: templates/item_details.html

<!DOCTYPE html>
<html lang="en">
<head>
    <meta charset="UTF-8">
    <meta name="viewport" content="width=device-width, initial-scale=1.0">
    <title>Item Details</title>
</head>
<body>
    <h1>{{ item.name }}</h1>
    <p>Description: {{ item.description }}</p>
    <p>Price: ${{ item.price }}</p>
    <p><a href="/home">Back to Home</a></p>
</body>
</html>

file name: templates/listing.html

<!DOCTYPE html>
<html lang="en">
<head>
    <meta charset="UTF-8">
    <meta name="viewport" content="width=device-width, initial-scale=1.0">
    <title>Create Listing</title>
</head>
<body>
    <h1>Create New Listing</h1>
    <form method="POST" action="/listing">
        <label for="name">Item Name:</label>
        <input type="text" id="name" name="name" required>
        <label for="description">Description:</label>
        <textarea id="description" name="description" required></textarea>
        <label for="price">Price:</label>
        <input type="number" id="price" name="price" step="0.01" required>
        <button type="submit">Submit Listing</button>
    </form>
    <p><a href="/home">Back to Home</a></p>
</body>
</html>

file name: users.txt

admin|pass123
user1|pass456

file name: items.txt

Vintage Clock|A beautiful vintage clock from the 1960s|150.00
Retro Vinyl Record|A collection of classic vinyl records|75.00
Antique Vase|An exquisite vase from the 19th century|200.00



## Counter Example Error Case Reference.
Here are some lessons and reflections gained from the flawed implementation of the project:
### Summary of Issues Identified from Unit Test Results

1. **404 Not Found Error**:
   - The unit test for user login failed because the application redirected to a "404 Not Found" page instead of the home page. This indicates there is a problem with the route handling for `/home`, potentially caused by incorrect routing or a failed server configuration.

2. **Loading Items Failure**:
   - The test that checks the availability of vintage items failed, resulting in an assertion error stating that no items were found. This suggests that the code responsible for loading items from the `items.txt` file is not functioning as expected, or that the file does not exist or is not formatted correctly.

3. **Element Not Found Errors**:
   - Several tests failed because they could not find specific elements on the webpage (e.g., search input, item listing links). This suggests that:
      - The application structure might not be rendering the expected HTML.
      - There might be timing issues where the elements are not available yet when the test tries to access them.

4. **Unimplemented Tests**:
   - Several tests were marked as not implemented, indicating missing functionality in the project code related to item listing submission, data storage validation, and navigation back to the home page.

### Detailed Guidance for Improvement

1. **Fix Routing for `/home`**:
   - Review the routing definitions in `main.py` to ensure that the `/home` route is correctly set up. Ensure that there are no conflicts, and that it properly returns the intended template and handles user sessions appropriately.

2. **Improve Item Loading Logic**:
   - Verify and debug the `load_items()` method in `ItemManager` class. Ensure it correctly reads from `items.txt`, properly handles empty or malformed lines, and populates the `self.items` list accurately. Consider adding logging to capture error states when the file can't be found or when items fail to load.

3. **Ensure Element Visibility**:
   - Investigate why elements are failing to load for tests. This may involve examining the HTML structure generated by the Flask templates, ensuring all necessary IDs and names are present, and that they match those being targeted in the tests. 
   - Additionally, implement explicit waits in the application code (if these elements are dynamically added) to ensure that elements are fully rendered before trying to interact with them.

4. **Implement Missing Functionality**:
   - Directly address the functionality that is currently not implemented, particularly for submitting item listings and verifying data storage in local text files. 
   - Write the necessary logic in the application to handle these features, ensuring the correct responses are returned for each action.

5. **Add Error Handling**:
   - Enhance error handling throughout the application, particularly when reading files or rendering templates. This will help provide feedback if something goes wrong, making debugging easier during development and testing.

By addressing these areas, the project will be more robust and aligned with the expected behaviors indicated by the unit tests.

-----
# Format Example 
*** main.py
```python
...
```

*** ui.py
```python
...
```
-----
## Your Task
|Develop Listing Page functionality.|Implement logic for users to create and submit new item listings.|[T3]|related files:[main.py]

## Relatd Document
{
## Extracted and Compiled Document for Task: Develop Listing Page Functionality

### General Overview
The task is to develop a comprehensive web application, 'OnlineVintageMarket', for buying and selling vintage items that utilizes Python and stores information in local text files, eliminating the need for SQL databases. Note that the website should start from the login page.

### Software Functional Requirements
6. Users shall be able to create a new listing for vintage items by navigating to the Listing Page and entering the item name, description, and price.
7. Users shall be able to submit their item listings through the "Submit Listing" button on the Listing Page.

### Data Storage
Data will be stored in local text files. Different types of data will be stored in separate `.txt` files. You should define the text file by yourself in advance. This structured data storage will facilitate easy data retrieval and management through simple file manipulations in Python, ensuring the application remains light and efficient without the need for a SQL database.
}
(End for Relatd PRD)
# Instruction: Based on the context, follow "Format example", write or revise code to complete task described in "coding sub-task".
## ATTENTION
1. Use '***' to SPLIT different CODE SECTIONS. do not forget ``` in each file, refer the the example. Output format carefully referenced "Format example".
2. Follow design: YOU MUST FOLLOW "Data structures and interfaces". DONT CHANGE ANY DESIGN. Do not use public member functions that do not exist in your design.
3. Follow task: YOU MUST write Comprehensive codes to complete the sub-task.
4. Understand "Documents Relevant to the sub-task": Use this document, along with the architecture and task plan, as guidelines to construct your code.
4. CAREFULLY CHECK THAT YOU DONT MISS ANY NECESSARY CLASS/FUNCTION IN THE FILE.
5. You must import the third-party libraries used in your code
6. If you import a Class, you must import it firstly.
7. Determine the order of writing the files based on your understanding of the project.
9. Write out EVERY CODE DETAIL, DON'T LEAVE TODO,PASS,PLACEHOLDER.
9. Only write code result, do not output any other content in the start or in the end.
10. If you need to generate text data, follow the rules outlined in "<When Storing Data>" below.
 <When storing data>:
Different groups of data are distinguished by line breaks.
Different contents of the same group of data are distinguished by |.
Within any single content that contains multiple sub-entries, those sub-entries are separated by commas ,.
Example:
admin1|pass123|entry1,entry2,entry3  
admin2|pass123|entry1
Make sure:
The | character is used only to separate distinct contents within a group.
Commas , are used exclusively to separate multiple sub-entries within a single content.

# Website Development Rule
If you are doing website development, be sure to route the root path (/). If there is a login page, set the login page as the root route(/).
If you are doing website development, please do not encrypt the account password for the login function.
If you are doing website development, your code needs to take into account the process of loading data from the data file, so don't forget to load the data.
If you are doing Website Development, do not follow the rules of Website and Game development.
# GUI tkinter Development Rule
If you are doing GUI tkinter Development, do not follow the rules of Website and Game development.
# Game Development Rule
If the software needs to load data, please make sure the loading data code matches the data format and data file.
If you are doing Game Development, do not follow the rules of Website and Game development.

# important rule
Use '***' to SPLIT CODE SECTIONS. do not forget ``` in each file, refer the the example. Output format carefully referenced "Format example". 
Adhere strictly to the task requirements and implement them fully; do not include placeholders or "example" for code that is intended for future implementation.

# Counter Example Error Case Reference guideline
An example of a counter case for the entire project is provided in "Counter Example Error Case Reference". This counter case includes some errors that require attention. When completing the code for this task, please pay extra attention to the current task and the points highlighted in the counter case, avoiding these errors to produce better code.

2025-01-01 Wednesday 12:05:32 _client.py : INFO  HTTP Request: POST https://api.chatanywhere.tech/chat/completions "HTTP/1.1 200 OK"
2025-01-01 Wednesday 12:05:32 model.py : INFO  following invoke cost: 6521 | all cost: 97591
2025-01-01 Wednesday 12:05:32 c_programmer.py : INFO  
*** main.py
```python
from flask import Flask, render_template, request, redirect, url_for, session
from user_manager import UserManager
from item_manager import ItemManager

app = Flask(__name__)
app.secret_key = 'your_secret_key'  # Replace with a secure key in production

user_manager = UserManager()
item_manager = ItemManager()

@app.route('/')
def login():
    return render_template('login.html')

@app.route('/login', methods=['POST'])
def do_login():
    username = request.form['username']
    password = request.form['password']
    if user_manager.authenticate(username, password):
        session['username'] = username
        return redirect(url_for('home'))
    return redirect(url_for('login'))

@app.route('/register', methods=['GET', 'POST'])
def register():
    if request.method == 'POST':
        username = request.form['username']
        password = request.form['password']
        user_manager.add_user(username, password)
        return redirect(url_for('login'))
    return render_template('register.html')

@app.route('/home')
def home():
    items = item_manager.items
    return render_template('home.html', items=items)

@app.route('/item/<int:item_id>')
def item_details(item_id):
    item = item_manager.items[item_id]
    return render_template('item_details.html', item=item)

@app.route('/listing', methods=['GET', 'POST'])
def listing():
    if request.method == 'POST':
        name = request.form['name']
        description = request.form['description']
        price = float(request.form['price'])
        item_manager.add_item(name, description, price)
        return redirect(url_for('home'))
    return render_template('listing.html')

if __name__ == '__main__':
    user_manager.load_users()
    item_manager.load_items()
    app.run(debug=True)
```

*** user_manager.py
```python
class User:
    def __init__(self, username: str, password: str) -> None:
        self.username = username
        self.password = password

    def save(self) -> None:
        with open('users.txt', 'a') as file:
            file.write(f"{self.username}|{self.password}\n")

class UserManager:
    def __init__(self) -> None:
        self.users = []

    def load_users(self) -> None:
        try:
            with open('users.txt', 'r') as file:
                for line in file:
                    username, password = line.strip().split('|')
                    self.users.append(User(username, password))
        except FileNotFoundError:
            pass

    def add_user(self, username: str, password: str) -> None:
        user = User(username, password)
        user.save()
        self.users.append(user)

    def authenticate(self, username: str, password: str) -> bool:
        for user in self.users:
            if user.username == username and user.password == password:
                return True
        return False
```

*** item_manager.py
```python
class Item:
    def __init__(self, name: str, description: str, price: float) -> None:
        self.name = name
        self.description = description
        self.price = price

    def save(self) -> None:
        with open('items.txt', 'a') as file:
            file.write(f"{self.name}|{self.description}|{self.price}\n")

class ItemManager:
    def __init__(self) -> None:
        self.items = []

    def load_items(self) -> None:
        try:
            with open('items.txt', 'r') as file:
                for line in file:
                    name, description, price = line.strip().split('|')
                    self.items.append(Item(name, description, float(price)))
        except FileNotFoundError:
            pass

    def add_item(self, name: str, description: str, price: float) -> None:
        item = Item(name, description, price)
        item.save()
        self.items.append(item)

    def search_items(self, query: str) -> list:
        return [item for item in self.items if query.lower() in item.name.lower()]
```

*** templates/login.html
```html
<!DOCTYPE html>
<html lang="en">
<head>
    <meta charset="UTF-8">
    <meta name="viewport" content="width=device-width, initial-scale=1.0">
    <title>Login</title>
</head>
<body>
    <h1>Login</h1>
    <form method="POST" action="/login">
        <label for="username">Username:</label>
        <input type="text" id="username" name="username" required>
        <label for="password">Password:</label>
        <input type="password" id="password" name="password" required>
        <button type="submit">Login</button>
    </form>
    <p><a href="/register">Register here</a></p>
</body>
</html>
```

*** templates/register.html
```html
<!DOCTYPE html>
<html lang="en">
<head>
    <meta charset="UTF-8">
    <meta name="viewport" content="width=device-width, initial-scale=1.0">
    <title>Register</title>
</head>
<body>
    <h1>Register</h1>
    <form method="POST" action="/register">
        <label for="username">Username:</label>
        <input type="text" id="username" name="username" required>
        <label for="password">Password:</label>
        <input type="password" id="password" name="password" required>
        <button type="submit">Register</button>
    </form>
</body>
</html>
```

*** templates/home.html
```html
<!DOCTYPE html>
<html lang="en">
<head>
    <meta charset="UTF-8">
    <meta name="viewport" content="width=device-width, initial-scale=1.0">
    <title>Home</title>
</head>
<body>
    <h1>Available Vintage Items</h1>
    <input type="text" id="search" placeholder="Search items..." onkeyup="searchItems()">
    <ul id="item-list">
        {% for item in items %}
            <li>
                <a href="{{ url_for('item_details', item_id=loop.index0) }}">{{ item.name }}</a>
            </li>
        {% endfor %}
    </ul>
    <p><a href="/listing">Create New Listing</a></p>
    <script>
        function searchItems() {
            const query = document.getElementById('search').value.toLowerCase();
            const items = document.querySelectorAll('#item-list li');
            items.forEach(item => {
                const text = item.textContent.toLowerCase();
                item.style.display = text.includes(query) ? '' : 'none';
            });
        }
    </script>
</body>
</html>
```

*** templates/item_details.html
```html
<!DOCTYPE html>
<html lang="en">
<head>
    <meta charset="UTF-8">
    <meta name="viewport" content="width=device-width, initial-scale=1.0">
    <title>Item Details</title>
</head>
<body>
    <h1>{{ item.name }}</h1>
    <p>Description: {{ item.description }}</p>
    <p>Price: ${{ item.price }}</p>
    <p><a href="/home">Back to Home</a></p>
</body>
</html>
```

*** templates/listing.html
```html
<!DOCTYPE html>
<html lang="en">
<head>
    <meta charset="UTF-8">
    <meta name="viewport" content="width=device-width, initial-scale=1.0">
    <title>Create Listing</title>
</head>
<body>
    <h1>Create New Listing</h1>
    <form method="POST" action="/listing">
        <label for="name">Item Name:</label>
        <input type="text" id="name" name="name" required>
        <label for="description">Description:</label>
        <textarea id="description" name="description" required></textarea>
        <label for="price">Price:</label>
        <input type="number" id="price" name="price" step="0.01" required>
        <button type="submit">Submit Listing</button>
    </form>
    <p><a href="/home">Back to Home</a></p>
</body>
</html>
```

*** users.txt
```
admin|pass123
user1|pass456
```

*** items.txt
```
Vintage Clock|A beautiful vintage clock from the 1960s|150.00
Retro Vinyl Record|A collection of classic vinyl records|75.00
Antique Vase|An exquisite vase from the 19th century|200.00
```
2025-01-01 Wednesday 12:05:32 c_programmer.py : INFO  **[Update Codes]**

main.py updated.


```
'''

'''

```
2025-01-01 Wednesday 12:05:32 c_programmer.py : INFO  **[Update Codes]**

user_manager.py updated.


```
'''

'''

```
2025-01-01 Wednesday 12:05:32 c_programmer.py : INFO  **[Update Codes]**

item_manager.py updated.


```
'''

'''

```
2025-01-01 Wednesday 12:05:32 c_programmer.py : INFO  **[Update Codes]**

templates/login.html updated.


```
'''

'''

```
2025-01-01 Wednesday 12:05:32 c_programmer.py : INFO  **[Update Codes]**

templates/register.html updated.


```
'''

'''

```
2025-01-01 Wednesday 12:05:32 c_programmer.py : INFO  **[Update Codes]**

templates/home.html updated.


```
'''

'''

```
2025-01-01 Wednesday 12:05:32 c_programmer.py : INFO  **[Update Codes]**

templates/item_details.html updated.


```
'''

'''

```
2025-01-01 Wednesday 12:05:32 c_programmer.py : INFO  **[Update Codes]**

templates/listing.html updated.


```
'''

'''

```
2025-01-01 Wednesday 12:05:32 c_programmer.py : INFO  **[Update Codes]**

users.txt updated.


```
'''

'''

```
2025-01-01 Wednesday 12:05:32 c_programmer.py : INFO  **[Update Codes]**

items.txt updated.


```
'''

'''

```
2025-01-01 Wednesday 12:05:32 c_programmer.py : INFO  




2025-01-01 Wednesday 12:05:32 c_programmer.py : INFO  *** main.py
```placeholder
from flask import Flask, render_template, request, redirect, url_for, session
from user_manager import UserManager
from item_manager import ItemManager

app = Flask(__name__)
app.secret_key = 'your_secret_key'  # Replace with a secure key in production

user_manager = UserManager()
item_manager = ItemManager()

@app.route('/')
def login():
    return render_template('login.html')

@app.route('/login', methods=['POST'])
def do_login():
    username = request.form['username']
    password = request.form['password']
    if user_manager.authenticate(username, password):
        session['username'] = username
        return redirect(url_for('home'))
    return redirect(url_for('login'))

@app.route('/register', methods=['GET', 'POST'])
def register():
    if request.method == 'POST':
        username = request.form['username']
        password = request.form['password']
        user_manager.add_user(username, password)
        return redirect(url_for('login'))
    return render_template('register.html')

@app.route('/home')
def home():
    items = item_manager.items
    return render_template('home.html', items=items)

@app.route('/item/<int:item_id>')
def item_details(item_id):
    item = item_manager.items[item_id]
    return render_template('item_details.html', item=item)

@app.route('/listing', methods=['GET', 'POST'])
def listing():
    if request.method == 'POST':
        name = request.form['name']
        description = request.form['description']
        price = float(request.form['price'])
        item_manager.add_item(name, description, price)
        return redirect(url_for('home'))
    return render_template('listing.html')

if __name__ == '__main__':
    user_manager.load_users()
    item_manager.load_items()
    app.run(debug=True)
```

*** user_manager.py
```placeholder
class User:
    def __init__(self, username: str, password: str) -> None:
        self.username = username
        self.password = password

    def save(self) -> None:
        with open('users.txt', 'a') as file:
            file.write(f"{self.username}|{self.password}\n")

class UserManager:
    def __init__(self) -> None:
        self.users = []

    def load_users(self) -> None:
        try:
            with open('users.txt', 'r') as file:
                for line in file:
                    username, password = line.strip().split('|')
                    self.users.append(User(username, password))
        except FileNotFoundError:
            pass

    def add_user(self, username: str, password: str) -> None:
        user = User(username, password)
        user.save()
        self.users.append(user)

    def authenticate(self, username: str, password: str) -> bool:
        for user in self.users:
            if user.username == username and user.password == password:
                return True
        return False
```

*** item_manager.py
```placeholder
class Item:
    def __init__(self, name: str, description: str, price: float) -> None:
        self.name = name
        self.description = description
        self.price = price

    def save(self) -> None:
        with open('items.txt', 'a') as file:
            file.write(f"{self.name}|{self.description}|{self.price}\n")

class ItemManager:
    def __init__(self) -> None:
        self.items = []

    def load_items(self) -> None:
        try:
            with open('items.txt', 'r') as file:
                for line in file:
                    name, description, price = line.strip().split('|')
                    self.items.append(Item(name, description, float(price)))
        except FileNotFoundError:
            pass

    def add_item(self, name: str, description: str, price: float) -> None:
        item = Item(name, description, price)
        item.save()
        self.items.append(item)

    def search_items(self, query: str) -> list:
        return [item for item in self.items if query.lower() in item.name.lower()]
```

*** templates/login.html
```placeholder
<!DOCTYPE html>
<html lang="en">
<head>
    <meta charset="UTF-8">
    <meta name="viewport" content="width=device-width, initial-scale=1.0">
    <title>Login</title>
</head>
<body>
    <h1>Login</h1>
    <form method="POST" action="/login">
        <label for="username">Username:</label>
        <input type="text" id="username" name="username" required>
        <label for="password">Password:</label>
        <input type="password" id="password" name="password" required>
        <button type="submit">Login</button>
    </form>
    <p><a href="/register">Register here</a></p>
</body>
</html>
```

*** templates/register.html
```placeholder
<!DOCTYPE html>
<html lang="en">
<head>
    <meta charset="UTF-8">
    <meta name="viewport" content="width=device-width, initial-scale=1.0">
    <title>Register</title>
</head>
<body>
    <h1>Register</h1>
    <form method="POST" action="/register">
        <label for="username">Username:</label>
        <input type="text" id="username" name="username" required>
        <label for="password">Password:</label>
        <input type="password" id="password" name="password" required>
        <button type="submit">Register</button>
    </form>
</body>
</html>
```

*** templates/home.html
```placeholder
<!DOCTYPE html>
<html lang="en">
<head>
    <meta charset="UTF-8">
    <meta name="viewport" content="width=device-width, initial-scale=1.0">
    <title>Home</title>
</head>
<body>
    <h1>Available Vintage Items</h1>
    <input type="text" id="search" placeholder="Search items..." onkeyup="searchItems()">
    <ul id="item-list">
        {% for item in items %}
            <li>
                <a href="{{ url_for('item_details', item_id=loop.index0) }}">{{ item.name }}</a>
            </li>
        {% endfor %}
    </ul>
    <p><a href="/listing">Create New Listing</a></p>
    <script>
        function searchItems() {
            const query = document.getElementById('search').value.toLowerCase();
            const items = document.querySelectorAll('#item-list li');
            items.forEach(item => {
                const text = item.textContent.toLowerCase();
                item.style.display = text.includes(query) ? '' : 'none';
            });
        }
    </script>
</body>
</html>
```

*** templates/item_details.html
```placeholder
<!DOCTYPE html>
<html lang="en">
<head>
    <meta charset="UTF-8">
    <meta name="viewport" content="width=device-width, initial-scale=1.0">
    <title>Item Details</title>
</head>
<body>
    <h1>{{ item.name }}</h1>
    <p>Description: {{ item.description }}</p>
    <p>Price: ${{ item.price }}</p>
    <p><a href="/home">Back to Home</a></p>
</body>
</html>
```

*** templates/listing.html
```placeholder
<!DOCTYPE html>
<html lang="en">
<head>
    <meta charset="UTF-8">
    <meta name="viewport" content="width=device-width, initial-scale=1.0">
    <title>Create Listing</title>
</head>
<body>
    <h1>Create New Listing</h1>
    <form method="POST" action="/listing">
        <label for="name">Item Name:</label>
        <input type="text" id="name" name="name" required>
        <label for="description">Description:</label>
        <textarea id="description" name="description" required></textarea>
        <label for="price">Price:</label>
        <input type="number" id="price" name="price" step="0.01" required>
        <button type="submit">Submit Listing</button>
    </form>
    <p><a href="/home">Back to Home</a></p>
</body>
</html>
```

*** users.txt
```placeholder
admin|pass123
user1|pass456
```

*** items.txt
```placeholder
Vintage Clock|A beautiful vintage clock from the 1960s|150.00
Retro Vinyl Record|A collection of classic vinyl records|75.00
Antique Vase|An exquisite vase from the 19th century|200.00
```


2025-01-01 Wednesday 12:05:32 c_programmer.py : INFO  C_Programmer writting CODE: main.py
2025-01-01 Wednesday 12:05:32 c_programmer.py : INFO  C_Programmer writting CODE: user_manager.py
2025-01-01 Wednesday 12:05:32 c_programmer.py : INFO  C_Programmer writting CODE: item_manager.py
2025-01-01 Wednesday 12:05:32 c_programmer.py : INFO  C_Programmer writting CODE: templates/login.html
2025-01-01 Wednesday 12:05:32 c_programmer.py : INFO  C_Programmer writting CODE: templates/register.html
2025-01-01 Wednesday 12:05:32 c_programmer.py : INFO  C_Programmer writting CODE: templates/home.html
2025-01-01 Wednesday 12:05:32 c_programmer.py : INFO  C_Programmer writting CODE: templates/item_details.html
2025-01-01 Wednesday 12:05:32 c_programmer.py : INFO  C_Programmer writting CODE: templates/listing.html
2025-01-01 Wednesday 12:05:32 c_programmer.py : INFO  C_Programmer writting CODE: users.txt
2025-01-01 Wednesday 12:05:32 c_programmer.py : INFO  C_Programmer writting CODE: items.txt
2025-01-01 Wednesday 12:05:32 start_by_file.py : INFO  
-----------------
Team Name: SES midnigt wanderer
Team Roles: ['Product Manager', 'Architect', 'Project Manager']
Project Name: OnlineVintageMarket
-----------------
ALL COST FOR PROJECT IS: 97591
-------------------
Execute time: 341.09 Seconds
-----------------
